  0
SECTION
  2
HEADER
  9
$ANGBASE
  50
0.0
  9
$ANGDIR
  70
1
  9
$MEASUREMENT
  70
1
  0
ENDSEC
  0
SECTION
  2
TABLES
  0
TABLE
  2
LTYPE
  70
4
  0
LTYPE
  5
40F
  2
CONTINUOUS
  70
0
  3
Solid line
  72
65
  73
0
  40
0.0
  0
LTYPE
  5
410
  2
DASHDOT
 70
0
  3
Dash Dot ____ _ ____ _
 72
65
 73
4
 40
2.0
 49
1.25
 49
-0.25
 49
0.25
 49
-0.25
  0
LTYPE
  5
411
  2
DASHED
 70
0
  3
Dashed __ __ __ __ __
 72
65
 73
2
 40
0.75
 49
0.5
 49
-0.25
  0
LTYPE
  5
43B
  2
DOTTED
 70
0
  3
Dotted .  .  .  .
 72
65
 73
2
 40
0.2
 49
0.0
 49
-0.2
  0
ENDTAB
  0
TABLE
  2
STYLE
  70
4
  0
STYLE
  2
KICAD
  70
0
  40
0
  41
1
  42
1
  50
0
  71
0
  3
isocp.shx
  0
STYLE
  2
KICADB
  70
0
  40
0
  41
1
  42
1
  50
0
  71
0
  3
isocp.shx
  0
STYLE
  2
KICADI
  70
0
  40
0
  41
1
  42
1
  50
15
  71
0
  3
isocp.shx
  0
STYLE
  2
KICADBI
  70
0
  40
0
  41
1
  42
1
  50
15
  71
0
  3
isocp.shx
  0
ENDTAB
  0
TABLE
  2
LAYER
  70
1
  0
LAYER
  2
BLACK
  70
0
  62
7
  6
CONTINUOUS
  0
ENDTAB
  0
ENDSEC
  0
SECTION
  2
ENTITIES
0
LINE
8
BLACK
6
CONTINUOUS
10
145.0116339999999866
20
-173.6163059999999803
11
145.0386939999999925
21
-173.6433659999999861
0
LINE
8
BLACK
6
CONTINUOUS
10
145.0386939999999925
20
-173.6433659999999861
11
145.0424999999999898
21
-173.6624999999999943
0
LINE
8
BLACK
6
CONTINUOUS
10
145.0424999999999898
20
-173.6624999999999943
11
145.0424999999999898
21
-188.1624999999999943
0
LINE
8
BLACK
6
CONTINUOUS
10
145.0424999999999898
20
-188.1624999999999943
11
145.0386939999999925
21
-188.1816340000000025
0
LINE
8
BLACK
6
CONTINUOUS
10
145.0386939999999925
20
-188.1816340000000025
11
145.0116339999999866
21
-188.20869399999998
0
LINE
8
BLACK
6
CONTINUOUS
10
145.0116339999999866
20
-188.20869399999998
11
144.9925000000000068
21
-188.2125000000000057
0
LINE
8
BLACK
6
CONTINUOUS
10
144.9925000000000068
20
-188.2125000000000057
11
130.4925000000000068
21
-188.2125000000000057
0
LINE
8
BLACK
6
CONTINUOUS
10
130.4925000000000068
20
-188.2125000000000057
11
130.4733659999999986
21
-188.20869399999998
0
LINE
8
BLACK
6
CONTINUOUS
10
130.4733659999999986
20
-188.20869399999998
11
130.4463059999999928
21
-188.1816340000000025
0
LINE
8
BLACK
6
CONTINUOUS
10
130.4463059999999928
20
-188.1816340000000025
11
130.4424999999999955
21
-188.1624999999999943
0
LINE
8
BLACK
6
CONTINUOUS
10
130.4424999999999955
20
-188.1624999999999943
11
130.4424999999999955
21
-173.6624999999999943
0
LINE
8
BLACK
6
CONTINUOUS
10
130.4424999999999955
20
-173.6624999999999943
11
130.4463059999999928
21
-173.6433659999999861
0
LINE
8
BLACK
6
CONTINUOUS
10
130.4463059999999928
20
-173.6433659999999861
11
130.4733659999999986
21
-173.6163059999999803
0
LINE
8
BLACK
6
CONTINUOUS
10
130.4733659999999986
20
-173.6163059999999803
11
130.4925000000000068
21
-173.6124999999999829
0
LINE
8
BLACK
6
CONTINUOUS
10
130.4925000000000068
20
-173.6124999999999829
11
144.9925000000000068
21
-173.6124999999999829
0
LINE
8
BLACK
6
CONTINUOUS
10
144.9925000000000068
20
-173.6124999999999829
11
145.0116339999999866
21
-173.6163059999999803
0
LINE
8
BLACK
6
CONTINUOUS
10
130.5424999999999898
20
-173.7125000000000057
11
130.5424999999999898
21
-188.1124999999999829
0
LINE
8
BLACK
6
CONTINUOUS
10
130.5424999999999898
20
-188.1124999999999829
11
144.9424999999999955
21
-188.1124999999999829
0
LINE
8
BLACK
6
CONTINUOUS
10
144.9424999999999955
20
-188.1124999999999829
11
144.9424999999999955
21
-173.7125000000000057
0
LINE
8
BLACK
6
CONTINUOUS
10
144.9424999999999955
20
-173.7125000000000057
11
130.5424999999999898
21
-173.7125000000000057
0
LINE
8
BLACK
6
CONTINUOUS
10
125.9616339999999894
20
-168.8538059999999916
11
125.9886939999999953
21
-168.8808659999999975
0
LINE
8
BLACK
6
CONTINUOUS
10
125.9886939999999953
20
-168.8808659999999975
11
125.9924999999999926
21
-168.9000000000000057
0
LINE
8
BLACK
6
CONTINUOUS
10
125.9924999999999926
20
-168.9000000000000057
11
125.9924999999999926
21
-183.4000000000000057
0
LINE
8
BLACK
6
CONTINUOUS
10
125.9924999999999926
20
-183.4000000000000057
11
125.9886939999999953
21
-183.4191339999999855
0
LINE
8
BLACK
6
CONTINUOUS
10
125.9886939999999953
20
-183.4191339999999855
11
125.9616339999999894
21
-183.4461939999999913
0
LINE
8
BLACK
6
CONTINUOUS
10
125.9616339999999894
20
-183.4461939999999913
11
125.9424999999999955
21
-183.4499999999999886
0
LINE
8
BLACK
6
CONTINUOUS
10
125.9424999999999955
20
-183.4499999999999886
11
111.4424999999999955
21
-183.4499999999999886
0
LINE
8
BLACK
6
CONTINUOUS
10
111.4424999999999955
20
-183.4499999999999886
11
111.4233660000000015
21
-183.4461939999999913
0
LINE
8
BLACK
6
CONTINUOUS
10
111.4233660000000015
20
-183.4461939999999913
11
111.3963059999999956
21
-183.4191339999999855
0
LINE
8
BLACK
6
CONTINUOUS
10
111.3963059999999956
20
-183.4191339999999855
11
111.3924999999999983
21
-183.4000000000000057
0
LINE
8
BLACK
6
CONTINUOUS
10
111.3924999999999983
20
-183.4000000000000057
11
111.3924999999999983
21
-168.9000000000000057
0
LINE
8
BLACK
6
CONTINUOUS
10
111.3924999999999983
20
-168.9000000000000057
11
111.3963059999999956
21
-168.8808659999999975
0
LINE
8
BLACK
6
CONTINUOUS
10
111.3963059999999956
20
-168.8808659999999975
11
111.4233660000000015
21
-168.8538059999999916
0
LINE
8
BLACK
6
CONTINUOUS
10
111.4233660000000015
20
-168.8538059999999916
11
111.4424999999999955
21
-168.8499999999999943
0
LINE
8
BLACK
6
CONTINUOUS
10
111.4424999999999955
20
-168.8499999999999943
11
125.9424999999999955
21
-168.8499999999999943
0
LINE
8
BLACK
6
CONTINUOUS
10
125.9424999999999955
20
-168.8499999999999943
11
125.9616339999999894
21
-168.8538059999999916
0
LINE
8
BLACK
6
CONTINUOUS
10
111.4924999999999926
20
-168.9499999999999886
11
111.4924999999999926
21
-183.3499999999999943
0
LINE
8
BLACK
6
CONTINUOUS
10
111.4924999999999926
20
-183.3499999999999943
11
125.8924999999999983
21
-183.3499999999999943
0
LINE
8
BLACK
6
CONTINUOUS
10
125.8924999999999983
20
-183.3499999999999943
11
125.8924999999999983
21
-168.9499999999999886
0
LINE
8
BLACK
6
CONTINUOUS
10
125.8924999999999983
20
-168.9499999999999886
11
111.4924999999999926
21
-168.9499999999999886
0
LINE
8
BLACK
6
CONTINUOUS
10
128.2366339999999809
20
-166.5788059999999859
11
128.2636939999999868
21
-166.6058659999999918
0
LINE
8
BLACK
6
CONTINUOUS
10
128.2636939999999868
20
-166.6058659999999918
11
128.2674999999999841
21
-166.625
0
LINE
8
BLACK
6
CONTINUOUS
10
128.2674999999999841
20
-166.625
11
128.2674999999999841
21
-171.3375000000000057
0
LINE
8
BLACK
6
CONTINUOUS
10
128.2674999999999841
20
-171.3375000000000057
11
147.2674999999999841
21
-171.3375000000000057
0
LINE
8
BLACK
6
CONTINUOUS
10
147.2674999999999841
20
-171.3375000000000057
11
147.2866339999999923
21
-171.341306000000003
0
LINE
8
BLACK
6
CONTINUOUS
10
147.2866339999999923
20
-171.341306000000003
11
147.3136939999999981
21
-171.3683659999999804
0
LINE
8
BLACK
6
CONTINUOUS
10
147.3136939999999981
20
-171.3683659999999804
11
147.3174999999999955
21
-171.3874999999999886
0
LINE
8
BLACK
6
CONTINUOUS
10
147.3174999999999955
20
-171.3874999999999886
11
147.3174999999999955
21
-190.4375
0
LINE
8
BLACK
6
CONTINUOUS
10
147.3174999999999955
20
-190.4375
11
147.3136939999999981
21
-190.4566339999999798
0
LINE
8
BLACK
6
CONTINUOUS
10
147.3136939999999981
20
-190.4566339999999798
11
147.2866339999999923
21
-190.4836939999999856
0
LINE
8
BLACK
6
CONTINUOUS
10
147.2866339999999923
20
-190.4836939999999856
11
147.2674999999999841
21
-190.4874999999999829
0
LINE
8
BLACK
6
CONTINUOUS
10
147.2674999999999841
20
-190.4874999999999829
11
128.2175000000000011
21
-190.4874999999999829
0
LINE
8
BLACK
6
CONTINUOUS
10
128.2175000000000011
20
-190.4874999999999829
11
128.1983659999999929
21
-190.4836939999999856
0
LINE
8
BLACK
6
CONTINUOUS
10
128.1983659999999929
20
-190.4836939999999856
11
128.1713059999999871
21
-190.4566339999999798
0
LINE
8
BLACK
6
CONTINUOUS
10
128.1713059999999871
20
-190.4566339999999798
11
128.1674999999999898
21
-190.4375
0
LINE
8
BLACK
6
CONTINUOUS
10
128.1674999999999898
20
-190.4375
11
128.1674999999999898
21
-185.7249999999999943
0
LINE
8
BLACK
6
CONTINUOUS
10
128.1674999999999898
20
-185.7249999999999943
11
109.1674999999999898
21
-185.7249999999999943
0
LINE
8
BLACK
6
CONTINUOUS
10
109.1674999999999898
20
-185.7249999999999943
11
109.1483659999999958
21
-185.721193999999997
0
LINE
8
BLACK
6
CONTINUOUS
10
109.1483659999999958
20
-185.721193999999997
11
109.1213059999999899
21
-185.6941339999999911
0
LINE
8
BLACK
6
CONTINUOUS
10
109.1213059999999899
20
-185.6941339999999911
11
109.1174999999999926
21
-185.6749999999999829
0
LINE
8
BLACK
6
CONTINUOUS
10
109.1174999999999926
20
-185.6749999999999829
11
109.1174999999999926
21
-166.625
0
LINE
8
BLACK
6
CONTINUOUS
10
109.1174999999999926
20
-166.625
11
109.1213059999999899
21
-166.6058659999999918
0
LINE
8
BLACK
6
CONTINUOUS
10
109.1213059999999899
20
-166.6058659999999918
11
109.1483659999999958
21
-166.5788059999999859
0
LINE
8
BLACK
6
CONTINUOUS
10
109.1483659999999958
20
-166.5788059999999859
11
109.1674999999999898
21
-166.5749999999999886
0
LINE
8
BLACK
6
CONTINUOUS
10
109.1674999999999898
20
-166.5749999999999886
11
128.2175000000000011
21
-166.5749999999999886
0
LINE
8
BLACK
6
CONTINUOUS
10
128.2175000000000011
20
-166.5749999999999886
11
128.2366339999999809
21
-166.5788059999999859
0
LINE
8
BLACK
6
CONTINUOUS
10
109.2175000000000011
20
-166.6749999999999829
11
109.2175000000000011
21
-185.625
0
LINE
8
BLACK
6
CONTINUOUS
10
109.2175000000000011
20
-185.625
11
128.2175000000000011
21
-185.625
0
LINE
8
BLACK
6
CONTINUOUS
10
128.2175000000000011
20
-185.625
11
128.2366339999999809
21
-185.6288059999999973
0
LINE
8
BLACK
6
CONTINUOUS
10
128.2366339999999809
20
-185.6288059999999973
11
128.2636939999999868
21
-185.6558660000000032
0
LINE
8
BLACK
6
CONTINUOUS
10
128.2636939999999868
20
-185.6558660000000032
11
128.2674999999999841
21
-185.6749999999999829
0
LINE
8
BLACK
6
CONTINUOUS
10
128.2674999999999841
20
-185.6749999999999829
11
128.2674999999999841
21
-190.3874999999999886
0
LINE
8
BLACK
6
CONTINUOUS
10
128.2674999999999841
20
-190.3874999999999886
11
147.2175000000000011
21
-190.3874999999999886
0
LINE
8
BLACK
6
CONTINUOUS
10
147.2175000000000011
20
-190.3874999999999886
11
147.2175000000000011
21
-171.4375
0
LINE
8
BLACK
6
CONTINUOUS
10
147.2175000000000011
20
-171.4375
11
128.2175000000000011
21
-171.4375
0
LINE
8
BLACK
6
CONTINUOUS
10
128.2175000000000011
20
-171.4375
11
128.1983659999999929
21
-171.4336940000000027
0
LINE
8
BLACK
6
CONTINUOUS
10
128.1983659999999929
20
-171.4336940000000027
11
128.1713059999999871
21
-171.4066339999999968
0
LINE
8
BLACK
6
CONTINUOUS
10
128.1713059999999871
20
-171.4066339999999968
11
128.1674999999999898
21
-171.3874999999999886
0
LINE
8
BLACK
6
CONTINUOUS
10
128.1674999999999898
20
-171.3874999999999886
11
128.1674999999999898
21
-166.6749999999999829
0
LINE
8
BLACK
6
CONTINUOUS
10
128.1674999999999898
20
-166.6749999999999829
11
109.2175000000000011
21
-166.6749999999999829
0
LINE
8
BLACK
6
CONTINUOUS
10
216.0496339999999975
20
-173.6163059999999803
11
216.0766940000000034
21
-173.6433659999999861
0
LINE
8
BLACK
6
CONTINUOUS
10
216.0766940000000034
20
-173.6433659999999861
11
216.0805000000000007
21
-173.6624999999999943
0
LINE
8
BLACK
6
CONTINUOUS
10
216.0805000000000007
20
-173.6624999999999943
11
216.0805000000000007
21
-188.1624999999999943
0
LINE
8
BLACK
6
CONTINUOUS
10
216.0805000000000007
20
-188.1624999999999943
11
216.0766940000000034
21
-188.1816340000000025
0
LINE
8
BLACK
6
CONTINUOUS
10
216.0766940000000034
20
-188.1816340000000025
11
216.0496339999999975
21
-188.20869399999998
0
LINE
8
BLACK
6
CONTINUOUS
10
216.0496339999999975
20
-188.20869399999998
11
216.0304999999999893
21
-188.2125000000000057
0
LINE
8
BLACK
6
CONTINUOUS
10
216.0304999999999893
20
-188.2125000000000057
11
201.5304999999999893
21
-188.2125000000000057
0
LINE
8
BLACK
6
CONTINUOUS
10
201.5304999999999893
20
-188.2125000000000057
11
201.5113659999999811
21
-188.20869399999998
0
LINE
8
BLACK
6
CONTINUOUS
10
201.5113659999999811
20
-188.20869399999998
11
201.4843060000000037
21
-188.1816340000000025
0
LINE
8
BLACK
6
CONTINUOUS
10
201.4843060000000037
20
-188.1816340000000025
11
201.4804999999999779
21
-188.1624999999999943
0
LINE
8
BLACK
6
CONTINUOUS
10
201.4804999999999779
20
-188.1624999999999943
11
201.4804999999999779
21
-173.6624999999999943
0
LINE
8
BLACK
6
CONTINUOUS
10
201.4804999999999779
20
-173.6624999999999943
11
201.4843060000000037
21
-173.6433659999999861
0
LINE
8
BLACK
6
CONTINUOUS
10
201.4843060000000037
20
-173.6433659999999861
11
201.5113659999999811
21
-173.6163059999999803
0
LINE
8
BLACK
6
CONTINUOUS
10
201.5113659999999811
20
-173.6163059999999803
11
201.5304999999999893
21
-173.6124999999999829
0
LINE
8
BLACK
6
CONTINUOUS
10
201.5304999999999893
20
-173.6124999999999829
11
216.0304999999999893
21
-173.6124999999999829
0
LINE
8
BLACK
6
CONTINUOUS
10
216.0304999999999893
20
-173.6124999999999829
11
216.0496339999999975
21
-173.6163059999999803
0
LINE
8
BLACK
6
CONTINUOUS
10
201.5805000000000007
20
-173.7125000000000057
11
201.5805000000000007
21
-188.1124999999999829
0
LINE
8
BLACK
6
CONTINUOUS
10
201.5805000000000007
20
-188.1124999999999829
11
215.9804999999999779
21
-188.1124999999999829
0
LINE
8
BLACK
6
CONTINUOUS
10
215.9804999999999779
20
-188.1124999999999829
11
215.9804999999999779
21
-173.7125000000000057
0
LINE
8
BLACK
6
CONTINUOUS
10
215.9804999999999779
20
-173.7125000000000057
11
201.5805000000000007
21
-173.7125000000000057
0
LINE
8
BLACK
6
CONTINUOUS
10
235.0996339999999805
20
-168.8538059999999916
11
235.1266939999999863
21
-168.8808659999999975
0
LINE
8
BLACK
6
CONTINUOUS
10
235.1266939999999863
20
-168.8808659999999975
11
235.1304999999999836
21
-168.9000000000000057
0
LINE
8
BLACK
6
CONTINUOUS
10
235.1304999999999836
20
-168.9000000000000057
11
235.1304999999999836
21
-183.4000000000000057
0
LINE
8
BLACK
6
CONTINUOUS
10
235.1304999999999836
20
-183.4000000000000057
11
235.1266939999999863
21
-183.4191339999999855
0
LINE
8
BLACK
6
CONTINUOUS
10
235.1266939999999863
20
-183.4191339999999855
11
235.0996339999999805
21
-183.4461939999999913
0
LINE
8
BLACK
6
CONTINUOUS
10
235.0996339999999805
20
-183.4461939999999913
11
235.0805000000000007
21
-183.4499999999999886
0
LINE
8
BLACK
6
CONTINUOUS
10
235.0805000000000007
20
-183.4499999999999886
11
220.5805000000000007
21
-183.4499999999999886
0
LINE
8
BLACK
6
CONTINUOUS
10
220.5805000000000007
20
-183.4499999999999886
11
220.5613659999999925
21
-183.4461939999999913
0
LINE
8
BLACK
6
CONTINUOUS
10
220.5613659999999925
20
-183.4461939999999913
11
220.5343059999999866
21
-183.4191339999999855
0
LINE
8
BLACK
6
CONTINUOUS
10
220.5343059999999866
20
-183.4191339999999855
11
220.5304999999999893
21
-183.4000000000000057
0
LINE
8
BLACK
6
CONTINUOUS
10
220.5304999999999893
20
-183.4000000000000057
11
220.5304999999999893
21
-168.9000000000000057
0
LINE
8
BLACK
6
CONTINUOUS
10
220.5304999999999893
20
-168.9000000000000057
11
220.5343059999999866
21
-168.8808659999999975
0
LINE
8
BLACK
6
CONTINUOUS
10
220.5343059999999866
20
-168.8808659999999975
11
220.5613659999999925
21
-168.8538059999999916
0
LINE
8
BLACK
6
CONTINUOUS
10
220.5613659999999925
20
-168.8538059999999916
11
220.5805000000000007
21
-168.8499999999999943
0
LINE
8
BLACK
6
CONTINUOUS
10
220.5805000000000007
20
-168.8499999999999943
11
235.0805000000000007
21
-168.8499999999999943
0
LINE
8
BLACK
6
CONTINUOUS
10
235.0805000000000007
20
-168.8499999999999943
11
235.0996339999999805
21
-168.8538059999999916
0
LINE
8
BLACK
6
CONTINUOUS
10
220.6304999999999836
20
-168.9499999999999886
11
220.6304999999999836
21
-183.3499999999999943
0
LINE
8
BLACK
6
CONTINUOUS
10
220.6304999999999836
20
-183.3499999999999943
11
235.0304999999999893
21
-183.3499999999999943
0
LINE
8
BLACK
6
CONTINUOUS
10
235.0304999999999893
20
-183.3499999999999943
11
235.0304999999999893
21
-168.9499999999999886
0
LINE
8
BLACK
6
CONTINUOUS
10
235.0304999999999893
20
-168.9499999999999886
11
220.6304999999999836
21
-168.9499999999999886
0
LINE
8
BLACK
6
CONTINUOUS
10
237.3746339999999861
20
-166.5788059999999859
11
237.401693999999992
21
-166.6058659999999918
0
LINE
8
BLACK
6
CONTINUOUS
10
237.401693999999992
20
-166.6058659999999918
11
237.4054999999999893
21
-166.625
0
LINE
8
BLACK
6
CONTINUOUS
10
237.4054999999999893
20
-166.625
11
237.4054999999999893
21
-185.6749999999999829
0
LINE
8
BLACK
6
CONTINUOUS
10
237.4054999999999893
20
-185.6749999999999829
11
237.401693999999992
21
-185.6941339999999911
0
LINE
8
BLACK
6
CONTINUOUS
10
237.401693999999992
20
-185.6941339999999911
11
237.3746339999999861
21
-185.721193999999997
0
LINE
8
BLACK
6
CONTINUOUS
10
237.3746339999999861
20
-185.721193999999997
11
237.3554999999999779
21
-185.7249999999999943
0
LINE
8
BLACK
6
CONTINUOUS
10
237.3554999999999779
20
-185.7249999999999943
11
218.3554999999999779
21
-185.7249999999999943
0
LINE
8
BLACK
6
CONTINUOUS
10
218.3554999999999779
20
-185.7249999999999943
11
218.3554999999999779
21
-190.4375
0
LINE
8
BLACK
6
CONTINUOUS
10
218.3554999999999779
20
-190.4375
11
218.3516939999999806
21
-190.4566339999999798
0
LINE
8
BLACK
6
CONTINUOUS
10
218.3516939999999806
20
-190.4566339999999798
11
218.3246340000000032
21
-190.4836939999999856
0
LINE
8
BLACK
6
CONTINUOUS
10
218.3246340000000032
20
-190.4836939999999856
11
218.305499999999995
21
-190.4874999999999829
0
LINE
8
BLACK
6
CONTINUOUS
10
218.305499999999995
20
-190.4874999999999829
11
199.2554999999999836
21
-190.4874999999999829
0
LINE
8
BLACK
6
CONTINUOUS
10
199.2554999999999836
20
-190.4874999999999829
11
199.2363660000000039
21
-190.4836939999999856
0
LINE
8
BLACK
6
CONTINUOUS
10
199.2363660000000039
20
-190.4836939999999856
11
199.209305999999998
21
-190.4566339999999798
0
LINE
8
BLACK
6
CONTINUOUS
10
199.209305999999998
20
-190.4566339999999798
11
199.2055000000000007
21
-190.4375
0
LINE
8
BLACK
6
CONTINUOUS
10
199.2055000000000007
20
-190.4375
11
199.2055000000000007
21
-171.3874999999999886
0
LINE
8
BLACK
6
CONTINUOUS
10
199.2055000000000007
20
-171.3874999999999886
11
199.209305999999998
21
-171.3683659999999804
0
LINE
8
BLACK
6
CONTINUOUS
10
199.209305999999998
20
-171.3683659999999804
11
199.2363660000000039
21
-171.341306000000003
0
LINE
8
BLACK
6
CONTINUOUS
10
199.2363660000000039
20
-171.341306000000003
11
199.2554999999999836
21
-171.3375000000000057
0
LINE
8
BLACK
6
CONTINUOUS
10
199.2554999999999836
20
-171.3375000000000057
11
218.2554999999999836
21
-171.3375000000000057
0
LINE
8
BLACK
6
CONTINUOUS
10
218.2554999999999836
20
-171.3375000000000057
11
218.2554999999999836
21
-166.625
0
LINE
8
BLACK
6
CONTINUOUS
10
218.2554999999999836
20
-166.625
11
218.2593059999999809
21
-166.6058659999999918
0
LINE
8
BLACK
6
CONTINUOUS
10
218.2593059999999809
20
-166.6058659999999918
11
218.2863659999999868
21
-166.5788059999999859
0
LINE
8
BLACK
6
CONTINUOUS
10
218.2863659999999868
20
-166.5788059999999859
11
218.305499999999995
21
-166.5749999999999886
0
LINE
8
BLACK
6
CONTINUOUS
10
218.305499999999995
20
-166.5749999999999886
11
237.3554999999999779
21
-166.5749999999999886
0
LINE
8
BLACK
6
CONTINUOUS
10
237.3554999999999779
20
-166.5749999999999886
11
237.3746339999999861
21
-166.5788059999999859
0
LINE
8
BLACK
6
CONTINUOUS
10
218.3554999999999779
20
-166.6749999999999829
11
218.3554999999999779
21
-171.3874999999999886
0
LINE
8
BLACK
6
CONTINUOUS
10
218.3554999999999779
20
-171.3874999999999886
11
218.3516939999999806
21
-171.4066339999999968
0
LINE
8
BLACK
6
CONTINUOUS
10
218.3516939999999806
20
-171.4066339999999968
11
218.3246340000000032
21
-171.4336940000000027
0
LINE
8
BLACK
6
CONTINUOUS
10
218.3246340000000032
20
-171.4336940000000027
11
218.305499999999995
21
-171.4375
0
LINE
8
BLACK
6
CONTINUOUS
10
218.305499999999995
20
-171.4375
11
199.305499999999995
21
-171.4375
0
LINE
8
BLACK
6
CONTINUOUS
10
199.305499999999995
20
-171.4375
11
199.305499999999995
21
-190.3874999999999886
0
LINE
8
BLACK
6
CONTINUOUS
10
199.305499999999995
20
-190.3874999999999886
11
218.2554999999999836
21
-190.3874999999999886
0
LINE
8
BLACK
6
CONTINUOUS
10
218.2554999999999836
20
-190.3874999999999886
11
218.2554999999999836
21
-185.6749999999999829
0
LINE
8
BLACK
6
CONTINUOUS
10
218.2554999999999836
20
-185.6749999999999829
11
218.2593059999999809
21
-185.6558660000000032
0
LINE
8
BLACK
6
CONTINUOUS
10
218.2593059999999809
20
-185.6558660000000032
11
218.2863659999999868
21
-185.6288059999999973
0
LINE
8
BLACK
6
CONTINUOUS
10
218.2863659999999868
20
-185.6288059999999973
11
218.305499999999995
21
-185.625
0
LINE
8
BLACK
6
CONTINUOUS
10
218.305499999999995
20
-185.625
11
237.305499999999995
21
-185.625
0
LINE
8
BLACK
6
CONTINUOUS
10
237.305499999999995
20
-185.625
11
237.305499999999995
21
-166.6749999999999829
0
LINE
8
BLACK
6
CONTINUOUS
10
237.305499999999995
20
-166.6749999999999829
11
218.3554999999999779
21
-166.6749999999999829
0
LINE
8
BLACK
6
CONTINUOUS
10
162.4902270000000044
20
-181.9062600000000032
11
162.5172629999999856
21
-181.9174589999999796
0
LINE
8
BLACK
6
CONTINUOUS
10
162.5172629999999856
20
-181.9174589999999796
11
162.5379549999999824
21
-181.9381510000000048
0
LINE
8
BLACK
6
CONTINUOUS
10
162.5379549999999824
20
-181.9381510000000048
11
162.5491539999999873
21
-181.965186999999986
0
LINE
8
BLACK
6
CONTINUOUS
10
162.5491539999999873
20
-181.965186999999986
11
162.5491539999999873
21
-181.994450999999998
0
LINE
8
BLACK
6
CONTINUOUS
10
162.5491539999999873
20
-181.994450999999998
11
162.5379549999999824
21
-182.0214869999999792
0
LINE
8
BLACK
6
CONTINUOUS
10
162.5379549999999824
20
-182.0214869999999792
11
162.5172629999999856
21
-182.0421790000000044
0
LINE
8
BLACK
6
CONTINUOUS
10
162.5172629999999856
20
-182.0421790000000044
11
162.4902270000000044
21
-182.0533779999999808
0
LINE
8
BLACK
6
CONTINUOUS
10
162.4902270000000044
20
-182.0533779999999808
11
162.4755949999999984
21
-182.0548189999999806
0
LINE
8
BLACK
6
CONTINUOUS
10
162.4755949999999984
20
-182.0548189999999806
11
162.067278999999985
21
-182.0548189999999806
0
LINE
8
BLACK
6
CONTINUOUS
10
162.067278999999985
20
-182.0548189999999806
11
162.0424600000000055
21
-182.303009000000003
0
LINE
8
BLACK
6
CONTINUOUS
10
162.0424600000000055
20
-182.303009000000003
11
162.0611020000000053
21
-182.2936890000000005
0
LINE
8
BLACK
6
CONTINUOUS
10
162.0611020000000053
20
-182.2936890000000005
11
162.0748329999999839
21
-182.2884339999999952
0
LINE
8
BLACK
6
CONTINUOUS
10
162.0748329999999839
20
-182.2884339999999952
11
162.0775219999999877
21
-182.2882419999999968
0
LINE
8
BLACK
6
CONTINUOUS
10
162.0775219999999877
20
-182.2882419999999968
11
162.0800109999999847
21
-182.2872119999999825
0
LINE
8
BLACK
6
CONTINUOUS
10
162.0800109999999847
20
-182.2872119999999825
11
162.0946429999999907
21
-182.2857709999999827
0
LINE
8
BLACK
6
CONTINUOUS
10
162.0946429999999907
20
-182.2857709999999827
11
162.3327380000000062
21
-182.2857709999999827
0
LINE
8
BLACK
6
CONTINUOUS
10
162.3327380000000062
20
-182.2857709999999827
11
162.3473699999999837
21
-182.2872119999999825
0
LINE
8
BLACK
6
CONTINUOUS
10
162.3473699999999837
20
-182.2872119999999825
11
162.3498589999999808
21
-182.2882429999999943
0
LINE
8
BLACK
6
CONTINUOUS
10
162.3498589999999808
20
-182.2882429999999943
11
162.3525469999999871
21
-182.2884339999999952
0
LINE
8
BLACK
6
CONTINUOUS
10
162.3525469999999871
20
-182.2884339999999952
11
162.3662789999999916
21
-182.2936890000000005
0
LINE
8
BLACK
6
CONTINUOUS
10
162.3662789999999916
20
-182.2936890000000005
11
162.4615169999999864
21
-182.3413079999999979
0
LINE
8
BLACK
6
CONTINUOUS
10
162.4615169999999864
20
-182.3413079999999979
11
162.4678159999999991
21
-182.3452719999999943
0
LINE
8
BLACK
6
CONTINUOUS
10
162.4678159999999991
20
-182.3452719999999943
11
162.4696439999999882
21
-182.3460299999999847
0
LINE
8
BLACK
6
CONTINUOUS
10
162.4696439999999882
20
-182.3460299999999847
11
162.4716999999999985
21
-182.3477179999999862
0
LINE
8
BLACK
6
CONTINUOUS
10
162.4716999999999985
20
-182.3477179999999862
11
162.4739600000000053
21
-182.3491400000000056
0
LINE
8
BLACK
6
CONTINUOUS
10
162.4739600000000053
20
-182.3491400000000056
11
162.4752589999999941
21
-182.3506380000000036
0
LINE
8
BLACK
6
CONTINUOUS
10
162.4752589999999941
20
-182.3506380000000036
11
162.4810090000000002
21
-182.3553569999999979
0
LINE
8
BLACK
6
CONTINUOUS
10
162.4810090000000002
20
-182.3553569999999979
11
162.5286279999999977
21
-182.4029759999999953
0
LINE
8
BLACK
6
CONTINUOUS
10
162.5286279999999977
20
-182.4029759999999953
11
162.5333459999999945
21
-182.408725000000004
0
LINE
8
BLACK
6
CONTINUOUS
10
162.5333459999999945
20
-182.408725000000004
11
162.53484499999999
21
-182.4100249999999903
0
LINE
8
BLACK
6
CONTINUOUS
10
162.53484499999999
20
-182.4100249999999903
11
162.5362659999999835
21
-182.4122839999999997
0
LINE
8
BLACK
6
CONTINUOUS
10
162.5362659999999835
20
-182.4122839999999997
11
162.5379549999999824
21
-182.414340999999979
0
LINE
8
BLACK
6
CONTINUOUS
10
162.5379549999999824
20
-182.414340999999979
11
162.5387120000000039
21
-182.416167999999999
0
LINE
8
BLACK
6
CONTINUOUS
10
162.5387120000000039
20
-182.416167999999999
11
162.5426769999999976
21
-182.4224679999999807
0
LINE
8
BLACK
6
CONTINUOUS
10
162.5426769999999976
20
-182.4224679999999807
11
162.590295999999995
21
-182.517706000000004
0
LINE
8
BLACK
6
CONTINUOUS
10
162.590295999999995
20
-182.517706000000004
11
162.5955510000000004
21
-182.5314369999999826
0
LINE
8
BLACK
6
CONTINUOUS
10
162.5955510000000004
20
-182.5314369999999826
11
162.5957420000000013
21
-182.5341259999999863
0
LINE
8
BLACK
6
CONTINUOUS
10
162.5957420000000013
20
-182.5341259999999863
11
162.5967729999999847
21
-182.5366149999999834
0
LINE
8
BLACK
6
CONTINUOUS
10
162.5967729999999847
20
-182.5366149999999834
11
162.5982139999999845
21
-182.5512469999999894
0
LINE
8
BLACK
6
CONTINUOUS
10
162.5982139999999845
20
-182.5512469999999894
11
162.5982139999999845
21
-182.7893420000000049
0
LINE
8
BLACK
6
CONTINUOUS
10
162.5982139999999845
20
-182.7893420000000049
11
162.5967729999999847
21
-182.8039739999999824
0
LINE
8
BLACK
6
CONTINUOUS
10
162.5967729999999847
20
-182.8039739999999824
11
162.5957420000000013
21
-182.806461999999982
0
LINE
8
BLACK
6
CONTINUOUS
10
162.5957420000000013
20
-182.806461999999982
11
162.5955510000000004
21
-182.8091519999999832
0
LINE
8
BLACK
6
CONTINUOUS
10
162.5955510000000004
20
-182.8091519999999832
11
162.590295999999995
21
-182.8228829999999903
0
LINE
8
BLACK
6
CONTINUOUS
10
162.590295999999995
20
-182.8228829999999903
11
162.5426769999999976
21
-182.9181209999999851
0
LINE
8
BLACK
6
CONTINUOUS
10
162.5426769999999976
20
-182.9181209999999851
11
162.5387130000000013
21
-182.9244170000000054
0
LINE
8
BLACK
6
CONTINUOUS
10
162.5387130000000013
20
-182.9244170000000054
11
162.5379559999999799
21
-182.9262469999999894
0
LINE
8
BLACK
6
CONTINUOUS
10
162.5379559999999799
20
-182.9262469999999894
11
162.5362659999999835
21
-182.9283049999999946
0
LINE
8
BLACK
6
CONTINUOUS
10
162.5362659999999835
20
-182.9283049999999946
11
162.53484499999999
21
-182.9305640000000039
0
LINE
8
BLACK
6
CONTINUOUS
10
162.53484499999999
20
-182.9305640000000039
11
162.5333459999999945
21
-182.9318629999999928
0
LINE
8
BLACK
6
CONTINUOUS
10
162.5333459999999945
20
-182.9318629999999928
11
162.5286279999999977
21
-182.9376129999999989
0
LINE
8
BLACK
6
CONTINUOUS
10
162.5286279999999977
20
-182.9376129999999989
11
162.4810099999999977
21
-182.9852319999999963
0
LINE
8
BLACK
6
CONTINUOUS
10
162.4810099999999977
20
-182.9852319999999963
11
162.4752599999999916
21
-182.9899499999999932
0
LINE
8
BLACK
6
CONTINUOUS
10
162.4752599999999916
20
-182.9899499999999932
11
162.4739600000000053
21
-182.9914499999999862
0
LINE
8
BLACK
6
CONTINUOUS
10
162.4739600000000053
20
-182.9914499999999862
11
162.4716999999999985
21
-182.9928720000000055
0
LINE
8
BLACK
6
CONTINUOUS
10
162.4716999999999985
20
-182.9928720000000055
11
162.4696439999999882
21
-182.9945599999999786
0
LINE
8
BLACK
6
CONTINUOUS
10
162.4696439999999882
20
-182.9945599999999786
11
162.4678159999999991
21
-182.995317
0
LINE
8
BLACK
6
CONTINUOUS
10
162.4678159999999991
20
-182.995317
11
162.4615169999999864
21
-182.9992819999999938
0
LINE
8
BLACK
6
CONTINUOUS
10
162.4615169999999864
20
-182.9992819999999938
11
162.3662789999999916
21
-183.0469009999999912
0
LINE
8
BLACK
6
CONTINUOUS
10
162.3662789999999916
20
-183.0469009999999912
11
162.3525469999999871
21
-183.0521559999999965
0
LINE
8
BLACK
6
CONTINUOUS
10
162.3525469999999871
20
-183.0521559999999965
11
162.3498589999999808
21
-183.052346
0
LINE
8
BLACK
6
CONTINUOUS
10
162.3498589999999808
20
-183.052346
11
162.3473699999999837
21
-183.0533779999999808
0
LINE
8
BLACK
6
CONTINUOUS
10
162.3473699999999837
20
-183.0533779999999808
11
162.3327380000000062
21
-183.0548189999999806
0
LINE
8
BLACK
6
CONTINUOUS
10
162.3327380000000062
20
-183.0548189999999806
11
162.1810949999999991
21
-183.0548189999999806
0
LINE
8
BLACK
6
CONTINUOUS
10
162.1810949999999991
20
-183.0548189999999806
11
162.3048739999999839
21
-183.0981309999999951
0
LINE
8
BLACK
6
CONTINUOUS
10
162.3048739999999839
20
-183.0981309999999951
11
162.5866800000000012
21
-183.2338419999999815
0
LINE
8
BLACK
6
CONTINUOUS
10
162.5866800000000012
20
-183.2338419999999815
11
162.8515199999999936
21
-183.4002509999999972
0
LINE
8
BLACK
6
CONTINUOUS
10
162.8515199999999936
20
-183.4002509999999972
11
163.0960629999999867
21
-183.5952680000000043
0
LINE
8
BLACK
6
CONTINUOUS
10
163.0960629999999867
20
-183.5952680000000043
11
163.31723199999999
21
-183.8164369999999792
0
LINE
8
BLACK
6
CONTINUOUS
10
163.31723199999999
20
-183.8164369999999792
11
163.5122489999999971
21
-184.0609800000000007
0
LINE
8
BLACK
6
CONTINUOUS
10
163.5122489999999971
20
-184.0609800000000007
11
163.6786579999999844
21
-184.3258199999999931
0
LINE
8
BLACK
6
CONTINUOUS
10
163.6786579999999844
20
-184.3258199999999931
11
163.8143689999999992
21
-184.607625999999982
0
LINE
8
BLACK
6
CONTINUOUS
10
163.8143689999999992
20
-184.607625999999982
11
163.9176740000000052
21
-184.9028549999999882
0
LINE
8
BLACK
6
CONTINUOUS
10
163.9176740000000052
20
-184.9028549999999882
11
163.9872749999999826
21
-185.2077939999999785
0
LINE
8
BLACK
6
CONTINUOUS
10
163.9872749999999826
20
-185.2077939999999785
11
164.0222949999999855
21
-185.5186089999999979
0
LINE
8
BLACK
6
CONTINUOUS
10
164.0222949999999855
20
-185.5186089999999979
11
164.0222949999999855
21
-185.8313909999999964
0
LINE
8
BLACK
6
CONTINUOUS
10
164.0222949999999855
20
-185.8313909999999964
11
163.9872749999999826
21
-186.1422059999999874
0
LINE
8
BLACK
6
CONTINUOUS
10
163.9872749999999826
20
-186.1422059999999874
11
163.9176740000000052
21
-186.4471449999999777
0
LINE
8
BLACK
6
CONTINUOUS
10
163.9176740000000052
20
-186.4471449999999777
11
163.8143689999999992
21
-186.7423739999999839
0
LINE
8
BLACK
6
CONTINUOUS
10
163.8143689999999992
20
-186.7423739999999839
11
163.6786579999999844
21
-187.0241800000000012
0
LINE
8
BLACK
6
CONTINUOUS
10
163.6786579999999844
20
-187.0241800000000012
11
163.5122489999999971
21
-187.2890199999999936
0
LINE
8
BLACK
6
CONTINUOUS
10
163.5122489999999971
20
-187.2890199999999936
11
163.31723199999999
21
-187.5335629999999867
0
LINE
8
BLACK
6
CONTINUOUS
10
163.31723199999999
20
-187.5335629999999867
11
163.0960629999999867
21
-187.75473199999999
0
LINE
8
BLACK
6
CONTINUOUS
10
163.0960629999999867
20
-187.75473199999999
11
162.8515199999999936
21
-187.9497489999999971
0
LINE
8
BLACK
6
CONTINUOUS
10
162.8515199999999936
20
-187.9497489999999971
11
162.5866800000000012
21
-188.1161579999999844
0
LINE
8
BLACK
6
CONTINUOUS
10
162.5866800000000012
20
-188.1161579999999844
11
162.3048739999999839
21
-188.2518689999999992
0
LINE
8
BLACK
6
CONTINUOUS
10
162.3048739999999839
20
-188.2518689999999992
11
162.0096450000000061
21
-188.3551740000000052
0
LINE
8
BLACK
6
CONTINUOUS
10
162.0096450000000061
20
-188.3551740000000052
11
161.7047059999999874
21
-188.4247749999999826
0
LINE
8
BLACK
6
CONTINUOUS
10
161.7047059999999874
20
-188.4247749999999826
11
161.3938909999999964
21
-188.4597949999999855
0
LINE
8
BLACK
6
CONTINUOUS
10
161.3938909999999964
20
-188.4597949999999855
11
161.0811089999999979
21
-188.4597949999999855
0
LINE
8
BLACK
6
CONTINUOUS
10
161.0811089999999979
20
-188.4597949999999855
11
160.7702940000000069
21
-188.4247749999999826
0
LINE
8
BLACK
6
CONTINUOUS
10
160.7702940000000069
20
-188.4247749999999826
11
160.4653549999999882
21
-188.3551740000000052
0
LINE
8
BLACK
6
CONTINUOUS
10
160.4653549999999882
20
-188.3551740000000052
11
160.170125999999982
21
-188.2518689999999992
0
LINE
8
BLACK
6
CONTINUOUS
10
160.170125999999982
20
-188.2518689999999992
11
159.8883199999999931
21
-188.1161579999999844
0
LINE
8
BLACK
6
CONTINUOUS
10
159.8883199999999931
20
-188.1161579999999844
11
159.6234800000000007
21
-187.9497489999999971
0
LINE
8
BLACK
6
CONTINUOUS
10
159.6234800000000007
20
-187.9497489999999971
11
159.3789369999999792
21
-187.75473199999999
0
LINE
8
BLACK
6
CONTINUOUS
10
159.3789369999999792
20
-187.75473199999999
11
159.1577680000000043
21
-187.5335629999999867
0
LINE
8
BLACK
6
CONTINUOUS
10
159.1577680000000043
20
-187.5335629999999867
11
158.9627509999999972
21
-187.2890199999999936
0
LINE
8
BLACK
6
CONTINUOUS
10
158.9627509999999972
20
-187.2890199999999936
11
158.7963419999999815
21
-187.0241800000000012
0
LINE
8
BLACK
6
CONTINUOUS
10
158.7963419999999815
20
-187.0241800000000012
11
158.6606309999999951
21
-186.7423739999999839
0
LINE
8
BLACK
6
CONTINUOUS
10
158.6606309999999951
20
-186.7423739999999839
11
158.5573259999999891
21
-186.4471449999999777
0
LINE
8
BLACK
6
CONTINUOUS
10
158.5573259999999891
20
-186.4471449999999777
11
158.4877249999999833
21
-186.1422059999999874
0
LINE
8
BLACK
6
CONTINUOUS
10
158.4877249999999833
20
-186.1422059999999874
11
158.4527049999999804
21
-185.8313909999999964
0
LINE
8
BLACK
6
CONTINUOUS
10
158.4527049999999804
20
-185.8313909999999964
11
158.4527049999999804
21
-185.5239789999999971
0
LINE
8
BLACK
6
CONTINUOUS
10
158.4527049999999804
20
-185.5239789999999971
11
158.4527049999999804
21
-185.5186089999999979
0
LINE
8
BLACK
6
CONTINUOUS
10
158.4527049999999804
20
-185.5186089999999979
11
158.4877249999999833
21
-185.2077939999999785
0
LINE
8
BLACK
6
CONTINUOUS
10
158.4877249999999833
20
-185.2077939999999785
11
158.5573259999999891
21
-184.9028549999999882
0
LINE
8
BLACK
6
CONTINUOUS
10
158.5573259999999891
20
-184.9028549999999882
11
158.6606309999999951
21
-184.607625999999982
0
LINE
8
BLACK
6
CONTINUOUS
10
158.6606309999999951
20
-184.607625999999982
11
158.7963419999999815
21
-184.3258199999999931
0
LINE
8
BLACK
6
CONTINUOUS
10
158.7963419999999815
20
-184.3258199999999931
11
158.9627509999999972
21
-184.0609800000000007
0
LINE
8
BLACK
6
CONTINUOUS
10
158.9627509999999972
20
-184.0609800000000007
11
159.1577680000000043
21
-183.8164369999999792
0
LINE
8
BLACK
6
CONTINUOUS
10
159.1577680000000043
20
-183.8164369999999792
11
159.3789369999999792
21
-183.5952680000000043
0
LINE
8
BLACK
6
CONTINUOUS
10
159.3789369999999792
20
-183.5952680000000043
11
159.6234800000000007
21
-183.4002509999999972
0
LINE
8
BLACK
6
CONTINUOUS
10
159.6234800000000007
20
-183.4002509999999972
11
159.8883199999999931
21
-183.2338419999999815
0
LINE
8
BLACK
6
CONTINUOUS
10
159.8883199999999931
20
-183.2338419999999815
11
160.170125999999982
21
-183.0981309999999951
0
LINE
8
BLACK
6
CONTINUOUS
10
160.170125999999982
20
-183.0981309999999951
11
160.4653549999999882
21
-182.9948259999999891
0
LINE
8
BLACK
6
CONTINUOUS
10
160.4653549999999882
20
-182.9948259999999891
11
160.4966079999999806
21
-182.9876919999999814
0
LINE
8
BLACK
6
CONTINUOUS
10
160.4966079999999806
20
-182.9876919999999814
11
160.4958330000000046
21
-182.979818999999992
0
LINE
8
BLACK
6
CONTINUOUS
10
160.4958330000000046
20
-182.979818999999992
11
160.4958330000000046
21
-182.5310089999999832
0
LINE
8
BLACK
6
CONTINUOUS
10
160.4958330000000046
20
-182.5310089999999832
11
160.0744049999999845
21
-182.5310089999999832
0
LINE
8
BLACK
6
CONTINUOUS
10
160.0744049999999845
20
-182.5310089999999832
11
160.0744049999999845
21
-182.979818999999992
0
LINE
8
BLACK
6
CONTINUOUS
10
160.0744049999999845
20
-182.979818999999992
11
160.0729639999999847
21
-182.994450999999998
0
LINE
8
BLACK
6
CONTINUOUS
10
160.0729639999999847
20
-182.994450999999998
11
160.0617649999999799
21
-183.0214869999999792
0
LINE
8
BLACK
6
CONTINUOUS
10
160.0617649999999799
20
-183.0214869999999792
11
160.041072999999983
21
-183.0421790000000044
0
LINE
8
BLACK
6
CONTINUOUS
10
160.041072999999983
20
-183.0421790000000044
11
160.0140370000000019
21
-183.0533779999999808
0
LINE
8
BLACK
6
CONTINUOUS
10
160.0140370000000019
20
-183.0533779999999808
11
159.9847729999999899
21
-183.0533779999999808
0
LINE
8
BLACK
6
CONTINUOUS
10
159.9847729999999899
20
-183.0533779999999808
11
159.9577369999999803
21
-183.0421790000000044
0
LINE
8
BLACK
6
CONTINUOUS
10
159.9577369999999803
20
-183.0421790000000044
11
159.9370449999999835
21
-183.0214869999999792
0
LINE
8
BLACK
6
CONTINUOUS
10
159.9370449999999835
20
-183.0214869999999792
11
159.9258459999999786
21
-182.994450999999998
0
LINE
8
BLACK
6
CONTINUOUS
10
159.9258459999999786
20
-182.994450999999998
11
159.9244049999999788
21
-182.979818999999992
0
LINE
8
BLACK
6
CONTINUOUS
10
159.9244049999999788
20
-182.979818999999992
11
159.9244049999999788
21
-181.979818999999992
0
LINE
8
BLACK
6
CONTINUOUS
10
159.9244049999999788
20
-181.979818999999992
11
159.9258459999999786
21
-181.965186999999986
0
LINE
8
BLACK
6
CONTINUOUS
10
159.9258459999999786
20
-181.965186999999986
11
159.9370449999999835
21
-181.9381510000000048
0
LINE
8
BLACK
6
CONTINUOUS
10
159.9370449999999835
20
-181.9381510000000048
11
159.9577369999999803
21
-181.9174589999999796
0
LINE
8
BLACK
6
CONTINUOUS
10
159.9577369999999803
20
-181.9174589999999796
11
159.9847729999999899
21
-181.9062600000000032
0
LINE
8
BLACK
6
CONTINUOUS
10
159.9847729999999899
20
-181.9062600000000032
11
160.0140370000000019
21
-181.9062600000000032
0
LINE
8
BLACK
6
CONTINUOUS
10
160.0140370000000019
20
-181.9062600000000032
11
160.041072999999983
21
-181.9174589999999796
0
LINE
8
BLACK
6
CONTINUOUS
10
160.041072999999983
20
-181.9174589999999796
11
160.0617649999999799
21
-181.9381510000000048
0
LINE
8
BLACK
6
CONTINUOUS
10
160.0617649999999799
20
-181.9381510000000048
11
160.0729639999999847
21
-181.965186999999986
0
LINE
8
BLACK
6
CONTINUOUS
10
160.0729639999999847
20
-181.965186999999986
11
160.0744049999999845
21
-181.979818999999992
0
LINE
8
BLACK
6
CONTINUOUS
10
160.0744049999999845
20
-181.979818999999992
11
160.0744049999999845
21
-182.3810090000000059
0
LINE
8
BLACK
6
CONTINUOUS
10
160.0744049999999845
20
-182.3810090000000059
11
160.4958330000000046
21
-182.3810090000000059
0
LINE
8
BLACK
6
CONTINUOUS
10
160.4958330000000046
20
-182.3810090000000059
11
160.4958330000000046
21
-181.979818999999992
0
LINE
8
BLACK
6
CONTINUOUS
10
160.4958330000000046
20
-181.979818999999992
11
160.4972740000000044
21
-181.965186999999986
0
LINE
8
BLACK
6
CONTINUOUS
10
160.4972740000000044
20
-181.965186999999986
11
160.5084729999999809
21
-181.9381510000000048
0
LINE
8
BLACK
6
CONTINUOUS
10
160.5084729999999809
20
-181.9381510000000048
11
160.5291650000000061
21
-181.9174589999999796
0
LINE
8
BLACK
6
CONTINUOUS
10
160.5291650000000061
20
-181.9174589999999796
11
160.5562009999999873
21
-181.9062600000000032
0
LINE
8
BLACK
6
CONTINUOUS
10
160.5562009999999873
20
-181.9062600000000032
11
160.5854649999999992
21
-181.9062600000000032
0
LINE
8
BLACK
6
CONTINUOUS
10
160.5854649999999992
20
-181.9062600000000032
11
160.6125009999999804
21
-181.9174589999999796
0
LINE
8
BLACK
6
CONTINUOUS
10
160.6125009999999804
20
-181.9174589999999796
11
160.6331930000000057
21
-181.9381510000000048
0
LINE
8
BLACK
6
CONTINUOUS
10
160.6331930000000057
20
-181.9381510000000048
11
160.6443919999999821
21
-181.965186999999986
0
LINE
8
BLACK
6
CONTINUOUS
10
160.6443919999999821
20
-181.965186999999986
11
160.6458329999999819
21
-181.979818999999992
0
LINE
8
BLACK
6
CONTINUOUS
10
160.6458329999999819
20
-181.979818999999992
11
160.6458329999999819
21
-182.9536319999999989
0
LINE
8
BLACK
6
CONTINUOUS
10
160.6458329999999819
20
-182.9536319999999989
11
160.7702940000000069
21
-182.9252249999999833
0
LINE
8
BLACK
6
CONTINUOUS
10
160.7702940000000069
20
-182.9252249999999833
11
161.0811089999999979
21
-182.8902049999999804
0
LINE
8
BLACK
6
CONTINUOUS
10
161.0811089999999979
20
-182.8902049999999804
11
161.2101189999999917
21
-182.8902049999999804
0
LINE
8
BLACK
6
CONTINUOUS
10
161.2101189999999917
20
-182.8902049999999804
11
161.2101189999999917
21
-182.2085040000000049
0
LINE
8
BLACK
6
CONTINUOUS
10
161.2101189999999917
20
-182.2085040000000049
11
161.1476759999999899
21
-182.2709469999999783
0
LINE
8
BLACK
6
CONTINUOUS
10
161.1476759999999899
20
-182.2709469999999783
11
161.1419259999999838
21
-182.2756650000000036
0
LINE
8
BLACK
6
CONTINUOUS
10
161.1419259999999838
20
-182.2756650000000036
11
161.140626999999995
21
-182.2771639999999991
0
LINE
8
BLACK
6
CONTINUOUS
10
161.140626999999995
20
-182.2771639999999991
11
161.1383669999999881
21
-182.2785849999999925
0
LINE
8
BLACK
6
CONTINUOUS
10
161.1383669999999881
20
-182.2785849999999925
11
161.1363110000000063
21
-182.2802739999999915
0
LINE
8
BLACK
6
CONTINUOUS
10
161.1363110000000063
20
-182.2802739999999915
11
161.1344829999999888
21
-182.2810309999999845
0
LINE
8
BLACK
6
CONTINUOUS
10
161.1344829999999888
20
-182.2810309999999845
11
161.1281840000000045
21
-182.2849959999999783
0
LINE
8
BLACK
6
CONTINUOUS
10
161.1281840000000045
20
-182.2849959999999783
11
161.0329459999999813
21
-182.3326150000000041
0
LINE
8
BLACK
6
CONTINUOUS
10
161.0329459999999813
20
-182.3326150000000041
11
161.0192140000000052
21
-182.337869999999981
0
LINE
8
BLACK
6
CONTINUOUS
10
161.0192140000000052
20
-182.337869999999981
11
160.9900240000000053
21
-182.3399440000000027
0
LINE
8
BLACK
6
CONTINUOUS
10
160.9900240000000053
20
-182.3399440000000027
11
160.9622629999999788
21
-182.3306900000000041
0
LINE
8
BLACK
6
CONTINUOUS
10
160.9622629999999788
20
-182.3306900000000041
11
160.9401550000000043
21
-182.3115169999999807
0
LINE
8
BLACK
6
CONTINUOUS
10
160.9401550000000043
20
-182.3115169999999807
11
160.9270679999999913
21
-182.2853419999999858
0
LINE
8
BLACK
6
CONTINUOUS
10
160.9270679999999913
20
-182.2853419999999858
11
160.9249939999999981
21
-182.2561519999999859
0
LINE
8
BLACK
6
CONTINUOUS
10
160.9249939999999981
20
-182.2561519999999859
11
160.9342479999999966
21
-182.2283909999999878
0
LINE
8
BLACK
6
CONTINUOUS
10
160.9342479999999966
20
-182.2283909999999878
11
160.9534209999999916
21
-182.2062829999999849
0
LINE
8
BLACK
6
CONTINUOUS
10
160.9534209999999916
20
-182.2062829999999849
11
160.9658639999999821
21
-182.1984510000000057
0
LINE
8
BLACK
6
CONTINUOUS
10
160.9658639999999821
20
-182.1984510000000057
11
161.050216000000006
21
-182.1562749999999937
0
LINE
8
BLACK
6
CONTINUOUS
10
161.050216000000006
20
-182.1562749999999937
11
161.1315950000000043
21
-182.0748959999999954
0
LINE
8
BLACK
6
CONTINUOUS
10
161.1315950000000043
20
-182.0748959999999954
11
161.2227149999999938
21
-181.9382159999999828
0
LINE
8
BLACK
6
CONTINUOUS
10
161.2227149999999938
20
-181.9382159999999828
11
161.2227489999999932
21
-181.9381729999999777
0
LINE
8
BLACK
6
CONTINUOUS
10
161.2227489999999932
20
-181.9381729999999777
11
161.2227589999999964
21
-181.9381510000000048
0
LINE
8
BLACK
6
CONTINUOUS
10
161.2227589999999964
20
-181.9381510000000048
11
161.2228099999999813
21
-181.938098999999994
0
LINE
8
BLACK
6
CONTINUOUS
10
161.2228099999999813
20
-181.938098999999994
11
161.2320310000000063
21
-181.926840999999996
0
LINE
8
BLACK
6
CONTINUOUS
10
161.2320310000000063
20
-181.926840999999996
11
161.2382000000000062
21
-181.9227089999999976
0
LINE
8
BLACK
6
CONTINUOUS
10
161.2382000000000062
20
-181.9227089999999976
11
161.2434509999999932
21
-181.9174589999999796
0
LINE
8
BLACK
6
CONTINUOUS
10
161.2434509999999932
20
-181.9174589999999796
11
161.2502399999999909
21
-181.9146460000000047
0
LINE
8
BLACK
6
CONTINUOUS
10
161.2502399999999909
20
-181.9146460000000047
11
161.2563459999999793
21
-181.9105579999999804
0
LINE
8
BLACK
6
CONTINUOUS
10
161.2563459999999793
20
-181.9105579999999804
11
161.2636259999999879
21
-181.9091009999999926
0
LINE
8
BLACK
6
CONTINUOUS
10
161.2636259999999879
20
-181.9091009999999926
11
161.2704870000000028
21
-181.9062600000000032
0
LINE
8
BLACK
6
CONTINUOUS
10
161.2704870000000028
20
-181.9062600000000032
11
161.2778349999999818
21
-181.9062600000000032
0
LINE
8
BLACK
6
CONTINUOUS
10
161.2778349999999818
20
-181.9062600000000032
11
161.2850399999999809
21
-181.9048190000000034
0
LINE
8
BLACK
6
CONTINUOUS
10
161.2850399999999809
20
-181.9048190000000034
11
161.2923239999999794
21
-181.9062600000000032
0
LINE
8
BLACK
6
CONTINUOUS
10
161.2923239999999794
20
-181.9062600000000032
11
161.2997509999999863
21
-181.9062600000000032
0
LINE
8
BLACK
6
CONTINUOUS
10
161.2997509999999863
20
-181.9062600000000032
11
161.3065389999999866
21
-181.9090719999999806
0
LINE
8
BLACK
6
CONTINUOUS
10
161.3065389999999866
20
-181.9090719999999806
11
161.3137480000000039
21
-181.9104979999999898
0
LINE
8
BLACK
6
CONTINUOUS
10
161.3137480000000039
20
-181.9104979999999898
11
161.3199269999999785
21
-181.9146169999999927
0
LINE
8
BLACK
6
CONTINUOUS
10
161.3199269999999785
20
-181.9146169999999927
11
161.3267869999999959
21
-181.9174589999999796
0
LINE
8
BLACK
6
CONTINUOUS
10
161.3267869999999959
20
-181.9174589999999796
11
161.3319799999999873
21
-181.9226519999999994
0
LINE
8
BLACK
6
CONTINUOUS
10
161.3319799999999873
20
-181.9226519999999994
11
161.3380970000000048
21
-181.9267299999999921
0
LINE
8
BLACK
6
CONTINUOUS
10
161.3380970000000048
20
-181.9267299999999921
11
161.3422300000000007
21
-181.9329019999999844
0
LINE
8
BLACK
6
CONTINUOUS
10
161.3422300000000007
20
-181.9329019999999844
11
161.3474789999999928
21
-181.9381510000000048
0
LINE
8
BLACK
6
CONTINUOUS
10
161.3474789999999928
20
-181.9381510000000048
11
161.3502900000000011
21
-181.9449379999999792
0
LINE
8
BLACK
6
CONTINUOUS
10
161.3502900000000011
20
-181.9449379999999792
11
161.3543799999999919
21
-181.9510449999999935
0
LINE
8
BLACK
6
CONTINUOUS
10
161.3543799999999919
20
-181.9510449999999935
11
161.3558359999999823
21
-181.9583259999999996
0
LINE
8
BLACK
6
CONTINUOUS
10
161.3558359999999823
20
-181.9583259999999996
11
161.3586779999999976
21
-181.965186999999986
0
LINE
8
BLACK
6
CONTINUOUS
10
161.3586779999999976
20
-181.965186999999986
11
161.360102999999981
21
-181.979662999999988
0
LINE
8
BLACK
6
CONTINUOUS
10
161.360102999999981
20
-181.979662999999988
11
161.3601189999999974
21
-181.9797399999999925
0
LINE
8
BLACK
6
CONTINUOUS
10
161.3601189999999974
20
-181.9797399999999925
11
161.3601129999999841
21
-181.9797659999999837
0
LINE
8
BLACK
6
CONTINUOUS
10
161.3601129999999841
20
-181.9797659999999837
11
161.3601189999999974
21
-181.979818999999992
0
LINE
8
BLACK
6
CONTINUOUS
10
161.3601189999999974
20
-181.979818999999992
11
161.3601189999999974
21
-182.8902049999999804
0
LINE
8
BLACK
6
CONTINUOUS
10
161.3601189999999974
20
-182.8902049999999804
11
161.3938909999999964
21
-182.8902049999999804
0
LINE
8
BLACK
6
CONTINUOUS
10
161.3938909999999964
20
-182.8902049999999804
11
161.5235950000000003
21
-182.9048190000000034
0
LINE
8
BLACK
6
CONTINUOUS
10
161.5235950000000003
20
-182.9048190000000034
11
161.5708329999999933
21
-182.9048190000000034
0
LINE
8
BLACK
6
CONTINUOUS
10
161.5708329999999933
20
-182.9048190000000034
11
161.5854649999999992
21
-182.9062600000000032
0
LINE
8
BLACK
6
CONTINUOUS
10
161.5854649999999992
20
-182.9062600000000032
11
161.6038029999999992
21
-182.9138559999999813
0
LINE
8
BLACK
6
CONTINUOUS
10
161.6038029999999992
20
-182.9138559999999813
11
161.7047059999999874
21
-182.9252249999999833
0
LINE
8
BLACK
6
CONTINUOUS
10
161.7047059999999874
20
-182.9252249999999833
11
161.9400890000000004
21
-182.9789499999999975
0
LINE
8
BLACK
6
CONTINUOUS
10
161.9400890000000004
20
-182.9789499999999975
11
161.8987520000000018
21
-182.9376120000000014
0
LINE
8
BLACK
6
CONTINUOUS
10
161.8987520000000018
20
-182.9376120000000014
11
161.8894249999999886
21
-182.9262469999999894
0
LINE
8
BLACK
6
CONTINUOUS
10
161.8894249999999886
20
-182.9262469999999894
11
161.8782269999999812
21
-182.8992109999999798
0
LINE
8
BLACK
6
CONTINUOUS
10
161.8782269999999812
20
-182.8992109999999798
11
161.8782269999999812
21
-182.8699479999999937
0
LINE
8
BLACK
6
CONTINUOUS
10
161.8782269999999812
20
-182.8699479999999937
11
161.8894259999999861
21
-182.8429119999999841
0
LINE
8
BLACK
6
CONTINUOUS
10
161.8894259999999861
20
-182.8429119999999841
11
161.9101189999999804
21
-182.8222189999999898
0
LINE
8
BLACK
6
CONTINUOUS
10
161.9101189999999804
20
-182.8222189999999898
11
161.93715499999999
21
-182.8110209999999825
0
LINE
8
BLACK
6
CONTINUOUS
10
161.93715499999999
20
-182.8110209999999825
11
161.9664180000000044
21
-182.8110209999999825
0
LINE
8
BLACK
6
CONTINUOUS
10
161.9664180000000044
20
-182.8110209999999825
11
161.9934539999999856
21
-182.8222199999999873
0
LINE
8
BLACK
6
CONTINUOUS
10
161.9934539999999856
20
-182.8222199999999873
11
162.0048199999999952
21
-182.831547999999998
0
LINE
8
BLACK
6
CONTINUOUS
10
162.0048199999999952
20
-182.831547999999998
11
162.0438319999999806
21
-182.8705609999999808
0
LINE
8
BLACK
6
CONTINUOUS
10
162.0438319999999806
20
-182.8705609999999808
11
162.1123479999999972
21
-182.9048190000000034
0
LINE
8
BLACK
6
CONTINUOUS
10
162.1123479999999972
20
-182.9048190000000034
11
162.3150329999999997
21
-182.9048190000000034
0
LINE
8
BLACK
6
CONTINUOUS
10
162.3150329999999997
20
-182.9048190000000034
11
162.3835479999999905
21
-182.8705609999999808
0
LINE
8
BLACK
6
CONTINUOUS
10
162.3835479999999905
20
-182.8705609999999808
11
162.4139549999999872
21
-182.8401529999999866
0
LINE
8
BLACK
6
CONTINUOUS
10
162.4139549999999872
20
-182.8401529999999866
11
162.4482139999999788
21
-182.7716369999999984
0
LINE
8
BLACK
6
CONTINUOUS
10
162.4482139999999788
20
-182.7716369999999984
11
162.4482139999999788
21
-182.5689519999999959
0
LINE
8
BLACK
6
CONTINUOUS
10
162.4482139999999788
20
-182.5689519999999959
11
162.4139559999999847
21
-182.5004359999999792
0
LINE
8
BLACK
6
CONTINUOUS
10
162.4139559999999847
20
-182.5004359999999792
11
162.3835489999999879
21
-182.4700289999999825
0
LINE
8
BLACK
6
CONTINUOUS
10
162.3835489999999879
20
-182.4700289999999825
11
162.3150329999999997
21
-182.4357709999999884
0
LINE
8
BLACK
6
CONTINUOUS
10
162.3150329999999997
20
-182.4357709999999884
11
162.1123479999999972
21
-182.4357709999999884
0
LINE
8
BLACK
6
CONTINUOUS
10
162.1123479999999972
20
-182.4357709999999884
11
162.0438319999999806
21
-182.4700289999999825
0
LINE
8
BLACK
6
CONTINUOUS
10
162.0438319999999806
20
-182.4700289999999825
11
162.0048189999999977
21
-182.5090419999999938
0
LINE
8
BLACK
6
CONTINUOUS
10
162.0048189999999977
20
-182.5090419999999938
11
161.9934539999999856
21
-182.5183689999999785
0
LINE
8
BLACK
6
CONTINUOUS
10
161.9934539999999856
20
-182.5183689999999785
11
161.9899649999999838
21
-182.5198139999999967
0
LINE
8
BLACK
6
CONTINUOUS
10
161.9899649999999838
20
-182.5198139999999967
11
161.9870420000000024
21
-182.5222059999999829
0
LINE
8
BLACK
6
CONTINUOUS
10
161.9870420000000024
20
-182.5222059999999829
11
161.9765419999999949
21
-182.5253730000000019
0
LINE
8
BLACK
6
CONTINUOUS
10
161.9765419999999949
20
-182.5253730000000019
11
161.9664169999999785
21
-182.5295679999999834
0
LINE
8
BLACK
6
CONTINUOUS
10
161.9664169999999785
20
-182.5295679999999834
11
161.9626419999999882
21
-182.5295679999999834
0
LINE
8
BLACK
6
CONTINUOUS
10
161.9626419999999882
20
-182.5295679999999834
11
161.9590259999999944
21
-182.5306589999999858
0
LINE
8
BLACK
6
CONTINUOUS
10
161.9590259999999944
20
-182.5306589999999858
11
161.9481159999999988
21
-182.5295679999999834
0
LINE
8
BLACK
6
CONTINUOUS
10
161.9481159999999988
20
-182.5295679999999834
11
161.93715499999999
21
-182.5295679999999834
0
LINE
8
BLACK
6
CONTINUOUS
10
161.93715499999999
20
-182.5295679999999834
11
161.9336659999999881
21
-182.5281219999999962
0
LINE
8
BLACK
6
CONTINUOUS
10
161.9336659999999881
20
-182.5281219999999962
11
161.9299069999999858
21
-182.5277470000000051
0
LINE
8
BLACK
6
CONTINUOUS
10
161.9299069999999858
20
-182.5277470000000051
11
161.9202449999999942
21
-182.5225639999999885
0
LINE
8
BLACK
6
CONTINUOUS
10
161.9202449999999942
20
-182.5225639999999885
11
161.9101179999999829
21
-182.5183689999999785
0
LINE
8
BLACK
6
CONTINUOUS
10
161.9101179999999829
20
-182.5183689999999785
11
161.9074459999999931
21
-182.5156969999999887
0
LINE
8
BLACK
6
CONTINUOUS
10
161.9074459999999931
20
-182.5156969999999887
11
161.904120000000006
21
-182.5139130000000023
0
LINE
8
BLACK
6
CONTINUOUS
10
161.904120000000006
20
-182.5139130000000023
11
161.8971789999999942
21
-182.5054299999999898
0
LINE
8
BLACK
6
CONTINUOUS
10
161.8971789999999942
20
-182.5054299999999898
11
161.8894259999999861
21
-182.4976769999999817
0
LINE
8
BLACK
6
CONTINUOUS
10
161.8894259999999861
20
-182.4976769999999817
11
161.8879799999999989
21
-182.4941879999999799
0
LINE
8
BLACK
6
CONTINUOUS
10
161.8879799999999989
20
-182.4941879999999799
11
161.8855889999999818
21
-182.4912649999999985
0
LINE
8
BLACK
6
CONTINUOUS
10
161.8855889999999818
20
-182.4912649999999985
11
161.8824209999999937
21
-182.480764999999991
0
LINE
8
BLACK
6
CONTINUOUS
10
161.8824209999999937
20
-182.480764999999991
11
161.8782269999999812
21
-182.4706400000000031
0
LINE
8
BLACK
6
CONTINUOUS
10
161.8782269999999812
20
-182.4706400000000031
11
161.8782269999999812
21
-182.4668639999999868
0
LINE
8
BLACK
6
CONTINUOUS
10
161.8782269999999812
20
-182.4668639999999868
11
161.8771359999999788
21
-182.4632489999999905
0
LINE
8
BLACK
6
CONTINUOUS
10
161.8771359999999788
20
-182.4632489999999905
11
161.8771579999999801
21
-182.4485459999999932
0
LINE
8
BLACK
6
CONTINUOUS
10
161.8771579999999801
20
-182.4485459999999932
11
161.924777000000006
21
-181.9723559999999907
0
LINE
8
BLACK
6
CONTINUOUS
10
161.924777000000006
20
-181.9723559999999907
11
161.9258459999999786
21
-181.9670229999999833
0
LINE
8
BLACK
6
CONTINUOUS
10
161.9258459999999786
20
-181.9670229999999833
11
161.9258459999999786
21
-181.965186999999986
0
LINE
8
BLACK
6
CONTINUOUS
10
161.9258459999999786
20
-181.965186999999986
11
161.9265589999999975
21
-181.9634639999999877
0
LINE
8
BLACK
6
CONTINUOUS
10
161.9265589999999975
20
-181.9634639999999877
11
161.9276669999999854
21
-181.9579399999999794
0
LINE
8
BLACK
6
CONTINUOUS
10
161.9276669999999854
20
-181.9579399999999794
11
161.9328490000000045
21
-181.9482799999999827
0
LINE
8
BLACK
6
CONTINUOUS
10
161.9328490000000045
20
-181.9482799999999827
11
161.9370449999999835
21
-181.9381510000000048
0
LINE
8
BLACK
6
CONTINUOUS
10
161.9370449999999835
20
-181.9381510000000048
11
161.9397160000000042
21
-181.9354789999999866
0
LINE
8
BLACK
6
CONTINUOUS
10
161.9397160000000042
20
-181.9354789999999866
11
161.9415009999999882
21
-181.9321529999999996
0
LINE
8
BLACK
6
CONTINUOUS
10
161.9415009999999882
20
-181.9321529999999996
11
161.9499830000000031
21
-181.9252119999999877
0
LINE
8
BLACK
6
CONTINUOUS
10
161.9499830000000031
20
-181.9252119999999877
11
161.9577369999999803
21
-181.9174589999999796
0
LINE
8
BLACK
6
CONTINUOUS
10
161.9577369999999803
20
-181.9174589999999796
11
161.9612249999999847
21
-181.9160129999999924
0
LINE
8
BLACK
6
CONTINUOUS
10
161.9612249999999847
20
-181.9160129999999924
11
161.9641489999999919
21
-181.9136220000000037
0
LINE
8
BLACK
6
CONTINUOUS
10
161.9641489999999919
20
-181.9136220000000037
11
161.9746459999999786
21
-181.9104539999999872
0
LINE
8
BLACK
6
CONTINUOUS
10
161.9746459999999786
20
-181.9104539999999872
11
161.9847729999999899
21
-181.9062600000000032
0
LINE
8
BLACK
6
CONTINUOUS
10
161.9847729999999899
20
-181.9062600000000032
11
161.9903779999999927
21
-181.9057069999999783
0
LINE
8
BLACK
6
CONTINUOUS
10
161.9903779999999927
20
-181.9057069999999783
11
161.992165
21
-181.9051690000000008
0
LINE
8
BLACK
6
CONTINUOUS
10
161.992165
20
-181.9051690000000008
11
161.993992999999989
21
-181.905350999999996
0
LINE
8
BLACK
6
CONTINUOUS
10
161.993992999999989
20
-181.905350999999996
11
161.9994049999999959
21
-181.9048190000000034
0
LINE
8
BLACK
6
CONTINUOUS
10
161.9994049999999959
20
-181.9048190000000034
11
162.4755949999999984
21
-181.9048190000000034
0
LINE
8
BLACK
6
CONTINUOUS
10
162.4755949999999984
20
-181.9048190000000034
11
162.4902270000000044
21
-181.9062600000000032
0
LINE
8
BLACK
6
CONTINUOUS
10
158.5483169999999973
20
-185.8260209999999972
11
158.5821349999999939
21
-186.1261649999999861
0
LINE
8
BLACK
6
CONTINUOUS
10
158.5821349999999939
20
-186.1261649999999861
11
158.64934599999998
21
-186.4206339999999784
0
LINE
8
BLACK
6
CONTINUOUS
10
158.64934599999998
20
-186.4206339999999784
11
158.7491039999999884
21
-186.705726999999996
0
LINE
8
BLACK
6
CONTINUOUS
10
158.7491039999999884
20
-186.705726999999996
11
158.8801559999999995
21
-186.9778579999999977
0
LINE
8
BLACK
6
CONTINUOUS
10
158.8801559999999995
20
-186.9778579999999977
11
159.040852000000001
21
-187.233604999999983
0
LINE
8
BLACK
6
CONTINUOUS
10
159.040852000000001
20
-187.233604999999983
11
159.2291720000000055
21
-187.4697510000000023
0
LINE
8
BLACK
6
CONTINUOUS
10
159.2291720000000055
20
-187.4697510000000023
11
159.4427489999999921
21
-187.6833279999999888
0
LINE
8
BLACK
6
CONTINUOUS
10
159.4427489999999921
20
-187.6833279999999888
11
159.6788949999999829
21
-187.8716479999999933
0
LINE
8
BLACK
6
CONTINUOUS
10
159.6788949999999829
20
-187.8716479999999933
11
159.9346419999999966
21
-188.0323439999999948
0
LINE
8
BLACK
6
CONTINUOUS
10
159.9346419999999966
20
-188.0323439999999948
11
160.2067729999999983
21
-188.1633959999999774
0
LINE
8
BLACK
6
CONTINUOUS
10
160.2067729999999983
20
-188.1633959999999774
11
160.4918659999999875
21
-188.2631539999999859
0
LINE
8
BLACK
6
CONTINUOUS
10
160.4918659999999875
20
-188.2631539999999859
11
160.7863349999999798
21
-188.3303650000000005
0
LINE
8
BLACK
6
CONTINUOUS
10
160.7863349999999798
20
-188.3303650000000005
11
161.0864789999999971
21
-188.364182999999997
0
LINE
8
BLACK
6
CONTINUOUS
10
161.0864789999999971
20
-188.364182999999997
11
161.3885209999999972
21
-188.364182999999997
0
LINE
8
BLACK
6
CONTINUOUS
10
161.3885209999999972
20
-188.364182999999997
11
161.6886649999999861
21
-188.3303650000000005
0
LINE
8
BLACK
6
CONTINUOUS
10
161.6886649999999861
20
-188.3303650000000005
11
161.9831340000000068
21
-188.2631539999999859
0
LINE
8
BLACK
6
CONTINUOUS
10
161.9831340000000068
20
-188.2631539999999859
11
162.268226999999996
21
-188.1633959999999774
0
LINE
8
BLACK
6
CONTINUOUS
10
162.268226999999996
20
-188.1633959999999774
11
162.5403579999999977
21
-188.0323439999999948
0
LINE
8
BLACK
6
CONTINUOUS
10
162.5403579999999977
20
-188.0323439999999948
11
162.796104999999983
21
-187.8716479999999933
0
LINE
8
BLACK
6
CONTINUOUS
10
162.796104999999983
20
-187.8716479999999933
11
163.0322510000000023
21
-187.6833279999999888
0
LINE
8
BLACK
6
CONTINUOUS
10
163.0322510000000023
20
-187.6833279999999888
11
163.2458279999999888
21
-187.4697510000000023
0
LINE
8
BLACK
6
CONTINUOUS
10
163.2458279999999888
20
-187.4697510000000023
11
163.4341479999999933
21
-187.233604999999983
0
LINE
8
BLACK
6
CONTINUOUS
10
163.4341479999999933
20
-187.233604999999983
11
163.5948439999999948
21
-186.9778579999999977
0
LINE
8
BLACK
6
CONTINUOUS
10
163.5948439999999948
20
-186.9778579999999977
11
163.7258960000000059
21
-186.705726999999996
0
LINE
8
BLACK
6
CONTINUOUS
10
163.7258960000000059
20
-186.705726999999996
11
163.8256539999999859
21
-186.4206339999999784
0
LINE
8
BLACK
6
CONTINUOUS
10
163.8256539999999859
20
-186.4206339999999784
11
163.8928650000000005
21
-186.1261649999999861
0
LINE
8
BLACK
6
CONTINUOUS
10
163.8928650000000005
20
-186.1261649999999861
11
163.926682999999997
21
-185.8260209999999972
0
LINE
8
BLACK
6
CONTINUOUS
10
163.926682999999997
20
-185.8260209999999972
11
163.926682999999997
21
-185.5239789999999971
0
LINE
8
BLACK
6
CONTINUOUS
10
163.926682999999997
20
-185.5239789999999971
11
163.8928650000000005
21
-185.2238349999999798
0
LINE
8
BLACK
6
CONTINUOUS
10
163.8928650000000005
20
-185.2238349999999798
11
163.8256539999999859
21
-184.9293659999999875
0
LINE
8
BLACK
6
CONTINUOUS
10
163.8256539999999859
20
-184.9293659999999875
11
163.7258960000000059
21
-184.6442729999999983
0
LINE
8
BLACK
6
CONTINUOUS
10
163.7258960000000059
20
-184.6442729999999983
11
163.5948439999999948
21
-184.3721419999999966
0
LINE
8
BLACK
6
CONTINUOUS
10
163.5948439999999948
20
-184.3721419999999966
11
163.4341479999999933
21
-184.1163949999999829
0
LINE
8
BLACK
6
CONTINUOUS
10
163.4341479999999933
20
-184.1163949999999829
11
163.2458279999999888
21
-183.8802489999999921
0
LINE
8
BLACK
6
CONTINUOUS
10
163.2458279999999888
20
-183.8802489999999921
11
163.0322510000000023
21
-183.6666720000000055
0
LINE
8
BLACK
6
CONTINUOUS
10
163.0322510000000023
20
-183.6666720000000055
11
162.796104999999983
21
-183.478352000000001
0
LINE
8
BLACK
6
CONTINUOUS
10
162.796104999999983
20
-183.478352000000001
11
162.5403579999999977
21
-183.3176559999999995
0
LINE
8
BLACK
6
CONTINUOUS
10
162.5403579999999977
20
-183.3176559999999995
11
162.268226999999996
21
-183.1866039999999884
0
LINE
8
BLACK
6
CONTINUOUS
10
162.268226999999996
20
-183.1866039999999884
11
161.9831340000000068
21
-183.08684599999998
0
LINE
8
BLACK
6
CONTINUOUS
10
161.9831340000000068
20
-183.08684599999998
11
161.6886649999999861
21
-183.0196349999999939
0
LINE
8
BLACK
6
CONTINUOUS
10
161.6886649999999861
20
-183.0196349999999939
11
161.6363989999999831
21
-183.0137459999999976
0
LINE
8
BLACK
6
CONTINUOUS
10
161.6363989999999831
20
-183.0137459999999976
11
161.6331930000000057
21
-183.0214869999999792
0
LINE
8
BLACK
6
CONTINUOUS
10
161.6331930000000057
20
-183.0214869999999792
11
161.6125009999999804
21
-183.0421790000000044
0
LINE
8
BLACK
6
CONTINUOUS
10
161.6125009999999804
20
-183.0421790000000044
11
161.5854649999999992
21
-183.0533779999999808
0
LINE
8
BLACK
6
CONTINUOUS
10
161.5854649999999992
20
-183.0533779999999808
11
161.5708329999999933
21
-183.0548189999999806
0
LINE
8
BLACK
6
CONTINUOUS
10
161.5708329999999933
20
-183.0548189999999806
11
160.9994049999999959
21
-183.0548189999999806
0
LINE
8
BLACK
6
CONTINUOUS
10
160.9994049999999959
20
-183.0548189999999806
11
160.9847729999999899
21
-183.0533779999999808
0
LINE
8
BLACK
6
CONTINUOUS
10
160.9847729999999899
20
-183.0533779999999808
11
160.9577369999999803
21
-183.0421790000000044
0
LINE
8
BLACK
6
CONTINUOUS
10
160.9577369999999803
20
-183.0421790000000044
11
160.9370449999999835
21
-183.0214869999999792
0
LINE
8
BLACK
6
CONTINUOUS
10
160.9370449999999835
20
-183.0214869999999792
11
160.9295909999999878
21
-183.0034929999999918
0
LINE
8
BLACK
6
CONTINUOUS
10
160.9295909999999878
20
-183.0034929999999918
11
160.7863349999999798
21
-183.0196349999999939
0
LINE
8
BLACK
6
CONTINUOUS
10
160.7863349999999798
20
-183.0196349999999939
11
160.4918659999999875
21
-183.08684599999998
0
LINE
8
BLACK
6
CONTINUOUS
10
160.4918659999999875
20
-183.08684599999998
11
160.2067729999999983
21
-183.1866039999999884
0
LINE
8
BLACK
6
CONTINUOUS
10
160.2067729999999983
20
-183.1866039999999884
11
159.9346419999999966
21
-183.3176559999999995
0
LINE
8
BLACK
6
CONTINUOUS
10
159.9346419999999966
20
-183.3176559999999995
11
159.6788949999999829
21
-183.478352000000001
0
LINE
8
BLACK
6
CONTINUOUS
10
159.6788949999999829
20
-183.478352000000001
11
159.4427489999999921
21
-183.6666720000000055
0
LINE
8
BLACK
6
CONTINUOUS
10
159.4427489999999921
20
-183.6666720000000055
11
159.2291720000000055
21
-183.8802489999999921
0
LINE
8
BLACK
6
CONTINUOUS
10
159.2291720000000055
20
-183.8802489999999921
11
159.040852000000001
21
-184.1163949999999829
0
LINE
8
BLACK
6
CONTINUOUS
10
159.040852000000001
20
-184.1163949999999829
11
158.8801559999999995
21
-184.3721419999999966
0
LINE
8
BLACK
6
CONTINUOUS
10
158.8801559999999995
20
-184.3721419999999966
11
158.7491039999999884
21
-184.6442729999999983
0
LINE
8
BLACK
6
CONTINUOUS
10
158.7491039999999884
20
-184.6442729999999983
11
158.64934599999998
21
-184.9293659999999875
0
LINE
8
BLACK
6
CONTINUOUS
10
158.64934599999998
20
-184.9293659999999875
11
158.5821349999999939
21
-185.2238349999999798
0
LINE
8
BLACK
6
CONTINUOUS
10
158.5821349999999939
20
-185.2238349999999798
11
158.5483169999999973
21
-185.5239789999999971
0
LINE
8
BLACK
6
CONTINUOUS
10
158.5483169999999973
20
-185.5239789999999971
11
158.5483169999999973
21
-185.8260209999999972
0
LINE
8
BLACK
6
CONTINUOUS
10
185.6016789999999901
20
-181.9062600000000032
11
185.6041679999999872
21
-181.9072909999999865
0
LINE
8
BLACK
6
CONTINUOUS
10
185.6041679999999872
20
-181.9072909999999865
11
185.6068559999999934
21
-181.9074819999999875
0
LINE
8
BLACK
6
CONTINUOUS
10
185.6068559999999934
20
-181.9074819999999875
11
185.6205879999999979
21
-181.9127369999999928
0
LINE
8
BLACK
6
CONTINUOUS
10
185.6205879999999979
20
-181.9127369999999928
11
185.7158259999999927
21
-181.9603559999999902
0
LINE
8
BLACK
6
CONTINUOUS
10
185.7158259999999927
20
-181.9603559999999902
11
185.7221250000000055
21
-181.9643199999999865
0
LINE
8
BLACK
6
CONTINUOUS
10
185.7221250000000055
20
-181.9643199999999865
11
185.7239529999999945
21
-181.9650780000000054
0
LINE
8
BLACK
6
CONTINUOUS
10
185.7239529999999945
20
-181.9650780000000054
11
185.7260090000000048
21
-181.9667659999999785
0
LINE
8
BLACK
6
CONTINUOUS
10
185.7260090000000048
20
-181.9667659999999785
11
185.7282689999999832
21
-181.9681879999999978
0
LINE
8
BLACK
6
CONTINUOUS
10
185.7282689999999832
20
-181.9681879999999978
11
185.7295680000000004
21
-181.9696859999999958
0
LINE
8
BLACK
6
CONTINUOUS
10
185.7295680000000004
20
-181.9696859999999958
11
185.7353179999999782
21
-181.9744049999999902
0
LINE
8
BLACK
6
CONTINUOUS
10
185.7353179999999782
20
-181.9744049999999902
11
185.782937000000004
21
-182.0220239999999876
0
LINE
8
BLACK
6
CONTINUOUS
10
185.782937000000004
20
-182.0220239999999876
11
185.7876550000000009
21
-182.0277729999999963
0
LINE
8
BLACK
6
CONTINUOUS
10
185.7876550000000009
20
-182.0277729999999963
11
185.7891539999999964
21
-182.0290729999999826
0
LINE
8
BLACK
6
CONTINUOUS
10
185.7891539999999964
20
-182.0290729999999826
11
185.7905749999999898
21
-182.0313319999999919
0
LINE
8
BLACK
6
CONTINUOUS
10
185.7905749999999898
20
-182.0313319999999919
11
185.7922639999999888
21
-182.0333889999999997
0
LINE
8
BLACK
6
CONTINUOUS
10
185.7922639999999888
20
-182.0333889999999997
11
185.7930209999999818
21
-182.0352159999999913
0
LINE
8
BLACK
6
CONTINUOUS
10
185.7930209999999818
20
-182.0352159999999913
11
185.796986000000004
21
-182.0415160000000014
0
LINE
8
BLACK
6
CONTINUOUS
10
185.796986000000004
20
-182.0415160000000014
11
185.8446050000000014
21
-182.1367539999999963
0
LINE
8
BLACK
6
CONTINUOUS
10
185.8446050000000014
20
-182.1367539999999963
11
185.8498599999999783
21
-182.1504850000000033
0
LINE
8
BLACK
6
CONTINUOUS
10
185.8498599999999783
20
-182.1504850000000033
11
185.8500509999999792
21
-182.1531739999999786
0
LINE
8
BLACK
6
CONTINUOUS
10
185.8500509999999792
20
-182.1531739999999786
11
185.851081999999991
21
-182.1556630000000041
0
LINE
8
BLACK
6
CONTINUOUS
10
185.851081999999991
20
-182.1556630000000041
11
185.8525229999999908
21
-182.1702949999999817
0
LINE
8
BLACK
6
CONTINUOUS
10
185.8525229999999908
20
-182.1702949999999817
11
185.8525229999999908
21
-182.2655330000000049
0
LINE
8
BLACK
6
CONTINUOUS
10
185.8525229999999908
20
-182.2655330000000049
11
185.8517929999999865
21
-182.2729389999999796
0
LINE
8
BLACK
6
CONTINUOUS
10
185.8517929999999865
20
-182.2729389999999796
11
185.851934
21
-182.2749139999999954
0
LINE
8
BLACK
6
CONTINUOUS
10
185.851934
20
-182.2749139999999954
11
185.8513429999999858
21
-182.2775110000000041
0
LINE
8
BLACK
6
CONTINUOUS
10
185.8513429999999858
20
-182.2775110000000041
11
185.851081999999991
21
-182.2801649999999825
0
LINE
8
BLACK
6
CONTINUOUS
10
185.851081999999991
20
-182.2801649999999825
11
185.850323000000003
21
-182.2819949999999949
0
LINE
8
BLACK
6
CONTINUOUS
10
185.850323000000003
20
-182.2819949999999949
11
185.8486739999999884
21
-182.2892509999999788
0
LINE
8
BLACK
6
CONTINUOUS
10
185.8486739999999884
20
-182.2892509999999788
11
185.801054999999991
21
-182.432107000000002
0
LINE
8
BLACK
6
CONTINUOUS
10
185.801054999999991
20
-182.432107000000002
11
185.795061000000004
21
-182.4455329999999833
0
LINE
8
BLACK
6
CONTINUOUS
10
185.795061000000004
20
-182.4455329999999833
11
185.793295999999998
21
-182.4475669999999923
0
LINE
8
BLACK
6
CONTINUOUS
10
185.793295999999998
20
-182.4475669999999923
11
185.7922649999999862
21
-182.4500579999999843
0
LINE
8
BLACK
6
CONTINUOUS
10
185.7922649999999862
20
-182.4500579999999843
11
185.782937000000004
21
-182.4614229999999964
0
LINE
8
BLACK
6
CONTINUOUS
10
185.782937000000004
20
-182.4614229999999964
11
185.3395419999999945
21
-182.9048190000000034
0
LINE
8
BLACK
6
CONTINUOUS
10
185.3395419999999945
20
-182.9048190000000034
11
185.7775230000000022
21
-182.9048190000000034
0
LINE
8
BLACK
6
CONTINUOUS
10
185.7775230000000022
20
-182.9048190000000034
11
185.7921549999999797
21
-182.9062600000000032
0
LINE
8
BLACK
6
CONTINUOUS
10
185.7921549999999797
20
-182.9062600000000032
11
185.8191909999999893
21
-182.9174589999999796
0
LINE
8
BLACK
6
CONTINUOUS
10
185.8191909999999893
20
-182.9174589999999796
11
185.8398829999999862
21
-182.9381510000000048
0
LINE
8
BLACK
6
CONTINUOUS
10
185.8398829999999862
20
-182.9381510000000048
11
185.851081999999991
21
-182.965186999999986
0
LINE
8
BLACK
6
CONTINUOUS
10
185.851081999999991
20
-182.965186999999986
11
185.851081999999991
21
-182.994450999999998
0
LINE
8
BLACK
6
CONTINUOUS
10
185.851081999999991
20
-182.994450999999998
11
185.8398829999999862
21
-183.0214869999999792
0
LINE
8
BLACK
6
CONTINUOUS
10
185.8398829999999862
20
-183.0214869999999792
11
185.8305589999999938
21
-183.0308100000000024
0
LINE
8
BLACK
6
CONTINUOUS
10
185.8305589999999938
20
-183.0308100000000024
11
186.0338009999999827
21
-183.1019279999999867
0
LINE
8
BLACK
6
CONTINUOUS
10
186.0338009999999827
20
-183.1019279999999867
11
186.3151919999999961
21
-183.2374389999999948
0
LINE
8
BLACK
6
CONTINUOUS
10
186.3151919999999961
20
-183.2374389999999948
11
186.5796419999999785
21
-183.4036030000000039
0
LINE
8
BLACK
6
CONTINUOUS
10
186.5796419999999785
20
-183.4036030000000039
11
186.8238240000000019
21
-183.5983319999999992
0
LINE
8
BLACK
6
CONTINUOUS
10
186.8238240000000019
20
-183.5983319999999992
11
187.0446680000000015
21
-183.8191759999999988
0
LINE
8
BLACK
6
CONTINUOUS
10
187.0446680000000015
20
-183.8191759999999988
11
187.2393969999999968
21
-184.0633579999999938
0
LINE
8
BLACK
6
CONTINUOUS
10
187.2393969999999968
20
-184.0633579999999938
11
187.4055609999999774
21
-184.3278080000000045
0
LINE
8
BLACK
6
CONTINUOUS
10
187.4055609999999774
20
-184.3278080000000045
11
187.5410719999999856
21
-184.6091989999999896
0
LINE
8
BLACK
6
CONTINUOUS
10
187.5410719999999856
20
-184.6091989999999896
11
187.6442249999999774
21
-184.9039929999999856
0
LINE
8
BLACK
6
CONTINUOUS
10
187.6442249999999774
20
-184.9039929999999856
11
187.7137229999999875
21
-185.2084830000000011
0
LINE
8
BLACK
6
CONTINUOUS
10
187.7137229999999875
20
-185.2084830000000011
11
187.7486920000000055
21
-185.5188399999999831
0
LINE
8
BLACK
6
CONTINUOUS
10
187.7486920000000055
20
-185.5188399999999831
11
187.7486920000000055
21
-185.8311599999999828
0
LINE
8
BLACK
6
CONTINUOUS
10
187.7486920000000055
20
-185.8311599999999828
11
187.7137229999999875
21
-186.1415169999999932
0
LINE
8
BLACK
6
CONTINUOUS
10
187.7137229999999875
20
-186.1415169999999932
11
187.6442249999999774
21
-186.4460069999999803
0
LINE
8
BLACK
6
CONTINUOUS
10
187.6442249999999774
20
-186.4460069999999803
11
187.5410719999999856
21
-186.7408010000000047
0
LINE
8
BLACK
6
CONTINUOUS
10
187.5410719999999856
20
-186.7408010000000047
11
187.4055609999999774
21
-187.0221919999999898
0
LINE
8
BLACK
6
CONTINUOUS
10
187.4055609999999774
20
-187.0221919999999898
11
187.2393969999999968
21
-187.2866420000000005
0
LINE
8
BLACK
6
CONTINUOUS
10
187.2393969999999968
20
-187.2866420000000005
11
187.0446680000000015
21
-187.5308239999999955
0
LINE
8
BLACK
6
CONTINUOUS
10
187.0446680000000015
20
-187.5308239999999955
11
186.8238240000000019
21
-187.7516679999999951
0
LINE
8
BLACK
6
CONTINUOUS
10
186.8238240000000019
20
-187.7516679999999951
11
186.5796419999999785
21
-187.9463969999999904
0
LINE
8
BLACK
6
CONTINUOUS
10
186.5796419999999785
20
-187.9463969999999904
11
186.3151919999999961
21
-188.1125609999999995
0
LINE
8
BLACK
6
CONTINUOUS
10
186.3151919999999961
20
-188.1125609999999995
11
186.0338009999999827
21
-188.2480719999999792
0
LINE
8
BLACK
6
CONTINUOUS
10
186.0338009999999827
20
-188.2480719999999792
11
185.7390069999999866
21
-188.3512249999999995
0
LINE
8
BLACK
6
CONTINUOUS
10
185.7390069999999866
20
-188.3512249999999995
11
185.4345169999999996
21
-188.4207229999999811
0
LINE
8
BLACK
6
CONTINUOUS
10
185.4345169999999996
20
-188.4207229999999811
11
185.1241599999999892
21
-188.4556919999999991
0
LINE
8
BLACK
6
CONTINUOUS
10
185.1241599999999892
20
-188.4556919999999991
11
184.8118399999999895
21
-188.4556919999999991
0
LINE
8
BLACK
6
CONTINUOUS
10
184.8118399999999895
20
-188.4556919999999991
11
184.501482999999979
21
-188.4207229999999811
0
LINE
8
BLACK
6
CONTINUOUS
10
184.501482999999979
20
-188.4207229999999811
11
184.196992999999992
21
-188.3512249999999995
0
LINE
8
BLACK
6
CONTINUOUS
10
184.196992999999992
20
-188.3512249999999995
11
183.902198999999996
21
-188.2480719999999792
0
LINE
8
BLACK
6
CONTINUOUS
10
183.902198999999996
20
-188.2480719999999792
11
183.6208079999999825
21
-188.1125609999999995
0
LINE
8
BLACK
6
CONTINUOUS
10
183.6208079999999825
20
-188.1125609999999995
11
183.3563580000000002
21
-187.9463969999999904
0
LINE
8
BLACK
6
CONTINUOUS
10
183.3563580000000002
20
-187.9463969999999904
11
183.1121760000000052
21
-187.7516679999999951
0
LINE
8
BLACK
6
CONTINUOUS
10
183.1121760000000052
20
-187.7516679999999951
11
182.8913320000000056
21
-187.5308239999999955
0
LINE
8
BLACK
6
CONTINUOUS
10
182.8913320000000056
20
-187.5308239999999955
11
182.6966029999999819
21
-187.2866420000000005
0
LINE
8
BLACK
6
CONTINUOUS
10
182.6966029999999819
20
-187.2866420000000005
11
182.5304390000000012
21
-187.0221919999999898
0
LINE
8
BLACK
6
CONTINUOUS
10
182.5304390000000012
20
-187.0221919999999898
11
182.3949279999999931
21
-186.7408010000000047
0
LINE
8
BLACK
6
CONTINUOUS
10
182.3949279999999931
20
-186.7408010000000047
11
182.2917750000000012
21
-186.4460069999999803
0
LINE
8
BLACK
6
CONTINUOUS
10
182.2917750000000012
20
-186.4460069999999803
11
182.2222769999999912
21
-186.1415169999999932
0
LINE
8
BLACK
6
CONTINUOUS
10
182.2222769999999912
20
-186.1415169999999932
11
182.1873080000000016
21
-185.8311599999999828
0
LINE
8
BLACK
6
CONTINUOUS
10
182.1873080000000016
20
-185.8311599999999828
11
182.1873080000000016
21
-185.5242099999999823
0
LINE
8
BLACK
6
CONTINUOUS
10
182.1873080000000016
20
-185.5242099999999823
11
182.1873080000000016
21
-185.5188399999999831
0
LINE
8
BLACK
6
CONTINUOUS
10
182.1873080000000016
20
-185.5188399999999831
11
182.2222769999999912
21
-185.2084830000000011
0
LINE
8
BLACK
6
CONTINUOUS
10
182.2222769999999912
20
-185.2084830000000011
11
182.2917750000000012
21
-184.9039929999999856
0
LINE
8
BLACK
6
CONTINUOUS
10
182.2917750000000012
20
-184.9039929999999856
11
182.3949279999999931
21
-184.6091989999999896
0
LINE
8
BLACK
6
CONTINUOUS
10
182.3949279999999931
20
-184.6091989999999896
11
182.5304390000000012
21
-184.3278080000000045
0
LINE
8
BLACK
6
CONTINUOUS
10
182.5304390000000012
20
-184.3278080000000045
11
182.6966029999999819
21
-184.0633579999999938
0
LINE
8
BLACK
6
CONTINUOUS
10
182.6966029999999819
20
-184.0633579999999938
11
182.8913320000000056
21
-183.8191759999999988
0
LINE
8
BLACK
6
CONTINUOUS
10
182.8913320000000056
20
-183.8191759999999988
11
183.1121760000000052
21
-183.5983319999999992
0
LINE
8
BLACK
6
CONTINUOUS
10
183.1121760000000052
20
-183.5983319999999992
11
183.3563580000000002
21
-183.4036030000000039
0
LINE
8
BLACK
6
CONTINUOUS
10
183.3563580000000002
20
-183.4036030000000039
11
183.6208079999999825
21
-183.2374389999999948
0
LINE
8
BLACK
6
CONTINUOUS
10
183.6208079999999825
20
-183.2374389999999948
11
183.902198999999996
21
-183.1019279999999867
0
LINE
8
BLACK
6
CONTINUOUS
10
183.902198999999996
20
-183.1019279999999867
11
184.1422599999999932
21
-183.0179259999999886
0
LINE
8
BLACK
6
CONTINUOUS
10
184.1422599999999932
20
-183.0179259999999886
11
184.1325359999999876
21
-182.994450999999998
0
LINE
8
BLACK
6
CONTINUOUS
10
184.1325359999999876
20
-182.994450999999998
11
184.1310949999999877
21
-182.979818999999992
0
LINE
8
BLACK
6
CONTINUOUS
10
184.1310949999999877
20
-182.979818999999992
11
184.1310949999999877
21
-181.979818999999992
0
LINE
8
BLACK
6
CONTINUOUS
10
184.1310949999999877
20
-181.979818999999992
11
184.1325359999999876
21
-181.965186999999986
0
LINE
8
BLACK
6
CONTINUOUS
10
184.1325359999999876
20
-181.965186999999986
11
184.1437349999999924
21
-181.9381510000000048
0
LINE
8
BLACK
6
CONTINUOUS
10
184.1437349999999924
20
-181.9381510000000048
11
184.1644269999999892
21
-181.9174589999999796
0
LINE
8
BLACK
6
CONTINUOUS
10
184.1644269999999892
20
-181.9174589999999796
11
184.1914629999999988
21
-181.9062600000000032
0
LINE
8
BLACK
6
CONTINUOUS
10
184.1914629999999988
20
-181.9062600000000032
11
184.2207269999999824
21
-181.9062600000000032
0
LINE
8
BLACK
6
CONTINUOUS
10
184.2207269999999824
20
-181.9062600000000032
11
184.247762999999992
21
-181.9174589999999796
0
LINE
8
BLACK
6
CONTINUOUS
10
184.247762999999992
20
-181.9174589999999796
11
184.2684549999999888
21
-181.9381510000000048
0
LINE
8
BLACK
6
CONTINUOUS
10
184.2684549999999888
20
-181.9381510000000048
11
184.2796539999999936
21
-181.965186999999986
0
LINE
8
BLACK
6
CONTINUOUS
10
184.2796539999999936
20
-181.965186999999986
11
184.2810949999999934
21
-181.979818999999992
0
LINE
8
BLACK
6
CONTINUOUS
10
184.2810949999999934
20
-181.979818999999992
11
184.2810949999999934
21
-182.3810090000000059
0
LINE
8
BLACK
6
CONTINUOUS
10
184.2810949999999934
20
-182.3810090000000059
11
184.7025229999999851
21
-182.3810090000000059
0
LINE
8
BLACK
6
CONTINUOUS
10
184.7025229999999851
20
-182.3810090000000059
11
184.7025229999999851
21
-181.979818999999992
0
LINE
8
BLACK
6
CONTINUOUS
10
184.7025229999999851
20
-181.979818999999992
11
184.7039639999999849
21
-181.965186999999986
0
LINE
8
BLACK
6
CONTINUOUS
10
184.7039639999999849
20
-181.965186999999986
11
184.7151629999999898
21
-181.9381510000000048
0
LINE
8
BLACK
6
CONTINUOUS
10
184.7151629999999898
20
-181.9381510000000048
11
184.7358549999999866
21
-181.9174589999999796
0
LINE
8
BLACK
6
CONTINUOUS
10
184.7358549999999866
20
-181.9174589999999796
11
184.7628909999999962
21
-181.9062600000000032
0
LINE
8
BLACK
6
CONTINUOUS
10
184.7628909999999962
20
-181.9062600000000032
11
184.7921549999999797
21
-181.9062600000000032
0
LINE
8
BLACK
6
CONTINUOUS
10
184.7921549999999797
20
-181.9062600000000032
11
184.8191909999999893
21
-181.9174589999999796
0
LINE
8
BLACK
6
CONTINUOUS
10
184.8191909999999893
20
-181.9174589999999796
11
184.8398829999999862
21
-181.9381510000000048
0
LINE
8
BLACK
6
CONTINUOUS
10
184.8398829999999862
20
-181.9381510000000048
11
184.851081999999991
21
-181.965186999999986
0
LINE
8
BLACK
6
CONTINUOUS
10
184.851081999999991
20
-181.965186999999986
11
184.8525229999999908
21
-181.979818999999992
0
LINE
8
BLACK
6
CONTINUOUS
10
184.8525229999999908
20
-181.979818999999992
11
184.8525229999999908
21
-182.8943079999999952
0
LINE
8
BLACK
6
CONTINUOUS
10
184.8525229999999908
20
-182.8943079999999952
11
185.1241599999999892
21
-182.8943079999999952
0
LINE
8
BLACK
6
CONTINUOUS
10
185.1241599999999892
20
-182.8943079999999952
11
185.136527000000001
21
-182.8957010000000025
0
LINE
8
BLACK
6
CONTINUOUS
10
185.136527000000001
20
-182.8957010000000025
11
185.6643509999999822
21
-182.3678759999999954
0
LINE
8
BLACK
6
CONTINUOUS
10
185.6643509999999822
20
-182.3678759999999954
11
185.7025229999999851
21
-182.2533629999999789
0
LINE
8
BLACK
6
CONTINUOUS
10
185.7025229999999851
20
-182.2533629999999789
11
185.7025229999999851
21
-182.1879999999999882
0
LINE
8
BLACK
6
CONTINUOUS
10
185.7025229999999851
20
-182.1879999999999882
11
185.668264999999991
21
-182.1194839999999999
0
LINE
8
BLACK
6
CONTINUOUS
10
185.668264999999991
20
-182.1194839999999999
11
185.6378579999999943
21
-182.0890770000000032
0
LINE
8
BLACK
6
CONTINUOUS
10
185.6378579999999943
20
-182.0890770000000032
11
185.5693419999999776
21
-182.0548189999999806
0
LINE
8
BLACK
6
CONTINUOUS
10
185.5693419999999776
20
-182.0548189999999806
11
185.3666570000000036
21
-182.0548189999999806
0
LINE
8
BLACK
6
CONTINUOUS
10
185.3666570000000036
20
-182.0548189999999806
11
185.2981409999999869
21
-182.0890770000000032
0
LINE
8
BLACK
6
CONTINUOUS
10
185.2981409999999869
20
-182.0890770000000032
11
185.259128000000004
21
-182.128089999999986
0
LINE
8
BLACK
6
CONTINUOUS
10
185.259128000000004
20
-182.128089999999986
11
185.247762999999992
21
-182.1374169999999992
0
LINE
8
BLACK
6
CONTINUOUS
10
185.247762999999992
20
-182.1374169999999992
11
185.2207259999999849
21
-182.1486160000000041
0
LINE
8
BLACK
6
CONTINUOUS
10
185.2207259999999849
20
-182.1486160000000041
11
185.1914639999999963
21
-182.1486160000000041
0
LINE
8
BLACK
6
CONTINUOUS
10
185.1914639999999963
20
-182.1486160000000041
11
185.1644269999999892
21
-182.1374169999999992
0
LINE
8
BLACK
6
CONTINUOUS
10
185.1644269999999892
20
-182.1374169999999992
11
185.1437349999999924
21
-182.1167250000000024
0
LINE
8
BLACK
6
CONTINUOUS
10
185.1437349999999924
20
-182.1167250000000024
11
185.1325359999999876
21
-182.0896879999999953
0
LINE
8
BLACK
6
CONTINUOUS
10
185.1325359999999876
20
-182.0896879999999953
11
185.1325359999999876
21
-182.0604259999999783
0
LINE
8
BLACK
6
CONTINUOUS
10
185.1325359999999876
20
-182.0604259999999783
11
185.1437349999999924
21
-182.0333889999999997
0
LINE
8
BLACK
6
CONTINUOUS
10
185.1437349999999924
20
-182.0333889999999997
11
185.1530620000000056
21
-182.0220239999999876
0
LINE
8
BLACK
6
CONTINUOUS
10
185.1530620000000056
20
-182.0220239999999876
11
185.200681000000003
21
-181.9744049999999902
0
LINE
8
BLACK
6
CONTINUOUS
10
185.200681000000003
20
-181.9744049999999902
11
185.2064299999999832
21
-181.9696859999999958
0
LINE
8
BLACK
6
CONTINUOUS
10
185.2064299999999832
20
-181.9696859999999958
11
185.207729999999998
21
-181.9681879999999978
0
LINE
8
BLACK
6
CONTINUOUS
10
185.207729999999998
20
-181.9681879999999978
11
185.2099889999999789
21
-181.9667659999999785
0
LINE
8
BLACK
6
CONTINUOUS
10
185.2099889999999789
20
-181.9667659999999785
11
185.2120459999999866
21
-181.9650780000000054
0
LINE
8
BLACK
6
CONTINUOUS
10
185.2120459999999866
20
-181.9650780000000054
11
185.2138729999999782
21
-181.9643199999999865
0
LINE
8
BLACK
6
CONTINUOUS
10
185.2138729999999782
20
-181.9643199999999865
11
185.2201729999999884
21
-181.9603559999999902
0
LINE
8
BLACK
6
CONTINUOUS
10
185.2201729999999884
20
-181.9603559999999902
11
185.3154109999999832
21
-181.9127369999999928
0
LINE
8
BLACK
6
CONTINUOUS
10
185.3154109999999832
20
-181.9127369999999928
11
185.3291419999999903
21
-181.9074819999999875
0
LINE
8
BLACK
6
CONTINUOUS
10
185.3291419999999903
20
-181.9074819999999875
11
185.331830999999994
21
-181.907289999999989
0
LINE
8
BLACK
6
CONTINUOUS
10
185.331830999999994
20
-181.907289999999989
11
185.3343199999999911
21
-181.9062600000000032
0
LINE
8
BLACK
6
CONTINUOUS
10
185.3343199999999911
20
-181.9062600000000032
11
185.348951999999997
21
-181.9048190000000034
0
LINE
8
BLACK
6
CONTINUOUS
10
185.348951999999997
20
-181.9048190000000034
11
185.5870469999999841
21
-181.9048190000000034
0
LINE
8
BLACK
6
CONTINUOUS
10
185.5870469999999841
20
-181.9048190000000034
11
185.6016789999999901
21
-181.9062600000000032
0
LINE
8
BLACK
6
CONTINUOUS
10
184.2810949999999934
20
-182.9795790000000011
11
184.501482999999979
21
-182.9292769999999848
0
LINE
8
BLACK
6
CONTINUOUS
10
184.501482999999979
20
-182.9292769999999848
11
184.7025229999999851
21
-182.9066249999999911
0
LINE
8
BLACK
6
CONTINUOUS
10
184.7025229999999851
20
-182.9066249999999911
11
184.7025229999999851
21
-182.5310089999999832
0
LINE
8
BLACK
6
CONTINUOUS
10
184.7025229999999851
20
-182.5310089999999832
11
184.2810949999999934
21
-182.5310089999999832
0
LINE
8
BLACK
6
CONTINUOUS
10
184.2810949999999934
20
-182.5310089999999832
11
184.2810949999999934
21
-182.9795790000000011
0
LINE
8
BLACK
6
CONTINUOUS
10
182.2829270000000008
20
-185.8257899999999836
11
182.3166929999999866
21
-186.1254749999999945
0
LINE
8
BLACK
6
CONTINUOUS
10
182.3166929999999866
20
-186.1254749999999945
11
182.3838010000000054
21
-186.4194949999999835
0
LINE
8
BLACK
6
CONTINUOUS
10
182.3838010000000054
20
-186.4194949999999835
11
182.4834069999999997
21
-186.7041519999999934
0
LINE
8
BLACK
6
CONTINUOUS
10
182.4834069999999997
20
-186.7041519999999934
11
182.6142579999999782
21
-186.9758669999999938
0
LINE
8
BLACK
6
CONTINUOUS
10
182.6142579999999782
20
-186.9758669999999938
11
182.7747090000000014
21
-187.231223
0
LINE
8
BLACK
6
CONTINUOUS
10
182.7747090000000014
20
-187.231223
11
182.9627419999999915
21
-187.4670089999999902
0
LINE
8
BLACK
6
CONTINUOUS
10
182.9627419999999915
20
-187.4670089999999902
11
183.175990999999982
21
-187.6802579999999807
0
LINE
8
BLACK
6
CONTINUOUS
10
183.175990999999982
20
-187.6802579999999807
11
183.4117770000000007
21
-187.8682909999999993
0
LINE
8
BLACK
6
CONTINUOUS
10
183.4117770000000007
20
-187.8682909999999993
11
183.6671329999999784
21
-188.0287419999999941
0
LINE
8
BLACK
6
CONTINUOUS
10
183.6671329999999784
20
-188.0287419999999941
11
183.9388479999999788
21
-188.159593000000001
0
LINE
8
BLACK
6
CONTINUOUS
10
183.9388479999999788
20
-188.159593000000001
11
184.2235049999999887
21
-188.2591989999999953
0
LINE
8
BLACK
6
CONTINUOUS
10
184.2235049999999887
20
-188.2591989999999953
11
184.5175249999999778
21
-188.3263069999999857
0
LINE
8
BLACK
6
CONTINUOUS
10
184.5175249999999778
20
-188.3263069999999857
11
184.8172099999999887
21
-188.3600729999999999
0
LINE
8
BLACK
6
CONTINUOUS
10
184.8172099999999887
20
-188.3600729999999999
11
185.11878999999999
21
-188.3600729999999999
0
LINE
8
BLACK
6
CONTINUOUS
10
185.11878999999999
20
-188.3600729999999999
11
185.4184750000000008
21
-188.3263069999999857
0
LINE
8
BLACK
6
CONTINUOUS
10
185.4184750000000008
20
-188.3263069999999857
11
185.7124949999999899
21
-188.2591989999999953
0
LINE
8
BLACK
6
CONTINUOUS
10
185.7124949999999899
20
-188.2591989999999953
11
185.9971519999999998
21
-188.159593000000001
0
LINE
8
BLACK
6
CONTINUOUS
10
185.9971519999999998
20
-188.159593000000001
11
186.2688670000000002
21
-188.0287419999999941
0
LINE
8
BLACK
6
CONTINUOUS
10
186.2688670000000002
20
-188.0287419999999941
11
186.5242229999999779
21
-187.8682909999999993
0
LINE
8
BLACK
6
CONTINUOUS
10
186.5242229999999779
20
-187.8682909999999993
11
186.7600089999999966
21
-187.6802579999999807
0
LINE
8
BLACK
6
CONTINUOUS
10
186.7600089999999966
20
-187.6802579999999807
11
186.9732579999999871
21
-187.4670089999999902
0
LINE
8
BLACK
6
CONTINUOUS
10
186.9732579999999871
20
-187.4670089999999902
11
187.1612910000000056
21
-187.231223
0
LINE
8
BLACK
6
CONTINUOUS
10
187.1612910000000056
20
-187.231223
11
187.3217420000000004
21
-186.9758669999999938
0
LINE
8
BLACK
6
CONTINUOUS
10
187.3217420000000004
20
-186.9758669999999938
11
187.4525929999999789
21
-186.7041519999999934
0
LINE
8
BLACK
6
CONTINUOUS
10
187.4525929999999789
20
-186.7041519999999934
11
187.5521990000000017
21
-186.4194949999999835
0
LINE
8
BLACK
6
CONTINUOUS
10
187.5521990000000017
20
-186.4194949999999835
11
187.6193069999999921
21
-186.1254749999999945
0
LINE
8
BLACK
6
CONTINUOUS
10
187.6193069999999921
20
-186.1254749999999945
11
187.6530729999999778
21
-185.8257899999999836
0
LINE
8
BLACK
6
CONTINUOUS
10
187.6530729999999778
20
-185.8257899999999836
11
187.6530729999999778
21
-185.5242099999999823
0
LINE
8
BLACK
6
CONTINUOUS
10
187.6530729999999778
20
-185.5242099999999823
11
187.6193069999999921
21
-185.2245249999999999
0
LINE
8
BLACK
6
CONTINUOUS
10
187.6193069999999921
20
-185.2245249999999999
11
187.5521990000000017
21
-184.9305049999999824
0
LINE
8
BLACK
6
CONTINUOUS
10
187.5521990000000017
20
-184.9305049999999824
11
187.4525929999999789
21
-184.6458480000000009
0
LINE
8
BLACK
6
CONTINUOUS
10
187.4525929999999789
20
-184.6458480000000009
11
187.3217420000000004
21
-184.3741330000000005
0
LINE
8
BLACK
6
CONTINUOUS
10
187.3217420000000004
20
-184.3741330000000005
11
187.1612910000000056
21
-184.1187769999999944
0
LINE
8
BLACK
6
CONTINUOUS
10
187.1612910000000056
20
-184.1187769999999944
11
186.9732579999999871
21
-183.8829910000000041
0
LINE
8
BLACK
6
CONTINUOUS
10
186.9732579999999871
20
-183.8829910000000041
11
186.7600089999999966
21
-183.6697419999999852
0
LINE
8
BLACK
6
CONTINUOUS
10
186.7600089999999966
20
-183.6697419999999852
11
186.5242229999999779
21
-183.4817089999999951
0
LINE
8
BLACK
6
CONTINUOUS
10
186.5242229999999779
20
-183.4817089999999951
11
186.2688670000000002
21
-183.3212580000000003
0
LINE
8
BLACK
6
CONTINUOUS
10
186.2688670000000002
20
-183.3212580000000003
11
185.9971519999999998
21
-183.1904069999999933
0
LINE
8
BLACK
6
CONTINUOUS
10
185.9971519999999998
20
-183.1904069999999933
11
185.7124949999999899
21
-183.090800999999999
0
LINE
8
BLACK
6
CONTINUOUS
10
185.7124949999999899
20
-183.090800999999999
11
185.5548469999999952
21
-183.0548189999999806
0
LINE
8
BLACK
6
CONTINUOUS
10
185.5548469999999952
20
-183.0548189999999806
11
185.158475999999979
21
-183.0548189999999806
0
LINE
8
BLACK
6
CONTINUOUS
10
185.158475999999979
20
-183.0548189999999806
11
185.1438440000000014
21
-183.0533779999999808
0
LINE
8
BLACK
6
CONTINUOUS
10
185.1438440000000014
20
-183.0533779999999808
11
185.1168079999999918
21
-183.0421790000000044
0
LINE
8
BLACK
6
CONTINUOUS
10
185.1168079999999918
20
-183.0421790000000044
11
185.096115999999995
21
-183.0214869999999792
0
LINE
8
BLACK
6
CONTINUOUS
10
185.096115999999995
20
-183.0214869999999792
11
185.0849169999999901
21
-182.994450999999998
0
LINE
8
BLACK
6
CONTINUOUS
10
185.0849169999999901
20
-182.994450999999998
11
185.0849169999999901
21
-182.9899269999999945
0
LINE
8
BLACK
6
CONTINUOUS
10
185.0849169999999901
20
-182.9899269999999945
11
184.8515280000000018
21
-182.9899269999999945
0
LINE
8
BLACK
6
CONTINUOUS
10
184.8515280000000018
20
-182.9899269999999945
11
184.851081999999991
21
-182.994450999999998
0
LINE
8
BLACK
6
CONTINUOUS
10
184.851081999999991
20
-182.994450999999998
11
184.8398829999999862
21
-183.0214869999999792
0
LINE
8
BLACK
6
CONTINUOUS
10
184.8398829999999862
20
-183.0214869999999792
11
184.8191909999999893
21
-183.0421790000000044
0
LINE
8
BLACK
6
CONTINUOUS
10
184.8191909999999893
20
-183.0421790000000044
11
184.7921549999999797
21
-183.0533779999999808
0
LINE
8
BLACK
6
CONTINUOUS
10
184.7921549999999797
20
-183.0533779999999808
11
184.7628909999999962
21
-183.0533779999999808
0
LINE
8
BLACK
6
CONTINUOUS
10
184.7628909999999962
20
-183.0533779999999808
11
184.7358549999999866
21
-183.0421790000000044
0
LINE
8
BLACK
6
CONTINUOUS
10
184.7358549999999866
20
-183.0421790000000044
11
184.7151629999999898
21
-183.0214869999999792
0
LINE
8
BLACK
6
CONTINUOUS
10
184.7151629999999898
20
-183.0214869999999792
11
184.707222999999999
21
-183.002319
0
LINE
8
BLACK
6
CONTINUOUS
10
184.707222999999999
20
-183.002319
11
184.5175249999999778
21
-183.0236929999999802
0
LINE
8
BLACK
6
CONTINUOUS
10
184.5175249999999778
20
-183.0236929999999802
11
184.2235049999999887
21
-183.090800999999999
0
LINE
8
BLACK
6
CONTINUOUS
10
184.2235049999999887
20
-183.090800999999999
11
183.9388479999999788
21
-183.1904069999999933
0
LINE
8
BLACK
6
CONTINUOUS
10
183.9388479999999788
20
-183.1904069999999933
11
183.6671329999999784
21
-183.3212580000000003
0
LINE
8
BLACK
6
CONTINUOUS
10
183.6671329999999784
20
-183.3212580000000003
11
183.4117770000000007
21
-183.4817089999999951
0
LINE
8
BLACK
6
CONTINUOUS
10
183.4117770000000007
20
-183.4817089999999951
11
183.175990999999982
21
-183.6697419999999852
0
LINE
8
BLACK
6
CONTINUOUS
10
183.175990999999982
20
-183.6697419999999852
11
182.9627419999999915
21
-183.8829910000000041
0
LINE
8
BLACK
6
CONTINUOUS
10
182.9627419999999915
20
-183.8829910000000041
11
182.7747090000000014
21
-184.1187769999999944
0
LINE
8
BLACK
6
CONTINUOUS
10
182.7747090000000014
20
-184.1187769999999944
11
182.6142579999999782
21
-184.3741330000000005
0
LINE
8
BLACK
6
CONTINUOUS
10
182.6142579999999782
20
-184.3741330000000005
11
182.4834069999999997
21
-184.6458480000000009
0
LINE
8
BLACK
6
CONTINUOUS
10
182.4834069999999997
20
-184.6458480000000009
11
182.3838010000000054
21
-184.9305049999999824
0
LINE
8
BLACK
6
CONTINUOUS
10
182.3838010000000054
20
-184.9305049999999824
11
182.3166929999999866
21
-185.2245249999999999
0
LINE
8
BLACK
6
CONTINUOUS
10
182.3166929999999866
20
-185.2245249999999999
11
182.2829270000000008
21
-185.5242099999999823
0
LINE
8
BLACK
6
CONTINUOUS
10
182.2829270000000008
20
-185.5242099999999823
11
182.2829270000000008
21
-185.8257899999999836
0
LINE
8
BLACK
6
CONTINUOUS
10
173.6073690000000056
20
-180.9585919999999817
11
173.9102549999999781
21
-181.01409799999999
0
LINE
8
BLACK
6
CONTINUOUS
10
173.9102549999999781
20
-181.01409799999999
11
174.2042419999999936
21
-181.1057089999999903
0
LINE
8
BLACK
6
CONTINUOUS
10
174.2042419999999936
20
-181.1057089999999903
11
174.4850439999999878
21
-181.2320869999999786
0
LINE
8
BLACK
6
CONTINUOUS
10
174.4850439999999878
20
-181.2320869999999786
11
174.748564999999985
21
-181.3913909999999987
0
LINE
8
BLACK
6
CONTINUOUS
10
174.748564999999985
20
-181.3913909999999987
11
174.9909629999999936
21
-181.5812980000000039
0
LINE
8
BLACK
6
CONTINUOUS
10
174.9909629999999936
20
-181.5812980000000039
11
175.2087019999999882
21
-181.7990369999999984
0
LINE
8
BLACK
6
CONTINUOUS
10
175.2087019999999882
20
-181.7990369999999984
11
175.3986089999999933
21
-182.0414349999999786
0
LINE
8
BLACK
6
CONTINUOUS
10
175.3986089999999933
20
-182.0414349999999786
11
175.557912999999985
21
-182.3049560000000042
0
LINE
8
BLACK
6
CONTINUOUS
10
175.557912999999985
20
-182.3049560000000042
11
175.6842910000000018
21
-182.5857579999999984
0
LINE
8
BLACK
6
CONTINUOUS
10
175.6842910000000018
20
-182.5857579999999984
11
175.7759020000000021
21
-182.8797449999999856
0
LINE
8
BLACK
6
CONTINUOUS
10
175.7759020000000021
20
-182.8797449999999856
11
175.8314079999999819
21
-183.1826309999999864
0
LINE
8
BLACK
6
CONTINUOUS
10
175.8314079999999819
20
-183.1826309999999864
11
175.8499999999999943
21
-183.4899999999999807
0
LINE
8
BLACK
6
CONTINUOUS
10
175.8499999999999943
20
-183.4899999999999807
11
175.8404510000000016
21
-183.5193889999999897
0
LINE
8
BLACK
6
CONTINUOUS
10
175.8404510000000016
20
-183.5193889999999897
11
175.8154509999999959
21
-183.5375530000000026
0
LINE
8
BLACK
6
CONTINUOUS
10
175.8154509999999959
20
-183.5375530000000026
11
175.7845489999999984
21
-183.5375530000000026
0
LINE
8
BLACK
6
CONTINUOUS
10
175.7845489999999984
20
-183.5375530000000026
11
175.7595489999999927
21
-183.5193889999999897
0
LINE
8
BLACK
6
CONTINUOUS
10
175.7595489999999927
20
-183.5193889999999897
11
175.75
21
-183.4899999999999807
0
LINE
8
BLACK
6
CONTINUOUS
10
175.75
20
-183.4899999999999807
11
175.75
21
-183.3418020000000013
0
LINE
8
BLACK
6
CONTINUOUS
10
175.75
20
-183.3418020000000013
11
175.7142729999999915
21
-183.0475679999999841
0
LINE
8
BLACK
6
CONTINUOUS
10
175.7142729999999915
20
-183.0475679999999841
11
175.6433409999999924
21
-182.7597849999999937
0
LINE
8
BLACK
6
CONTINUOUS
10
175.6433409999999924
20
-182.7597849999999937
11
175.5382379999999785
21
-182.4826510000000042
0
LINE
8
BLACK
6
CONTINUOUS
10
175.5382379999999785
20
-182.4826510000000042
11
175.400496000000004
21
-182.2202059999999904
0
LINE
8
BLACK
6
CONTINUOUS
10
175.400496000000004
20
-182.2202059999999904
11
175.2321249999999964
21
-181.9762769999999819
0
LINE
8
BLACK
6
CONTINUOUS
10
175.2321249999999964
20
-181.9762769999999819
11
175.0355779999999868
21
-181.7544220000000053
0
LINE
8
BLACK
6
CONTINUOUS
10
175.0355779999999868
20
-181.7544220000000053
11
174.8137229999999818
21
-181.5578749999999957
0
LINE
8
BLACK
6
CONTINUOUS
10
174.8137229999999818
20
-181.5578749999999957
11
174.5697940000000017
21
-181.3895039999999881
0
LINE
8
BLACK
6
CONTINUOUS
10
174.5697940000000017
20
-181.3895039999999881
11
174.3073489999999879
21
-181.2517619999999852
0
LINE
8
BLACK
6
CONTINUOUS
10
174.3073489999999879
20
-181.2517619999999852
11
174.0302149999999983
21
-181.1466589999999997
0
LINE
8
BLACK
6
CONTINUOUS
10
174.0302149999999983
20
-181.1466589999999997
11
173.7424319999999796
21
-181.0757270000000005
0
LINE
8
BLACK
6
CONTINUOUS
10
173.7424319999999796
20
-181.0757270000000005
11
173.4481979999999908
21
-181.039999999999992
0
LINE
8
BLACK
6
CONTINUOUS
10
173.4481979999999908
20
-181.039999999999992
11
173.1518020000000035
21
-181.039999999999992
0
LINE
8
BLACK
6
CONTINUOUS
10
173.1518020000000035
20
-181.039999999999992
11
172.8575679999999863
21
-181.0757270000000005
0
LINE
8
BLACK
6
CONTINUOUS
10
172.8575679999999863
20
-181.0757270000000005
11
172.569784999999996
21
-181.1466589999999997
0
LINE
8
BLACK
6
CONTINUOUS
10
172.569784999999996
20
-181.1466589999999997
11
172.292650999999978
21
-181.2517619999999852
0
LINE
8
BLACK
6
CONTINUOUS
10
172.292650999999978
20
-181.2517619999999852
11
172.0302059999999926
21
-181.3895039999999881
0
LINE
8
BLACK
6
CONTINUOUS
10
172.0302059999999926
20
-181.3895039999999881
11
171.7862769999999841
21
-181.5578749999999957
0
LINE
8
BLACK
6
CONTINUOUS
10
171.7862769999999841
20
-181.5578749999999957
11
171.5644219999999791
21
-181.7544220000000053
0
LINE
8
BLACK
6
CONTINUOUS
10
171.5644219999999791
20
-181.7544220000000053
11
171.367874999999998
21
-181.9762769999999819
0
LINE
8
BLACK
6
CONTINUOUS
10
171.367874999999998
20
-181.9762769999999819
11
171.1995039999999904
21
-182.2202059999999904
0
LINE
8
BLACK
6
CONTINUOUS
10
171.1995039999999904
20
-182.2202059999999904
11
171.0617619999999874
21
-182.4826510000000042
0
LINE
8
BLACK
6
CONTINUOUS
10
171.0617619999999874
20
-182.4826510000000042
11
170.9566590000000019
21
-182.7597849999999937
0
LINE
8
BLACK
6
CONTINUOUS
10
170.9566590000000019
20
-182.7597849999999937
11
170.8857270000000028
21
-183.0475679999999841
0
LINE
8
BLACK
6
CONTINUOUS
10
170.8857270000000028
20
-183.0475679999999841
11
170.8499999999999943
21
-183.3418020000000013
0
LINE
8
BLACK
6
CONTINUOUS
10
170.8499999999999943
20
-183.3418020000000013
11
170.8499999999999943
21
-183.4899999999999807
0
LINE
8
BLACK
6
CONTINUOUS
10
170.8499999999999943
20
-183.4899999999999807
11
170.8404510000000016
21
-183.5193889999999897
0
LINE
8
BLACK
6
CONTINUOUS
10
170.8404510000000016
20
-183.5193889999999897
11
170.8154509999999959
21
-183.5375530000000026
0
LINE
8
BLACK
6
CONTINUOUS
10
170.8154509999999959
20
-183.5375530000000026
11
170.7845489999999984
21
-183.5375530000000026
0
LINE
8
BLACK
6
CONTINUOUS
10
170.7845489999999984
20
-183.5375530000000026
11
170.7595489999999927
21
-183.5193889999999897
0
LINE
8
BLACK
6
CONTINUOUS
10
170.7595489999999927
20
-183.5193889999999897
11
170.75
21
-183.4899999999999807
0
LINE
8
BLACK
6
CONTINUOUS
10
170.75
20
-183.4899999999999807
11
170.768591999999984
21
-183.1826309999999864
0
LINE
8
BLACK
6
CONTINUOUS
10
170.768591999999984
20
-183.1826309999999864
11
170.8240979999999922
21
-182.8797449999999856
0
LINE
8
BLACK
6
CONTINUOUS
10
170.8240979999999922
20
-182.8797449999999856
11
170.9157089999999926
21
-182.5857579999999984
0
LINE
8
BLACK
6
CONTINUOUS
10
170.9157089999999926
20
-182.5857579999999984
11
171.0420869999999809
21
-182.3049560000000042
0
LINE
8
BLACK
6
CONTINUOUS
10
171.0420869999999809
20
-182.3049560000000042
11
171.201391000000001
21
-182.0414349999999786
0
LINE
8
BLACK
6
CONTINUOUS
10
171.201391000000001
20
-182.0414349999999786
11
171.3912980000000061
21
-181.7990369999999984
0
LINE
8
BLACK
6
CONTINUOUS
10
171.3912980000000061
20
-181.7990369999999984
11
171.6090370000000007
21
-181.5812980000000039
0
LINE
8
BLACK
6
CONTINUOUS
10
171.6090370000000007
20
-181.5812980000000039
11
171.8514349999999808
21
-181.3913909999999987
0
LINE
8
BLACK
6
CONTINUOUS
10
171.8514349999999808
20
-181.3913909999999987
11
172.1149559999999781
21
-181.2320869999999786
0
LINE
8
BLACK
6
CONTINUOUS
10
172.1149559999999781
20
-181.2320869999999786
11
172.3957580000000007
21
-181.1057089999999903
0
LINE
8
BLACK
6
CONTINUOUS
10
172.3957580000000007
20
-181.1057089999999903
11
172.6897449999999878
21
-181.01409799999999
0
LINE
8
BLACK
6
CONTINUOUS
10
172.6897449999999878
20
-181.01409799999999
11
172.9926309999999887
21
-180.9585919999999817
0
LINE
8
BLACK
6
CONTINUOUS
10
172.9926309999999887
20
-180.9585919999999817
11
173.2999999999999829
21
-180.9399999999999977
0
LINE
8
BLACK
6
CONTINUOUS
10
173.2999999999999829
20
-180.9399999999999977
11
173.6073690000000056
21
-180.9585919999999817
0
LINE
8
BLACK
6
CONTINUOUS
10
170.8404510000000016
20
-173.4606110000000001
11
170.8499999999999943
21
-173.4899999999999807
0
LINE
8
BLACK
6
CONTINUOUS
10
170.8499999999999943
20
-173.4899999999999807
11
170.8499999999999943
21
-173.6381979999999885
0
LINE
8
BLACK
6
CONTINUOUS
10
170.8499999999999943
20
-173.6381979999999885
11
170.8857270000000028
21
-173.9324320000000057
0
LINE
8
BLACK
6
CONTINUOUS
10
170.8857270000000028
20
-173.9324320000000057
11
170.9566590000000019
21
-174.2202149999999961
0
LINE
8
BLACK
6
CONTINUOUS
10
170.9566590000000019
20
-174.2202149999999961
11
171.0617619999999874
21
-174.4973489999999856
0
LINE
8
BLACK
6
CONTINUOUS
10
171.0617619999999874
20
-174.4973489999999856
11
171.1995039999999904
21
-174.7597939999999994
0
LINE
8
BLACK
6
CONTINUOUS
10
171.1995039999999904
20
-174.7597939999999994
11
171.367874999999998
21
-175.0037229999999795
0
LINE
8
BLACK
6
CONTINUOUS
10
171.367874999999998
20
-175.0037229999999795
11
171.5644219999999791
21
-175.2255779999999845
0
LINE
8
BLACK
6
CONTINUOUS
10
171.5644219999999791
20
-175.2255779999999845
11
171.7862769999999841
21
-175.4221249999999941
0
LINE
8
BLACK
6
CONTINUOUS
10
171.7862769999999841
20
-175.4221249999999941
11
172.0302059999999926
21
-175.5904960000000017
0
LINE
8
BLACK
6
CONTINUOUS
10
172.0302059999999926
20
-175.5904960000000017
11
172.292650999999978
21
-175.7282380000000046
0
LINE
8
BLACK
6
CONTINUOUS
10
172.292650999999978
20
-175.7282380000000046
11
172.569784999999996
21
-175.8333409999999901
0
LINE
8
BLACK
6
CONTINUOUS
10
172.569784999999996
20
-175.8333409999999901
11
172.8575679999999863
21
-175.9042729999999892
0
LINE
8
BLACK
6
CONTINUOUS
10
172.8575679999999863
20
-175.9042729999999892
11
173.1518020000000035
21
-175.9399999999999977
0
LINE
8
BLACK
6
CONTINUOUS
10
173.1518020000000035
20
-175.9399999999999977
11
173.4481979999999908
21
-175.9399999999999977
0
LINE
8
BLACK
6
CONTINUOUS
10
173.4481979999999908
20
-175.9399999999999977
11
173.7424319999999796
21
-175.9042729999999892
0
LINE
8
BLACK
6
CONTINUOUS
10
173.7424319999999796
20
-175.9042729999999892
11
174.0302149999999983
21
-175.8333409999999901
0
LINE
8
BLACK
6
CONTINUOUS
10
174.0302149999999983
20
-175.8333409999999901
11
174.3073489999999879
21
-175.7282380000000046
0
LINE
8
BLACK
6
CONTINUOUS
10
174.3073489999999879
20
-175.7282380000000046
11
174.5697940000000017
21
-175.5904960000000017
0
LINE
8
BLACK
6
CONTINUOUS
10
174.5697940000000017
20
-175.5904960000000017
11
174.8137229999999818
21
-175.4221249999999941
0
LINE
8
BLACK
6
CONTINUOUS
10
174.8137229999999818
20
-175.4221249999999941
11
175.0355779999999868
21
-175.2255779999999845
0
LINE
8
BLACK
6
CONTINUOUS
10
175.0355779999999868
20
-175.2255779999999845
11
175.2321249999999964
21
-175.0037229999999795
0
LINE
8
BLACK
6
CONTINUOUS
10
175.2321249999999964
20
-175.0037229999999795
11
175.400496000000004
21
-174.7597939999999994
0
LINE
8
BLACK
6
CONTINUOUS
10
175.400496000000004
20
-174.7597939999999994
11
175.5382379999999785
21
-174.4973489999999856
0
LINE
8
BLACK
6
CONTINUOUS
10
175.5382379999999785
20
-174.4973489999999856
11
175.6433409999999924
21
-174.2202149999999961
0
LINE
8
BLACK
6
CONTINUOUS
10
175.6433409999999924
20
-174.2202149999999961
11
175.7142729999999915
21
-173.9324320000000057
0
LINE
8
BLACK
6
CONTINUOUS
10
175.7142729999999915
20
-173.9324320000000057
11
175.75
21
-173.6381979999999885
0
LINE
8
BLACK
6
CONTINUOUS
10
175.75
20
-173.6381979999999885
11
175.75
21
-173.4899999999999807
0
LINE
8
BLACK
6
CONTINUOUS
10
175.75
20
-173.4899999999999807
11
175.7595489999999927
21
-173.4606110000000001
0
LINE
8
BLACK
6
CONTINUOUS
10
175.7595489999999927
20
-173.4606110000000001
11
175.7845489999999984
21
-173.4424469999999872
0
LINE
8
BLACK
6
CONTINUOUS
10
175.7845489999999984
20
-173.4424469999999872
11
175.8154509999999959
21
-173.4424469999999872
0
LINE
8
BLACK
6
CONTINUOUS
10
175.8154509999999959
20
-173.4424469999999872
11
175.8404510000000016
21
-173.4606110000000001
0
LINE
8
BLACK
6
CONTINUOUS
10
175.8404510000000016
20
-173.4606110000000001
11
175.8499999999999943
21
-173.4899999999999807
0
LINE
8
BLACK
6
CONTINUOUS
10
175.8499999999999943
20
-173.4899999999999807
11
175.8314079999999819
21
-173.7973690000000033
0
LINE
8
BLACK
6
CONTINUOUS
10
175.8314079999999819
20
-173.7973690000000033
11
175.7759020000000021
21
-174.1002550000000042
0
LINE
8
BLACK
6
CONTINUOUS
10
175.7759020000000021
20
-174.1002550000000042
11
175.6842910000000018
21
-174.3942419999999913
0
LINE
8
BLACK
6
CONTINUOUS
10
175.6842910000000018
20
-174.3942419999999913
11
175.557912999999985
21
-174.6750439999999855
0
LINE
8
BLACK
6
CONTINUOUS
10
175.557912999999985
20
-174.6750439999999855
11
175.3986089999999933
21
-174.9385649999999828
0
LINE
8
BLACK
6
CONTINUOUS
10
175.3986089999999933
20
-174.9385649999999828
11
175.2087019999999882
21
-175.1809629999999913
0
LINE
8
BLACK
6
CONTINUOUS
10
175.2087019999999882
20
-175.1809629999999913
11
174.9909629999999936
21
-175.3987019999999859
0
LINE
8
BLACK
6
CONTINUOUS
10
174.9909629999999936
20
-175.3987019999999859
11
174.748564999999985
21
-175.5886089999999911
0
LINE
8
BLACK
6
CONTINUOUS
10
174.748564999999985
20
-175.5886089999999911
11
174.4850439999999878
21
-175.7479129999999827
0
LINE
8
BLACK
6
CONTINUOUS
10
174.4850439999999878
20
-175.7479129999999827
11
174.2042419999999936
21
-175.8742909999999995
0
LINE
8
BLACK
6
CONTINUOUS
10
174.2042419999999936
20
-175.8742909999999995
11
173.9102549999999781
21
-175.9659019999999998
0
LINE
8
BLACK
6
CONTINUOUS
10
173.9102549999999781
20
-175.9659019999999998
11
173.6073690000000056
21
-176.0214079999999797
0
LINE
8
BLACK
6
CONTINUOUS
10
173.6073690000000056
20
-176.0214079999999797
11
173.2999999999999829
21
-176.039999999999992
0
LINE
8
BLACK
6
CONTINUOUS
10
173.2999999999999829
20
-176.039999999999992
11
172.9926309999999887
21
-176.0214079999999797
0
LINE
8
BLACK
6
CONTINUOUS
10
172.9926309999999887
20
-176.0214079999999797
11
172.6897449999999878
21
-175.9659019999999998
0
LINE
8
BLACK
6
CONTINUOUS
10
172.6897449999999878
20
-175.9659019999999998
11
172.3957580000000007
21
-175.8742909999999995
0
LINE
8
BLACK
6
CONTINUOUS
10
172.3957580000000007
20
-175.8742909999999995
11
172.1149559999999781
21
-175.7479129999999827
0
LINE
8
BLACK
6
CONTINUOUS
10
172.1149559999999781
20
-175.7479129999999827
11
171.8514349999999808
21
-175.5886089999999911
0
LINE
8
BLACK
6
CONTINUOUS
10
171.8514349999999808
20
-175.5886089999999911
11
171.6090370000000007
21
-175.3987019999999859
0
LINE
8
BLACK
6
CONTINUOUS
10
171.6090370000000007
20
-175.3987019999999859
11
171.3912980000000061
21
-175.1809629999999913
0
LINE
8
BLACK
6
CONTINUOUS
10
171.3912980000000061
20
-175.1809629999999913
11
171.201391000000001
21
-174.9385649999999828
0
LINE
8
BLACK
6
CONTINUOUS
10
171.201391000000001
20
-174.9385649999999828
11
171.0420869999999809
21
-174.6750439999999855
0
LINE
8
BLACK
6
CONTINUOUS
10
171.0420869999999809
20
-174.6750439999999855
11
170.9157089999999926
21
-174.3942419999999913
0
LINE
8
BLACK
6
CONTINUOUS
10
170.9157089999999926
20
-174.3942419999999913
11
170.8240979999999922
21
-174.1002550000000042
0
LINE
8
BLACK
6
CONTINUOUS
10
170.8240979999999922
20
-174.1002550000000042
11
170.768591999999984
21
-173.7973690000000033
0
LINE
8
BLACK
6
CONTINUOUS
10
170.768591999999984
20
-173.7973690000000033
11
170.75
21
-173.4899999999999807
0
LINE
8
BLACK
6
CONTINUOUS
10
170.75
20
-173.4899999999999807
11
170.7595489999999927
21
-173.4606110000000001
0
LINE
8
BLACK
6
CONTINUOUS
10
170.7595489999999927
20
-173.4606110000000001
11
170.7845489999999984
21
-173.4424469999999872
0
LINE
8
BLACK
6
CONTINUOUS
10
170.7845489999999984
20
-173.4424469999999872
11
170.8154509999999959
21
-173.4424469999999872
0
LINE
8
BLACK
6
CONTINUOUS
10
170.8154509999999959
20
-173.4424469999999872
11
170.8404510000000016
21
-173.4606110000000001
0
LINE
8
BLACK
6
CONTINUOUS
10
57.4697049999999976
20
-158.0937600000000032
11
57.4771319999999974
21
-158.0937600000000032
0
LINE
8
BLACK
6
CONTINUOUS
10
57.4771319999999974
20
-158.0937600000000032
11
57.4839199999999977
21
-158.0965719999999806
0
LINE
8
BLACK
6
CONTINUOUS
10
57.4839199999999977
20
-158.0965719999999806
11
57.4911290000000008
21
-158.0979979999999898
0
LINE
8
BLACK
6
CONTINUOUS
10
57.4911290000000008
20
-158.0979979999999898
11
57.4973079999999968
21
-158.1021169999999927
0
LINE
8
BLACK
6
CONTINUOUS
10
57.4973079999999968
20
-158.1021169999999927
11
57.5041679999999999
21
-158.1049589999999796
0
LINE
8
BLACK
6
CONTINUOUS
10
57.5041679999999999
20
-158.1049589999999796
11
57.5093609999999984
21
-158.1101519999999994
0
LINE
8
BLACK
6
CONTINUOUS
10
57.5093609999999984
20
-158.1101519999999994
11
57.5154779999999946
21
-158.1142299999999921
0
LINE
8
BLACK
6
CONTINUOUS
10
57.5154779999999946
20
-158.1142299999999921
11
57.5196109999999976
21
-158.1204019999999844
0
LINE
8
BLACK
6
CONTINUOUS
10
57.5196109999999976
20
-158.1204019999999844
11
57.5248599999999968
21
-158.1256510000000048
0
LINE
8
BLACK
6
CONTINUOUS
10
57.5248599999999968
20
-158.1256510000000048
11
57.527670999999998
21
-158.1324379999999792
0
LINE
8
BLACK
6
CONTINUOUS
10
57.527670999999998
20
-158.1324379999999792
11
57.5317609999999959
21
-158.1385449999999935
0
LINE
8
BLACK
6
CONTINUOUS
10
57.5317609999999959
20
-158.1385449999999935
11
57.5332170000000005
21
-158.1458259999999996
0
LINE
8
BLACK
6
CONTINUOUS
10
57.5332170000000005
20
-158.1458259999999996
11
57.5360589999999945
21
-158.152686999999986
0
LINE
8
BLACK
6
CONTINUOUS
10
57.5360589999999945
20
-158.152686999999986
11
57.5374839999999992
21
-158.167162999999988
0
LINE
8
BLACK
6
CONTINUOUS
10
57.5374839999999992
20
-158.167162999999988
11
57.5374999999999943
21
-158.1672399999999925
0
LINE
8
BLACK
6
CONTINUOUS
10
57.5374999999999943
20
-158.1672399999999925
11
57.5374939999999953
21
-158.1672659999999837
0
LINE
8
BLACK
6
CONTINUOUS
10
57.5374939999999953
20
-158.1672659999999837
11
57.5374999999999943
21
-158.167318999999992
0
LINE
8
BLACK
6
CONTINUOUS
10
57.5374999999999943
20
-158.167318999999992
11
57.5374999999999943
21
-159.0923190000000034
0
LINE
8
BLACK
6
CONTINUOUS
10
57.5374999999999943
20
-159.0923190000000034
11
57.7482139999999973
21
-159.0923190000000034
0
LINE
8
BLACK
6
CONTINUOUS
10
57.7482139999999973
20
-159.0923190000000034
11
57.7628459999999961
21
-159.0937600000000032
0
LINE
8
BLACK
6
CONTINUOUS
10
57.7628459999999961
20
-159.0937600000000032
11
57.7898819999999986
21
-159.1049589999999796
0
LINE
8
BLACK
6
CONTINUOUS
10
57.7898819999999986
20
-159.1049589999999796
11
57.8105739999999955
21
-159.1256510000000048
0
LINE
8
BLACK
6
CONTINUOUS
10
57.8105739999999955
20
-159.1256510000000048
11
57.8217730000000003
21
-159.152686999999986
0
LINE
8
BLACK
6
CONTINUOUS
10
57.8217730000000003
20
-159.152686999999986
11
57.8217730000000003
21
-159.181950999999998
0
LINE
8
BLACK
6
CONTINUOUS
10
57.8217730000000003
20
-159.181950999999998
11
57.8105739999999955
21
-159.2089869999999792
0
LINE
8
BLACK
6
CONTINUOUS
10
57.8105739999999955
20
-159.2089869999999792
11
57.7898819999999986
21
-159.2296790000000044
0
LINE
8
BLACK
6
CONTINUOUS
10
57.7898819999999986
20
-159.2296790000000044
11
57.7628459999999961
21
-159.2408779999999808
0
LINE
8
BLACK
6
CONTINUOUS
10
57.7628459999999961
20
-159.2408779999999808
11
57.7482139999999973
21
-159.2423189999999806
0
LINE
8
BLACK
6
CONTINUOUS
10
57.7482139999999973
20
-159.2423189999999806
11
57.3893559999999994
21
-159.2423189999999806
0
LINE
8
BLACK
6
CONTINUOUS
10
57.3893559999999994
20
-159.2423189999999806
11
57.5277549999999991
21
-159.2907469999999819
0
LINE
8
BLACK
6
CONTINUOUS
10
57.5277549999999991
20
-159.2907469999999819
11
57.8090019999999996
21
-159.4261889999999937
0
LINE
8
BLACK
6
CONTINUOUS
10
57.8090019999999996
20
-159.4261889999999937
11
58.0733150000000009
21
-159.59226799999999
0
LINE
8
BLACK
6
CONTINUOUS
10
58.0733150000000009
20
-159.59226799999999
11
58.3173719999999989
21
-159.786896999999982
0
LINE
8
BLACK
6
CONTINUOUS
10
58.3173719999999989
20
-159.786896999999982
11
58.5381029999999996
21
-160.0076279999999826
0
LINE
8
BLACK
6
CONTINUOUS
10
58.5381029999999996
20
-160.0076279999999826
11
58.7327319999999986
21
-160.2516849999999806
0
LINE
8
BLACK
6
CONTINUOUS
10
58.7327319999999986
20
-160.2516849999999806
11
58.8988109999999949
21
-160.5159979999999962
0
LINE
8
BLACK
6
CONTINUOUS
10
58.8988109999999949
20
-160.5159979999999962
11
59.0342529999999996
21
-160.7972450000000038
0
LINE
8
BLACK
6
CONTINUOUS
10
59.0342529999999996
20
-160.7972450000000038
11
59.1373529999999974
21
-161.0918879999999831
0
LINE
8
BLACK
6
CONTINUOUS
10
59.1373529999999974
20
-161.0918879999999831
11
59.2068149999999989
21
-161.3962219999999945
0
LINE
8
BLACK
6
CONTINUOUS
10
59.2068149999999989
20
-161.3962219999999945
11
59.2417659999999984
21
-161.7064199999999801
0
LINE
8
BLACK
6
CONTINUOUS
10
59.2417659999999984
20
-161.7064199999999801
11
59.2417659999999984
21
-162.0185799999999858
0
LINE
8
BLACK
6
CONTINUOUS
10
59.2417659999999984
20
-162.0185799999999858
11
59.2068149999999989
21
-162.3287779999999998
0
LINE
8
BLACK
6
CONTINUOUS
10
59.2068149999999989
20
-162.3287779999999998
11
59.1373529999999974
21
-162.6331119999999828
0
LINE
8
BLACK
6
CONTINUOUS
10
59.1373529999999974
20
-162.6331119999999828
11
59.0342529999999996
21
-162.9277549999999906
0
LINE
8
BLACK
6
CONTINUOUS
10
59.0342529999999996
20
-162.9277549999999906
11
58.8988109999999949
21
-163.2090019999999981
0
LINE
8
BLACK
6
CONTINUOUS
10
58.8988109999999949
20
-163.2090019999999981
11
58.7327319999999986
21
-163.4733149999999853
0
LINE
8
BLACK
6
CONTINUOUS
10
58.7327319999999986
20
-163.4733149999999853
11
58.5381029999999996
21
-163.7173719999999832
0
LINE
8
BLACK
6
CONTINUOUS
10
58.5381029999999996
20
-163.7173719999999832
11
58.3173719999999989
21
-163.9381029999999839
0
LINE
8
BLACK
6
CONTINUOUS
10
58.3173719999999989
20
-163.9381029999999839
11
58.0733150000000009
21
-164.1327320000000043
0
LINE
8
BLACK
6
CONTINUOUS
10
58.0733150000000009
20
-164.1327320000000043
11
57.8090019999999996
21
-164.2988110000000006
0
LINE
8
BLACK
6
CONTINUOUS
10
57.8090019999999996
20
-164.2988110000000006
11
57.5277549999999991
21
-164.434252999999984
0
LINE
8
BLACK
6
CONTINUOUS
10
57.5277549999999991
20
-164.434252999999984
11
57.2331119999999984
21
-164.537352999999996
0
LINE
8
BLACK
6
CONTINUOUS
10
57.2331119999999984
20
-164.537352999999996
11
56.9287779999999941
21
-164.6068149999999832
0
LINE
8
BLACK
6
CONTINUOUS
10
56.9287779999999941
20
-164.6068149999999832
11
56.6185799999999944
21
-164.6417659999999898
0
LINE
8
BLACK
6
CONTINUOUS
10
56.6185799999999944
20
-164.6417659999999898
11
56.3064199999999957
21
-164.6417659999999898
0
LINE
8
BLACK
6
CONTINUOUS
10
56.3064199999999957
20
-164.6417659999999898
11
55.9962219999999959
21
-164.6068149999999832
0
LINE
8
BLACK
6
CONTINUOUS
10
55.9962219999999959
20
-164.6068149999999832
11
55.6918879999999987
21
-164.537352999999996
0
LINE
8
BLACK
6
CONTINUOUS
10
55.6918879999999987
20
-164.537352999999996
11
55.3972449999999981
21
-164.434252999999984
0
LINE
8
BLACK
6
CONTINUOUS
10
55.3972449999999981
20
-164.434252999999984
11
55.1159979999999976
21
-164.2988110000000006
0
LINE
8
BLACK
6
CONTINUOUS
10
55.1159979999999976
20
-164.2988110000000006
11
54.8516849999999963
21
-164.1327320000000043
0
LINE
8
BLACK
6
CONTINUOUS
10
54.8516849999999963
20
-164.1327320000000043
11
54.6076279999999983
21
-163.9381029999999839
0
LINE
8
BLACK
6
CONTINUOUS
10
54.6076279999999983
20
-163.9381029999999839
11
54.3868969999999976
21
-163.7173719999999832
0
LINE
8
BLACK
6
CONTINUOUS
10
54.3868969999999976
20
-163.7173719999999832
11
54.1922679999999986
21
-163.4733149999999853
0
LINE
8
BLACK
6
CONTINUOUS
10
54.1922679999999986
20
-163.4733149999999853
11
54.0261889999999951
21
-163.2090019999999981
0
LINE
8
BLACK
6
CONTINUOUS
10
54.0261889999999951
20
-163.2090019999999981
11
53.8907469999999975
21
-162.9277549999999906
0
LINE
8
BLACK
6
CONTINUOUS
10
53.8907469999999975
20
-162.9277549999999906
11
53.7876469999999998
21
-162.6331119999999828
0
LINE
8
BLACK
6
CONTINUOUS
10
53.7876469999999998
20
-162.6331119999999828
11
53.7181849999999983
21
-162.3287779999999998
0
LINE
8
BLACK
6
CONTINUOUS
10
53.7181849999999983
20
-162.3287779999999998
11
53.6832339999999988
21
-162.0185799999999858
0
LINE
8
BLACK
6
CONTINUOUS
10
53.6832339999999988
20
-162.0185799999999858
11
53.6832339999999988
21
-161.7117899999999793
0
LINE
8
BLACK
6
CONTINUOUS
10
53.6832339999999988
20
-161.7117899999999793
11
53.6832339999999988
21
-161.7064199999999801
0
LINE
8
BLACK
6
CONTINUOUS
10
53.6832339999999988
20
-161.7064199999999801
11
53.7181849999999983
21
-161.3962219999999945
0
LINE
8
BLACK
6
CONTINUOUS
10
53.7181849999999983
20
-161.3962219999999945
11
53.7876469999999998
21
-161.0918879999999831
0
LINE
8
BLACK
6
CONTINUOUS
10
53.7876469999999998
20
-161.0918879999999831
11
53.8907469999999975
21
-160.7972450000000038
0
LINE
8
BLACK
6
CONTINUOUS
10
53.8907469999999975
20
-160.7972450000000038
11
54.0261889999999951
21
-160.5159979999999962
0
LINE
8
BLACK
6
CONTINUOUS
10
54.0261889999999951
20
-160.5159979999999962
11
54.1922679999999986
21
-160.2516849999999806
0
LINE
8
BLACK
6
CONTINUOUS
10
54.1922679999999986
20
-160.2516849999999806
11
54.3868969999999976
21
-160.0076279999999826
0
LINE
8
BLACK
6
CONTINUOUS
10
54.3868969999999976
20
-160.0076279999999826
11
54.6076279999999983
21
-159.786896999999982
0
LINE
8
BLACK
6
CONTINUOUS
10
54.6076279999999983
20
-159.786896999999982
11
54.8516849999999963
21
-159.59226799999999
0
LINE
8
BLACK
6
CONTINUOUS
10
54.8516849999999963
20
-159.59226799999999
11
55.1159979999999976
21
-159.4261889999999937
0
LINE
8
BLACK
6
CONTINUOUS
10
55.1159979999999976
20
-159.4261889999999937
11
55.3972449999999981
21
-159.2907469999999819
0
LINE
8
BLACK
6
CONTINUOUS
10
55.3972449999999981
20
-159.2907469999999819
11
55.6918879999999987
21
-159.1876469999999983
0
LINE
8
BLACK
6
CONTINUOUS
10
55.6918879999999987
20
-159.1876469999999983
11
55.7221539999999962
21
-159.180737999999991
0
LINE
8
BLACK
6
CONTINUOUS
10
55.7221539999999962
20
-159.180737999999991
11
55.7208329999999989
21
-159.167318999999992
0
LINE
8
BLACK
6
CONTINUOUS
10
55.7208329999999989
20
-159.167318999999992
11
55.7208329999999989
21
-158.7185089999999832
0
LINE
8
BLACK
6
CONTINUOUS
10
55.7208329999999989
20
-158.7185089999999832
11
55.2994050000000001
21
-158.7185089999999832
0
LINE
8
BLACK
6
CONTINUOUS
10
55.2994050000000001
20
-158.7185089999999832
11
55.2994050000000001
21
-159.167318999999992
0
LINE
8
BLACK
6
CONTINUOUS
10
55.2994050000000001
20
-159.167318999999992
11
55.2979640000000003
21
-159.181950999999998
0
LINE
8
BLACK
6
CONTINUOUS
10
55.2979640000000003
20
-159.181950999999998
11
55.2867649999999955
21
-159.2089869999999792
0
LINE
8
BLACK
6
CONTINUOUS
10
55.2867649999999955
20
-159.2089869999999792
11
55.2660729999999987
21
-159.2296790000000044
0
LINE
8
BLACK
6
CONTINUOUS
10
55.2660729999999987
20
-159.2296790000000044
11
55.2390369999999962
21
-159.2408779999999808
0
LINE
8
BLACK
6
CONTINUOUS
10
55.2390369999999962
20
-159.2408779999999808
11
55.2097729999999984
21
-159.2408779999999808
0
LINE
8
BLACK
6
CONTINUOUS
10
55.2097729999999984
20
-159.2408779999999808
11
55.1827369999999959
21
-159.2296790000000044
0
LINE
8
BLACK
6
CONTINUOUS
10
55.1827369999999959
20
-159.2296790000000044
11
55.1620449999999991
21
-159.2089869999999792
0
LINE
8
BLACK
6
CONTINUOUS
10
55.1620449999999991
20
-159.2089869999999792
11
55.1508459999999943
21
-159.181950999999998
0
LINE
8
BLACK
6
CONTINUOUS
10
55.1508459999999943
20
-159.181950999999998
11
55.1494049999999945
21
-159.167318999999992
0
LINE
8
BLACK
6
CONTINUOUS
10
55.1494049999999945
20
-159.167318999999992
11
55.1494049999999945
21
-158.167318999999992
0
LINE
8
BLACK
6
CONTINUOUS
10
55.1494049999999945
20
-158.167318999999992
11
55.1508459999999943
21
-158.152686999999986
0
LINE
8
BLACK
6
CONTINUOUS
10
55.1508459999999943
20
-158.152686999999986
11
55.1620449999999991
21
-158.1256510000000048
0
LINE
8
BLACK
6
CONTINUOUS
10
55.1620449999999991
20
-158.1256510000000048
11
55.1827369999999959
21
-158.1049589999999796
0
LINE
8
BLACK
6
CONTINUOUS
10
55.1827369999999959
20
-158.1049589999999796
11
55.2097729999999984
21
-158.0937600000000032
0
LINE
8
BLACK
6
CONTINUOUS
10
55.2097729999999984
20
-158.0937600000000032
11
55.2390369999999962
21
-158.0937600000000032
0
LINE
8
BLACK
6
CONTINUOUS
10
55.2390369999999962
20
-158.0937600000000032
11
55.2660729999999987
21
-158.1049589999999796
0
LINE
8
BLACK
6
CONTINUOUS
10
55.2660729999999987
20
-158.1049589999999796
11
55.2867649999999955
21
-158.1256510000000048
0
LINE
8
BLACK
6
CONTINUOUS
10
55.2867649999999955
20
-158.1256510000000048
11
55.2979640000000003
21
-158.152686999999986
0
LINE
8
BLACK
6
CONTINUOUS
10
55.2979640000000003
20
-158.152686999999986
11
55.2994050000000001
21
-158.167318999999992
0
LINE
8
BLACK
6
CONTINUOUS
10
55.2994050000000001
20
-158.167318999999992
11
55.2994050000000001
21
-158.5685090000000059
0
LINE
8
BLACK
6
CONTINUOUS
10
55.2994050000000001
20
-158.5685090000000059
11
55.7208329999999989
21
-158.5685090000000059
0
LINE
8
BLACK
6
CONTINUOUS
10
55.7208329999999989
20
-158.5685090000000059
11
55.7208329999999989
21
-158.167318999999992
0
LINE
8
BLACK
6
CONTINUOUS
10
55.7208329999999989
20
-158.167318999999992
11
55.7222739999999988
21
-158.152686999999986
0
LINE
8
BLACK
6
CONTINUOUS
10
55.7222739999999988
20
-158.152686999999986
11
55.7334729999999965
21
-158.1256510000000048
0
LINE
8
BLACK
6
CONTINUOUS
10
55.7334729999999965
20
-158.1256510000000048
11
55.7541650000000004
21
-158.1049589999999796
0
LINE
8
BLACK
6
CONTINUOUS
10
55.7541650000000004
20
-158.1049589999999796
11
55.7812009999999958
21
-158.0937600000000032
0
LINE
8
BLACK
6
CONTINUOUS
10
55.7812009999999958
20
-158.0937600000000032
11
55.8104650000000007
21
-158.0937600000000032
0
LINE
8
BLACK
6
CONTINUOUS
10
55.8104650000000007
20
-158.0937600000000032
11
55.8375009999999961
21
-158.1049589999999796
0
LINE
8
BLACK
6
CONTINUOUS
10
55.8375009999999961
20
-158.1049589999999796
11
55.858193
21
-158.1256510000000048
0
LINE
8
BLACK
6
CONTINUOUS
10
55.858193
20
-158.1256510000000048
11
55.8693919999999977
21
-158.152686999999986
0
LINE
8
BLACK
6
CONTINUOUS
10
55.8693919999999977
20
-158.152686999999986
11
55.8708329999999975
21
-158.167318999999992
0
LINE
8
BLACK
6
CONTINUOUS
10
55.8708329999999975
20
-158.167318999999992
11
55.8708329999999975
21
-159.146804000000003
0
LINE
8
BLACK
6
CONTINUOUS
10
55.8708329999999975
20
-159.146804000000003
11
55.9962219999999959
21
-159.1181849999999827
0
LINE
8
BLACK
6
CONTINUOUS
10
55.9962219999999959
20
-159.1181849999999827
11
56.2085669999999951
21
-159.0942589999999939
0
LINE
8
BLACK
6
CONTINUOUS
10
56.2085669999999951
20
-159.0942589999999939
11
56.2097729999999984
21
-159.0937600000000032
0
LINE
8
BLACK
6
CONTINUOUS
10
56.2097729999999984
20
-159.0937600000000032
11
56.2244049999999973
21
-159.0923190000000034
0
LINE
8
BLACK
6
CONTINUOUS
10
56.2244049999999973
20
-159.0923190000000034
11
56.2257889999999989
21
-159.0923190000000034
0
LINE
8
BLACK
6
CONTINUOUS
10
56.2257889999999989
20
-159.0923190000000034
11
56.3064199999999957
21
-159.0832340000000045
0
LINE
8
BLACK
6
CONTINUOUS
10
56.3064199999999957
20
-159.0832340000000045
11
56.4351190000000003
21
-159.0832340000000045
0
LINE
8
BLACK
6
CONTINUOUS
10
56.4351190000000003
20
-159.0832340000000045
11
56.4351190000000003
21
-158.3960040000000049
0
LINE
8
BLACK
6
CONTINUOUS
10
56.4351190000000003
20
-158.3960040000000049
11
56.3726759999999985
21
-158.4584470000000067
0
LINE
8
BLACK
6
CONTINUOUS
10
56.3726759999999985
20
-158.4584470000000067
11
56.3669259999999994
21
-158.4631650000000036
0
LINE
8
BLACK
6
CONTINUOUS
10
56.3669259999999994
20
-158.4631650000000036
11
56.3656269999999964
21
-158.4646639999999991
0
LINE
8
BLACK
6
CONTINUOUS
10
56.3656269999999964
20
-158.4646639999999991
11
56.3633669999999967
21
-158.4660849999999925
0
LINE
8
BLACK
6
CONTINUOUS
10
56.3633669999999967
20
-158.4660849999999925
11
56.3613110000000006
21
-158.4677739999999915
0
LINE
8
BLACK
6
CONTINUOUS
10
56.3613110000000006
20
-158.4677739999999915
11
56.3594829999999973
21
-158.4685309999999845
0
LINE
8
BLACK
6
CONTINUOUS
10
56.3594829999999973
20
-158.4685309999999845
11
56.3531839999999988
21
-158.4724960000000067
0
LINE
8
BLACK
6
CONTINUOUS
10
56.3531839999999988
20
-158.4724960000000067
11
56.2579459999999969
21
-158.5201150000000041
0
LINE
8
BLACK
6
CONTINUOUS
10
56.2579459999999969
20
-158.5201150000000041
11
56.2442139999999995
21
-158.525369999999981
0
LINE
8
BLACK
6
CONTINUOUS
10
56.2442139999999995
20
-158.525369999999981
11
56.2150239999999997
21
-158.5274440000000027
0
LINE
8
BLACK
6
CONTINUOUS
10
56.2150239999999997
20
-158.5274440000000027
11
56.1872629999999944
21
-158.5181900000000041
0
LINE
8
BLACK
6
CONTINUOUS
10
56.1872629999999944
20
-158.5181900000000041
11
56.1651549999999986
21
-158.4990169999999807
0
LINE
8
BLACK
6
CONTINUOUS
10
56.1651549999999986
20
-158.4990169999999807
11
56.1520679999999999
21
-158.4728419999999858
0
LINE
8
BLACK
6
CONTINUOUS
10
56.1520679999999999
20
-158.4728419999999858
11
56.1499939999999995
21
-158.4436519999999859
0
LINE
8
BLACK
6
CONTINUOUS
10
56.1499939999999995
20
-158.4436519999999859
11
56.1592479999999981
21
-158.4158909999999878
0
LINE
8
BLACK
6
CONTINUOUS
10
56.1592479999999981
20
-158.4158909999999878
11
56.1784210000000002
21
-158.3937829999999849
0
LINE
8
BLACK
6
CONTINUOUS
10
56.1784210000000002
20
-158.3937829999999849
11
56.1908639999999977
21
-158.3859510000000057
0
LINE
8
BLACK
6
CONTINUOUS
10
56.1908639999999977
20
-158.3859510000000057
11
56.2752160000000003
21
-158.3437749999999937
0
LINE
8
BLACK
6
CONTINUOUS
10
56.2752160000000003
20
-158.3437749999999937
11
56.3565949999999987
21
-158.2623959999999954
0
LINE
8
BLACK
6
CONTINUOUS
10
56.3565949999999987
20
-158.2623959999999954
11
56.4477149999999952
21
-158.1257159999999828
0
LINE
8
BLACK
6
CONTINUOUS
10
56.4477149999999952
20
-158.1257159999999828
11
56.4477489999999946
21
-158.1256730000000061
0
LINE
8
BLACK
6
CONTINUOUS
10
56.4477489999999946
20
-158.1256730000000061
11
56.4477589999999978
21
-158.1256510000000048
0
LINE
8
BLACK
6
CONTINUOUS
10
56.4477589999999978
20
-158.1256510000000048
11
56.4478099999999969
21
-158.125598999999994
0
LINE
8
BLACK
6
CONTINUOUS
10
56.4478099999999969
20
-158.125598999999994
11
56.4570310000000006
21
-158.114340999999996
0
LINE
8
BLACK
6
CONTINUOUS
10
56.4570310000000006
20
-158.114340999999996
11
56.4632000000000005
21
-158.1102089999999976
0
LINE
8
BLACK
6
CONTINUOUS
10
56.4632000000000005
20
-158.1102089999999976
11
56.4684509999999946
21
-158.1049589999999796
0
LINE
8
BLACK
6
CONTINUOUS
10
56.4684509999999946
20
-158.1049589999999796
11
56.4752399999999994
21
-158.1021460000000047
0
LINE
8
BLACK
6
CONTINUOUS
10
56.4752399999999994
20
-158.1021460000000047
11
56.4813459999999949
21
-158.0980579999999804
0
LINE
8
BLACK
6
CONTINUOUS
10
56.4813459999999949
20
-158.0980579999999804
11
56.4886259999999965
21
-158.0966009999999926
0
LINE
8
BLACK
6
CONTINUOUS
10
56.4886259999999965
20
-158.0966009999999926
11
56.4954869999999971
21
-158.0937600000000032
0
LINE
8
BLACK
6
CONTINUOUS
10
56.4954869999999971
20
-158.0937600000000032
11
56.5028349999999975
21
-158.0937600000000032
0
LINE
8
BLACK
6
CONTINUOUS
10
56.5028349999999975
20
-158.0937600000000032
11
56.5100399999999965
21
-158.0923190000000034
0
LINE
8
BLACK
6
CONTINUOUS
10
56.5100399999999965
20
-158.0923190000000034
11
56.517323999999995
21
-158.0937600000000032
0
LINE
8
BLACK
6
CONTINUOUS
10
56.517323999999995
20
-158.0937600000000032
11
56.5247509999999949
21
-158.0937600000000032
0
LINE
8
BLACK
6
CONTINUOUS
10
56.5247509999999949
20
-158.0937600000000032
11
56.5315389999999951
21
-158.0965719999999806
0
LINE
8
BLACK
6
CONTINUOUS
10
56.5315389999999951
20
-158.0965719999999806
11
56.5387479999999982
21
-158.0979979999999898
0
LINE
8
BLACK
6
CONTINUOUS
10
56.5387479999999982
20
-158.0979979999999898
11
56.5449269999999942
21
-158.1021169999999927
0
LINE
8
BLACK
6
CONTINUOUS
10
56.5449269999999942
20
-158.1021169999999927
11
56.5517869999999974
21
-158.1049589999999796
0
LINE
8
BLACK
6
CONTINUOUS
10
56.5517869999999974
20
-158.1049589999999796
11
56.5569799999999958
21
-158.1101519999999994
0
LINE
8
BLACK
6
CONTINUOUS
10
56.5569799999999958
20
-158.1101519999999994
11
56.5630969999999991
21
-158.1142299999999921
0
LINE
8
BLACK
6
CONTINUOUS
10
56.5630969999999991
20
-158.1142299999999921
11
56.567229999999995
21
-158.1204019999999844
0
LINE
8
BLACK
6
CONTINUOUS
10
56.567229999999995
20
-158.1204019999999844
11
56.5724789999999942
21
-158.1256510000000048
0
LINE
8
BLACK
6
CONTINUOUS
10
56.5724789999999942
20
-158.1256510000000048
11
56.5752899999999954
21
-158.1324379999999792
0
LINE
8
BLACK
6
CONTINUOUS
10
56.5752899999999954
20
-158.1324379999999792
11
56.5793800000000005
21
-158.1385449999999935
0
LINE
8
BLACK
6
CONTINUOUS
10
56.5793800000000005
20
-158.1385449999999935
11
56.5808359999999979
21
-158.1458259999999996
0
LINE
8
BLACK
6
CONTINUOUS
10
56.5808359999999979
20
-158.1458259999999996
11
56.583677999999999
21
-158.152686999999986
0
LINE
8
BLACK
6
CONTINUOUS
10
56.583677999999999
20
-158.152686999999986
11
56.5851029999999966
21
-158.167162999999988
0
LINE
8
BLACK
6
CONTINUOUS
10
56.5851029999999966
20
-158.167162999999988
11
56.5851189999999988
21
-158.1672399999999925
0
LINE
8
BLACK
6
CONTINUOUS
10
56.5851189999999988
20
-158.1672399999999925
11
56.5851129999999998
21
-158.1672659999999837
0
LINE
8
BLACK
6
CONTINUOUS
10
56.5851129999999998
20
-158.1672659999999837
11
56.5851189999999988
21
-158.167318999999992
0
LINE
8
BLACK
6
CONTINUOUS
10
56.5851189999999988
20
-158.167318999999992
11
56.5851189999999988
21
-159.0832340000000045
0
LINE
8
BLACK
6
CONTINUOUS
10
56.5851189999999988
20
-159.0832340000000045
11
56.6185799999999944
21
-159.0832340000000045
0
LINE
8
BLACK
6
CONTINUOUS
10
56.6185799999999944
20
-159.0832340000000045
11
56.6992109999999983
21
-159.0923190000000034
0
LINE
8
BLACK
6
CONTINUOUS
10
56.6992109999999983
20
-159.0923190000000034
11
56.7958329999999947
21
-159.0923190000000034
0
LINE
8
BLACK
6
CONTINUOUS
10
56.7958329999999947
20
-159.0923190000000034
11
56.8104650000000007
21
-159.0937600000000032
0
LINE
8
BLACK
6
CONTINUOUS
10
56.8104650000000007
20
-159.0937600000000032
11
56.8375009999999961
21
-159.1049589999999796
0
LINE
8
BLACK
6
CONTINUOUS
10
56.8375009999999961
20
-159.1049589999999796
11
56.8408159999999967
21
-159.1082739999999944
0
LINE
8
BLACK
6
CONTINUOUS
10
56.8408159999999967
20
-159.1082739999999944
11
56.9287779999999941
21
-159.1181849999999827
0
LINE
8
BLACK
6
CONTINUOUS
10
56.9287779999999941
20
-159.1181849999999827
11
57.1032269999999968
21
-159.1580009999999845
0
LINE
8
BLACK
6
CONTINUOUS
10
57.1032269999999968
20
-159.1580009999999845
11
57.1032269999999968
21
-159.152686999999986
0
LINE
8
BLACK
6
CONTINUOUS
10
57.1032269999999968
20
-159.152686999999986
11
57.1144259999999946
21
-159.1256510000000048
0
LINE
8
BLACK
6
CONTINUOUS
10
57.1144259999999946
20
-159.1256510000000048
11
57.1351179999999985
21
-159.1049589999999796
0
LINE
8
BLACK
6
CONTINUOUS
10
57.1351179999999985
20
-159.1049589999999796
11
57.1621539999999939
21
-159.0937600000000032
0
LINE
8
BLACK
6
CONTINUOUS
10
57.1621539999999939
20
-159.0937600000000032
11
57.1767859999999999
21
-159.0923190000000034
0
LINE
8
BLACK
6
CONTINUOUS
10
57.1767859999999999
20
-159.0923190000000034
11
57.3874999999999957
21
-159.0923190000000034
0
LINE
8
BLACK
6
CONTINUOUS
10
57.3874999999999957
20
-159.0923190000000034
11
57.3874999999999957
21
-158.3960040000000049
0
LINE
8
BLACK
6
CONTINUOUS
10
57.3874999999999957
20
-158.3960040000000049
11
57.3250569999999939
21
-158.4584470000000067
0
LINE
8
BLACK
6
CONTINUOUS
10
57.3250569999999939
20
-158.4584470000000067
11
57.3193069999999949
21
-158.4631650000000036
0
LINE
8
BLACK
6
CONTINUOUS
10
57.3193069999999949
20
-158.4631650000000036
11
57.318007999999999
21
-158.4646639999999991
0
LINE
8
BLACK
6
CONTINUOUS
10
57.318007999999999
20
-158.4646639999999991
11
57.3157479999999993
21
-158.4660849999999925
0
LINE
8
BLACK
6
CONTINUOUS
10
57.3157479999999993
20
-158.4660849999999925
11
57.3136919999999961
21
-158.4677739999999915
0
LINE
8
BLACK
6
CONTINUOUS
10
57.3136919999999961
20
-158.4677739999999915
11
57.3118639999999999
21
-158.4685309999999845
0
LINE
8
BLACK
6
CONTINUOUS
10
57.3118639999999999
20
-158.4685309999999845
11
57.3055649999999943
21
-158.4724960000000067
0
LINE
8
BLACK
6
CONTINUOUS
10
57.3055649999999943
20
-158.4724960000000067
11
57.2103269999999995
21
-158.5201150000000041
0
LINE
8
BLACK
6
CONTINUOUS
10
57.2103269999999995
20
-158.5201150000000041
11
57.196594999999995
21
-158.525369999999981
0
LINE
8
BLACK
6
CONTINUOUS
10
57.196594999999995
20
-158.525369999999981
11
57.1674049999999951
21
-158.5274440000000027
0
LINE
8
BLACK
6
CONTINUOUS
10
57.1674049999999951
20
-158.5274440000000027
11
57.139643999999997
21
-158.5181900000000041
0
LINE
8
BLACK
6
CONTINUOUS
10
57.139643999999997
20
-158.5181900000000041
11
57.1175359999999941
21
-158.4990169999999807
0
LINE
8
BLACK
6
CONTINUOUS
10
57.1175359999999941
20
-158.4990169999999807
11
57.1044489999999954
21
-158.4728419999999858
0
LINE
8
BLACK
6
CONTINUOUS
10
57.1044489999999954
20
-158.4728419999999858
11
57.102374999999995
21
-158.4436519999999859
0
LINE
8
BLACK
6
CONTINUOUS
10
57.102374999999995
20
-158.4436519999999859
11
57.1116290000000006
21
-158.4158909999999878
0
LINE
8
BLACK
6
CONTINUOUS
10
57.1116290000000006
20
-158.4158909999999878
11
57.1308019999999956
21
-158.3937829999999849
0
LINE
8
BLACK
6
CONTINUOUS
10
57.1308019999999956
20
-158.3937829999999849
11
57.1432450000000003
21
-158.3859510000000057
0
LINE
8
BLACK
6
CONTINUOUS
10
57.1432450000000003
20
-158.3859510000000057
11
57.2275969999999958
21
-158.3437749999999937
0
LINE
8
BLACK
6
CONTINUOUS
10
57.2275969999999958
20
-158.3437749999999937
11
57.3089759999999941
21
-158.2623959999999954
0
LINE
8
BLACK
6
CONTINUOUS
10
57.3089759999999941
20
-158.2623959999999954
11
57.4000959999999978
21
-158.1257159999999828
0
LINE
8
BLACK
6
CONTINUOUS
10
57.4000959999999978
20
-158.1257159999999828
11
57.4001299999999972
21
-158.1256730000000061
0
LINE
8
BLACK
6
CONTINUOUS
10
57.4001299999999972
20
-158.1256730000000061
11
57.4001400000000004
21
-158.1256510000000048
0
LINE
8
BLACK
6
CONTINUOUS
10
57.4001400000000004
20
-158.1256510000000048
11
57.4001909999999995
21
-158.125598999999994
0
LINE
8
BLACK
6
CONTINUOUS
10
57.4001909999999995
20
-158.125598999999994
11
57.4094119999999961
21
-158.114340999999996
0
LINE
8
BLACK
6
CONTINUOUS
10
57.4094119999999961
20
-158.114340999999996
11
57.415580999999996
21
-158.1102089999999976
0
LINE
8
BLACK
6
CONTINUOUS
10
57.415580999999996
20
-158.1102089999999976
11
57.4208319999999972
21
-158.1049589999999796
0
LINE
8
BLACK
6
CONTINUOUS
10
57.4208319999999972
20
-158.1049589999999796
11
57.4276209999999949
21
-158.1021460000000047
0
LINE
8
BLACK
6
CONTINUOUS
10
57.4276209999999949
20
-158.1021460000000047
11
57.4337269999999975
21
-158.0980579999999804
0
LINE
8
BLACK
6
CONTINUOUS
10
57.4337269999999975
20
-158.0980579999999804
11
57.441006999999999
21
-158.0966009999999926
0
LINE
8
BLACK
6
CONTINUOUS
10
57.441006999999999
20
-158.0966009999999926
11
57.4478679999999997
21
-158.0937600000000032
0
LINE
8
BLACK
6
CONTINUOUS
10
57.4478679999999997
20
-158.0937600000000032
11
57.4552160000000001
21
-158.0937600000000032
0
LINE
8
BLACK
6
CONTINUOUS
10
57.4552160000000001
20
-158.0937600000000032
11
57.4624209999999991
21
-158.0923190000000034
0
LINE
8
BLACK
6
CONTINUOUS
10
57.4624209999999991
20
-158.0923190000000034
11
57.4697049999999976
21
-158.0937600000000032
0
LINE
8
BLACK
6
CONTINUOUS
10
53.7788550000000001
20
-162.0132099999999866
11
53.8126029999999957
21
-162.312736000000001
0
LINE
8
BLACK
6
CONTINUOUS
10
53.8126029999999957
20
-162.312736000000001
11
53.8796749999999989
21
-162.6065989999999886
0
LINE
8
BLACK
6
CONTINUOUS
10
53.8796749999999989
20
-162.6065989999999886
11
53.9792279999999991
21
-162.8911049999999818
0
LINE
8
BLACK
6
CONTINUOUS
10
53.9792279999999991
20
-162.8911049999999818
11
54.1100099999999955
21
-163.1626749999999788
0
LINE
8
BLACK
6
CONTINUOUS
10
54.1100099999999955
20
-163.1626749999999788
11
54.2703749999999943
21
-163.4178959999999847
0
LINE
8
BLACK
6
CONTINUOUS
10
54.2703749999999943
20
-163.4178959999999847
11
54.4583079999999953
21
-163.6535559999999805
0
LINE
8
BLACK
6
CONTINUOUS
10
54.4583079999999953
20
-163.6535559999999805
11
54.671444000000001
21
-163.8666920000000005
0
LINE
8
BLACK
6
CONTINUOUS
10
54.671444000000001
20
-163.8666920000000005
11
54.9071039999999968
21
-164.0546249999999873
0
LINE
8
BLACK
6
CONTINUOUS
10
54.9071039999999968
20
-164.0546249999999873
11
55.1623249999999956
21
-164.2149900000000002
0
LINE
8
BLACK
6
CONTINUOUS
10
55.1623249999999956
20
-164.2149900000000002
11
55.4338949999999997
21
-164.3457719999999824
0
LINE
8
BLACK
6
CONTINUOUS
10
55.4338949999999997
20
-164.3457719999999824
11
55.7184010000000001
21
-164.4453249999999969
0
LINE
8
BLACK
6
CONTINUOUS
10
55.7184010000000001
20
-164.4453249999999969
11
56.0122639999999947
21
-164.5123969999999929
0
LINE
8
BLACK
6
CONTINUOUS
10
56.0122639999999947
20
-164.5123969999999929
11
56.3117899999999949
21
-164.5461449999999957
0
LINE
8
BLACK
6
CONTINUOUS
10
56.3117899999999949
20
-164.5461449999999957
11
56.6132099999999951
21
-164.5461449999999957
0
LINE
8
BLACK
6
CONTINUOUS
10
56.6132099999999951
20
-164.5461449999999957
11
56.9127359999999953
21
-164.5123969999999929
0
LINE
8
BLACK
6
CONTINUOUS
10
56.9127359999999953
20
-164.5123969999999929
11
57.2065989999999971
21
-164.4453249999999969
0
LINE
8
BLACK
6
CONTINUOUS
10
57.2065989999999971
20
-164.4453249999999969
11
57.4911049999999975
21
-164.3457719999999824
0
LINE
8
BLACK
6
CONTINUOUS
10
57.4911049999999975
20
-164.3457719999999824
11
57.7626749999999944
21
-164.2149900000000002
0
LINE
8
BLACK
6
CONTINUOUS
10
57.7626749999999944
20
-164.2149900000000002
11
58.0178960000000004
21
-164.0546249999999873
0
LINE
8
BLACK
6
CONTINUOUS
10
58.0178960000000004
20
-164.0546249999999873
11
58.2535559999999961
21
-163.8666920000000005
0
LINE
8
BLACK
6
CONTINUOUS
10
58.2535559999999961
20
-163.8666920000000005
11
58.4666919999999948
21
-163.6535559999999805
0
LINE
8
BLACK
6
CONTINUOUS
10
58.4666919999999948
20
-163.6535559999999805
11
58.6546249999999958
21
-163.4178959999999847
0
LINE
8
BLACK
6
CONTINUOUS
10
58.6546249999999958
20
-163.4178959999999847
11
58.8149899999999946
21
-163.1626749999999788
0
LINE
8
BLACK
6
CONTINUOUS
10
58.8149899999999946
20
-163.1626749999999788
11
58.9457719999999981
21
-162.8911049999999818
0
LINE
8
BLACK
6
CONTINUOUS
10
58.9457719999999981
20
-162.8911049999999818
11
59.0453249999999983
21
-162.6065989999999886
0
LINE
8
BLACK
6
CONTINUOUS
10
59.0453249999999983
20
-162.6065989999999886
11
59.1123969999999943
21
-162.312736000000001
0
LINE
8
BLACK
6
CONTINUOUS
10
59.1123969999999943
20
-162.312736000000001
11
59.1461449999999971
21
-162.0132099999999866
0
LINE
8
BLACK
6
CONTINUOUS
10
59.1461449999999971
20
-162.0132099999999866
11
59.1461449999999971
21
-161.7117899999999793
0
LINE
8
BLACK
6
CONTINUOUS
10
59.1461449999999971
20
-161.7117899999999793
11
59.1123969999999943
21
-161.4122639999999933
0
LINE
8
BLACK
6
CONTINUOUS
10
59.1123969999999943
20
-161.4122639999999933
11
59.0453249999999983
21
-161.1184010000000058
0
LINE
8
BLACK
6
CONTINUOUS
10
59.0453249999999983
20
-161.1184010000000058
11
58.9457719999999981
21
-160.8338949999999841
0
LINE
8
BLACK
6
CONTINUOUS
10
58.9457719999999981
20
-160.8338949999999841
11
58.8149899999999946
21
-160.5623249999999871
0
LINE
8
BLACK
6
CONTINUOUS
10
58.8149899999999946
20
-160.5623249999999871
11
58.6546249999999958
21
-160.3071039999999812
0
LINE
8
BLACK
6
CONTINUOUS
10
58.6546249999999958
20
-160.3071039999999812
11
58.4666919999999948
21
-160.0714439999999854
0
LINE
8
BLACK
6
CONTINUOUS
10
58.4666919999999948
20
-160.0714439999999854
11
58.2535559999999961
21
-159.8583079999999939
0
LINE
8
BLACK
6
CONTINUOUS
10
58.2535559999999961
20
-159.8583079999999939
11
58.0178960000000004
21
-159.6703749999999786
0
LINE
8
BLACK
6
CONTINUOUS
10
58.0178960000000004
20
-159.6703749999999786
11
57.7626749999999944
21
-159.5100099999999941
0
LINE
8
BLACK
6
CONTINUOUS
10
57.7626749999999944
20
-159.5100099999999941
11
57.4911049999999975
21
-159.3792279999999835
0
LINE
8
BLACK
6
CONTINUOUS
10
57.4911049999999975
20
-159.3792279999999835
11
57.2065989999999971
21
-159.2796749999999975
0
LINE
8
BLACK
6
CONTINUOUS
10
57.2065989999999971
20
-159.2796749999999975
11
56.9127359999999953
21
-159.2126030000000014
0
LINE
8
BLACK
6
CONTINUOUS
10
56.9127359999999953
20
-159.2126030000000014
11
56.8591939999999951
21
-159.2065699999999993
0
LINE
8
BLACK
6
CONTINUOUS
10
56.8591939999999951
20
-159.2065699999999993
11
56.858193
21
-159.2089869999999792
0
LINE
8
BLACK
6
CONTINUOUS
10
56.858193
20
-159.2089869999999792
11
56.8375009999999961
21
-159.2296790000000044
0
LINE
8
BLACK
6
CONTINUOUS
10
56.8375009999999961
20
-159.2296790000000044
11
56.8104650000000007
21
-159.2408779999999808
0
LINE
8
BLACK
6
CONTINUOUS
10
56.8104650000000007
20
-159.2408779999999808
11
56.7958329999999947
21
-159.2423189999999806
0
LINE
8
BLACK
6
CONTINUOUS
10
56.7958329999999947
20
-159.2423189999999806
11
56.2244049999999973
21
-159.2423189999999806
0
LINE
8
BLACK
6
CONTINUOUS
10
56.2244049999999973
20
-159.2423189999999806
11
56.2097729999999984
21
-159.2408779999999808
0
LINE
8
BLACK
6
CONTINUOUS
10
56.2097729999999984
20
-159.2408779999999808
11
56.1827369999999959
21
-159.2296790000000044
0
LINE
8
BLACK
6
CONTINUOUS
10
56.1827369999999959
20
-159.2296790000000044
11
56.1620449999999991
21
-159.2089869999999792
0
LINE
8
BLACK
6
CONTINUOUS
10
56.1620449999999991
20
-159.2089869999999792
11
56.1567969999999974
21
-159.1963179999999909
0
LINE
8
BLACK
6
CONTINUOUS
10
56.1567969999999974
20
-159.1963179999999909
11
56.0122639999999947
21
-159.2126030000000014
0
LINE
8
BLACK
6
CONTINUOUS
10
56.0122639999999947
20
-159.2126030000000014
11
55.7184010000000001
21
-159.2796749999999975
0
LINE
8
BLACK
6
CONTINUOUS
10
55.7184010000000001
20
-159.2796749999999975
11
55.4338949999999997
21
-159.3792279999999835
0
LINE
8
BLACK
6
CONTINUOUS
10
55.4338949999999997
20
-159.3792279999999835
11
55.1623249999999956
21
-159.5100099999999941
0
LINE
8
BLACK
6
CONTINUOUS
10
55.1623249999999956
20
-159.5100099999999941
11
54.9071039999999968
21
-159.6703749999999786
0
LINE
8
BLACK
6
CONTINUOUS
10
54.9071039999999968
20
-159.6703749999999786
11
54.671444000000001
21
-159.8583079999999939
0
LINE
8
BLACK
6
CONTINUOUS
10
54.671444000000001
20
-159.8583079999999939
11
54.4583079999999953
21
-160.0714439999999854
0
LINE
8
BLACK
6
CONTINUOUS
10
54.4583079999999953
20
-160.0714439999999854
11
54.2703749999999943
21
-160.3071039999999812
0
LINE
8
BLACK
6
CONTINUOUS
10
54.2703749999999943
20
-160.3071039999999812
11
54.1100099999999955
21
-160.5623249999999871
0
LINE
8
BLACK
6
CONTINUOUS
10
54.1100099999999955
20
-160.5623249999999871
11
53.9792279999999991
21
-160.8338949999999841
0
LINE
8
BLACK
6
CONTINUOUS
10
53.9792279999999991
20
-160.8338949999999841
11
53.8796749999999989
21
-161.1184010000000058
0
LINE
8
BLACK
6
CONTINUOUS
10
53.8796749999999989
20
-161.1184010000000058
11
53.8126029999999957
21
-161.4122639999999933
0
LINE
8
BLACK
6
CONTINUOUS
10
53.8126029999999957
20
-161.4122639999999933
11
53.7788550000000001
21
-161.7117899999999793
0
LINE
8
BLACK
6
CONTINUOUS
10
53.7788550000000001
20
-161.7117899999999793
11
53.7788550000000001
21
-162.0132099999999866
0
LINE
8
BLACK
6
CONTINUOUS
10
290.5195359999999596
20
-158.0937600000000032
11
290.5465719999999692
21
-158.1049589999999796
0
LINE
8
BLACK
6
CONTINUOUS
10
290.5465719999999692
20
-158.1049589999999796
11
290.567263999999966
21
-158.1256510000000048
0
LINE
8
BLACK
6
CONTINUOUS
10
290.567263999999966
20
-158.1256510000000048
11
290.5784629999999993
21
-158.152686999999986
0
LINE
8
BLACK
6
CONTINUOUS
10
290.5784629999999993
20
-158.152686999999986
11
290.5784629999999993
21
-158.181950999999998
0
LINE
8
BLACK
6
CONTINUOUS
10
290.5784629999999993
20
-158.181950999999998
11
290.567263999999966
21
-158.2089869999999792
0
LINE
8
BLACK
6
CONTINUOUS
10
290.567263999999966
20
-158.2089869999999792
11
290.5465719999999692
21
-158.2296790000000044
0
LINE
8
BLACK
6
CONTINUOUS
10
290.5465719999999692
20
-158.2296790000000044
11
290.5195359999999596
21
-158.2408779999999808
0
LINE
8
BLACK
6
CONTINUOUS
10
290.5195359999999596
20
-158.2408779999999808
11
290.5049040000000105
21
-158.2423189999999806
0
LINE
8
BLACK
6
CONTINUOUS
10
290.5049040000000105
20
-158.2423189999999806
11
290.096587999999997
21
-158.2423189999999806
0
LINE
8
BLACK
6
CONTINUOUS
10
290.096587999999997
20
-158.2423189999999806
11
290.0717689999999607
21
-158.490509000000003
0
LINE
8
BLACK
6
CONTINUOUS
10
290.0717689999999607
20
-158.490509000000003
11
290.0904109999999605
21
-158.4811890000000005
0
LINE
8
BLACK
6
CONTINUOUS
10
290.0904109999999605
20
-158.4811890000000005
11
290.1041419999999675
21
-158.4759339999999952
0
LINE
8
BLACK
6
CONTINUOUS
10
290.1041419999999675
20
-158.4759339999999952
11
290.1068309999999997
21
-158.4757419999999968
0
LINE
8
BLACK
6
CONTINUOUS
10
290.1068309999999997
20
-158.4757419999999968
11
290.1093199999999683
21
-158.4747119999999825
0
LINE
8
BLACK
6
CONTINUOUS
10
290.1093199999999683
20
-158.4747119999999825
11
290.1239519999999743
21
-158.4732709999999827
0
LINE
8
BLACK
6
CONTINUOUS
10
290.1239519999999743
20
-158.4732709999999827
11
290.3620469999999614
21
-158.4732709999999827
0
LINE
8
BLACK
6
CONTINUOUS
10
290.3620469999999614
20
-158.4732709999999827
11
290.3766789999999673
21
-158.4747119999999825
0
LINE
8
BLACK
6
CONTINUOUS
10
290.3766789999999673
20
-158.4747119999999825
11
290.3791679999999928
21
-158.4757429999999943
0
LINE
8
BLACK
6
CONTINUOUS
10
290.3791679999999928
20
-158.4757429999999943
11
290.3818559999999707
21
-158.4759339999999952
0
LINE
8
BLACK
6
CONTINUOUS
10
290.3818559999999707
20
-158.4759339999999952
11
290.3955879999999752
21
-158.4811890000000005
0
LINE
8
BLACK
6
CONTINUOUS
10
290.3955879999999752
20
-158.4811890000000005
11
290.49082599999997
21
-158.5288079999999979
0
LINE
8
BLACK
6
CONTINUOUS
10
290.49082599999997
20
-158.5288079999999979
11
290.4971249999999827
21
-158.5327719999999943
0
LINE
8
BLACK
6
CONTINUOUS
10
290.4971249999999827
20
-158.5327719999999943
11
290.4989529999999718
21
-158.5335299999999847
0
LINE
8
BLACK
6
CONTINUOUS
10
290.4989529999999718
20
-158.5335299999999847
11
290.5010090000000105
21
-158.5352179999999862
0
LINE
8
BLACK
6
CONTINUOUS
10
290.5010090000000105
20
-158.5352179999999862
11
290.5032689999999889
21
-158.5366400000000056
0
LINE
8
BLACK
6
CONTINUOUS
10
290.5032689999999889
20
-158.5366400000000056
11
290.5045680000000061
21
-158.5381380000000036
0
LINE
8
BLACK
6
CONTINUOUS
10
290.5045680000000061
20
-158.5381380000000036
11
290.5103179999999838
21
-158.5428569999999979
0
LINE
8
BLACK
6
CONTINUOUS
10
290.5103179999999838
20
-158.5428569999999979
11
290.5579369999999813
21
-158.5904759999999953
0
LINE
8
BLACK
6
CONTINUOUS
10
290.5579369999999813
20
-158.5904759999999953
11
290.5626550000000066
21
-158.596225000000004
0
LINE
8
BLACK
6
CONTINUOUS
10
290.5626550000000066
20
-158.596225000000004
11
290.5641539999999736
21
-158.5975249999999903
0
LINE
8
BLACK
6
CONTINUOUS
10
290.5641539999999736
20
-158.5975249999999903
11
290.5655749999999671
21
-158.5997839999999997
0
LINE
8
BLACK
6
CONTINUOUS
10
290.5655749999999671
20
-158.5997839999999997
11
290.567263999999966
21
-158.601840999999979
0
LINE
8
BLACK
6
CONTINUOUS
10
290.567263999999966
20
-158.601840999999979
11
290.5680209999999875
21
-158.603667999999999
0
LINE
8
BLACK
6
CONTINUOUS
10
290.5680209999999875
20
-158.603667999999999
11
290.5719859999999812
21
-158.6099679999999807
0
LINE
8
BLACK
6
CONTINUOUS
10
290.5719859999999812
20
-158.6099679999999807
11
290.6196049999999786
21
-158.705206000000004
0
LINE
8
BLACK
6
CONTINUOUS
10
290.6196049999999786
20
-158.705206000000004
11
290.6248600000000124
21
-158.7189369999999826
0
LINE
8
BLACK
6
CONTINUOUS
10
290.6248600000000124
20
-158.7189369999999826
11
290.6250509999999849
21
-158.7216259999999863
0
LINE
8
BLACK
6
CONTINUOUS
10
290.6250509999999849
20
-158.7216259999999863
11
290.6260819999999967
21
-158.7241149999999834
0
LINE
8
BLACK
6
CONTINUOUS
10
290.6260819999999967
20
-158.7241149999999834
11
290.6275229999999965
21
-158.7387469999999894
0
LINE
8
BLACK
6
CONTINUOUS
10
290.6275229999999965
20
-158.7387469999999894
11
290.6275229999999965
21
-158.9768420000000049
0
LINE
8
BLACK
6
CONTINUOUS
10
290.6275229999999965
20
-158.9768420000000049
11
290.6260819999999967
21
-158.9914739999999824
0
LINE
8
BLACK
6
CONTINUOUS
10
290.6260819999999967
20
-158.9914739999999824
11
290.6250509999999849
21
-158.993961999999982
0
LINE
8
BLACK
6
CONTINUOUS
10
290.6250509999999849
20
-158.993961999999982
11
290.6248600000000124
21
-158.9966519999999832
0
LINE
8
BLACK
6
CONTINUOUS
10
290.6248600000000124
20
-158.9966519999999832
11
290.6196049999999786
21
-159.0103829999999903
0
LINE
8
BLACK
6
CONTINUOUS
10
290.6196049999999786
20
-159.0103829999999903
11
290.5719859999999812
21
-159.1056209999999851
0
LINE
8
BLACK
6
CONTINUOUS
10
290.5719859999999812
20
-159.1056209999999851
11
290.5680219999999849
21
-159.1119170000000054
0
LINE
8
BLACK
6
CONTINUOUS
10
290.5680219999999849
20
-159.1119170000000054
11
290.5672649999999635
21
-159.1137469999999894
0
LINE
8
BLACK
6
CONTINUOUS
10
290.5672649999999635
20
-159.1137469999999894
11
290.5655749999999671
21
-159.1158049999999946
0
LINE
8
BLACK
6
CONTINUOUS
10
290.5655749999999671
20
-159.1158049999999946
11
290.5641539999999736
21
-159.1180640000000039
0
LINE
8
BLACK
6
CONTINUOUS
10
290.5641539999999736
20
-159.1180640000000039
11
290.5626550000000066
21
-159.1193629999999928
0
LINE
8
BLACK
6
CONTINUOUS
10
290.5626550000000066
20
-159.1193629999999928
11
290.5579369999999813
21
-159.1251129999999989
0
LINE
8
BLACK
6
CONTINUOUS
10
290.5579369999999813
20
-159.1251129999999989
11
290.5103189999999813
21
-159.1727319999999963
0
LINE
8
BLACK
6
CONTINUOUS
10
290.5103189999999813
20
-159.1727319999999963
11
290.5045690000000036
21
-159.1774499999999932
0
LINE
8
BLACK
6
CONTINUOUS
10
290.5045690000000036
20
-159.1774499999999932
11
290.5032689999999889
21
-159.1789499999999862
0
LINE
8
BLACK
6
CONTINUOUS
10
290.5032689999999889
20
-159.1789499999999862
11
290.5010090000000105
21
-159.1803720000000055
0
LINE
8
BLACK
6
CONTINUOUS
10
290.5010090000000105
20
-159.1803720000000055
11
290.4989529999999718
21
-159.182060000000007
0
LINE
8
BLACK
6
CONTINUOUS
10
290.4989529999999718
20
-159.182060000000007
11
290.4971249999999827
21
-159.182817
0
LINE
8
BLACK
6
CONTINUOUS
10
290.4971249999999827
20
-159.182817
11
290.49082599999997
21
-159.1867819999999938
0
LINE
8
BLACK
6
CONTINUOUS
10
290.49082599999997
20
-159.1867819999999938
11
290.4390740000000051
21
-159.2126569999999788
0
LINE
8
BLACK
6
CONTINUOUS
10
290.4390740000000051
20
-159.2126569999999788
11
290.5022519999999986
21
-159.2270780000000059
0
LINE
8
BLACK
6
CONTINUOUS
10
290.5022519999999986
20
-159.2270780000000059
11
290.7925520000000006
21
-159.3286579999999901
0
LINE
8
BLACK
6
CONTINUOUS
10
290.7925520000000006
20
-159.3286579999999901
11
291.0696529999999598
21
-159.4621029999999848
0
LINE
8
BLACK
6
CONTINUOUS
10
291.0696529999999598
20
-159.4621029999999848
11
291.3300699999999779
21
-159.6257339999999942
0
LINE
8
BLACK
6
CONTINUOUS
10
291.3300699999999779
20
-159.6257339999999942
11
291.570528999999965
21
-159.8174939999999822
0
LINE
8
BLACK
6
CONTINUOUS
10
291.570528999999965
20
-159.8174939999999822
11
291.7880059999999958
21
-160.0349709999999845
0
LINE
8
BLACK
6
CONTINUOUS
10
291.7880059999999958
20
-160.0349709999999845
11
291.9797659999999837
21
-160.2754300000000001
0
LINE
8
BLACK
6
CONTINUOUS
10
291.9797659999999837
20
-160.2754300000000001
11
292.1433969999999931
21
-160.5358469999999897
0
LINE
8
BLACK
6
CONTINUOUS
10
292.1433969999999931
20
-160.5358469999999897
11
292.2768419999999878
21
-160.8129480000000058
0
LINE
8
BLACK
6
CONTINUOUS
10
292.2768419999999878
20
-160.8129480000000058
11
292.3784220000000005
21
-161.1032479999999794
0
LINE
8
BLACK
6
CONTINUOUS
10
292.3784220000000005
20
-161.1032479999999794
11
292.4468610000000126
21
-161.403096000000005
0
LINE
8
BLACK
6
CONTINUOUS
10
292.4468610000000126
20
-161.403096000000005
11
292.4812959999999862
21
-161.708720999999997
0
LINE
8
BLACK
6
CONTINUOUS
10
292.4812959999999862
20
-161.708720999999997
11
292.4812959999999862
21
-162.0162789999999973
0
LINE
8
BLACK
6
CONTINUOUS
10
292.4812959999999862
20
-162.0162789999999973
11
292.4468610000000126
21
-162.3219039999999893
0
LINE
8
BLACK
6
CONTINUOUS
10
292.4468610000000126
20
-162.3219039999999893
11
292.3784220000000005
21
-162.6217519999999865
0
LINE
8
BLACK
6
CONTINUOUS
10
292.3784220000000005
20
-162.6217519999999865
11
292.2768419999999878
21
-162.9120519999999885
0
LINE
8
BLACK
6
CONTINUOUS
10
292.2768419999999878
20
-162.9120519999999885
11
292.1433969999999931
21
-163.1891530000000046
0
LINE
8
BLACK
6
CONTINUOUS
10
292.1433969999999931
20
-163.1891530000000046
11
291.9797659999999837
21
-163.4495699999999943
0
LINE
8
BLACK
6
CONTINUOUS
10
291.9797659999999837
20
-163.4495699999999943
11
291.7880059999999958
21
-163.6900289999999814
0
LINE
8
BLACK
6
CONTINUOUS
10
291.7880059999999958
20
-163.6900289999999814
11
291.570528999999965
21
-163.9075059999999837
0
LINE
8
BLACK
6
CONTINUOUS
10
291.570528999999965
20
-163.9075059999999837
11
291.3300699999999779
21
-164.0992660000000001
0
LINE
8
BLACK
6
CONTINUOUS
10
291.3300699999999779
20
-164.0992660000000001
11
291.0696529999999598
21
-164.2628969999999811
0
LINE
8
BLACK
6
CONTINUOUS
10
291.0696529999999598
20
-164.2628969999999811
11
290.7925520000000006
21
-164.3963420000000042
0
LINE
8
BLACK
6
CONTINUOUS
10
290.7925520000000006
20
-164.3963420000000042
11
290.5022519999999986
21
-164.4979219999999884
0
LINE
8
BLACK
6
CONTINUOUS
10
290.5022519999999986
20
-164.4979219999999884
11
290.2024040000000014
21
-164.5663610000000006
0
LINE
8
BLACK
6
CONTINUOUS
10
290.2024040000000014
20
-164.5663610000000006
11
289.8967789999999809
21
-164.6007960000000026
0
LINE
8
BLACK
6
CONTINUOUS
10
289.8967789999999809
20
-164.6007960000000026
11
289.5892210000000091
21
-164.6007960000000026
0
LINE
8
BLACK
6
CONTINUOUS
10
289.5892210000000091
20
-164.6007960000000026
11
289.2835959999999886
21
-164.5663610000000006
0
LINE
8
BLACK
6
CONTINUOUS
10
289.2835959999999886
20
-164.5663610000000006
11
288.9837479999999914
21
-164.4979219999999884
0
LINE
8
BLACK
6
CONTINUOUS
10
288.9837479999999914
20
-164.4979219999999884
11
288.6934479999999894
21
-164.3963420000000042
0
LINE
8
BLACK
6
CONTINUOUS
10
288.6934479999999894
20
-164.3963420000000042
11
288.4163469999999734
21
-164.2628969999999811
0
LINE
8
BLACK
6
CONTINUOUS
10
288.4163469999999734
20
-164.2628969999999811
11
288.1559300000000121
21
-164.0992660000000001
0
LINE
8
BLACK
6
CONTINUOUS
10
288.1559300000000121
20
-164.0992660000000001
11
287.9154709999999682
21
-163.9075059999999837
0
LINE
8
BLACK
6
CONTINUOUS
10
287.9154709999999682
20
-163.9075059999999837
11
287.6979939999999942
21
-163.6900289999999814
0
LINE
8
BLACK
6
CONTINUOUS
10
287.6979939999999942
20
-163.6900289999999814
11
287.5062340000000063
21
-163.4495699999999943
0
LINE
8
BLACK
6
CONTINUOUS
10
287.5062340000000063
20
-163.4495699999999943
11
287.3426029999999969
21
-163.1891530000000046
0
LINE
8
BLACK
6
CONTINUOUS
10
287.3426029999999969
20
-163.1891530000000046
11
287.2091580000000022
21
-162.9120519999999885
0
LINE
8
BLACK
6
CONTINUOUS
10
287.2091580000000022
20
-162.9120519999999885
11
287.1075779999999895
21
-162.6217519999999865
0
LINE
8
BLACK
6
CONTINUOUS
10
287.1075779999999895
20
-162.6217519999999865
11
287.0391389999999774
21
-162.3219039999999893
0
LINE
8
BLACK
6
CONTINUOUS
10
287.0391389999999774
20
-162.3219039999999893
11
287.0047040000000038
21
-162.0162789999999973
0
LINE
8
BLACK
6
CONTINUOUS
10
287.0047040000000038
20
-162.0162789999999973
11
287.0047040000000038
21
-161.7140939999999887
0
LINE
8
BLACK
6
CONTINUOUS
10
287.0047040000000038
20
-161.7140939999999887
11
287.0047040000000038
21
-161.708720999999997
0
LINE
8
BLACK
6
CONTINUOUS
10
287.0047040000000038
20
-161.708720999999997
11
287.0391389999999774
21
-161.403096000000005
0
LINE
8
BLACK
6
CONTINUOUS
10
287.0391389999999774
20
-161.403096000000005
11
287.1075779999999895
21
-161.1032479999999794
0
LINE
8
BLACK
6
CONTINUOUS
10
287.1075779999999895
20
-161.1032479999999794
11
287.2091580000000022
21
-160.8129480000000058
0
LINE
8
BLACK
6
CONTINUOUS
10
287.2091580000000022
20
-160.8129480000000058
11
287.3426029999999969
21
-160.5358469999999897
0
LINE
8
BLACK
6
CONTINUOUS
10
287.3426029999999969
20
-160.5358469999999897
11
287.5062340000000063
21
-160.2754300000000001
0
LINE
8
BLACK
6
CONTINUOUS
10
287.5062340000000063
20
-160.2754300000000001
11
287.6979939999999942
21
-160.0349709999999845
0
LINE
8
BLACK
6
CONTINUOUS
10
287.6979939999999942
20
-160.0349709999999845
11
287.9154709999999682
21
-159.8174939999999822
0
LINE
8
BLACK
6
CONTINUOUS
10
287.9154709999999682
20
-159.8174939999999822
11
288.1559300000000121
21
-159.6257339999999942
0
LINE
8
BLACK
6
CONTINUOUS
10
288.1559300000000121
20
-159.6257339999999942
11
288.4163469999999734
21
-159.4621029999999848
0
LINE
8
BLACK
6
CONTINUOUS
10
288.4163469999999734
20
-159.4621029999999848
11
288.6934479999999894
21
-159.3286579999999901
0
LINE
8
BLACK
6
CONTINUOUS
10
288.6934479999999894
20
-159.3286579999999901
11
288.9563180000000102
21
-159.2366749999999911
0
LINE
8
BLACK
6
CONTINUOUS
10
288.9563180000000102
20
-159.2366749999999911
11
288.9394269999999665
21
-159.2296790000000044
0
LINE
8
BLACK
6
CONTINUOUS
10
288.9394269999999665
20
-159.2296790000000044
11
288.9187349999999697
21
-159.2089869999999792
0
LINE
8
BLACK
6
CONTINUOUS
10
288.9187349999999697
20
-159.2089869999999792
11
288.9075359999999932
21
-159.181950999999998
0
LINE
8
BLACK
6
CONTINUOUS
10
288.9075359999999932
20
-159.181950999999998
11
288.9060949999999934
21
-159.167318999999992
0
LINE
8
BLACK
6
CONTINUOUS
10
288.9060949999999934
20
-159.167318999999992
11
288.9060949999999934
21
-158.167318999999992
0
LINE
8
BLACK
6
CONTINUOUS
10
288.9060949999999934
20
-158.167318999999992
11
288.9075359999999932
21
-158.152686999999986
0
LINE
8
BLACK
6
CONTINUOUS
10
288.9075359999999932
20
-158.152686999999986
11
288.9187349999999697
21
-158.1256510000000048
0
LINE
8
BLACK
6
CONTINUOUS
10
288.9187349999999697
20
-158.1256510000000048
11
288.9394269999999665
21
-158.1049589999999796
0
LINE
8
BLACK
6
CONTINUOUS
10
288.9394269999999665
20
-158.1049589999999796
11
288.9664629999999761
21
-158.0937600000000032
0
LINE
8
BLACK
6
CONTINUOUS
10
288.9664629999999761
20
-158.0937600000000032
11
288.995726999999988
21
-158.0937600000000032
0
LINE
8
BLACK
6
CONTINUOUS
10
288.995726999999988
20
-158.0937600000000032
11
289.0227629999999976
21
-158.1049589999999796
0
LINE
8
BLACK
6
CONTINUOUS
10
289.0227629999999976
20
-158.1049589999999796
11
289.0434549999999945
21
-158.1256510000000048
0
LINE
8
BLACK
6
CONTINUOUS
10
289.0434549999999945
20
-158.1256510000000048
11
289.0546539999999709
21
-158.152686999999986
0
LINE
8
BLACK
6
CONTINUOUS
10
289.0546539999999709
20
-158.152686999999986
11
289.0560949999999707
21
-158.167318999999992
0
LINE
8
BLACK
6
CONTINUOUS
10
289.0560949999999707
20
-158.167318999999992
11
289.0560949999999707
21
-158.5685090000000059
0
LINE
8
BLACK
6
CONTINUOUS
10
289.0560949999999707
20
-158.5685090000000059
11
289.4775229999999624
21
-158.5685090000000059
0
LINE
8
BLACK
6
CONTINUOUS
10
289.4775229999999624
20
-158.5685090000000059
11
289.4775229999999624
21
-158.167318999999992
0
LINE
8
BLACK
6
CONTINUOUS
10
289.4775229999999624
20
-158.167318999999992
11
289.4789639999999622
21
-158.152686999999986
0
LINE
8
BLACK
6
CONTINUOUS
10
289.4789639999999622
20
-158.152686999999986
11
289.4901629999999955
21
-158.1256510000000048
0
LINE
8
BLACK
6
CONTINUOUS
10
289.4901629999999955
20
-158.1256510000000048
11
289.5108549999999923
21
-158.1049589999999796
0
LINE
8
BLACK
6
CONTINUOUS
10
289.5108549999999923
20
-158.1049589999999796
11
289.5378910000000019
21
-158.0937600000000032
0
LINE
8
BLACK
6
CONTINUOUS
10
289.5378910000000019
20
-158.0937600000000032
11
289.5671550000000138
21
-158.0937600000000032
0
LINE
8
BLACK
6
CONTINUOUS
10
289.5671550000000138
20
-158.0937600000000032
11
289.5941909999999666
21
-158.1049589999999796
0
LINE
8
BLACK
6
CONTINUOUS
10
289.5941909999999666
20
-158.1049589999999796
11
289.6148829999999634
21
-158.1256510000000048
0
LINE
8
BLACK
6
CONTINUOUS
10
289.6148829999999634
20
-158.1256510000000048
11
289.6260819999999967
21
-158.152686999999986
0
LINE
8
BLACK
6
CONTINUOUS
10
289.6260819999999967
20
-158.152686999999986
11
289.6275229999999965
21
-158.167318999999992
0
LINE
8
BLACK
6
CONTINUOUS
10
289.6275229999999965
20
-158.167318999999992
11
289.6275229999999965
21
-159.1242039999999918
0
LINE
8
BLACK
6
CONTINUOUS
10
289.6275229999999965
20
-159.1242039999999918
11
289.8967789999999809
21
-159.1242039999999918
0
LINE
8
BLACK
6
CONTINUOUS
10
289.8967789999999809
20
-159.1242039999999918
11
289.9310089999999605
21
-159.1280600000000049
0
LINE
8
BLACK
6
CONTINUOUS
10
289.9310089999999605
20
-159.1280600000000049
11
289.9280610000000138
21
-159.1251120000000014
0
LINE
8
BLACK
6
CONTINUOUS
10
289.9280610000000138
20
-159.1251120000000014
11
289.9187339999999722
21
-159.1137469999999894
0
LINE
8
BLACK
6
CONTINUOUS
10
289.9187339999999722
20
-159.1137469999999894
11
289.9075359999999932
21
-159.0867109999999798
0
LINE
8
BLACK
6
CONTINUOUS
10
289.9075359999999932
20
-159.0867109999999798
11
289.9075359999999932
21
-159.0574479999999937
0
LINE
8
BLACK
6
CONTINUOUS
10
289.9075359999999932
20
-159.0574479999999937
11
289.9187349999999697
21
-159.0304119999999841
0
LINE
8
BLACK
6
CONTINUOUS
10
289.9187349999999697
20
-159.0304119999999841
11
289.939427999999964
21
-159.0097189999999898
0
LINE
8
BLACK
6
CONTINUOUS
10
289.939427999999964
20
-159.0097189999999898
11
289.9664639999999736
21
-158.9985209999999825
0
LINE
8
BLACK
6
CONTINUOUS
10
289.9664639999999736
20
-158.9985209999999825
11
289.995726999999988
21
-158.9985209999999825
0
LINE
8
BLACK
6
CONTINUOUS
10
289.995726999999988
20
-158.9985209999999825
11
290.0227629999999976
21
-159.0097199999999873
0
LINE
8
BLACK
6
CONTINUOUS
10
290.0227629999999976
20
-159.0097199999999873
11
290.0341290000000072
21
-159.019047999999998
0
LINE
8
BLACK
6
CONTINUOUS
10
290.0341290000000072
20
-159.019047999999998
11
290.0731409999999642
21
-159.0580609999999808
0
LINE
8
BLACK
6
CONTINUOUS
10
290.0731409999999642
20
-159.0580609999999808
11
290.1416570000000092
21
-159.0923190000000034
0
LINE
8
BLACK
6
CONTINUOUS
10
290.1416570000000092
20
-159.0923190000000034
11
290.3443419999999833
21
-159.0923190000000034
0
LINE
8
BLACK
6
CONTINUOUS
10
290.3443419999999833
20
-159.0923190000000034
11
290.4128569999999741
21
-159.0580609999999808
0
LINE
8
BLACK
6
CONTINUOUS
10
290.4128569999999741
20
-159.0580609999999808
11
290.4432639999999992
21
-159.0276529999999866
0
LINE
8
BLACK
6
CONTINUOUS
10
290.4432639999999992
20
-159.0276529999999866
11
290.4775229999999624
21
-158.9591369999999984
0
LINE
8
BLACK
6
CONTINUOUS
10
290.4775229999999624
20
-158.9591369999999984
11
290.4775229999999624
21
-158.7564519999999959
0
LINE
8
BLACK
6
CONTINUOUS
10
290.4775229999999624
20
-158.7564519999999959
11
290.4432649999999967
21
-158.6879359999999792
0
LINE
8
BLACK
6
CONTINUOUS
10
290.4432649999999967
20
-158.6879359999999792
11
290.4128579999999715
21
-158.6575289999999825
0
LINE
8
BLACK
6
CONTINUOUS
10
290.4128579999999715
20
-158.6575289999999825
11
290.3443419999999833
21
-158.6232709999999884
0
LINE
8
BLACK
6
CONTINUOUS
10
290.3443419999999833
20
-158.6232709999999884
11
290.1416570000000092
21
-158.6232709999999884
0
LINE
8
BLACK
6
CONTINUOUS
10
290.1416570000000092
20
-158.6232709999999884
11
290.0731409999999642
21
-158.6575289999999825
0
LINE
8
BLACK
6
CONTINUOUS
10
290.0731409999999642
20
-158.6575289999999825
11
290.0341280000000097
21
-158.6965419999999938
0
LINE
8
BLACK
6
CONTINUOUS
10
290.0341280000000097
20
-158.6965419999999938
11
290.0227629999999976
21
-158.705869000000007
0
LINE
8
BLACK
6
CONTINUOUS
10
290.0227629999999976
20
-158.705869000000007
11
290.0192739999999958
21
-158.7073139999999967
0
LINE
8
BLACK
6
CONTINUOUS
10
290.0192739999999958
20
-158.7073139999999967
11
290.016350999999986
21
-158.7097059999999829
0
LINE
8
BLACK
6
CONTINUOUS
10
290.016350999999986
20
-158.7097059999999829
11
290.0058510000000069
21
-158.7128730000000019
0
LINE
8
BLACK
6
CONTINUOUS
10
290.0058510000000069
20
-158.7128730000000019
11
289.9957259999999906
21
-158.7170679999999834
0
LINE
8
BLACK
6
CONTINUOUS
10
289.9957259999999906
20
-158.7170679999999834
11
289.9919509999999718
21
-158.7170679999999834
0
LINE
8
BLACK
6
CONTINUOUS
10
289.9919509999999718
20
-158.7170679999999834
11
289.9883350000000064
21
-158.7181589999999858
0
LINE
8
BLACK
6
CONTINUOUS
10
289.9883350000000064
20
-158.7181589999999858
11
289.9774249999999824
21
-158.7170679999999834
0
LINE
8
BLACK
6
CONTINUOUS
10
289.9774249999999824
20
-158.7170679999999834
11
289.9664639999999736
21
-158.7170679999999834
0
LINE
8
BLACK
6
CONTINUOUS
10
289.9664639999999736
20
-158.7170679999999834
11
289.9629749999999717
21
-158.7156219999999962
0
LINE
8
BLACK
6
CONTINUOUS
10
289.9629749999999717
20
-158.7156219999999962
11
289.9592159999999694
21
-158.7152470000000051
0
LINE
8
BLACK
6
CONTINUOUS
10
289.9592159999999694
20
-158.7152470000000051
11
289.9495539999999778
21
-158.7100639999999885
0
LINE
8
BLACK
6
CONTINUOUS
10
289.9495539999999778
20
-158.7100639999999885
11
289.9394269999999665
21
-158.705869000000007
0
LINE
8
BLACK
6
CONTINUOUS
10
289.9394269999999665
20
-158.705869000000007
11
289.9367550000000051
21
-158.7031969999999887
0
LINE
8
BLACK
6
CONTINUOUS
10
289.9367550000000051
20
-158.7031969999999887
11
289.9334289999999896
21
-158.7014130000000023
0
LINE
8
BLACK
6
CONTINUOUS
10
289.9334289999999896
20
-158.7014130000000023
11
289.9264880000000062
21
-158.6929299999999898
0
LINE
8
BLACK
6
CONTINUOUS
10
289.9264880000000062
20
-158.6929299999999898
11
289.9187349999999697
21
-158.6851769999999817
0
LINE
8
BLACK
6
CONTINUOUS
10
289.9187349999999697
20
-158.6851769999999817
11
289.9172889999999825
21
-158.6816879999999799
0
LINE
8
BLACK
6
CONTINUOUS
10
289.9172889999999825
20
-158.6816879999999799
11
289.9148979999999938
21
-158.6787649999999985
0
LINE
8
BLACK
6
CONTINUOUS
10
289.9148979999999938
20
-158.6787649999999985
11
289.9117299999999773
21
-158.668264999999991
0
LINE
8
BLACK
6
CONTINUOUS
10
289.9117299999999773
20
-158.668264999999991
11
289.9075359999999932
21
-158.6581400000000031
0
LINE
8
BLACK
6
CONTINUOUS
10
289.9075359999999932
20
-158.6581400000000031
11
289.9075359999999932
21
-158.6543639999999868
0
LINE
8
BLACK
6
CONTINUOUS
10
289.9075359999999932
20
-158.6543639999999868
11
289.9064449999999624
21
-158.6507489999999905
0
LINE
8
BLACK
6
CONTINUOUS
10
289.9064449999999624
20
-158.6507489999999905
11
289.9064669999999637
21
-158.6360459999999932
0
LINE
8
BLACK
6
CONTINUOUS
10
289.9064669999999637
20
-158.6360459999999932
11
289.9540859999999611
21
-158.1598559999999907
0
LINE
8
BLACK
6
CONTINUOUS
10
289.9540859999999611
20
-158.1598559999999907
11
289.9551549999999907
21
-158.1545229999999833
0
LINE
8
BLACK
6
CONTINUOUS
10
289.9551549999999907
20
-158.1545229999999833
11
289.9551549999999907
21
-158.152686999999986
0
LINE
8
BLACK
6
CONTINUOUS
10
289.9551549999999907
20
-158.152686999999986
11
289.9558680000000095
21
-158.1509639999999877
0
LINE
8
BLACK
6
CONTINUOUS
10
289.9558680000000095
20
-158.1509639999999877
11
289.9569759999999974
21
-158.1454399999999794
0
LINE
8
BLACK
6
CONTINUOUS
10
289.9569759999999974
20
-158.1454399999999794
11
289.9621579999999881
21
-158.1357799999999827
0
LINE
8
BLACK
6
CONTINUOUS
10
289.9621579999999881
20
-158.1357799999999827
11
289.9663539999999671
21
-158.1256510000000048
0
LINE
8
BLACK
6
CONTINUOUS
10
289.9663539999999671
20
-158.1256510000000048
11
289.9690249999999878
21
-158.1229789999999866
0
LINE
8
BLACK
6
CONTINUOUS
10
289.9690249999999878
20
-158.1229789999999866
11
289.9708099999999718
21
-158.1196529999999996
0
LINE
8
BLACK
6
CONTINUOUS
10
289.9708099999999718
20
-158.1196529999999996
11
289.9792919999999867
21
-158.1127119999999877
0
LINE
8
BLACK
6
CONTINUOUS
10
289.9792919999999867
20
-158.1127119999999877
11
289.9870459999999639
21
-158.1049589999999796
0
LINE
8
BLACK
6
CONTINUOUS
10
289.9870459999999639
20
-158.1049589999999796
11
289.9905339999999683
21
-158.1035129999999924
0
LINE
8
BLACK
6
CONTINUOUS
10
289.9905339999999683
20
-158.1035129999999924
11
289.9934579999999755
21
-158.1011220000000037
0
LINE
8
BLACK
6
CONTINUOUS
10
289.9934579999999755
20
-158.1011220000000037
11
290.0039549999999622
21
-158.0979539999999872
0
LINE
8
BLACK
6
CONTINUOUS
10
290.0039549999999622
20
-158.0979539999999872
11
290.0140819999999735
21
-158.0937600000000032
0
LINE
8
BLACK
6
CONTINUOUS
10
290.0140819999999735
20
-158.0937600000000032
11
290.0196869999999763
21
-158.0932070000000067
0
LINE
8
BLACK
6
CONTINUOUS
10
290.0196869999999763
20
-158.0932070000000067
11
290.021474000000012
21
-158.0926690000000008
0
LINE
8
BLACK
6
CONTINUOUS
10
290.021474000000012
20
-158.0926690000000008
11
290.023302000000001
21
-158.092850999999996
0
LINE
8
BLACK
6
CONTINUOUS
10
290.023302000000001
20
-158.092850999999996
11
290.0287139999999795
21
-158.0923190000000034
0
LINE
8
BLACK
6
CONTINUOUS
10
290.0287139999999795
20
-158.0923190000000034
11
290.5049040000000105
21
-158.0923190000000034
0
LINE
8
BLACK
6
CONTINUOUS
10
290.5049040000000105
20
-158.0923190000000034
11
290.5195359999999596
21
-158.0937600000000032
0
LINE
8
BLACK
6
CONTINUOUS
10
289.0560949999999707
20
-159.167318999999992
11
289.0546539999999709
21
-159.181950999999998
0
LINE
8
BLACK
6
CONTINUOUS
10
289.0546539999999709
20
-159.181950999999998
11
289.0434549999999945
21
-159.2089869999999792
0
LINE
8
BLACK
6
CONTINUOUS
10
289.0434549999999945
20
-159.2089869999999792
11
289.0376709999999889
21
-159.2147699999999872
0
LINE
8
BLACK
6
CONTINUOUS
10
289.0376709999999889
20
-159.2147699999999872
11
289.2835959999999886
21
-159.1586389999999938
0
LINE
8
BLACK
6
CONTINUOUS
10
289.2835959999999886
20
-159.1586389999999938
11
289.4775229999999624
21
-159.1367889999999932
0
LINE
8
BLACK
6
CONTINUOUS
10
289.4775229999999624
20
-159.1367889999999932
11
289.4775229999999624
21
-158.7185089999999832
0
LINE
8
BLACK
6
CONTINUOUS
10
289.4775229999999624
20
-158.7185089999999832
11
289.0560949999999707
21
-158.7185089999999832
0
LINE
8
BLACK
6
CONTINUOUS
10
289.0560949999999707
20
-158.7185089999999832
11
289.0560949999999707
21
-159.167318999999992
0
LINE
8
BLACK
6
CONTINUOUS
10
287.1003890000000069
20
-162.0109060000000056
11
287.1336210000000051
21
-162.3058509999999899
0
LINE
8
BLACK
6
CONTINUOUS
10
287.1336210000000051
20
-162.3058509999999899
11
287.1996679999999742
21
-162.5952209999999809
0
LINE
8
BLACK
6
CONTINUOUS
10
287.1996679999999742
20
-162.5952209999999809
11
287.297698999999966
21
-162.8753769999999861
0
LINE
8
BLACK
6
CONTINUOUS
10
287.297698999999966
20
-162.8753769999999861
11
287.426480999999967
21
-163.1427950000000067
0
LINE
8
BLACK
6
CONTINUOUS
10
287.426480999999967
20
-163.1427950000000067
11
287.5843939999999748
21
-163.3941130000000044
0
LINE
8
BLACK
6
CONTINUOUS
10
287.5843939999999748
20
-163.3941130000000044
11
287.7694529999999986
21
-163.6261690000000044
0
LINE
8
BLACK
6
CONTINUOUS
10
287.7694529999999986
20
-163.6261690000000044
11
287.9793310000000019
21
-163.8360469999999793
0
LINE
8
BLACK
6
CONTINUOUS
10
287.9793310000000019
20
-163.8360469999999793
11
288.211387000000002
21
-164.0211060000000032
0
LINE
8
BLACK
6
CONTINUOUS
10
288.211387000000002
20
-164.0211060000000032
11
288.4627049999999713
21
-164.1790189999999825
0
LINE
8
BLACK
6
CONTINUOUS
10
288.4627049999999713
20
-164.1790189999999825
11
288.7301229999999919
21
-164.3078009999999836
0
LINE
8
BLACK
6
CONTINUOUS
10
288.7301229999999919
20
-164.3078009999999836
11
289.0102789999999686
21
-164.4058320000000037
0
LINE
8
BLACK
6
CONTINUOUS
10
289.0102789999999686
20
-164.4058320000000037
11
289.2996489999999881
21
-164.4718790000000013
0
LINE
8
BLACK
6
CONTINUOUS
10
289.2996489999999881
20
-164.4718790000000013
11
289.5945939999999723
21
-164.5051109999999994
0
LINE
8
BLACK
6
CONTINUOUS
10
289.5945939999999723
20
-164.5051109999999994
11
289.8914059999999608
21
-164.5051109999999994
0
LINE
8
BLACK
6
CONTINUOUS
10
289.8914059999999608
20
-164.5051109999999994
11
290.1863510000000019
21
-164.4718790000000013
0
LINE
8
BLACK
6
CONTINUOUS
10
290.1863510000000019
20
-164.4718790000000013
11
290.4757209999999645
21
-164.4058320000000037
0
LINE
8
BLACK
6
CONTINUOUS
10
290.4757209999999645
20
-164.4058320000000037
11
290.7558769999999981
21
-164.3078009999999836
0
LINE
8
BLACK
6
CONTINUOUS
10
290.7558769999999981
20
-164.3078009999999836
11
291.0232949999999619
21
-164.1790189999999825
0
LINE
8
BLACK
6
CONTINUOUS
10
291.0232949999999619
20
-164.1790189999999825
11
291.274612999999988
21
-164.0211060000000032
0
LINE
8
BLACK
6
CONTINUOUS
10
291.274612999999988
20
-164.0211060000000032
11
291.506668999999988
21
-163.8360469999999793
0
LINE
8
BLACK
6
CONTINUOUS
10
291.506668999999988
20
-163.8360469999999793
11
291.7165469999999914
21
-163.6261690000000044
0
LINE
8
BLACK
6
CONTINUOUS
10
291.7165469999999914
20
-163.6261690000000044
11
291.9016059999999584
21
-163.3941130000000044
0
LINE
8
BLACK
6
CONTINUOUS
10
291.9016059999999584
20
-163.3941130000000044
11
292.0595189999999661
21
-163.1427950000000067
0
LINE
8
BLACK
6
CONTINUOUS
10
292.0595189999999661
20
-163.1427950000000067
11
292.1883009999999672
21
-162.8753769999999861
0
LINE
8
BLACK
6
CONTINUOUS
10
292.1883009999999672
20
-162.8753769999999861
11
292.286331999999959
21
-162.5952209999999809
0
LINE
8
BLACK
6
CONTINUOUS
10
292.286331999999959
20
-162.5952209999999809
11
292.3523789999999849
21
-162.3058509999999899
0
LINE
8
BLACK
6
CONTINUOUS
10
292.3523789999999849
20
-162.3058509999999899
11
292.3856109999999831
21
-162.0109060000000056
0
LINE
8
BLACK
6
CONTINUOUS
10
292.3856109999999831
20
-162.0109060000000056
11
292.3856109999999831
21
-161.7140939999999887
0
LINE
8
BLACK
6
CONTINUOUS
10
292.3856109999999831
20
-161.7140939999999887
11
292.3523789999999849
21
-161.4191490000000044
0
LINE
8
BLACK
6
CONTINUOUS
10
292.3523789999999849
20
-161.4191490000000044
11
292.286331999999959
21
-161.129778999999985
0
LINE
8
BLACK
6
CONTINUOUS
10
292.286331999999959
20
-161.129778999999985
11
292.1883009999999672
21
-160.8496229999999798
0
LINE
8
BLACK
6
CONTINUOUS
10
292.1883009999999672
20
-160.8496229999999798
11
292.0595189999999661
21
-160.5822049999999876
0
LINE
8
BLACK
6
CONTINUOUS
10
292.0595189999999661
20
-160.5822049999999876
11
291.9016059999999584
21
-160.3308869999999899
0
LINE
8
BLACK
6
CONTINUOUS
10
291.9016059999999584
20
-160.3308869999999899
11
291.7165469999999914
21
-160.0988309999999899
0
LINE
8
BLACK
6
CONTINUOUS
10
291.7165469999999914
20
-160.0988309999999899
11
291.506668999999988
21
-159.8889529999999866
0
LINE
8
BLACK
6
CONTINUOUS
10
291.506668999999988
20
-159.8889529999999866
11
291.274612999999988
21
-159.7038939999999911
0
LINE
8
BLACK
6
CONTINUOUS
10
291.274612999999988
20
-159.7038939999999911
11
291.0232949999999619
21
-159.5459809999999834
0
LINE
8
BLACK
6
CONTINUOUS
10
291.0232949999999619
20
-159.5459809999999834
11
290.7558769999999981
21
-159.4171989999999823
0
LINE
8
BLACK
6
CONTINUOUS
10
290.7558769999999981
20
-159.4171989999999823
11
290.4757209999999645
21
-159.3191679999999906
0
LINE
8
BLACK
6
CONTINUOUS
10
290.4757209999999645
20
-159.3191679999999906
11
290.1863510000000019
21
-159.253120999999993
0
LINE
8
BLACK
6
CONTINUOUS
10
290.1863510000000019
20
-159.253120999999993
11
289.8914059999999608
21
-159.2198889999999949
0
LINE
8
BLACK
6
CONTINUOUS
10
289.8914059999999608
20
-159.2198889999999949
11
289.6039809999999761
21
-159.2198889999999949
0
LINE
8
BLACK
6
CONTINUOUS
10
289.6039809999999761
20
-159.2198889999999949
11
289.5941909999999666
21
-159.2296790000000044
0
LINE
8
BLACK
6
CONTINUOUS
10
289.5941909999999666
20
-159.2296790000000044
11
289.5671550000000138
21
-159.2408779999999808
0
LINE
8
BLACK
6
CONTINUOUS
10
289.5671550000000138
20
-159.2408779999999808
11
289.5378910000000019
21
-159.2408779999999808
0
LINE
8
BLACK
6
CONTINUOUS
10
289.5378910000000019
20
-159.2408779999999808
11
289.5108549999999923
21
-159.2296790000000044
0
LINE
8
BLACK
6
CONTINUOUS
10
289.5108549999999923
20
-159.2296790000000044
11
289.5105350000000044
21
-159.2293589999999881
0
LINE
8
BLACK
6
CONTINUOUS
10
289.5105350000000044
20
-159.2293589999999881
11
289.2996489999999881
21
-159.253120999999993
0
LINE
8
BLACK
6
CONTINUOUS
10
289.2996489999999881
20
-159.253120999999993
11
289.0102789999999686
21
-159.3191679999999906
0
LINE
8
BLACK
6
CONTINUOUS
10
289.0102789999999686
20
-159.3191679999999906
11
288.7301229999999919
21
-159.4171989999999823
0
LINE
8
BLACK
6
CONTINUOUS
10
288.7301229999999919
20
-159.4171989999999823
11
288.4627049999999713
21
-159.5459809999999834
0
LINE
8
BLACK
6
CONTINUOUS
10
288.4627049999999713
20
-159.5459809999999834
11
288.211387000000002
21
-159.7038939999999911
0
LINE
8
BLACK
6
CONTINUOUS
10
288.211387000000002
20
-159.7038939999999911
11
287.9793310000000019
21
-159.8889529999999866
0
LINE
8
BLACK
6
CONTINUOUS
10
287.9793310000000019
20
-159.8889529999999866
11
287.7694529999999986
21
-160.0988309999999899
0
LINE
8
BLACK
6
CONTINUOUS
10
287.7694529999999986
20
-160.0988309999999899
11
287.5843939999999748
21
-160.3308869999999899
0
LINE
8
BLACK
6
CONTINUOUS
10
287.5843939999999748
20
-160.3308869999999899
11
287.426480999999967
21
-160.5822049999999876
0
LINE
8
BLACK
6
CONTINUOUS
10
287.426480999999967
20
-160.5822049999999876
11
287.297698999999966
21
-160.8496229999999798
0
LINE
8
BLACK
6
CONTINUOUS
10
287.297698999999966
20
-160.8496229999999798
11
287.1996679999999742
21
-161.129778999999985
0
LINE
8
BLACK
6
CONTINUOUS
10
287.1996679999999742
20
-161.129778999999985
11
287.1336210000000051
21
-161.4191490000000044
0
LINE
8
BLACK
6
CONTINUOUS
10
287.1336210000000051
20
-161.4191490000000044
11
287.1003890000000069
21
-161.7140939999999887
0
LINE
8
BLACK
6
CONTINUOUS
10
287.1003890000000069
20
-161.7140939999999887
11
287.1003890000000069
21
-162.0109060000000056
0
LINE
8
BLACK
6
CONTINUOUS
10
216.0496339999999975
20
-145.0413059999999916
11
216.0766940000000034
21
-145.0683659999999975
0
LINE
8
BLACK
6
CONTINUOUS
10
216.0766940000000034
20
-145.0683659999999975
11
216.0805000000000007
21
-145.0875000000000057
0
LINE
8
BLACK
6
CONTINUOUS
10
216.0805000000000007
20
-145.0875000000000057
11
216.0805000000000007
21
-159.5875000000000057
0
LINE
8
BLACK
6
CONTINUOUS
10
216.0805000000000007
20
-159.5875000000000057
11
216.0766940000000034
21
-159.6066339999999855
0
LINE
8
BLACK
6
CONTINUOUS
10
216.0766940000000034
20
-159.6066339999999855
11
216.0496339999999975
21
-159.6336939999999913
0
LINE
8
BLACK
6
CONTINUOUS
10
216.0496339999999975
20
-159.6336939999999913
11
216.0304999999999893
21
-159.6374999999999886
0
LINE
8
BLACK
6
CONTINUOUS
10
216.0304999999999893
20
-159.6374999999999886
11
201.5304999999999893
21
-159.6374999999999886
0
LINE
8
BLACK
6
CONTINUOUS
10
201.5304999999999893
20
-159.6374999999999886
11
201.5113659999999811
21
-159.6336939999999913
0
LINE
8
BLACK
6
CONTINUOUS
10
201.5113659999999811
20
-159.6336939999999913
11
201.4843060000000037
21
-159.6066339999999855
0
LINE
8
BLACK
6
CONTINUOUS
10
201.4843060000000037
20
-159.6066339999999855
11
201.4804999999999779
21
-159.5875000000000057
0
LINE
8
BLACK
6
CONTINUOUS
10
201.4804999999999779
20
-159.5875000000000057
11
201.4804999999999779
21
-145.0875000000000057
0
LINE
8
BLACK
6
CONTINUOUS
10
201.4804999999999779
20
-145.0875000000000057
11
201.4843060000000037
21
-145.0683659999999975
0
LINE
8
BLACK
6
CONTINUOUS
10
201.4843060000000037
20
-145.0683659999999975
11
201.5113659999999811
21
-145.0413059999999916
0
LINE
8
BLACK
6
CONTINUOUS
10
201.5113659999999811
20
-145.0413059999999916
11
201.5304999999999893
21
-145.0374999999999943
0
LINE
8
BLACK
6
CONTINUOUS
10
201.5304999999999893
20
-145.0374999999999943
11
216.0304999999999893
21
-145.0374999999999943
0
LINE
8
BLACK
6
CONTINUOUS
10
216.0304999999999893
20
-145.0374999999999943
11
216.0496339999999975
21
-145.0413059999999916
0
LINE
8
BLACK
6
CONTINUOUS
10
201.5805000000000007
20
-145.1374999999999886
11
201.5805000000000007
21
-159.5374999999999943
0
LINE
8
BLACK
6
CONTINUOUS
10
201.5805000000000007
20
-159.5374999999999943
11
215.9804999999999779
21
-159.5374999999999943
0
LINE
8
BLACK
6
CONTINUOUS
10
215.9804999999999779
20
-159.5374999999999943
11
215.9804999999999779
21
-145.1374999999999886
0
LINE
8
BLACK
6
CONTINUOUS
10
215.9804999999999779
20
-145.1374999999999886
11
201.5805000000000007
21
-145.1374999999999886
0
LINE
8
BLACK
6
CONTINUOUS
10
311.2996339999999691
20
-145.0413059999999916
11
311.3266939999999749
21
-145.0683659999999975
0
LINE
8
BLACK
6
CONTINUOUS
10
311.3266939999999749
20
-145.0683659999999975
11
311.3304999999999723
21
-145.0875000000000057
0
LINE
8
BLACK
6
CONTINUOUS
10
311.3304999999999723
20
-145.0875000000000057
11
311.3304999999999723
21
-159.5875000000000057
0
LINE
8
BLACK
6
CONTINUOUS
10
311.3304999999999723
20
-159.5875000000000057
11
311.3266939999999749
21
-159.6066339999999855
0
LINE
8
BLACK
6
CONTINUOUS
10
311.3266939999999749
20
-159.6066339999999855
11
311.2996339999999691
21
-159.6336939999999913
0
LINE
8
BLACK
6
CONTINUOUS
10
311.2996339999999691
20
-159.6336939999999913
11
311.2804999999999609
21
-159.6374999999999886
0
LINE
8
BLACK
6
CONTINUOUS
10
311.2804999999999609
20
-159.6374999999999886
11
296.7804999999999609
21
-159.6374999999999886
0
LINE
8
BLACK
6
CONTINUOUS
10
296.7804999999999609
20
-159.6374999999999886
11
296.7613660000000095
21
-159.6336939999999913
0
LINE
8
BLACK
6
CONTINUOUS
10
296.7613660000000095
20
-159.6336939999999913
11
296.7343060000000037
21
-159.6066339999999855
0
LINE
8
BLACK
6
CONTINUOUS
10
296.7343060000000037
20
-159.6066339999999855
11
296.7305000000000064
21
-159.5875000000000057
0
LINE
8
BLACK
6
CONTINUOUS
10
296.7305000000000064
20
-159.5875000000000057
11
296.7305000000000064
21
-145.0875000000000057
0
LINE
8
BLACK
6
CONTINUOUS
10
296.7305000000000064
20
-145.0875000000000057
11
296.7343060000000037
21
-145.0683659999999975
0
LINE
8
BLACK
6
CONTINUOUS
10
296.7343060000000037
20
-145.0683659999999975
11
296.7613660000000095
21
-145.0413059999999916
0
LINE
8
BLACK
6
CONTINUOUS
10
296.7613660000000095
20
-145.0413059999999916
11
296.7804999999999609
21
-145.0374999999999943
0
LINE
8
BLACK
6
CONTINUOUS
10
296.7804999999999609
20
-145.0374999999999943
11
311.2804999999999609
21
-145.0374999999999943
0
LINE
8
BLACK
6
CONTINUOUS
10
311.2804999999999609
20
-145.0374999999999943
11
311.2996339999999691
21
-145.0413059999999916
0
LINE
8
BLACK
6
CONTINUOUS
10
296.8304999999999723
20
-145.1374999999999886
11
296.8304999999999723
21
-159.5374999999999943
0
LINE
8
BLACK
6
CONTINUOUS
10
296.8304999999999723
20
-159.5374999999999943
11
311.2305000000000064
21
-159.5374999999999943
0
LINE
8
BLACK
6
CONTINUOUS
10
311.2305000000000064
20
-159.5374999999999943
11
311.2305000000000064
21
-145.1374999999999886
0
LINE
8
BLACK
6
CONTINUOUS
10
311.2305000000000064
20
-145.1374999999999886
11
296.8304999999999723
21
-145.1374999999999886
0
LINE
8
BLACK
6
CONTINUOUS
10
235.0996339999999805
20
-140.278806000000003
11
235.1266939999999863
21
-140.3058659999999804
0
LINE
8
BLACK
6
CONTINUOUS
10
235.1266939999999863
20
-140.3058659999999804
11
235.1304999999999836
21
-140.3249999999999886
0
LINE
8
BLACK
6
CONTINUOUS
10
235.1304999999999836
20
-140.3249999999999886
11
235.1304999999999836
21
-154.8249999999999886
0
LINE
8
BLACK
6
CONTINUOUS
10
235.1304999999999836
20
-154.8249999999999886
11
235.1266939999999863
21
-154.8441339999999968
0
LINE
8
BLACK
6
CONTINUOUS
10
235.1266939999999863
20
-154.8441339999999968
11
235.0996339999999805
21
-154.8711940000000027
0
LINE
8
BLACK
6
CONTINUOUS
10
235.0996339999999805
20
-154.8711940000000027
11
235.0805000000000007
21
-154.875
0
LINE
8
BLACK
6
CONTINUOUS
10
235.0805000000000007
20
-154.875
11
220.5805000000000007
21
-154.875
0
LINE
8
BLACK
6
CONTINUOUS
10
220.5805000000000007
20
-154.875
11
220.5613659999999925
21
-154.8711940000000027
0
LINE
8
BLACK
6
CONTINUOUS
10
220.5613659999999925
20
-154.8711940000000027
11
220.5343059999999866
21
-154.8441339999999968
0
LINE
8
BLACK
6
CONTINUOUS
10
220.5343059999999866
20
-154.8441339999999968
11
220.5304999999999893
21
-154.8249999999999886
0
LINE
8
BLACK
6
CONTINUOUS
10
220.5304999999999893
20
-154.8249999999999886
11
220.5304999999999893
21
-140.3249999999999886
0
LINE
8
BLACK
6
CONTINUOUS
10
220.5304999999999893
20
-140.3249999999999886
11
220.5343059999999866
21
-140.3058659999999804
0
LINE
8
BLACK
6
CONTINUOUS
10
220.5343059999999866
20
-140.3058659999999804
11
220.5613659999999925
21
-140.278806000000003
0
LINE
8
BLACK
6
CONTINUOUS
10
220.5613659999999925
20
-140.278806000000003
11
220.5805000000000007
21
-140.2750000000000057
0
LINE
8
BLACK
6
CONTINUOUS
10
220.5805000000000007
20
-140.2750000000000057
11
235.0805000000000007
21
-140.2750000000000057
0
LINE
8
BLACK
6
CONTINUOUS
10
235.0805000000000007
20
-140.2750000000000057
11
235.0996339999999805
21
-140.278806000000003
0
LINE
8
BLACK
6
CONTINUOUS
10
220.6304999999999836
20
-140.375
11
220.6304999999999836
21
-154.7750000000000057
0
LINE
8
BLACK
6
CONTINUOUS
10
220.6304999999999836
20
-154.7750000000000057
11
235.0304999999999893
21
-154.7750000000000057
0
LINE
8
BLACK
6
CONTINUOUS
10
235.0304999999999893
20
-154.7750000000000057
11
235.0304999999999893
21
-140.375
0
LINE
8
BLACK
6
CONTINUOUS
10
235.0304999999999893
20
-140.375
11
220.6304999999999836
21
-140.375
0
LINE
8
BLACK
6
CONTINUOUS
10
292.2496340000000146
20
-140.278806000000003
11
292.2766939999999636
21
-140.3058659999999804
0
LINE
8
BLACK
6
CONTINUOUS
10
292.2766939999999636
20
-140.3058659999999804
11
292.2804999999999609
21
-140.3249999999999886
0
LINE
8
BLACK
6
CONTINUOUS
10
292.2804999999999609
20
-140.3249999999999886
11
292.2804999999999609
21
-154.8249999999999886
0
LINE
8
BLACK
6
CONTINUOUS
10
292.2804999999999609
20
-154.8249999999999886
11
292.2766939999999636
21
-154.8441339999999968
0
LINE
8
BLACK
6
CONTINUOUS
10
292.2766939999999636
20
-154.8441339999999968
11
292.2496340000000146
21
-154.8711940000000027
0
LINE
8
BLACK
6
CONTINUOUS
10
292.2496340000000146
20
-154.8711940000000027
11
292.2305000000000064
21
-154.875
0
LINE
8
BLACK
6
CONTINUOUS
10
292.2305000000000064
20
-154.875
11
277.7305000000000064
21
-154.875
0
LINE
8
BLACK
6
CONTINUOUS
10
277.7305000000000064
20
-154.875
11
277.7113659999999982
21
-154.8711940000000027
0
LINE
8
BLACK
6
CONTINUOUS
10
277.7113659999999982
20
-154.8711940000000027
11
277.6843059999999923
21
-154.8441339999999968
0
LINE
8
BLACK
6
CONTINUOUS
10
277.6843059999999923
20
-154.8441339999999968
11
277.680499999999995
21
-154.8249999999999886
0
LINE
8
BLACK
6
CONTINUOUS
10
277.680499999999995
20
-154.8249999999999886
11
277.680499999999995
21
-140.3249999999999886
0
LINE
8
BLACK
6
CONTINUOUS
10
277.680499999999995
20
-140.3249999999999886
11
277.6843059999999923
21
-140.3058659999999804
0
LINE
8
BLACK
6
CONTINUOUS
10
277.6843059999999923
20
-140.3058659999999804
11
277.7113659999999982
21
-140.278806000000003
0
LINE
8
BLACK
6
CONTINUOUS
10
277.7113659999999982
20
-140.278806000000003
11
277.7305000000000064
21
-140.2750000000000057
0
LINE
8
BLACK
6
CONTINUOUS
10
277.7305000000000064
20
-140.2750000000000057
11
292.2305000000000064
21
-140.2750000000000057
0
LINE
8
BLACK
6
CONTINUOUS
10
292.2305000000000064
20
-140.2750000000000057
11
292.2496340000000146
21
-140.278806000000003
0
LINE
8
BLACK
6
CONTINUOUS
10
277.7804999999999609
20
-140.375
11
277.7804999999999609
21
-154.7750000000000057
0
LINE
8
BLACK
6
CONTINUOUS
10
277.7804999999999609
20
-154.7750000000000057
11
292.180499999999995
21
-154.7750000000000057
0
LINE
8
BLACK
6
CONTINUOUS
10
292.180499999999995
20
-154.7750000000000057
11
292.180499999999995
21
-140.375
0
LINE
8
BLACK
6
CONTINUOUS
10
292.180499999999995
20
-140.375
11
277.7804999999999609
21
-140.375
0
LINE
8
BLACK
6
CONTINUOUS
10
254.1496339999999918
20
-135.5163059999999859
11
254.1766939999999977
21
-135.5433659999999918
0
LINE
8
BLACK
6
CONTINUOUS
10
254.1766939999999977
20
-135.5433659999999918
11
254.180499999999995
21
-135.5625
0
LINE
8
BLACK
6
CONTINUOUS
10
254.180499999999995
20
-135.5625
11
254.180499999999995
21
-150.0625
0
LINE
8
BLACK
6
CONTINUOUS
10
254.180499999999995
20
-150.0625
11
254.1766939999999977
21
-150.0816339999999798
0
LINE
8
BLACK
6
CONTINUOUS
10
254.1766939999999977
20
-150.0816339999999798
11
254.1496339999999918
21
-150.1086939999999856
0
LINE
8
BLACK
6
CONTINUOUS
10
254.1496339999999918
20
-150.1086939999999856
11
254.1304999999999836
21
-150.1124999999999829
0
LINE
8
BLACK
6
CONTINUOUS
10
254.1304999999999836
20
-150.1124999999999829
11
239.6304999999999836
21
-150.1124999999999829
0
LINE
8
BLACK
6
CONTINUOUS
10
239.6304999999999836
20
-150.1124999999999829
11
239.6113659999999754
21
-150.1086939999999856
0
LINE
8
BLACK
6
CONTINUOUS
10
239.6113659999999754
20
-150.1086939999999856
11
239.584305999999998
21
-150.0816339999999798
0
LINE
8
BLACK
6
CONTINUOUS
10
239.584305999999998
20
-150.0816339999999798
11
239.5805000000000007
21
-150.0625
0
LINE
8
BLACK
6
CONTINUOUS
10
239.5805000000000007
20
-150.0625
11
239.5805000000000007
21
-135.5625
0
LINE
8
BLACK
6
CONTINUOUS
10
239.5805000000000007
20
-135.5625
11
239.584305999999998
21
-135.5433659999999918
0
LINE
8
BLACK
6
CONTINUOUS
10
239.584305999999998
20
-135.5433659999999918
11
239.6113659999999754
21
-135.5163059999999859
0
LINE
8
BLACK
6
CONTINUOUS
10
239.6113659999999754
20
-135.5163059999999859
11
239.6304999999999836
21
-135.5124999999999886
0
LINE
8
BLACK
6
CONTINUOUS
10
239.6304999999999836
20
-135.5124999999999886
11
254.1304999999999836
21
-135.5124999999999886
0
LINE
8
BLACK
6
CONTINUOUS
10
254.1304999999999836
20
-135.5124999999999886
11
254.1496339999999918
21
-135.5163059999999859
0
LINE
8
BLACK
6
CONTINUOUS
10
239.680499999999995
20
-135.6124999999999829
11
239.680499999999995
21
-150.0124999999999886
0
LINE
8
BLACK
6
CONTINUOUS
10
239.680499999999995
20
-150.0124999999999886
11
254.0805000000000007
21
-150.0124999999999886
0
LINE
8
BLACK
6
CONTINUOUS
10
254.0805000000000007
20
-150.0124999999999886
11
254.0805000000000007
21
-135.6124999999999829
0
LINE
8
BLACK
6
CONTINUOUS
10
254.0805000000000007
20
-135.6124999999999829
11
239.680499999999995
21
-135.6124999999999829
0
LINE
8
BLACK
6
CONTINUOUS
10
273.1996340000000032
20
-135.5163059999999859
11
273.2266940000000091
21
-135.5433659999999918
0
LINE
8
BLACK
6
CONTINUOUS
10
273.2266940000000091
20
-135.5433659999999918
11
273.2305000000000064
21
-135.5625
0
LINE
8
BLACK
6
CONTINUOUS
10
273.2305000000000064
20
-135.5625
11
273.2305000000000064
21
-150.0625
0
LINE
8
BLACK
6
CONTINUOUS
10
273.2305000000000064
20
-150.0625
11
273.2266940000000091
21
-150.0816339999999798
0
LINE
8
BLACK
6
CONTINUOUS
10
273.2266940000000091
20
-150.0816339999999798
11
273.1996340000000032
21
-150.1086939999999856
0
LINE
8
BLACK
6
CONTINUOUS
10
273.1996340000000032
20
-150.1086939999999856
11
273.180499999999995
21
-150.1124999999999829
0
LINE
8
BLACK
6
CONTINUOUS
10
273.180499999999995
20
-150.1124999999999829
11
258.680499999999995
21
-150.1124999999999829
0
LINE
8
BLACK
6
CONTINUOUS
10
258.680499999999995
20
-150.1124999999999829
11
258.6613659999999868
21
-150.1086939999999856
0
LINE
8
BLACK
6
CONTINUOUS
10
258.6613659999999868
20
-150.1086939999999856
11
258.6343059999999809
21
-150.0816339999999798
0
LINE
8
BLACK
6
CONTINUOUS
10
258.6343059999999809
20
-150.0816339999999798
11
258.6304999999999836
21
-150.0625
0
LINE
8
BLACK
6
CONTINUOUS
10
258.6304999999999836
20
-150.0625
11
258.6304999999999836
21
-135.5625
0
LINE
8
BLACK
6
CONTINUOUS
10
258.6304999999999836
20
-135.5625
11
258.6343059999999809
21
-135.5433659999999918
0
LINE
8
BLACK
6
CONTINUOUS
10
258.6343059999999809
20
-135.5433659999999918
11
258.6613659999999868
21
-135.5163059999999859
0
LINE
8
BLACK
6
CONTINUOUS
10
258.6613659999999868
20
-135.5163059999999859
11
258.680499999999995
21
-135.5124999999999886
0
LINE
8
BLACK
6
CONTINUOUS
10
258.680499999999995
20
-135.5124999999999886
11
273.180499999999995
21
-135.5124999999999886
0
LINE
8
BLACK
6
CONTINUOUS
10
273.180499999999995
20
-135.5124999999999886
11
273.1996340000000032
21
-135.5163059999999859
0
LINE
8
BLACK
6
CONTINUOUS
10
258.7305000000000064
20
-135.6124999999999829
11
258.7305000000000064
21
-150.0124999999999886
0
LINE
8
BLACK
6
CONTINUOUS
10
258.7305000000000064
20
-150.0124999999999886
11
273.1304999999999836
21
-150.0124999999999886
0
LINE
8
BLACK
6
CONTINUOUS
10
273.1304999999999836
20
-150.0124999999999886
11
273.1304999999999836
21
-135.6124999999999829
0
LINE
8
BLACK
6
CONTINUOUS
10
273.1304999999999836
20
-135.6124999999999829
11
258.7305000000000064
21
-135.6124999999999829
0
LINE
8
BLACK
6
CONTINUOUS
10
216.0496339999999975
20
-125.9913059999999945
11
216.0766940000000034
21
-126.0183660000000003
0
LINE
8
BLACK
6
CONTINUOUS
10
216.0766940000000034
20
-126.0183660000000003
11
216.0805000000000007
21
-126.0374999999999943
0
LINE
8
BLACK
6
CONTINUOUS
10
216.0805000000000007
20
-126.0374999999999943
11
216.0805000000000007
21
-140.5374999999999943
0
LINE
8
BLACK
6
CONTINUOUS
10
216.0805000000000007
20
-140.5374999999999943
11
216.0766940000000034
21
-140.5566340000000025
0
LINE
8
BLACK
6
CONTINUOUS
10
216.0766940000000034
20
-140.5566340000000025
11
216.0496339999999975
21
-140.58369399999998
0
LINE
8
BLACK
6
CONTINUOUS
10
216.0496339999999975
20
-140.58369399999998
11
216.0304999999999893
21
-140.5875000000000057
0
LINE
8
BLACK
6
CONTINUOUS
10
216.0304999999999893
20
-140.5875000000000057
11
201.5304999999999893
21
-140.5875000000000057
0
LINE
8
BLACK
6
CONTINUOUS
10
201.5304999999999893
20
-140.5875000000000057
11
201.5113659999999811
21
-140.58369399999998
0
LINE
8
BLACK
6
CONTINUOUS
10
201.5113659999999811
20
-140.58369399999998
11
201.4843060000000037
21
-140.5566340000000025
0
LINE
8
BLACK
6
CONTINUOUS
10
201.4843060000000037
20
-140.5566340000000025
11
201.4804999999999779
21
-140.5374999999999943
0
LINE
8
BLACK
6
CONTINUOUS
10
201.4804999999999779
20
-140.5374999999999943
11
201.4804999999999779
21
-126.0374999999999943
0
LINE
8
BLACK
6
CONTINUOUS
10
201.4804999999999779
20
-126.0374999999999943
11
201.4843060000000037
21
-126.0183660000000003
0
LINE
8
BLACK
6
CONTINUOUS
10
201.4843060000000037
20
-126.0183660000000003
11
201.5113659999999811
21
-125.9913059999999945
0
LINE
8
BLACK
6
CONTINUOUS
10
201.5113659999999811
20
-125.9913059999999945
11
201.5304999999999893
21
-125.9874999999999972
0
LINE
8
BLACK
6
CONTINUOUS
10
201.5304999999999893
20
-125.9874999999999972
11
216.0304999999999893
21
-125.9874999999999972
0
LINE
8
BLACK
6
CONTINUOUS
10
216.0304999999999893
20
-125.9874999999999972
11
216.0496339999999975
21
-125.9913059999999945
0
LINE
8
BLACK
6
CONTINUOUS
10
201.5805000000000007
20
-126.0874999999999915
11
201.5805000000000007
21
-140.4874999999999829
0
LINE
8
BLACK
6
CONTINUOUS
10
201.5805000000000007
20
-140.4874999999999829
11
215.9804999999999779
21
-140.4874999999999829
0
LINE
8
BLACK
6
CONTINUOUS
10
215.9804999999999779
20
-140.4874999999999829
11
215.9804999999999779
21
-126.0874999999999915
0
LINE
8
BLACK
6
CONTINUOUS
10
215.9804999999999779
20
-126.0874999999999915
11
201.5805000000000007
21
-126.0874999999999915
0
LINE
8
BLACK
6
CONTINUOUS
10
311.2996339999999691
20
-125.9913059999999945
11
311.3266939999999749
21
-126.0183660000000003
0
LINE
8
BLACK
6
CONTINUOUS
10
311.3266939999999749
20
-126.0183660000000003
11
311.3304999999999723
21
-126.0374999999999943
0
LINE
8
BLACK
6
CONTINUOUS
10
311.3304999999999723
20
-126.0374999999999943
11
311.3304999999999723
21
-140.5374999999999943
0
LINE
8
BLACK
6
CONTINUOUS
10
311.3304999999999723
20
-140.5374999999999943
11
311.3266939999999749
21
-140.5566340000000025
0
LINE
8
BLACK
6
CONTINUOUS
10
311.3266939999999749
20
-140.5566340000000025
11
311.2996339999999691
21
-140.58369399999998
0
LINE
8
BLACK
6
CONTINUOUS
10
311.2996339999999691
20
-140.58369399999998
11
311.2804999999999609
21
-140.5875000000000057
0
LINE
8
BLACK
6
CONTINUOUS
10
311.2804999999999609
20
-140.5875000000000057
11
296.7804999999999609
21
-140.5875000000000057
0
LINE
8
BLACK
6
CONTINUOUS
10
296.7804999999999609
20
-140.5875000000000057
11
296.7613660000000095
21
-140.58369399999998
0
LINE
8
BLACK
6
CONTINUOUS
10
296.7613660000000095
20
-140.58369399999998
11
296.7343060000000037
21
-140.5566340000000025
0
LINE
8
BLACK
6
CONTINUOUS
10
296.7343060000000037
20
-140.5566340000000025
11
296.7305000000000064
21
-140.5374999999999943
0
LINE
8
BLACK
6
CONTINUOUS
10
296.7305000000000064
20
-140.5374999999999943
11
296.7305000000000064
21
-126.0374999999999943
0
LINE
8
BLACK
6
CONTINUOUS
10
296.7305000000000064
20
-126.0374999999999943
11
296.7343060000000037
21
-126.0183660000000003
0
LINE
8
BLACK
6
CONTINUOUS
10
296.7343060000000037
20
-126.0183660000000003
11
296.7613660000000095
21
-125.9913059999999945
0
LINE
8
BLACK
6
CONTINUOUS
10
296.7613660000000095
20
-125.9913059999999945
11
296.7804999999999609
21
-125.9874999999999972
0
LINE
8
BLACK
6
CONTINUOUS
10
296.7804999999999609
20
-125.9874999999999972
11
311.2804999999999609
21
-125.9874999999999972
0
LINE
8
BLACK
6
CONTINUOUS
10
311.2804999999999609
20
-125.9874999999999972
11
311.2996339999999691
21
-125.9913059999999945
0
LINE
8
BLACK
6
CONTINUOUS
10
296.8304999999999723
20
-126.0874999999999915
11
296.8304999999999723
21
-140.4874999999999829
0
LINE
8
BLACK
6
CONTINUOUS
10
296.8304999999999723
20
-140.4874999999999829
11
311.2305000000000064
21
-140.4874999999999829
0
LINE
8
BLACK
6
CONTINUOUS
10
311.2305000000000064
20
-140.4874999999999829
11
311.2305000000000064
21
-126.0874999999999915
0
LINE
8
BLACK
6
CONTINUOUS
10
311.2305000000000064
20
-126.0874999999999915
11
296.8304999999999723
21
-126.0874999999999915
0
LINE
8
BLACK
6
CONTINUOUS
10
235.0996339999999805
20
-121.2288059999999916
11
235.1266939999999863
21
-121.2558659999999975
0
LINE
8
BLACK
6
CONTINUOUS
10
235.1266939999999863
20
-121.2558659999999975
11
235.1304999999999836
21
-121.2749999999999915
0
LINE
8
BLACK
6
CONTINUOUS
10
235.1304999999999836
20
-121.2749999999999915
11
235.1304999999999836
21
-135.7750000000000057
0
LINE
8
BLACK
6
CONTINUOUS
10
235.1304999999999836
20
-135.7750000000000057
11
235.1266939999999863
21
-135.7941339999999855
0
LINE
8
BLACK
6
CONTINUOUS
10
235.1266939999999863
20
-135.7941339999999855
11
235.0996339999999805
21
-135.8211939999999913
0
LINE
8
BLACK
6
CONTINUOUS
10
235.0996339999999805
20
-135.8211939999999913
11
235.0805000000000007
21
-135.8249999999999886
0
LINE
8
BLACK
6
CONTINUOUS
10
235.0805000000000007
20
-135.8249999999999886
11
220.5805000000000007
21
-135.8249999999999886
0
LINE
8
BLACK
6
CONTINUOUS
10
220.5805000000000007
20
-135.8249999999999886
11
220.5613659999999925
21
-135.8211939999999913
0
LINE
8
BLACK
6
CONTINUOUS
10
220.5613659999999925
20
-135.8211939999999913
11
220.5343059999999866
21
-135.7941339999999855
0
LINE
8
BLACK
6
CONTINUOUS
10
220.5343059999999866
20
-135.7941339999999855
11
220.5304999999999893
21
-135.7750000000000057
0
LINE
8
BLACK
6
CONTINUOUS
10
220.5304999999999893
20
-135.7750000000000057
11
220.5304999999999893
21
-121.2749999999999915
0
LINE
8
BLACK
6
CONTINUOUS
10
220.5304999999999893
20
-121.2749999999999915
11
220.5343059999999866
21
-121.2558659999999975
0
LINE
8
BLACK
6
CONTINUOUS
10
220.5343059999999866
20
-121.2558659999999975
11
220.5613659999999925
21
-121.2288059999999916
0
LINE
8
BLACK
6
CONTINUOUS
10
220.5613659999999925
20
-121.2288059999999916
11
220.5805000000000007
21
-121.2249999999999943
0
LINE
8
BLACK
6
CONTINUOUS
10
220.5805000000000007
20
-121.2249999999999943
11
235.0805000000000007
21
-121.2249999999999943
0
LINE
8
BLACK
6
CONTINUOUS
10
235.0805000000000007
20
-121.2249999999999943
11
235.0996339999999805
21
-121.2288059999999916
0
LINE
8
BLACK
6
CONTINUOUS
10
220.6304999999999836
20
-121.3249999999999886
11
220.6304999999999836
21
-135.7249999999999943
0
LINE
8
BLACK
6
CONTINUOUS
10
220.6304999999999836
20
-135.7249999999999943
11
235.0304999999999893
21
-135.7249999999999943
0
LINE
8
BLACK
6
CONTINUOUS
10
235.0304999999999893
20
-135.7249999999999943
11
235.0304999999999893
21
-121.3249999999999886
0
LINE
8
BLACK
6
CONTINUOUS
10
235.0304999999999893
20
-121.3249999999999886
11
220.6304999999999836
21
-121.3249999999999886
0
LINE
8
BLACK
6
CONTINUOUS
10
292.2496340000000146
20
-121.2288059999999916
11
292.2766939999999636
21
-121.2558659999999975
0
LINE
8
BLACK
6
CONTINUOUS
10
292.2766939999999636
20
-121.2558659999999975
11
292.2804999999999609
21
-121.2749999999999915
0
LINE
8
BLACK
6
CONTINUOUS
10
292.2804999999999609
20
-121.2749999999999915
11
292.2804999999999609
21
-135.7750000000000057
0
LINE
8
BLACK
6
CONTINUOUS
10
292.2804999999999609
20
-135.7750000000000057
11
292.2766939999999636
21
-135.7941339999999855
0
LINE
8
BLACK
6
CONTINUOUS
10
292.2766939999999636
20
-135.7941339999999855
11
292.2496340000000146
21
-135.8211939999999913
0
LINE
8
BLACK
6
CONTINUOUS
10
292.2496340000000146
20
-135.8211939999999913
11
292.2305000000000064
21
-135.8249999999999886
0
LINE
8
BLACK
6
CONTINUOUS
10
292.2305000000000064
20
-135.8249999999999886
11
277.7305000000000064
21
-135.8249999999999886
0
LINE
8
BLACK
6
CONTINUOUS
10
277.7305000000000064
20
-135.8249999999999886
11
277.7113659999999982
21
-135.8211939999999913
0
LINE
8
BLACK
6
CONTINUOUS
10
277.7113659999999982
20
-135.8211939999999913
11
277.6843059999999923
21
-135.7941339999999855
0
LINE
8
BLACK
6
CONTINUOUS
10
277.6843059999999923
20
-135.7941339999999855
11
277.680499999999995
21
-135.7750000000000057
0
LINE
8
BLACK
6
CONTINUOUS
10
277.680499999999995
20
-135.7750000000000057
11
277.680499999999995
21
-121.2749999999999915
0
LINE
8
BLACK
6
CONTINUOUS
10
277.680499999999995
20
-121.2749999999999915
11
277.6843059999999923
21
-121.2558659999999975
0
LINE
8
BLACK
6
CONTINUOUS
10
277.6843059999999923
20
-121.2558659999999975
11
277.7113659999999982
21
-121.2288059999999916
0
LINE
8
BLACK
6
CONTINUOUS
10
277.7113659999999982
20
-121.2288059999999916
11
277.7305000000000064
21
-121.2249999999999943
0
LINE
8
BLACK
6
CONTINUOUS
10
277.7305000000000064
20
-121.2249999999999943
11
292.2305000000000064
21
-121.2249999999999943
0
LINE
8
BLACK
6
CONTINUOUS
10
292.2305000000000064
20
-121.2249999999999943
11
292.2496340000000146
21
-121.2288059999999916
0
LINE
8
BLACK
6
CONTINUOUS
10
277.7804999999999609
20
-121.3249999999999886
11
277.7804999999999609
21
-135.7249999999999943
0
LINE
8
BLACK
6
CONTINUOUS
10
277.7804999999999609
20
-135.7249999999999943
11
292.180499999999995
21
-135.7249999999999943
0
LINE
8
BLACK
6
CONTINUOUS
10
292.180499999999995
20
-135.7249999999999943
11
292.180499999999995
21
-121.3249999999999886
0
LINE
8
BLACK
6
CONTINUOUS
10
292.180499999999995
20
-121.3249999999999886
11
277.7804999999999609
21
-121.3249999999999886
0
LINE
8
BLACK
6
CONTINUOUS
10
254.1496339999999918
20
-116.4663059999999888
11
254.1766939999999977
21
-116.4933659999999946
0
LINE
8
BLACK
6
CONTINUOUS
10
254.1766939999999977
20
-116.4933659999999946
11
254.180499999999995
21
-116.5124999999999886
0
LINE
8
BLACK
6
CONTINUOUS
10
254.180499999999995
20
-116.5124999999999886
11
254.180499999999995
21
-131.0124999999999886
0
LINE
8
BLACK
6
CONTINUOUS
10
254.180499999999995
20
-131.0124999999999886
11
254.1766939999999977
21
-131.0316339999999968
0
LINE
8
BLACK
6
CONTINUOUS
10
254.1766939999999977
20
-131.0316339999999968
11
254.1496339999999918
21
-131.0586940000000027
0
LINE
8
BLACK
6
CONTINUOUS
10
254.1496339999999918
20
-131.0586940000000027
11
254.1304999999999836
21
-131.0625
0
LINE
8
BLACK
6
CONTINUOUS
10
254.1304999999999836
20
-131.0625
11
239.6304999999999836
21
-131.0625
0
LINE
8
BLACK
6
CONTINUOUS
10
239.6304999999999836
20
-131.0625
11
239.6113659999999754
21
-131.0586940000000027
0
LINE
8
BLACK
6
CONTINUOUS
10
239.6113659999999754
20
-131.0586940000000027
11
239.584305999999998
21
-131.0316339999999968
0
LINE
8
BLACK
6
CONTINUOUS
10
239.584305999999998
20
-131.0316339999999968
11
239.5805000000000007
21
-131.0124999999999886
0
LINE
8
BLACK
6
CONTINUOUS
10
239.5805000000000007
20
-131.0124999999999886
11
239.5805000000000007
21
-116.5124999999999886
0
LINE
8
BLACK
6
CONTINUOUS
10
239.5805000000000007
20
-116.5124999999999886
11
239.584305999999998
21
-116.4933659999999946
0
LINE
8
BLACK
6
CONTINUOUS
10
239.584305999999998
20
-116.4933659999999946
11
239.6113659999999754
21
-116.4663059999999888
0
LINE
8
BLACK
6
CONTINUOUS
10
239.6113659999999754
20
-116.4663059999999888
11
239.6304999999999836
21
-116.4624999999999915
0
LINE
8
BLACK
6
CONTINUOUS
10
239.6304999999999836
20
-116.4624999999999915
11
254.1304999999999836
21
-116.4624999999999915
0
LINE
8
BLACK
6
CONTINUOUS
10
254.1304999999999836
20
-116.4624999999999915
11
254.1496339999999918
21
-116.4663059999999888
0
LINE
8
BLACK
6
CONTINUOUS
10
239.680499999999995
20
-116.5625
11
239.680499999999995
21
-130.9625000000000057
0
LINE
8
BLACK
6
CONTINUOUS
10
239.680499999999995
20
-130.9625000000000057
11
254.0805000000000007
21
-130.9625000000000057
0
LINE
8
BLACK
6
CONTINUOUS
10
254.0805000000000007
20
-130.9625000000000057
11
254.0805000000000007
21
-116.5625
0
LINE
8
BLACK
6
CONTINUOUS
10
254.0805000000000007
20
-116.5625
11
239.680499999999995
21
-116.5625
0
LINE
8
BLACK
6
CONTINUOUS
10
273.1996340000000032
20
-116.4663059999999888
11
273.2266940000000091
21
-116.4933659999999946
0
LINE
8
BLACK
6
CONTINUOUS
10
273.2266940000000091
20
-116.4933659999999946
11
273.2305000000000064
21
-116.5124999999999886
0
LINE
8
BLACK
6
CONTINUOUS
10
273.2305000000000064
20
-116.5124999999999886
11
273.2305000000000064
21
-131.0124999999999886
0
LINE
8
BLACK
6
CONTINUOUS
10
273.2305000000000064
20
-131.0124999999999886
11
273.2266940000000091
21
-131.0316339999999968
0
LINE
8
BLACK
6
CONTINUOUS
10
273.2266940000000091
20
-131.0316339999999968
11
273.1996340000000032
21
-131.0586940000000027
0
LINE
8
BLACK
6
CONTINUOUS
10
273.1996340000000032
20
-131.0586940000000027
11
273.180499999999995
21
-131.0625
0
LINE
8
BLACK
6
CONTINUOUS
10
273.180499999999995
20
-131.0625
11
258.680499999999995
21
-131.0625
0
LINE
8
BLACK
6
CONTINUOUS
10
258.680499999999995
20
-131.0625
11
258.6613659999999868
21
-131.0586940000000027
0
LINE
8
BLACK
6
CONTINUOUS
10
258.6613659999999868
20
-131.0586940000000027
11
258.6343059999999809
21
-131.0316339999999968
0
LINE
8
BLACK
6
CONTINUOUS
10
258.6343059999999809
20
-131.0316339999999968
11
258.6304999999999836
21
-131.0124999999999886
0
LINE
8
BLACK
6
CONTINUOUS
10
258.6304999999999836
20
-131.0124999999999886
11
258.6304999999999836
21
-116.5124999999999886
0
LINE
8
BLACK
6
CONTINUOUS
10
258.6304999999999836
20
-116.5124999999999886
11
258.6343059999999809
21
-116.4933659999999946
0
LINE
8
BLACK
6
CONTINUOUS
10
258.6343059999999809
20
-116.4933659999999946
11
258.6613659999999868
21
-116.4663059999999888
0
LINE
8
BLACK
6
CONTINUOUS
10
258.6613659999999868
20
-116.4663059999999888
11
258.680499999999995
21
-116.4624999999999915
0
LINE
8
BLACK
6
CONTINUOUS
10
258.680499999999995
20
-116.4624999999999915
11
273.180499999999995
21
-116.4624999999999915
0
LINE
8
BLACK
6
CONTINUOUS
10
273.180499999999995
20
-116.4624999999999915
11
273.1996340000000032
21
-116.4663059999999888
0
LINE
8
BLACK
6
CONTINUOUS
10
258.7305000000000064
20
-116.5625
11
258.7305000000000064
21
-130.9625000000000057
0
LINE
8
BLACK
6
CONTINUOUS
10
258.7305000000000064
20
-130.9625000000000057
11
273.1304999999999836
21
-130.9625000000000057
0
LINE
8
BLACK
6
CONTINUOUS
10
273.1304999999999836
20
-130.9625000000000057
11
273.1304999999999836
21
-116.5625
0
LINE
8
BLACK
6
CONTINUOUS
10
273.1304999999999836
20
-116.5625
11
258.7305000000000064
21
-116.5625
0
LINE
8
BLACK
6
CONTINUOUS
10
311.2996339999999691
20
-106.9413059999999973
11
311.3266939999999749
21
-106.968365999999989
0
LINE
8
BLACK
6
CONTINUOUS
10
311.3266939999999749
20
-106.968365999999989
11
311.3304999999999723
21
-106.9874999999999972
0
LINE
8
BLACK
6
CONTINUOUS
10
311.3304999999999723
20
-106.9874999999999972
11
311.3304999999999723
21
-121.4874999999999972
0
LINE
8
BLACK
6
CONTINUOUS
10
311.3304999999999723
20
-121.4874999999999972
11
311.3266939999999749
21
-121.5066339999999911
0
LINE
8
BLACK
6
CONTINUOUS
10
311.3266939999999749
20
-121.5066339999999911
11
311.2996339999999691
21
-121.533693999999997
0
LINE
8
BLACK
6
CONTINUOUS
10
311.2996339999999691
20
-121.533693999999997
11
311.2804999999999609
21
-121.5374999999999943
0
LINE
8
BLACK
6
CONTINUOUS
10
311.2804999999999609
20
-121.5374999999999943
11
296.7804999999999609
21
-121.5374999999999943
0
LINE
8
BLACK
6
CONTINUOUS
10
296.7804999999999609
20
-121.5374999999999943
11
296.7613660000000095
21
-121.533693999999997
0
LINE
8
BLACK
6
CONTINUOUS
10
296.7613660000000095
20
-121.533693999999997
11
296.7343060000000037
21
-121.5066339999999911
0
LINE
8
BLACK
6
CONTINUOUS
10
296.7343060000000037
20
-121.5066339999999911
11
296.7305000000000064
21
-121.4874999999999972
0
LINE
8
BLACK
6
CONTINUOUS
10
296.7305000000000064
20
-121.4874999999999972
11
296.7305000000000064
21
-106.9874999999999972
0
LINE
8
BLACK
6
CONTINUOUS
10
296.7305000000000064
20
-106.9874999999999972
11
296.7343060000000037
21
-106.968365999999989
0
LINE
8
BLACK
6
CONTINUOUS
10
296.7343060000000037
20
-106.968365999999989
11
296.7613660000000095
21
-106.9413059999999973
0
LINE
8
BLACK
6
CONTINUOUS
10
296.7613660000000095
20
-106.9413059999999973
11
296.7804999999999609
21
-106.9375
0
LINE
8
BLACK
6
CONTINUOUS
10
296.7804999999999609
20
-106.9375
11
311.2804999999999609
21
-106.9375
0
LINE
8
BLACK
6
CONTINUOUS
10
311.2804999999999609
20
-106.9375
11
311.2996339999999691
21
-106.9413059999999973
0
LINE
8
BLACK
6
CONTINUOUS
10
296.8304999999999723
20
-107.0374999999999943
11
296.8304999999999723
21
-121.4375
0
LINE
8
BLACK
6
CONTINUOUS
10
296.8304999999999723
20
-121.4375
11
311.2305000000000064
21
-121.4375
0
LINE
8
BLACK
6
CONTINUOUS
10
311.2305000000000064
20
-121.4375
11
311.2305000000000064
21
-107.0374999999999943
0
LINE
8
BLACK
6
CONTINUOUS
10
311.2305000000000064
20
-107.0374999999999943
11
296.8304999999999723
21
-107.0374999999999943
0
LINE
8
BLACK
6
CONTINUOUS
10
235.0996339999999805
20
-102.1788059999999945
11
235.1266939999999863
21
-102.2058660000000003
0
LINE
8
BLACK
6
CONTINUOUS
10
235.1266939999999863
20
-102.2058660000000003
11
235.1304999999999836
21
-102.2249999999999943
0
LINE
8
BLACK
6
CONTINUOUS
10
235.1304999999999836
20
-102.2249999999999943
11
235.1304999999999836
21
-116.7249999999999943
0
LINE
8
BLACK
6
CONTINUOUS
10
235.1304999999999836
20
-116.7249999999999943
11
235.1266939999999863
21
-116.7441339999999883
0
LINE
8
BLACK
6
CONTINUOUS
10
235.1266939999999863
20
-116.7441339999999883
11
235.0996339999999805
21
-116.7711939999999942
0
LINE
8
BLACK
6
CONTINUOUS
10
235.0996339999999805
20
-116.7711939999999942
11
235.0805000000000007
21
-116.7749999999999915
0
LINE
8
BLACK
6
CONTINUOUS
10
235.0805000000000007
20
-116.7749999999999915
11
220.5805000000000007
21
-116.7749999999999915
0
LINE
8
BLACK
6
CONTINUOUS
10
220.5805000000000007
20
-116.7749999999999915
11
220.5613659999999925
21
-116.7711939999999942
0
LINE
8
BLACK
6
CONTINUOUS
10
220.5613659999999925
20
-116.7711939999999942
11
220.5343059999999866
21
-116.7441339999999883
0
LINE
8
BLACK
6
CONTINUOUS
10
220.5343059999999866
20
-116.7441339999999883
11
220.5304999999999893
21
-116.7249999999999943
0
LINE
8
BLACK
6
CONTINUOUS
10
220.5304999999999893
20
-116.7249999999999943
11
220.5304999999999893
21
-102.2249999999999943
0
LINE
8
BLACK
6
CONTINUOUS
10
220.5304999999999893
20
-102.2249999999999943
11
220.5343059999999866
21
-102.2058660000000003
0
LINE
8
BLACK
6
CONTINUOUS
10
220.5343059999999866
20
-102.2058660000000003
11
220.5613659999999925
21
-102.1788059999999945
0
LINE
8
BLACK
6
CONTINUOUS
10
220.5613659999999925
20
-102.1788059999999945
11
220.5805000000000007
21
-102.1749999999999972
0
LINE
8
BLACK
6
CONTINUOUS
10
220.5805000000000007
20
-102.1749999999999972
11
235.0805000000000007
21
-102.1749999999999972
0
LINE
8
BLACK
6
CONTINUOUS
10
235.0805000000000007
20
-102.1749999999999972
11
235.0996339999999805
21
-102.1788059999999945
0
LINE
8
BLACK
6
CONTINUOUS
10
220.6304999999999836
20
-102.2749999999999915
11
220.6304999999999836
21
-116.6749999999999972
0
LINE
8
BLACK
6
CONTINUOUS
10
220.6304999999999836
20
-116.6749999999999972
11
235.0304999999999893
21
-116.6749999999999972
0
LINE
8
BLACK
6
CONTINUOUS
10
235.0304999999999893
20
-116.6749999999999972
11
235.0304999999999893
21
-102.2749999999999915
0
LINE
8
BLACK
6
CONTINUOUS
10
235.0304999999999893
20
-102.2749999999999915
11
220.6304999999999836
21
-102.2749999999999915
0
LINE
8
BLACK
6
CONTINUOUS
10
292.2496340000000146
20
-102.1788059999999945
11
292.2766939999999636
21
-102.2058660000000003
0
LINE
8
BLACK
6
CONTINUOUS
10
292.2766939999999636
20
-102.2058660000000003
11
292.2804999999999609
21
-102.2249999999999943
0
LINE
8
BLACK
6
CONTINUOUS
10
292.2804999999999609
20
-102.2249999999999943
11
292.2804999999999609
21
-116.7249999999999943
0
LINE
8
BLACK
6
CONTINUOUS
10
292.2804999999999609
20
-116.7249999999999943
11
292.2766939999999636
21
-116.7441339999999883
0
LINE
8
BLACK
6
CONTINUOUS
10
292.2766939999999636
20
-116.7441339999999883
11
292.2496340000000146
21
-116.7711939999999942
0
LINE
8
BLACK
6
CONTINUOUS
10
292.2496340000000146
20
-116.7711939999999942
11
292.2305000000000064
21
-116.7749999999999915
0
LINE
8
BLACK
6
CONTINUOUS
10
292.2305000000000064
20
-116.7749999999999915
11
277.7305000000000064
21
-116.7749999999999915
0
LINE
8
BLACK
6
CONTINUOUS
10
277.7305000000000064
20
-116.7749999999999915
11
277.7113659999999982
21
-116.7711939999999942
0
LINE
8
BLACK
6
CONTINUOUS
10
277.7113659999999982
20
-116.7711939999999942
11
277.6843059999999923
21
-116.7441339999999883
0
LINE
8
BLACK
6
CONTINUOUS
10
277.6843059999999923
20
-116.7441339999999883
11
277.680499999999995
21
-116.7249999999999943
0
LINE
8
BLACK
6
CONTINUOUS
10
277.680499999999995
20
-116.7249999999999943
11
277.680499999999995
21
-102.2249999999999943
0
LINE
8
BLACK
6
CONTINUOUS
10
277.680499999999995
20
-102.2249999999999943
11
277.6843059999999923
21
-102.2058660000000003
0
LINE
8
BLACK
6
CONTINUOUS
10
277.6843059999999923
20
-102.2058660000000003
11
277.7113659999999982
21
-102.1788059999999945
0
LINE
8
BLACK
6
CONTINUOUS
10
277.7113659999999982
20
-102.1788059999999945
11
277.7305000000000064
21
-102.1749999999999972
0
LINE
8
BLACK
6
CONTINUOUS
10
277.7305000000000064
20
-102.1749999999999972
11
292.2305000000000064
21
-102.1749999999999972
0
LINE
8
BLACK
6
CONTINUOUS
10
292.2305000000000064
20
-102.1749999999999972
11
292.2496340000000146
21
-102.1788059999999945
0
LINE
8
BLACK
6
CONTINUOUS
10
277.7804999999999609
20
-102.2749999999999915
11
277.7804999999999609
21
-116.6749999999999972
0
LINE
8
BLACK
6
CONTINUOUS
10
277.7804999999999609
20
-116.6749999999999972
11
292.180499999999995
21
-116.6749999999999972
0
LINE
8
BLACK
6
CONTINUOUS
10
292.180499999999995
20
-116.6749999999999972
11
292.180499999999995
21
-102.2749999999999915
0
LINE
8
BLACK
6
CONTINUOUS
10
292.180499999999995
20
-102.2749999999999915
11
277.7804999999999609
21
-102.2749999999999915
0
LINE
8
BLACK
6
CONTINUOUS
10
254.1496339999999918
20
-97.4163059999999916
11
254.1766939999999977
21
-97.4433659999999975
0
LINE
8
BLACK
6
CONTINUOUS
10
254.1766939999999977
20
-97.4433659999999975
11
254.180499999999995
21
-97.4624999999999915
0
LINE
8
BLACK
6
CONTINUOUS
10
254.180499999999995
20
-97.4624999999999915
11
254.180499999999995
21
-111.9624999999999915
0
LINE
8
BLACK
6
CONTINUOUS
10
254.180499999999995
20
-111.9624999999999915
11
254.1766939999999977
21
-111.9816339999999997
0
LINE
8
BLACK
6
CONTINUOUS
10
254.1766939999999977
20
-111.9816339999999997
11
254.1496339999999918
21
-112.0086939999999913
0
LINE
8
BLACK
6
CONTINUOUS
10
254.1496339999999918
20
-112.0086939999999913
11
254.1304999999999836
21
-112.0124999999999886
0
LINE
8
BLACK
6
CONTINUOUS
10
254.1304999999999836
20
-112.0124999999999886
11
239.6304999999999836
21
-112.0124999999999886
0
LINE
8
BLACK
6
CONTINUOUS
10
239.6304999999999836
20
-112.0124999999999886
11
239.6113659999999754
21
-112.0086939999999913
0
LINE
8
BLACK
6
CONTINUOUS
10
239.6113659999999754
20
-112.0086939999999913
11
239.584305999999998
21
-111.9816339999999997
0
LINE
8
BLACK
6
CONTINUOUS
10
239.584305999999998
20
-111.9816339999999997
11
239.5805000000000007
21
-111.9624999999999915
0
LINE
8
BLACK
6
CONTINUOUS
10
239.5805000000000007
20
-111.9624999999999915
11
239.5805000000000007
21
-97.4624999999999915
0
LINE
8
BLACK
6
CONTINUOUS
10
239.5805000000000007
20
-97.4624999999999915
11
239.584305999999998
21
-97.4433659999999975
0
LINE
8
BLACK
6
CONTINUOUS
10
239.584305999999998
20
-97.4433659999999975
11
239.6113659999999754
21
-97.4163059999999916
0
LINE
8
BLACK
6
CONTINUOUS
10
239.6113659999999754
20
-97.4163059999999916
11
239.6304999999999836
21
-97.4124999999999943
0
LINE
8
BLACK
6
CONTINUOUS
10
239.6304999999999836
20
-97.4124999999999943
11
254.1304999999999836
21
-97.4124999999999943
0
LINE
8
BLACK
6
CONTINUOUS
10
254.1304999999999836
20
-97.4124999999999943
11
254.1496339999999918
21
-97.4163059999999916
0
LINE
8
BLACK
6
CONTINUOUS
10
239.680499999999995
20
-97.5124999999999886
11
239.680499999999995
21
-111.9124999999999943
0
LINE
8
BLACK
6
CONTINUOUS
10
239.680499999999995
20
-111.9124999999999943
11
254.0805000000000007
21
-111.9124999999999943
0
LINE
8
BLACK
6
CONTINUOUS
10
254.0805000000000007
20
-111.9124999999999943
11
254.0805000000000007
21
-97.5124999999999886
0
LINE
8
BLACK
6
CONTINUOUS
10
254.0805000000000007
20
-97.5124999999999886
11
239.680499999999995
21
-97.5124999999999886
0
LINE
8
BLACK
6
CONTINUOUS
10
273.1996340000000032
20
-97.4163059999999916
11
273.2266940000000091
21
-97.4433659999999975
0
LINE
8
BLACK
6
CONTINUOUS
10
273.2266940000000091
20
-97.4433659999999975
11
273.2305000000000064
21
-97.4624999999999915
0
LINE
8
BLACK
6
CONTINUOUS
10
273.2305000000000064
20
-97.4624999999999915
11
273.2305000000000064
21
-111.9624999999999915
0
LINE
8
BLACK
6
CONTINUOUS
10
273.2305000000000064
20
-111.9624999999999915
11
273.2266940000000091
21
-111.9816339999999997
0
LINE
8
BLACK
6
CONTINUOUS
10
273.2266940000000091
20
-111.9816339999999997
11
273.1996340000000032
21
-112.0086939999999913
0
LINE
8
BLACK
6
CONTINUOUS
10
273.1996340000000032
20
-112.0086939999999913
11
273.180499999999995
21
-112.0124999999999886
0
LINE
8
BLACK
6
CONTINUOUS
10
273.180499999999995
20
-112.0124999999999886
11
258.680499999999995
21
-112.0124999999999886
0
LINE
8
BLACK
6
CONTINUOUS
10
258.680499999999995
20
-112.0124999999999886
11
258.6613659999999868
21
-112.0086939999999913
0
LINE
8
BLACK
6
CONTINUOUS
10
258.6613659999999868
20
-112.0086939999999913
11
258.6343059999999809
21
-111.9816339999999997
0
LINE
8
BLACK
6
CONTINUOUS
10
258.6343059999999809
20
-111.9816339999999997
11
258.6304999999999836
21
-111.9624999999999915
0
LINE
8
BLACK
6
CONTINUOUS
10
258.6304999999999836
20
-111.9624999999999915
11
258.6304999999999836
21
-97.4624999999999915
0
LINE
8
BLACK
6
CONTINUOUS
10
258.6304999999999836
20
-97.4624999999999915
11
258.6343059999999809
21
-97.4433659999999975
0
LINE
8
BLACK
6
CONTINUOUS
10
258.6343059999999809
20
-97.4433659999999975
11
258.6613659999999868
21
-97.4163059999999916
0
LINE
8
BLACK
6
CONTINUOUS
10
258.6613659999999868
20
-97.4163059999999916
11
258.680499999999995
21
-97.4124999999999943
0
LINE
8
BLACK
6
CONTINUOUS
10
258.680499999999995
20
-97.4124999999999943
11
273.180499999999995
21
-97.4124999999999943
0
LINE
8
BLACK
6
CONTINUOUS
10
273.180499999999995
20
-97.4124999999999943
11
273.1996340000000032
21
-97.4163059999999916
0
LINE
8
BLACK
6
CONTINUOUS
10
258.7305000000000064
20
-97.5124999999999886
11
258.7305000000000064
21
-111.9124999999999943
0
LINE
8
BLACK
6
CONTINUOUS
10
258.7305000000000064
20
-111.9124999999999943
11
273.1304999999999836
21
-111.9124999999999943
0
LINE
8
BLACK
6
CONTINUOUS
10
273.1304999999999836
20
-111.9124999999999943
11
273.1304999999999836
21
-97.5124999999999886
0
LINE
8
BLACK
6
CONTINUOUS
10
273.1304999999999836
20
-97.5124999999999886
11
258.7305000000000064
21
-97.5124999999999886
0
LINE
8
BLACK
6
CONTINUOUS
10
311.2996339999999691
20
-87.8913060000000002
11
311.3266939999999749
21
-87.9183659999999918
0
LINE
8
BLACK
6
CONTINUOUS
10
311.3266939999999749
20
-87.9183659999999918
11
311.3304999999999723
21
-87.9375
0
LINE
8
BLACK
6
CONTINUOUS
10
311.3304999999999723
20
-87.9375
11
311.3304999999999723
21
-102.4375
0
LINE
8
BLACK
6
CONTINUOUS
10
311.3304999999999723
20
-102.4375
11
311.3266939999999749
21
-102.456633999999994
0
LINE
8
BLACK
6
CONTINUOUS
10
311.3266939999999749
20
-102.456633999999994
11
311.2996339999999691
21
-102.4836939999999998
0
LINE
8
BLACK
6
CONTINUOUS
10
311.2996339999999691
20
-102.4836939999999998
11
311.2804999999999609
21
-102.4874999999999972
0
LINE
8
BLACK
6
CONTINUOUS
10
311.2804999999999609
20
-102.4874999999999972
11
296.7804999999999609
21
-102.4874999999999972
0
LINE
8
BLACK
6
CONTINUOUS
10
296.7804999999999609
20
-102.4874999999999972
11
296.7613660000000095
21
-102.4836939999999998
0
LINE
8
BLACK
6
CONTINUOUS
10
296.7613660000000095
20
-102.4836939999999998
11
296.7343060000000037
21
-102.456633999999994
0
LINE
8
BLACK
6
CONTINUOUS
10
296.7343060000000037
20
-102.456633999999994
11
296.7305000000000064
21
-102.4375
0
LINE
8
BLACK
6
CONTINUOUS
10
296.7305000000000064
20
-102.4375
11
296.7305000000000064
21
-87.9375
0
LINE
8
BLACK
6
CONTINUOUS
10
296.7305000000000064
20
-87.9375
11
296.7343060000000037
21
-87.9183659999999918
0
LINE
8
BLACK
6
CONTINUOUS
10
296.7343060000000037
20
-87.9183659999999918
11
296.7613660000000095
21
-87.8913060000000002
0
LINE
8
BLACK
6
CONTINUOUS
10
296.7613660000000095
20
-87.8913060000000002
11
296.7804999999999609
21
-87.8875000000000028
0
LINE
8
BLACK
6
CONTINUOUS
10
296.7804999999999609
20
-87.8875000000000028
11
311.2804999999999609
21
-87.8875000000000028
0
LINE
8
BLACK
6
CONTINUOUS
10
311.2804999999999609
20
-87.8875000000000028
11
311.2996339999999691
21
-87.8913060000000002
0
LINE
8
BLACK
6
CONTINUOUS
10
296.8304999999999723
20
-87.9874999999999972
11
296.8304999999999723
21
-102.3874999999999886
0
LINE
8
BLACK
6
CONTINUOUS
10
296.8304999999999723
20
-102.3874999999999886
11
311.2305000000000064
21
-102.3874999999999886
0
LINE
8
BLACK
6
CONTINUOUS
10
311.2305000000000064
20
-102.3874999999999886
11
311.2305000000000064
21
-87.9874999999999972
0
LINE
8
BLACK
6
CONTINUOUS
10
311.2305000000000064
20
-87.9874999999999972
11
296.8304999999999723
21
-87.9874999999999972
0
LINE
8
BLACK
6
CONTINUOUS
10
235.0996339999999805
20
-83.1288059999999973
11
235.1266939999999863
21
-83.1558660000000032
0
LINE
8
BLACK
6
CONTINUOUS
10
235.1266939999999863
20
-83.1558660000000032
11
235.1304999999999836
21
-83.1749999999999972
0
LINE
8
BLACK
6
CONTINUOUS
10
235.1304999999999836
20
-83.1749999999999972
11
235.1304999999999836
21
-97.6749999999999972
0
LINE
8
BLACK
6
CONTINUOUS
10
235.1304999999999836
20
-97.6749999999999972
11
235.1266939999999863
21
-97.6941339999999911
0
LINE
8
BLACK
6
CONTINUOUS
10
235.1266939999999863
20
-97.6941339999999911
11
235.0996339999999805
21
-97.721193999999997
0
LINE
8
BLACK
6
CONTINUOUS
10
235.0996339999999805
20
-97.721193999999997
11
235.0805000000000007
21
-97.7249999999999943
0
LINE
8
BLACK
6
CONTINUOUS
10
235.0805000000000007
20
-97.7249999999999943
11
220.5805000000000007
21
-97.7249999999999943
0
LINE
8
BLACK
6
CONTINUOUS
10
220.5805000000000007
20
-97.7249999999999943
11
220.5613659999999925
21
-97.721193999999997
0
LINE
8
BLACK
6
CONTINUOUS
10
220.5613659999999925
20
-97.721193999999997
11
220.5343059999999866
21
-97.6941339999999911
0
LINE
8
BLACK
6
CONTINUOUS
10
220.5343059999999866
20
-97.6941339999999911
11
220.5304999999999893
21
-97.6749999999999972
0
LINE
8
BLACK
6
CONTINUOUS
10
220.5304999999999893
20
-97.6749999999999972
11
220.5304999999999893
21
-83.1749999999999972
0
LINE
8
BLACK
6
CONTINUOUS
10
220.5304999999999893
20
-83.1749999999999972
11
220.5343059999999866
21
-83.1558660000000032
0
LINE
8
BLACK
6
CONTINUOUS
10
220.5343059999999866
20
-83.1558660000000032
11
220.5613659999999925
21
-83.1288059999999973
0
LINE
8
BLACK
6
CONTINUOUS
10
220.5613659999999925
20
-83.1288059999999973
11
220.5805000000000007
21
-83.125
0
LINE
8
BLACK
6
CONTINUOUS
10
220.5805000000000007
20
-83.125
11
235.0805000000000007
21
-83.125
0
LINE
8
BLACK
6
CONTINUOUS
10
235.0805000000000007
20
-83.125
11
235.0996339999999805
21
-83.1288059999999973
0
LINE
8
BLACK
6
CONTINUOUS
10
220.6304999999999836
20
-83.2249999999999943
11
220.6304999999999836
21
-97.625
0
LINE
8
BLACK
6
CONTINUOUS
10
220.6304999999999836
20
-97.625
11
235.0304999999999893
21
-97.625
0
LINE
8
BLACK
6
CONTINUOUS
10
235.0304999999999893
20
-97.625
11
235.0304999999999893
21
-83.2249999999999943
0
LINE
8
BLACK
6
CONTINUOUS
10
235.0304999999999893
20
-83.2249999999999943
11
220.6304999999999836
21
-83.2249999999999943
0
LINE
8
BLACK
6
CONTINUOUS
10
292.2496340000000146
20
-83.1288059999999973
11
292.2766939999999636
21
-83.1558660000000032
0
LINE
8
BLACK
6
CONTINUOUS
10
292.2766939999999636
20
-83.1558660000000032
11
292.2804999999999609
21
-83.1749999999999972
0
LINE
8
BLACK
6
CONTINUOUS
10
292.2804999999999609
20
-83.1749999999999972
11
292.2804999999999609
21
-97.6749999999999972
0
LINE
8
BLACK
6
CONTINUOUS
10
292.2804999999999609
20
-97.6749999999999972
11
292.2766939999999636
21
-97.6941339999999911
0
LINE
8
BLACK
6
CONTINUOUS
10
292.2766939999999636
20
-97.6941339999999911
11
292.2496340000000146
21
-97.721193999999997
0
LINE
8
BLACK
6
CONTINUOUS
10
292.2496340000000146
20
-97.721193999999997
11
292.2305000000000064
21
-97.7249999999999943
0
LINE
8
BLACK
6
CONTINUOUS
10
292.2305000000000064
20
-97.7249999999999943
11
277.7305000000000064
21
-97.7249999999999943
0
LINE
8
BLACK
6
CONTINUOUS
10
277.7305000000000064
20
-97.7249999999999943
11
277.7113659999999982
21
-97.721193999999997
0
LINE
8
BLACK
6
CONTINUOUS
10
277.7113659999999982
20
-97.721193999999997
11
277.6843059999999923
21
-97.6941339999999911
0
LINE
8
BLACK
6
CONTINUOUS
10
277.6843059999999923
20
-97.6941339999999911
11
277.680499999999995
21
-97.6749999999999972
0
LINE
8
BLACK
6
CONTINUOUS
10
277.680499999999995
20
-97.6749999999999972
11
277.680499999999995
21
-83.1749999999999972
0
LINE
8
BLACK
6
CONTINUOUS
10
277.680499999999995
20
-83.1749999999999972
11
277.6843059999999923
21
-83.1558660000000032
0
LINE
8
BLACK
6
CONTINUOUS
10
277.6843059999999923
20
-83.1558660000000032
11
277.7113659999999982
21
-83.1288059999999973
0
LINE
8
BLACK
6
CONTINUOUS
10
277.7113659999999982
20
-83.1288059999999973
11
277.7305000000000064
21
-83.125
0
LINE
8
BLACK
6
CONTINUOUS
10
277.7305000000000064
20
-83.125
11
292.2305000000000064
21
-83.125
0
LINE
8
BLACK
6
CONTINUOUS
10
292.2305000000000064
20
-83.125
11
292.2496340000000146
21
-83.1288059999999973
0
LINE
8
BLACK
6
CONTINUOUS
10
277.7804999999999609
20
-83.2249999999999943
11
277.7804999999999609
21
-97.625
0
LINE
8
BLACK
6
CONTINUOUS
10
277.7804999999999609
20
-97.625
11
292.180499999999995
21
-97.625
0
LINE
8
BLACK
6
CONTINUOUS
10
292.180499999999995
20
-97.625
11
292.180499999999995
21
-83.2249999999999943
0
LINE
8
BLACK
6
CONTINUOUS
10
292.180499999999995
20
-83.2249999999999943
11
277.7804999999999609
21
-83.2249999999999943
0
LINE
8
BLACK
6
CONTINUOUS
10
254.1496339999999918
20
-78.3663059999999945
11
254.1766939999999977
21
-78.3933660000000003
0
LINE
8
BLACK
6
CONTINUOUS
10
254.1766939999999977
20
-78.3933660000000003
11
254.180499999999995
21
-78.4124999999999943
0
LINE
8
BLACK
6
CONTINUOUS
10
254.180499999999995
20
-78.4124999999999943
11
254.180499999999995
21
-92.9124999999999943
0
LINE
8
BLACK
6
CONTINUOUS
10
254.180499999999995
20
-92.9124999999999943
11
254.1766939999999977
21
-92.9316340000000025
0
LINE
8
BLACK
6
CONTINUOUS
10
254.1766939999999977
20
-92.9316340000000025
11
254.1496339999999918
21
-92.9586939999999942
0
LINE
8
BLACK
6
CONTINUOUS
10
254.1496339999999918
20
-92.9586939999999942
11
254.1304999999999836
21
-92.9624999999999915
0
LINE
8
BLACK
6
CONTINUOUS
10
254.1304999999999836
20
-92.9624999999999915
11
239.6304999999999836
21
-92.9624999999999915
0
LINE
8
BLACK
6
CONTINUOUS
10
239.6304999999999836
20
-92.9624999999999915
11
239.6113659999999754
21
-92.9586939999999942
0
LINE
8
BLACK
6
CONTINUOUS
10
239.6113659999999754
20
-92.9586939999999942
11
239.584305999999998
21
-92.9316340000000025
0
LINE
8
BLACK
6
CONTINUOUS
10
239.584305999999998
20
-92.9316340000000025
11
239.5805000000000007
21
-92.9124999999999943
0
LINE
8
BLACK
6
CONTINUOUS
10
239.5805000000000007
20
-92.9124999999999943
11
239.5805000000000007
21
-78.4124999999999943
0
LINE
8
BLACK
6
CONTINUOUS
10
239.5805000000000007
20
-78.4124999999999943
11
239.584305999999998
21
-78.3933660000000003
0
LINE
8
BLACK
6
CONTINUOUS
10
239.584305999999998
20
-78.3933660000000003
11
239.6113659999999754
21
-78.3663059999999945
0
LINE
8
BLACK
6
CONTINUOUS
10
239.6113659999999754
20
-78.3663059999999945
11
239.6304999999999836
21
-78.3624999999999972
0
LINE
8
BLACK
6
CONTINUOUS
10
239.6304999999999836
20
-78.3624999999999972
11
254.1304999999999836
21
-78.3624999999999972
0
LINE
8
BLACK
6
CONTINUOUS
10
254.1304999999999836
20
-78.3624999999999972
11
254.1496339999999918
21
-78.3663059999999945
0
LINE
8
BLACK
6
CONTINUOUS
10
239.680499999999995
20
-78.4624999999999915
11
239.680499999999995
21
-92.8624999999999972
0
LINE
8
BLACK
6
CONTINUOUS
10
239.680499999999995
20
-92.8624999999999972
11
254.0805000000000007
21
-92.8624999999999972
0
LINE
8
BLACK
6
CONTINUOUS
10
254.0805000000000007
20
-92.8624999999999972
11
254.0805000000000007
21
-78.4624999999999915
0
LINE
8
BLACK
6
CONTINUOUS
10
254.0805000000000007
20
-78.4624999999999915
11
239.680499999999995
21
-78.4624999999999915
0
LINE
8
BLACK
6
CONTINUOUS
10
273.1996340000000032
20
-78.3663059999999945
11
273.2266940000000091
21
-78.3933660000000003
0
LINE
8
BLACK
6
CONTINUOUS
10
273.2266940000000091
20
-78.3933660000000003
11
273.2305000000000064
21
-78.4124999999999943
0
LINE
8
BLACK
6
CONTINUOUS
10
273.2305000000000064
20
-78.4124999999999943
11
273.2305000000000064
21
-92.9124999999999943
0
LINE
8
BLACK
6
CONTINUOUS
10
273.2305000000000064
20
-92.9124999999999943
11
273.2266940000000091
21
-92.9316340000000025
0
LINE
8
BLACK
6
CONTINUOUS
10
273.2266940000000091
20
-92.9316340000000025
11
273.1996340000000032
21
-92.9586939999999942
0
LINE
8
BLACK
6
CONTINUOUS
10
273.1996340000000032
20
-92.9586939999999942
11
273.180499999999995
21
-92.9624999999999915
0
LINE
8
BLACK
6
CONTINUOUS
10
273.180499999999995
20
-92.9624999999999915
11
258.680499999999995
21
-92.9624999999999915
0
LINE
8
BLACK
6
CONTINUOUS
10
258.680499999999995
20
-92.9624999999999915
11
258.6613659999999868
21
-92.9586939999999942
0
LINE
8
BLACK
6
CONTINUOUS
10
258.6613659999999868
20
-92.9586939999999942
11
258.6343059999999809
21
-92.9316340000000025
0
LINE
8
BLACK
6
CONTINUOUS
10
258.6343059999999809
20
-92.9316340000000025
11
258.6304999999999836
21
-92.9124999999999943
0
LINE
8
BLACK
6
CONTINUOUS
10
258.6304999999999836
20
-92.9124999999999943
11
258.6304999999999836
21
-78.4124999999999943
0
LINE
8
BLACK
6
CONTINUOUS
10
258.6304999999999836
20
-78.4124999999999943
11
258.6343059999999809
21
-78.3933660000000003
0
LINE
8
BLACK
6
CONTINUOUS
10
258.6343059999999809
20
-78.3933660000000003
11
258.6613659999999868
21
-78.3663059999999945
0
LINE
8
BLACK
6
CONTINUOUS
10
258.6613659999999868
20
-78.3663059999999945
11
258.680499999999995
21
-78.3624999999999972
0
LINE
8
BLACK
6
CONTINUOUS
10
258.680499999999995
20
-78.3624999999999972
11
273.180499999999995
21
-78.3624999999999972
0
LINE
8
BLACK
6
CONTINUOUS
10
273.180499999999995
20
-78.3624999999999972
11
273.1996340000000032
21
-78.3663059999999945
0
LINE
8
BLACK
6
CONTINUOUS
10
258.7305000000000064
20
-78.4624999999999915
11
258.7305000000000064
21
-92.8624999999999972
0
LINE
8
BLACK
6
CONTINUOUS
10
258.7305000000000064
20
-92.8624999999999972
11
273.1304999999999836
21
-92.8624999999999972
0
LINE
8
BLACK
6
CONTINUOUS
10
273.1304999999999836
20
-92.8624999999999972
11
273.1304999999999836
21
-78.4624999999999915
0
LINE
8
BLACK
6
CONTINUOUS
10
273.1304999999999836
20
-78.4624999999999915
11
258.7305000000000064
21
-78.4624999999999915
0
LINE
8
BLACK
6
CONTINUOUS
10
49.7616340000000008
20
-145.0413059999999916
11
49.7886939999999996
21
-145.0683659999999975
0
LINE
8
BLACK
6
CONTINUOUS
10
49.7886939999999996
20
-145.0683659999999975
11
49.7924999999999969
21
-145.0875000000000057
0
LINE
8
BLACK
6
CONTINUOUS
10
49.7924999999999969
20
-145.0875000000000057
11
49.7924999999999969
21
-159.5875000000000057
0
LINE
8
BLACK
6
CONTINUOUS
10
49.7924999999999969
20
-159.5875000000000057
11
49.7886939999999996
21
-159.6066339999999855
0
LINE
8
BLACK
6
CONTINUOUS
10
49.7886939999999996
20
-159.6066339999999855
11
49.7616340000000008
21
-159.6336939999999913
0
LINE
8
BLACK
6
CONTINUOUS
10
49.7616340000000008
20
-159.6336939999999913
11
49.7424999999999997
21
-159.6374999999999886
0
LINE
8
BLACK
6
CONTINUOUS
10
49.7424999999999997
20
-159.6374999999999886
11
35.2424999999999997
21
-159.6374999999999886
0
LINE
8
BLACK
6
CONTINUOUS
10
35.2424999999999997
20
-159.6374999999999886
11
35.2233659999999986
21
-159.6336939999999913
0
LINE
8
BLACK
6
CONTINUOUS
10
35.2233659999999986
20
-159.6336939999999913
11
35.1963059999999999
21
-159.6066339999999855
0
LINE
8
BLACK
6
CONTINUOUS
10
35.1963059999999999
20
-159.6066339999999855
11
35.1924999999999955
21
-159.5875000000000057
0
LINE
8
BLACK
6
CONTINUOUS
10
35.1924999999999955
20
-159.5875000000000057
11
35.1924999999999955
21
-145.0875000000000057
0
LINE
8
BLACK
6
CONTINUOUS
10
35.1924999999999955
20
-145.0875000000000057
11
35.1963059999999999
21
-145.0683659999999975
0
LINE
8
BLACK
6
CONTINUOUS
10
35.1963059999999999
20
-145.0683659999999975
11
35.2233659999999986
21
-145.0413059999999916
0
LINE
8
BLACK
6
CONTINUOUS
10
35.2233659999999986
20
-145.0413059999999916
11
35.2424999999999997
21
-145.0374999999999943
0
LINE
8
BLACK
6
CONTINUOUS
10
35.2424999999999997
20
-145.0374999999999943
11
49.7424999999999997
21
-145.0374999999999943
0
LINE
8
BLACK
6
CONTINUOUS
10
49.7424999999999997
20
-145.0374999999999943
11
49.7616340000000008
21
-145.0413059999999916
0
LINE
8
BLACK
6
CONTINUOUS
10
35.2924999999999969
20
-145.1374999999999886
11
35.2924999999999969
21
-159.5374999999999943
0
LINE
8
BLACK
6
CONTINUOUS
10
35.2924999999999969
20
-159.5374999999999943
11
49.6924999999999955
21
-159.5374999999999943
0
LINE
8
BLACK
6
CONTINUOUS
10
49.6924999999999955
20
-159.5374999999999943
11
49.6924999999999955
21
-145.1374999999999886
0
LINE
8
BLACK
6
CONTINUOUS
10
49.6924999999999955
20
-145.1374999999999886
11
35.2924999999999969
21
-145.1374999999999886
0
LINE
8
BLACK
6
CONTINUOUS
10
145.0116339999999866
20
-145.0413059999999916
11
145.0386939999999925
21
-145.0683659999999975
0
LINE
8
BLACK
6
CONTINUOUS
10
145.0386939999999925
20
-145.0683659999999975
11
145.0424999999999898
21
-145.0875000000000057
0
LINE
8
BLACK
6
CONTINUOUS
10
145.0424999999999898
20
-145.0875000000000057
11
145.0424999999999898
21
-159.5875000000000057
0
LINE
8
BLACK
6
CONTINUOUS
10
145.0424999999999898
20
-159.5875000000000057
11
145.0386939999999925
21
-159.6066339999999855
0
LINE
8
BLACK
6
CONTINUOUS
10
145.0386939999999925
20
-159.6066339999999855
11
145.0116339999999866
21
-159.6336939999999913
0
LINE
8
BLACK
6
CONTINUOUS
10
145.0116339999999866
20
-159.6336939999999913
11
144.9925000000000068
21
-159.6374999999999886
0
LINE
8
BLACK
6
CONTINUOUS
10
144.9925000000000068
20
-159.6374999999999886
11
130.4925000000000068
21
-159.6374999999999886
0
LINE
8
BLACK
6
CONTINUOUS
10
130.4925000000000068
20
-159.6374999999999886
11
130.4733659999999986
21
-159.6336939999999913
0
LINE
8
BLACK
6
CONTINUOUS
10
130.4733659999999986
20
-159.6336939999999913
11
130.4463059999999928
21
-159.6066339999999855
0
LINE
8
BLACK
6
CONTINUOUS
10
130.4463059999999928
20
-159.6066339999999855
11
130.4424999999999955
21
-159.5875000000000057
0
LINE
8
BLACK
6
CONTINUOUS
10
130.4424999999999955
20
-159.5875000000000057
11
130.4424999999999955
21
-145.0875000000000057
0
LINE
8
BLACK
6
CONTINUOUS
10
130.4424999999999955
20
-145.0875000000000057
11
130.4463059999999928
21
-145.0683659999999975
0
LINE
8
BLACK
6
CONTINUOUS
10
130.4463059999999928
20
-145.0683659999999975
11
130.4733659999999986
21
-145.0413059999999916
0
LINE
8
BLACK
6
CONTINUOUS
10
130.4733659999999986
20
-145.0413059999999916
11
130.4925000000000068
21
-145.0374999999999943
0
LINE
8
BLACK
6
CONTINUOUS
10
130.4925000000000068
20
-145.0374999999999943
11
144.9925000000000068
21
-145.0374999999999943
0
LINE
8
BLACK
6
CONTINUOUS
10
144.9925000000000068
20
-145.0374999999999943
11
145.0116339999999866
21
-145.0413059999999916
0
LINE
8
BLACK
6
CONTINUOUS
10
130.5424999999999898
20
-145.1374999999999886
11
130.5424999999999898
21
-159.5374999999999943
0
LINE
8
BLACK
6
CONTINUOUS
10
130.5424999999999898
20
-159.5374999999999943
11
144.9424999999999955
21
-159.5374999999999943
0
LINE
8
BLACK
6
CONTINUOUS
10
144.9424999999999955
20
-159.5374999999999943
11
144.9424999999999955
21
-145.1374999999999886
0
LINE
8
BLACK
6
CONTINUOUS
10
144.9424999999999955
20
-145.1374999999999886
11
130.5424999999999898
21
-145.1374999999999886
0
LINE
8
BLACK
6
CONTINUOUS
10
68.811633999999998
20
-140.278806000000003
11
68.8386940000000038
21
-140.3058659999999804
0
LINE
8
BLACK
6
CONTINUOUS
10
68.8386940000000038
20
-140.3058659999999804
11
68.8425000000000011
21
-140.3249999999999886
0
LINE
8
BLACK
6
CONTINUOUS
10
68.8425000000000011
20
-140.3249999999999886
11
68.8425000000000011
21
-154.8249999999999886
0
LINE
8
BLACK
6
CONTINUOUS
10
68.8425000000000011
20
-154.8249999999999886
11
68.8386940000000038
21
-154.8441339999999968
0
LINE
8
BLACK
6
CONTINUOUS
10
68.8386940000000038
20
-154.8441339999999968
11
68.811633999999998
21
-154.8711940000000027
0
LINE
8
BLACK
6
CONTINUOUS
10
68.811633999999998
20
-154.8711940000000027
11
68.792500000000004
21
-154.875
0
LINE
8
BLACK
6
CONTINUOUS
10
68.792500000000004
20
-154.875
11
54.2924999999999969
21
-154.875
0
LINE
8
BLACK
6
CONTINUOUS
10
54.2924999999999969
20
-154.875
11
54.2733659999999958
21
-154.8711940000000027
0
LINE
8
BLACK
6
CONTINUOUS
10
54.2733659999999958
20
-154.8711940000000027
11
54.246305999999997
21
-154.8441339999999968
0
LINE
8
BLACK
6
CONTINUOUS
10
54.246305999999997
20
-154.8441339999999968
11
54.2424999999999997
21
-154.8249999999999886
0
LINE
8
BLACK
6
CONTINUOUS
10
54.2424999999999997
20
-154.8249999999999886
11
54.2424999999999997
21
-140.3249999999999886
0
LINE
8
BLACK
6
CONTINUOUS
10
54.2424999999999997
20
-140.3249999999999886
11
54.246305999999997
21
-140.3058659999999804
0
LINE
8
BLACK
6
CONTINUOUS
10
54.246305999999997
20
-140.3058659999999804
11
54.2733659999999958
21
-140.278806000000003
0
LINE
8
BLACK
6
CONTINUOUS
10
54.2733659999999958
20
-140.278806000000003
11
54.2924999999999969
21
-140.2750000000000057
0
LINE
8
BLACK
6
CONTINUOUS
10
54.2924999999999969
20
-140.2750000000000057
11
68.792500000000004
21
-140.2750000000000057
0
LINE
8
BLACK
6
CONTINUOUS
10
68.792500000000004
20
-140.2750000000000057
11
68.811633999999998
21
-140.278806000000003
0
LINE
8
BLACK
6
CONTINUOUS
10
54.342499999999994
20
-140.375
11
54.342499999999994
21
-154.7750000000000057
0
LINE
8
BLACK
6
CONTINUOUS
10
54.342499999999994
20
-154.7750000000000057
11
68.7424999999999926
21
-154.7750000000000057
0
LINE
8
BLACK
6
CONTINUOUS
10
68.7424999999999926
20
-154.7750000000000057
11
68.7424999999999926
21
-140.375
0
LINE
8
BLACK
6
CONTINUOUS
10
68.7424999999999926
20
-140.375
11
54.342499999999994
21
-140.375
0
LINE
8
BLACK
6
CONTINUOUS
10
125.9616339999999894
20
-140.278806000000003
11
125.9886939999999953
21
-140.3058659999999804
0
LINE
8
BLACK
6
CONTINUOUS
10
125.9886939999999953
20
-140.3058659999999804
11
125.9924999999999926
21
-140.3249999999999886
0
LINE
8
BLACK
6
CONTINUOUS
10
125.9924999999999926
20
-140.3249999999999886
11
125.9924999999999926
21
-154.8249999999999886
0
LINE
8
BLACK
6
CONTINUOUS
10
125.9924999999999926
20
-154.8249999999999886
11
125.9886939999999953
21
-154.8441339999999968
0
LINE
8
BLACK
6
CONTINUOUS
10
125.9886939999999953
20
-154.8441339999999968
11
125.9616339999999894
21
-154.8711940000000027
0
LINE
8
BLACK
6
CONTINUOUS
10
125.9616339999999894
20
-154.8711940000000027
11
125.9424999999999955
21
-154.875
0
LINE
8
BLACK
6
CONTINUOUS
10
125.9424999999999955
20
-154.875
11
111.4424999999999955
21
-154.875
0
LINE
8
BLACK
6
CONTINUOUS
10
111.4424999999999955
20
-154.875
11
111.4233660000000015
21
-154.8711940000000027
0
LINE
8
BLACK
6
CONTINUOUS
10
111.4233660000000015
20
-154.8711940000000027
11
111.3963059999999956
21
-154.8441339999999968
0
LINE
8
BLACK
6
CONTINUOUS
10
111.3963059999999956
20
-154.8441339999999968
11
111.3924999999999983
21
-154.8249999999999886
0
LINE
8
BLACK
6
CONTINUOUS
10
111.3924999999999983
20
-154.8249999999999886
11
111.3924999999999983
21
-140.3249999999999886
0
LINE
8
BLACK
6
CONTINUOUS
10
111.3924999999999983
20
-140.3249999999999886
11
111.3963059999999956
21
-140.3058659999999804
0
LINE
8
BLACK
6
CONTINUOUS
10
111.3963059999999956
20
-140.3058659999999804
11
111.4233660000000015
21
-140.278806000000003
0
LINE
8
BLACK
6
CONTINUOUS
10
111.4233660000000015
20
-140.278806000000003
11
111.4424999999999955
21
-140.2750000000000057
0
LINE
8
BLACK
6
CONTINUOUS
10
111.4424999999999955
20
-140.2750000000000057
11
125.9424999999999955
21
-140.2750000000000057
0
LINE
8
BLACK
6
CONTINUOUS
10
125.9424999999999955
20
-140.2750000000000057
11
125.9616339999999894
21
-140.278806000000003
0
LINE
8
BLACK
6
CONTINUOUS
10
111.4924999999999926
20
-140.375
11
111.4924999999999926
21
-154.7750000000000057
0
LINE
8
BLACK
6
CONTINUOUS
10
111.4924999999999926
20
-154.7750000000000057
11
125.8924999999999983
21
-154.7750000000000057
0
LINE
8
BLACK
6
CONTINUOUS
10
125.8924999999999983
20
-154.7750000000000057
11
125.8924999999999983
21
-140.375
0
LINE
8
BLACK
6
CONTINUOUS
10
125.8924999999999983
20
-140.375
11
111.4924999999999926
21
-140.375
0
LINE
8
BLACK
6
CONTINUOUS
10
87.8616339999999951
20
-135.5163059999999859
11
87.888694000000001
21
-135.5433659999999918
0
LINE
8
BLACK
6
CONTINUOUS
10
87.888694000000001
20
-135.5433659999999918
11
87.8924999999999983
21
-135.5625
0
LINE
8
BLACK
6
CONTINUOUS
10
87.8924999999999983
20
-135.5625
11
87.8924999999999983
21
-150.0625
0
LINE
8
BLACK
6
CONTINUOUS
10
87.8924999999999983
20
-150.0625
11
87.888694000000001
21
-150.0816339999999798
0
LINE
8
BLACK
6
CONTINUOUS
10
87.888694000000001
20
-150.0816339999999798
11
87.8616339999999951
21
-150.1086939999999856
0
LINE
8
BLACK
6
CONTINUOUS
10
87.8616339999999951
20
-150.1086939999999856
11
87.8425000000000011
21
-150.1124999999999829
0
LINE
8
BLACK
6
CONTINUOUS
10
87.8425000000000011
20
-150.1124999999999829
11
73.3425000000000011
21
-150.1124999999999829
0
LINE
8
BLACK
6
CONTINUOUS
10
73.3425000000000011
20
-150.1124999999999829
11
73.3233659999999929
21
-150.1086939999999856
0
LINE
8
BLACK
6
CONTINUOUS
10
73.3233659999999929
20
-150.1086939999999856
11
73.2963060000000013
21
-150.0816339999999798
0
LINE
8
BLACK
6
CONTINUOUS
10
73.2963060000000013
20
-150.0816339999999798
11
73.2924999999999898
21
-150.0625
0
LINE
8
BLACK
6
CONTINUOUS
10
73.2924999999999898
20
-150.0625
11
73.2924999999999898
21
-135.5625
0
LINE
8
BLACK
6
CONTINUOUS
10
73.2924999999999898
20
-135.5625
11
73.2963060000000013
21
-135.5433659999999918
0
LINE
8
BLACK
6
CONTINUOUS
10
73.2963060000000013
20
-135.5433659999999918
11
73.3233659999999929
21
-135.5163059999999859
0
LINE
8
BLACK
6
CONTINUOUS
10
73.3233659999999929
20
-135.5163059999999859
11
73.3425000000000011
21
-135.5124999999999886
0
LINE
8
BLACK
6
CONTINUOUS
10
73.3425000000000011
20
-135.5124999999999886
11
87.8425000000000011
21
-135.5124999999999886
0
LINE
8
BLACK
6
CONTINUOUS
10
87.8425000000000011
20
-135.5124999999999886
11
87.8616339999999951
21
-135.5163059999999859
0
LINE
8
BLACK
6
CONTINUOUS
10
73.3924999999999983
20
-135.6124999999999829
11
73.3924999999999983
21
-150.0124999999999886
0
LINE
8
BLACK
6
CONTINUOUS
10
73.3924999999999983
20
-150.0124999999999886
11
87.7924999999999898
21
-150.0124999999999886
0
LINE
8
BLACK
6
CONTINUOUS
10
87.7924999999999898
20
-150.0124999999999886
11
87.7924999999999898
21
-135.6124999999999829
0
LINE
8
BLACK
6
CONTINUOUS
10
87.7924999999999898
20
-135.6124999999999829
11
73.3924999999999983
21
-135.6124999999999829
0
LINE
8
BLACK
6
CONTINUOUS
10
106.9116339999999923
20
-135.5163059999999859
11
106.9386939999999981
21
-135.5433659999999918
0
LINE
8
BLACK
6
CONTINUOUS
10
106.9386939999999981
20
-135.5433659999999918
11
106.9424999999999955
21
-135.5625
0
LINE
8
BLACK
6
CONTINUOUS
10
106.9424999999999955
20
-135.5625
11
106.9424999999999955
21
-150.0625
0
LINE
8
BLACK
6
CONTINUOUS
10
106.9424999999999955
20
-150.0625
11
106.9386939999999981
21
-150.0816339999999798
0
LINE
8
BLACK
6
CONTINUOUS
10
106.9386939999999981
20
-150.0816339999999798
11
106.9116339999999923
21
-150.1086939999999856
0
LINE
8
BLACK
6
CONTINUOUS
10
106.9116339999999923
20
-150.1086939999999856
11
106.8924999999999983
21
-150.1124999999999829
0
LINE
8
BLACK
6
CONTINUOUS
10
106.8924999999999983
20
-150.1124999999999829
11
92.3924999999999983
21
-150.1124999999999829
0
LINE
8
BLACK
6
CONTINUOUS
10
92.3924999999999983
20
-150.1124999999999829
11
92.3733659999999901
21
-150.1086939999999856
0
LINE
8
BLACK
6
CONTINUOUS
10
92.3733659999999901
20
-150.1086939999999856
11
92.3463059999999984
21
-150.0816339999999798
0
LINE
8
BLACK
6
CONTINUOUS
10
92.3463059999999984
20
-150.0816339999999798
11
92.3425000000000011
21
-150.0625
0
LINE
8
BLACK
6
CONTINUOUS
10
92.3425000000000011
20
-150.0625
11
92.3425000000000011
21
-135.5625
0
LINE
8
BLACK
6
CONTINUOUS
10
92.3425000000000011
20
-135.5625
11
92.3463059999999984
21
-135.5433659999999918
0
LINE
8
BLACK
6
CONTINUOUS
10
92.3463059999999984
20
-135.5433659999999918
11
92.3733659999999901
21
-135.5163059999999859
0
LINE
8
BLACK
6
CONTINUOUS
10
92.3733659999999901
20
-135.5163059999999859
11
92.3924999999999983
21
-135.5124999999999886
0
LINE
8
BLACK
6
CONTINUOUS
10
92.3924999999999983
20
-135.5124999999999886
11
106.8924999999999983
21
-135.5124999999999886
0
LINE
8
BLACK
6
CONTINUOUS
10
106.8924999999999983
20
-135.5124999999999886
11
106.9116339999999923
21
-135.5163059999999859
0
LINE
8
BLACK
6
CONTINUOUS
10
92.4424999999999955
20
-135.6124999999999829
11
92.4424999999999955
21
-150.0124999999999886
0
LINE
8
BLACK
6
CONTINUOUS
10
92.4424999999999955
20
-150.0124999999999886
11
106.8425000000000011
21
-150.0124999999999886
0
LINE
8
BLACK
6
CONTINUOUS
10
106.8425000000000011
20
-150.0124999999999886
11
106.8425000000000011
21
-135.6124999999999829
0
LINE
8
BLACK
6
CONTINUOUS
10
106.8425000000000011
20
-135.6124999999999829
11
92.4424999999999955
21
-135.6124999999999829
0
LINE
8
BLACK
6
CONTINUOUS
10
49.7616340000000008
20
-125.9913059999999945
11
49.7886939999999996
21
-126.0183660000000003
0
LINE
8
BLACK
6
CONTINUOUS
10
49.7886939999999996
20
-126.0183660000000003
11
49.7924999999999969
21
-126.0374999999999943
0
LINE
8
BLACK
6
CONTINUOUS
10
49.7924999999999969
20
-126.0374999999999943
11
49.7924999999999969
21
-140.5374999999999943
0
LINE
8
BLACK
6
CONTINUOUS
10
49.7924999999999969
20
-140.5374999999999943
11
49.7886939999999996
21
-140.5566340000000025
0
LINE
8
BLACK
6
CONTINUOUS
10
49.7886939999999996
20
-140.5566340000000025
11
49.7616340000000008
21
-140.58369399999998
0
LINE
8
BLACK
6
CONTINUOUS
10
49.7616340000000008
20
-140.58369399999998
11
49.7424999999999997
21
-140.5875000000000057
0
LINE
8
BLACK
6
CONTINUOUS
10
49.7424999999999997
20
-140.5875000000000057
11
35.2424999999999997
21
-140.5875000000000057
0
LINE
8
BLACK
6
CONTINUOUS
10
35.2424999999999997
20
-140.5875000000000057
11
35.2233659999999986
21
-140.58369399999998
0
LINE
8
BLACK
6
CONTINUOUS
10
35.2233659999999986
20
-140.58369399999998
11
35.1963059999999999
21
-140.5566340000000025
0
LINE
8
BLACK
6
CONTINUOUS
10
35.1963059999999999
20
-140.5566340000000025
11
35.1924999999999955
21
-140.5374999999999943
0
LINE
8
BLACK
6
CONTINUOUS
10
35.1924999999999955
20
-140.5374999999999943
11
35.1924999999999955
21
-126.0374999999999943
0
LINE
8
BLACK
6
CONTINUOUS
10
35.1924999999999955
20
-126.0374999999999943
11
35.1963059999999999
21
-126.0183660000000003
0
LINE
8
BLACK
6
CONTINUOUS
10
35.1963059999999999
20
-126.0183660000000003
11
35.2233659999999986
21
-125.9913059999999945
0
LINE
8
BLACK
6
CONTINUOUS
10
35.2233659999999986
20
-125.9913059999999945
11
35.2424999999999997
21
-125.9874999999999972
0
LINE
8
BLACK
6
CONTINUOUS
10
35.2424999999999997
20
-125.9874999999999972
11
49.7424999999999997
21
-125.9874999999999972
0
LINE
8
BLACK
6
CONTINUOUS
10
49.7424999999999997
20
-125.9874999999999972
11
49.7616340000000008
21
-125.9913059999999945
0
LINE
8
BLACK
6
CONTINUOUS
10
35.2924999999999969
20
-126.0874999999999915
11
35.2924999999999969
21
-140.4874999999999829
0
LINE
8
BLACK
6
CONTINUOUS
10
35.2924999999999969
20
-140.4874999999999829
11
49.6924999999999955
21
-140.4874999999999829
0
LINE
8
BLACK
6
CONTINUOUS
10
49.6924999999999955
20
-140.4874999999999829
11
49.6924999999999955
21
-126.0874999999999915
0
LINE
8
BLACK
6
CONTINUOUS
10
49.6924999999999955
20
-126.0874999999999915
11
35.2924999999999969
21
-126.0874999999999915
0
LINE
8
BLACK
6
CONTINUOUS
10
145.0116339999999866
20
-125.9913059999999945
11
145.0386939999999925
21
-126.0183660000000003
0
LINE
8
BLACK
6
CONTINUOUS
10
145.0386939999999925
20
-126.0183660000000003
11
145.0424999999999898
21
-126.0374999999999943
0
LINE
8
BLACK
6
CONTINUOUS
10
145.0424999999999898
20
-126.0374999999999943
11
145.0424999999999898
21
-140.5374999999999943
0
LINE
8
BLACK
6
CONTINUOUS
10
145.0424999999999898
20
-140.5374999999999943
11
145.0386939999999925
21
-140.5566340000000025
0
LINE
8
BLACK
6
CONTINUOUS
10
145.0386939999999925
20
-140.5566340000000025
11
145.0116339999999866
21
-140.58369399999998
0
LINE
8
BLACK
6
CONTINUOUS
10
145.0116339999999866
20
-140.58369399999998
11
144.9925000000000068
21
-140.5875000000000057
0
LINE
8
BLACK
6
CONTINUOUS
10
144.9925000000000068
20
-140.5875000000000057
11
130.4925000000000068
21
-140.5875000000000057
0
LINE
8
BLACK
6
CONTINUOUS
10
130.4925000000000068
20
-140.5875000000000057
11
130.4733659999999986
21
-140.58369399999998
0
LINE
8
BLACK
6
CONTINUOUS
10
130.4733659999999986
20
-140.58369399999998
11
130.4463059999999928
21
-140.5566340000000025
0
LINE
8
BLACK
6
CONTINUOUS
10
130.4463059999999928
20
-140.5566340000000025
11
130.4424999999999955
21
-140.5374999999999943
0
LINE
8
BLACK
6
CONTINUOUS
10
130.4424999999999955
20
-140.5374999999999943
11
130.4424999999999955
21
-126.0374999999999943
0
LINE
8
BLACK
6
CONTINUOUS
10
130.4424999999999955
20
-126.0374999999999943
11
130.4463059999999928
21
-126.0183660000000003
0
LINE
8
BLACK
6
CONTINUOUS
10
130.4463059999999928
20
-126.0183660000000003
11
130.4733659999999986
21
-125.9913059999999945
0
LINE
8
BLACK
6
CONTINUOUS
10
130.4733659999999986
20
-125.9913059999999945
11
130.4925000000000068
21
-125.9874999999999972
0
LINE
8
BLACK
6
CONTINUOUS
10
130.4925000000000068
20
-125.9874999999999972
11
144.9925000000000068
21
-125.9874999999999972
0
LINE
8
BLACK
6
CONTINUOUS
10
144.9925000000000068
20
-125.9874999999999972
11
145.0116339999999866
21
-125.9913059999999945
0
LINE
8
BLACK
6
CONTINUOUS
10
130.5424999999999898
20
-126.0874999999999915
11
130.5424999999999898
21
-140.4874999999999829
0
LINE
8
BLACK
6
CONTINUOUS
10
130.5424999999999898
20
-140.4874999999999829
11
144.9424999999999955
21
-140.4874999999999829
0
LINE
8
BLACK
6
CONTINUOUS
10
144.9424999999999955
20
-140.4874999999999829
11
144.9424999999999955
21
-126.0874999999999915
0
LINE
8
BLACK
6
CONTINUOUS
10
144.9424999999999955
20
-126.0874999999999915
11
130.5424999999999898
21
-126.0874999999999915
0
LINE
8
BLACK
6
CONTINUOUS
10
68.811633999999998
20
-121.2288059999999916
11
68.8386940000000038
21
-121.2558659999999975
0
LINE
8
BLACK
6
CONTINUOUS
10
68.8386940000000038
20
-121.2558659999999975
11
68.8425000000000011
21
-121.2749999999999915
0
LINE
8
BLACK
6
CONTINUOUS
10
68.8425000000000011
20
-121.2749999999999915
11
68.8425000000000011
21
-135.7750000000000057
0
LINE
8
BLACK
6
CONTINUOUS
10
68.8425000000000011
20
-135.7750000000000057
11
68.8386940000000038
21
-135.7941339999999855
0
LINE
8
BLACK
6
CONTINUOUS
10
68.8386940000000038
20
-135.7941339999999855
11
68.811633999999998
21
-135.8211939999999913
0
LINE
8
BLACK
6
CONTINUOUS
10
68.811633999999998
20
-135.8211939999999913
11
68.792500000000004
21
-135.8249999999999886
0
LINE
8
BLACK
6
CONTINUOUS
10
68.792500000000004
20
-135.8249999999999886
11
54.2924999999999969
21
-135.8249999999999886
0
LINE
8
BLACK
6
CONTINUOUS
10
54.2924999999999969
20
-135.8249999999999886
11
54.2733659999999958
21
-135.8211939999999913
0
LINE
8
BLACK
6
CONTINUOUS
10
54.2733659999999958
20
-135.8211939999999913
11
54.246305999999997
21
-135.7941339999999855
0
LINE
8
BLACK
6
CONTINUOUS
10
54.246305999999997
20
-135.7941339999999855
11
54.2424999999999997
21
-135.7750000000000057
0
LINE
8
BLACK
6
CONTINUOUS
10
54.2424999999999997
20
-135.7750000000000057
11
54.2424999999999997
21
-121.2749999999999915
0
LINE
8
BLACK
6
CONTINUOUS
10
54.2424999999999997
20
-121.2749999999999915
11
54.246305999999997
21
-121.2558659999999975
0
LINE
8
BLACK
6
CONTINUOUS
10
54.246305999999997
20
-121.2558659999999975
11
54.2733659999999958
21
-121.2288059999999916
0
LINE
8
BLACK
6
CONTINUOUS
10
54.2733659999999958
20
-121.2288059999999916
11
54.2924999999999969
21
-121.2249999999999943
0
LINE
8
BLACK
6
CONTINUOUS
10
54.2924999999999969
20
-121.2249999999999943
11
68.792500000000004
21
-121.2249999999999943
0
LINE
8
BLACK
6
CONTINUOUS
10
68.792500000000004
20
-121.2249999999999943
11
68.811633999999998
21
-121.2288059999999916
0
LINE
8
BLACK
6
CONTINUOUS
10
54.342499999999994
20
-121.3249999999999886
11
54.342499999999994
21
-135.7249999999999943
0
LINE
8
BLACK
6
CONTINUOUS
10
54.342499999999994
20
-135.7249999999999943
11
68.7424999999999926
21
-135.7249999999999943
0
LINE
8
BLACK
6
CONTINUOUS
10
68.7424999999999926
20
-135.7249999999999943
11
68.7424999999999926
21
-121.3249999999999886
0
LINE
8
BLACK
6
CONTINUOUS
10
68.7424999999999926
20
-121.3249999999999886
11
54.342499999999994
21
-121.3249999999999886
0
LINE
8
BLACK
6
CONTINUOUS
10
125.9616339999999894
20
-121.2288059999999916
11
125.9886939999999953
21
-121.2558659999999975
0
LINE
8
BLACK
6
CONTINUOUS
10
125.9886939999999953
20
-121.2558659999999975
11
125.9924999999999926
21
-121.2749999999999915
0
LINE
8
BLACK
6
CONTINUOUS
10
125.9924999999999926
20
-121.2749999999999915
11
125.9924999999999926
21
-135.7750000000000057
0
LINE
8
BLACK
6
CONTINUOUS
10
125.9924999999999926
20
-135.7750000000000057
11
125.9886939999999953
21
-135.7941339999999855
0
LINE
8
BLACK
6
CONTINUOUS
10
125.9886939999999953
20
-135.7941339999999855
11
125.9616339999999894
21
-135.8211939999999913
0
LINE
8
BLACK
6
CONTINUOUS
10
125.9616339999999894
20
-135.8211939999999913
11
125.9424999999999955
21
-135.8249999999999886
0
LINE
8
BLACK
6
CONTINUOUS
10
125.9424999999999955
20
-135.8249999999999886
11
111.4424999999999955
21
-135.8249999999999886
0
LINE
8
BLACK
6
CONTINUOUS
10
111.4424999999999955
20
-135.8249999999999886
11
111.4233660000000015
21
-135.8211939999999913
0
LINE
8
BLACK
6
CONTINUOUS
10
111.4233660000000015
20
-135.8211939999999913
11
111.3963059999999956
21
-135.7941339999999855
0
LINE
8
BLACK
6
CONTINUOUS
10
111.3963059999999956
20
-135.7941339999999855
11
111.3924999999999983
21
-135.7750000000000057
0
LINE
8
BLACK
6
CONTINUOUS
10
111.3924999999999983
20
-135.7750000000000057
11
111.3924999999999983
21
-121.2749999999999915
0
LINE
8
BLACK
6
CONTINUOUS
10
111.3924999999999983
20
-121.2749999999999915
11
111.3963059999999956
21
-121.2558659999999975
0
LINE
8
BLACK
6
CONTINUOUS
10
111.3963059999999956
20
-121.2558659999999975
11
111.4233660000000015
21
-121.2288059999999916
0
LINE
8
BLACK
6
CONTINUOUS
10
111.4233660000000015
20
-121.2288059999999916
11
111.4424999999999955
21
-121.2249999999999943
0
LINE
8
BLACK
6
CONTINUOUS
10
111.4424999999999955
20
-121.2249999999999943
11
125.9424999999999955
21
-121.2249999999999943
0
LINE
8
BLACK
6
CONTINUOUS
10
125.9424999999999955
20
-121.2249999999999943
11
125.9616339999999894
21
-121.2288059999999916
0
LINE
8
BLACK
6
CONTINUOUS
10
111.4924999999999926
20
-121.3249999999999886
11
111.4924999999999926
21
-135.7249999999999943
0
LINE
8
BLACK
6
CONTINUOUS
10
111.4924999999999926
20
-135.7249999999999943
11
125.8924999999999983
21
-135.7249999999999943
0
LINE
8
BLACK
6
CONTINUOUS
10
125.8924999999999983
20
-135.7249999999999943
11
125.8924999999999983
21
-121.3249999999999886
0
LINE
8
BLACK
6
CONTINUOUS
10
125.8924999999999983
20
-121.3249999999999886
11
111.4924999999999926
21
-121.3249999999999886
0
LINE
8
BLACK
6
CONTINUOUS
10
87.8616339999999951
20
-116.4663059999999888
11
87.888694000000001
21
-116.4933659999999946
0
LINE
8
BLACK
6
CONTINUOUS
10
87.888694000000001
20
-116.4933659999999946
11
87.8924999999999983
21
-116.5124999999999886
0
LINE
8
BLACK
6
CONTINUOUS
10
87.8924999999999983
20
-116.5124999999999886
11
87.8924999999999983
21
-131.0124999999999886
0
LINE
8
BLACK
6
CONTINUOUS
10
87.8924999999999983
20
-131.0124999999999886
11
87.888694000000001
21
-131.0316339999999968
0
LINE
8
BLACK
6
CONTINUOUS
10
87.888694000000001
20
-131.0316339999999968
11
87.8616339999999951
21
-131.0586940000000027
0
LINE
8
BLACK
6
CONTINUOUS
10
87.8616339999999951
20
-131.0586940000000027
11
87.8425000000000011
21
-131.0625
0
LINE
8
BLACK
6
CONTINUOUS
10
87.8425000000000011
20
-131.0625
11
73.3425000000000011
21
-131.0625
0
LINE
8
BLACK
6
CONTINUOUS
10
73.3425000000000011
20
-131.0625
11
73.3233659999999929
21
-131.0586940000000027
0
LINE
8
BLACK
6
CONTINUOUS
10
73.3233659999999929
20
-131.0586940000000027
11
73.2963060000000013
21
-131.0316339999999968
0
LINE
8
BLACK
6
CONTINUOUS
10
73.2963060000000013
20
-131.0316339999999968
11
73.2924999999999898
21
-131.0124999999999886
0
LINE
8
BLACK
6
CONTINUOUS
10
73.2924999999999898
20
-131.0124999999999886
11
73.2924999999999898
21
-116.5124999999999886
0
LINE
8
BLACK
6
CONTINUOUS
10
73.2924999999999898
20
-116.5124999999999886
11
73.2963060000000013
21
-116.4933659999999946
0
LINE
8
BLACK
6
CONTINUOUS
10
73.2963060000000013
20
-116.4933659999999946
11
73.3233659999999929
21
-116.4663059999999888
0
LINE
8
BLACK
6
CONTINUOUS
10
73.3233659999999929
20
-116.4663059999999888
11
73.3425000000000011
21
-116.4624999999999915
0
LINE
8
BLACK
6
CONTINUOUS
10
73.3425000000000011
20
-116.4624999999999915
11
87.8425000000000011
21
-116.4624999999999915
0
LINE
8
BLACK
6
CONTINUOUS
10
87.8425000000000011
20
-116.4624999999999915
11
87.8616339999999951
21
-116.4663059999999888
0
LINE
8
BLACK
6
CONTINUOUS
10
73.3924999999999983
20
-116.5625
11
73.3924999999999983
21
-130.9625000000000057
0
LINE
8
BLACK
6
CONTINUOUS
10
73.3924999999999983
20
-130.9625000000000057
11
87.7924999999999898
21
-130.9625000000000057
0
LINE
8
BLACK
6
CONTINUOUS
10
87.7924999999999898
20
-130.9625000000000057
11
87.7924999999999898
21
-116.5625
0
LINE
8
BLACK
6
CONTINUOUS
10
87.7924999999999898
20
-116.5625
11
73.3924999999999983
21
-116.5625
0
LINE
8
BLACK
6
CONTINUOUS
10
106.9116339999999923
20
-116.4663059999999888
11
106.9386939999999981
21
-116.4933659999999946
0
LINE
8
BLACK
6
CONTINUOUS
10
106.9386939999999981
20
-116.4933659999999946
11
106.9424999999999955
21
-116.5124999999999886
0
LINE
8
BLACK
6
CONTINUOUS
10
106.9424999999999955
20
-116.5124999999999886
11
106.9424999999999955
21
-131.0124999999999886
0
LINE
8
BLACK
6
CONTINUOUS
10
106.9424999999999955
20
-131.0124999999999886
11
106.9386939999999981
21
-131.0316339999999968
0
LINE
8
BLACK
6
CONTINUOUS
10
106.9386939999999981
20
-131.0316339999999968
11
106.9116339999999923
21
-131.0586940000000027
0
LINE
8
BLACK
6
CONTINUOUS
10
106.9116339999999923
20
-131.0586940000000027
11
106.8924999999999983
21
-131.0625
0
LINE
8
BLACK
6
CONTINUOUS
10
106.8924999999999983
20
-131.0625
11
92.3924999999999983
21
-131.0625
0
LINE
8
BLACK
6
CONTINUOUS
10
92.3924999999999983
20
-131.0625
11
92.3733659999999901
21
-131.0586940000000027
0
LINE
8
BLACK
6
CONTINUOUS
10
92.3733659999999901
20
-131.0586940000000027
11
92.3463059999999984
21
-131.0316339999999968
0
LINE
8
BLACK
6
CONTINUOUS
10
92.3463059999999984
20
-131.0316339999999968
11
92.3425000000000011
21
-131.0124999999999886
0
LINE
8
BLACK
6
CONTINUOUS
10
92.3425000000000011
20
-131.0124999999999886
11
92.3425000000000011
21
-116.5124999999999886
0
LINE
8
BLACK
6
CONTINUOUS
10
92.3425000000000011
20
-116.5124999999999886
11
92.3463059999999984
21
-116.4933659999999946
0
LINE
8
BLACK
6
CONTINUOUS
10
92.3463059999999984
20
-116.4933659999999946
11
92.3733659999999901
21
-116.4663059999999888
0
LINE
8
BLACK
6
CONTINUOUS
10
92.3733659999999901
20
-116.4663059999999888
11
92.3924999999999983
21
-116.4624999999999915
0
LINE
8
BLACK
6
CONTINUOUS
10
92.3924999999999983
20
-116.4624999999999915
11
106.8924999999999983
21
-116.4624999999999915
0
LINE
8
BLACK
6
CONTINUOUS
10
106.8924999999999983
20
-116.4624999999999915
11
106.9116339999999923
21
-116.4663059999999888
0
LINE
8
BLACK
6
CONTINUOUS
10
92.4424999999999955
20
-116.5625
11
92.4424999999999955
21
-130.9625000000000057
0
LINE
8
BLACK
6
CONTINUOUS
10
92.4424999999999955
20
-130.9625000000000057
11
106.8425000000000011
21
-130.9625000000000057
0
LINE
8
BLACK
6
CONTINUOUS
10
106.8425000000000011
20
-130.9625000000000057
11
106.8425000000000011
21
-116.5625
0
LINE
8
BLACK
6
CONTINUOUS
10
106.8425000000000011
20
-116.5625
11
92.4424999999999955
21
-116.5625
0
LINE
8
BLACK
6
CONTINUOUS
10
49.7616340000000008
20
-106.9413059999999973
11
49.7886939999999996
21
-106.968365999999989
0
LINE
8
BLACK
6
CONTINUOUS
10
49.7886939999999996
20
-106.968365999999989
11
49.7924999999999969
21
-106.9874999999999972
0
LINE
8
BLACK
6
CONTINUOUS
10
49.7924999999999969
20
-106.9874999999999972
11
49.7924999999999969
21
-121.4874999999999972
0
LINE
8
BLACK
6
CONTINUOUS
10
49.7924999999999969
20
-121.4874999999999972
11
49.7886939999999996
21
-121.5066339999999911
0
LINE
8
BLACK
6
CONTINUOUS
10
49.7886939999999996
20
-121.5066339999999911
11
49.7616340000000008
21
-121.533693999999997
0
LINE
8
BLACK
6
CONTINUOUS
10
49.7616340000000008
20
-121.533693999999997
11
49.7424999999999997
21
-121.5374999999999943
0
LINE
8
BLACK
6
CONTINUOUS
10
49.7424999999999997
20
-121.5374999999999943
11
35.2424999999999997
21
-121.5374999999999943
0
LINE
8
BLACK
6
CONTINUOUS
10
35.2424999999999997
20
-121.5374999999999943
11
35.2233659999999986
21
-121.533693999999997
0
LINE
8
BLACK
6
CONTINUOUS
10
35.2233659999999986
20
-121.533693999999997
11
35.1963059999999999
21
-121.5066339999999911
0
LINE
8
BLACK
6
CONTINUOUS
10
35.1963059999999999
20
-121.5066339999999911
11
35.1924999999999955
21
-121.4874999999999972
0
LINE
8
BLACK
6
CONTINUOUS
10
35.1924999999999955
20
-121.4874999999999972
11
35.1924999999999955
21
-106.9874999999999972
0
LINE
8
BLACK
6
CONTINUOUS
10
35.1924999999999955
20
-106.9874999999999972
11
35.1963059999999999
21
-106.968365999999989
0
LINE
8
BLACK
6
CONTINUOUS
10
35.1963059999999999
20
-106.968365999999989
11
35.2233659999999986
21
-106.9413059999999973
0
LINE
8
BLACK
6
CONTINUOUS
10
35.2233659999999986
20
-106.9413059999999973
11
35.2424999999999997
21
-106.9375
0
LINE
8
BLACK
6
CONTINUOUS
10
35.2424999999999997
20
-106.9375
11
49.7424999999999997
21
-106.9375
0
LINE
8
BLACK
6
CONTINUOUS
10
49.7424999999999997
20
-106.9375
11
49.7616340000000008
21
-106.9413059999999973
0
LINE
8
BLACK
6
CONTINUOUS
10
35.2924999999999969
20
-107.0374999999999943
11
35.2924999999999969
21
-121.4375
0
LINE
8
BLACK
6
CONTINUOUS
10
35.2924999999999969
20
-121.4375
11
49.6924999999999955
21
-121.4375
0
LINE
8
BLACK
6
CONTINUOUS
10
49.6924999999999955
20
-121.4375
11
49.6924999999999955
21
-107.0374999999999943
0
LINE
8
BLACK
6
CONTINUOUS
10
49.6924999999999955
20
-107.0374999999999943
11
35.2924999999999969
21
-107.0374999999999943
0
LINE
8
BLACK
6
CONTINUOUS
10
145.0116339999999866
20
-106.9413059999999973
11
145.0386939999999925
21
-106.968365999999989
0
LINE
8
BLACK
6
CONTINUOUS
10
145.0386939999999925
20
-106.968365999999989
11
145.0424999999999898
21
-106.9874999999999972
0
LINE
8
BLACK
6
CONTINUOUS
10
145.0424999999999898
20
-106.9874999999999972
11
145.0424999999999898
21
-121.4874999999999972
0
LINE
8
BLACK
6
CONTINUOUS
10
145.0424999999999898
20
-121.4874999999999972
11
145.0386939999999925
21
-121.5066339999999911
0
LINE
8
BLACK
6
CONTINUOUS
10
145.0386939999999925
20
-121.5066339999999911
11
145.0116339999999866
21
-121.533693999999997
0
LINE
8
BLACK
6
CONTINUOUS
10
145.0116339999999866
20
-121.533693999999997
11
144.9925000000000068
21
-121.5374999999999943
0
LINE
8
BLACK
6
CONTINUOUS
10
144.9925000000000068
20
-121.5374999999999943
11
130.4925000000000068
21
-121.5374999999999943
0
LINE
8
BLACK
6
CONTINUOUS
10
130.4925000000000068
20
-121.5374999999999943
11
130.4733659999999986
21
-121.533693999999997
0
LINE
8
BLACK
6
CONTINUOUS
10
130.4733659999999986
20
-121.533693999999997
11
130.4463059999999928
21
-121.5066339999999911
0
LINE
8
BLACK
6
CONTINUOUS
10
130.4463059999999928
20
-121.5066339999999911
11
130.4424999999999955
21
-121.4874999999999972
0
LINE
8
BLACK
6
CONTINUOUS
10
130.4424999999999955
20
-121.4874999999999972
11
130.4424999999999955
21
-106.9874999999999972
0
LINE
8
BLACK
6
CONTINUOUS
10
130.4424999999999955
20
-106.9874999999999972
11
130.4463059999999928
21
-106.968365999999989
0
LINE
8
BLACK
6
CONTINUOUS
10
130.4463059999999928
20
-106.968365999999989
11
130.4733659999999986
21
-106.9413059999999973
0
LINE
8
BLACK
6
CONTINUOUS
10
130.4733659999999986
20
-106.9413059999999973
11
130.4925000000000068
21
-106.9375
0
LINE
8
BLACK
6
CONTINUOUS
10
130.4925000000000068
20
-106.9375
11
144.9925000000000068
21
-106.9375
0
LINE
8
BLACK
6
CONTINUOUS
10
144.9925000000000068
20
-106.9375
11
145.0116339999999866
21
-106.9413059999999973
0
LINE
8
BLACK
6
CONTINUOUS
10
130.5424999999999898
20
-107.0374999999999943
11
130.5424999999999898
21
-121.4375
0
LINE
8
BLACK
6
CONTINUOUS
10
130.5424999999999898
20
-121.4375
11
144.9424999999999955
21
-121.4375
0
LINE
8
BLACK
6
CONTINUOUS
10
144.9424999999999955
20
-121.4375
11
144.9424999999999955
21
-107.0374999999999943
0
LINE
8
BLACK
6
CONTINUOUS
10
144.9424999999999955
20
-107.0374999999999943
11
130.5424999999999898
21
-107.0374999999999943
0
LINE
8
BLACK
6
CONTINUOUS
10
68.811633999999998
20
-102.1788059999999945
11
68.8386940000000038
21
-102.2058660000000003
0
LINE
8
BLACK
6
CONTINUOUS
10
68.8386940000000038
20
-102.2058660000000003
11
68.8425000000000011
21
-102.2249999999999943
0
LINE
8
BLACK
6
CONTINUOUS
10
68.8425000000000011
20
-102.2249999999999943
11
68.8425000000000011
21
-116.7249999999999943
0
LINE
8
BLACK
6
CONTINUOUS
10
68.8425000000000011
20
-116.7249999999999943
11
68.8386940000000038
21
-116.7441339999999883
0
LINE
8
BLACK
6
CONTINUOUS
10
68.8386940000000038
20
-116.7441339999999883
11
68.811633999999998
21
-116.7711939999999942
0
LINE
8
BLACK
6
CONTINUOUS
10
68.811633999999998
20
-116.7711939999999942
11
68.792500000000004
21
-116.7749999999999915
0
LINE
8
BLACK
6
CONTINUOUS
10
68.792500000000004
20
-116.7749999999999915
11
54.2924999999999969
21
-116.7749999999999915
0
LINE
8
BLACK
6
CONTINUOUS
10
54.2924999999999969
20
-116.7749999999999915
11
54.2733659999999958
21
-116.7711939999999942
0
LINE
8
BLACK
6
CONTINUOUS
10
54.2733659999999958
20
-116.7711939999999942
11
54.246305999999997
21
-116.7441339999999883
0
LINE
8
BLACK
6
CONTINUOUS
10
54.246305999999997
20
-116.7441339999999883
11
54.2424999999999997
21
-116.7249999999999943
0
LINE
8
BLACK
6
CONTINUOUS
10
54.2424999999999997
20
-116.7249999999999943
11
54.2424999999999997
21
-102.2249999999999943
0
LINE
8
BLACK
6
CONTINUOUS
10
54.2424999999999997
20
-102.2249999999999943
11
54.246305999999997
21
-102.2058660000000003
0
LINE
8
BLACK
6
CONTINUOUS
10
54.246305999999997
20
-102.2058660000000003
11
54.2733659999999958
21
-102.1788059999999945
0
LINE
8
BLACK
6
CONTINUOUS
10
54.2733659999999958
20
-102.1788059999999945
11
54.2924999999999969
21
-102.1749999999999972
0
LINE
8
BLACK
6
CONTINUOUS
10
54.2924999999999969
20
-102.1749999999999972
11
68.792500000000004
21
-102.1749999999999972
0
LINE
8
BLACK
6
CONTINUOUS
10
68.792500000000004
20
-102.1749999999999972
11
68.811633999999998
21
-102.1788059999999945
0
LINE
8
BLACK
6
CONTINUOUS
10
54.342499999999994
20
-102.2749999999999915
11
54.342499999999994
21
-116.6749999999999972
0
LINE
8
BLACK
6
CONTINUOUS
10
54.342499999999994
20
-116.6749999999999972
11
68.7424999999999926
21
-116.6749999999999972
0
LINE
8
BLACK
6
CONTINUOUS
10
68.7424999999999926
20
-116.6749999999999972
11
68.7424999999999926
21
-102.2749999999999915
0
LINE
8
BLACK
6
CONTINUOUS
10
68.7424999999999926
20
-102.2749999999999915
11
54.342499999999994
21
-102.2749999999999915
0
LINE
8
BLACK
6
CONTINUOUS
10
125.9616339999999894
20
-102.1788059999999945
11
125.9886939999999953
21
-102.2058660000000003
0
LINE
8
BLACK
6
CONTINUOUS
10
125.9886939999999953
20
-102.2058660000000003
11
125.9924999999999926
21
-102.2249999999999943
0
LINE
8
BLACK
6
CONTINUOUS
10
125.9924999999999926
20
-102.2249999999999943
11
125.9924999999999926
21
-116.7249999999999943
0
LINE
8
BLACK
6
CONTINUOUS
10
125.9924999999999926
20
-116.7249999999999943
11
125.9886939999999953
21
-116.7441339999999883
0
LINE
8
BLACK
6
CONTINUOUS
10
125.9886939999999953
20
-116.7441339999999883
11
125.9616339999999894
21
-116.7711939999999942
0
LINE
8
BLACK
6
CONTINUOUS
10
125.9616339999999894
20
-116.7711939999999942
11
125.9424999999999955
21
-116.7749999999999915
0
LINE
8
BLACK
6
CONTINUOUS
10
125.9424999999999955
20
-116.7749999999999915
11
111.4424999999999955
21
-116.7749999999999915
0
LINE
8
BLACK
6
CONTINUOUS
10
111.4424999999999955
20
-116.7749999999999915
11
111.4233660000000015
21
-116.7711939999999942
0
LINE
8
BLACK
6
CONTINUOUS
10
111.4233660000000015
20
-116.7711939999999942
11
111.3963059999999956
21
-116.7441339999999883
0
LINE
8
BLACK
6
CONTINUOUS
10
111.3963059999999956
20
-116.7441339999999883
11
111.3924999999999983
21
-116.7249999999999943
0
LINE
8
BLACK
6
CONTINUOUS
10
111.3924999999999983
20
-116.7249999999999943
11
111.3924999999999983
21
-102.2249999999999943
0
LINE
8
BLACK
6
CONTINUOUS
10
111.3924999999999983
20
-102.2249999999999943
11
111.3963059999999956
21
-102.2058660000000003
0
LINE
8
BLACK
6
CONTINUOUS
10
111.3963059999999956
20
-102.2058660000000003
11
111.4233660000000015
21
-102.1788059999999945
0
LINE
8
BLACK
6
CONTINUOUS
10
111.4233660000000015
20
-102.1788059999999945
11
111.4424999999999955
21
-102.1749999999999972
0
LINE
8
BLACK
6
CONTINUOUS
10
111.4424999999999955
20
-102.1749999999999972
11
125.9424999999999955
21
-102.1749999999999972
0
LINE
8
BLACK
6
CONTINUOUS
10
125.9424999999999955
20
-102.1749999999999972
11
125.9616339999999894
21
-102.1788059999999945
0
LINE
8
BLACK
6
CONTINUOUS
10
111.4924999999999926
20
-102.2749999999999915
11
111.4924999999999926
21
-116.6749999999999972
0
LINE
8
BLACK
6
CONTINUOUS
10
111.4924999999999926
20
-116.6749999999999972
11
125.8924999999999983
21
-116.6749999999999972
0
LINE
8
BLACK
6
CONTINUOUS
10
125.8924999999999983
20
-116.6749999999999972
11
125.8924999999999983
21
-102.2749999999999915
0
LINE
8
BLACK
6
CONTINUOUS
10
125.8924999999999983
20
-102.2749999999999915
11
111.4924999999999926
21
-102.2749999999999915
0
LINE
8
BLACK
6
CONTINUOUS
10
87.8616339999999951
20
-97.4163059999999916
11
87.888694000000001
21
-97.4433659999999975
0
LINE
8
BLACK
6
CONTINUOUS
10
87.888694000000001
20
-97.4433659999999975
11
87.8924999999999983
21
-97.4624999999999915
0
LINE
8
BLACK
6
CONTINUOUS
10
87.8924999999999983
20
-97.4624999999999915
11
87.8924999999999983
21
-111.9624999999999915
0
LINE
8
BLACK
6
CONTINUOUS
10
87.8924999999999983
20
-111.9624999999999915
11
87.888694000000001
21
-111.9816339999999997
0
LINE
8
BLACK
6
CONTINUOUS
10
87.888694000000001
20
-111.9816339999999997
11
87.8616339999999951
21
-112.0086939999999913
0
LINE
8
BLACK
6
CONTINUOUS
10
87.8616339999999951
20
-112.0086939999999913
11
87.8425000000000011
21
-112.0124999999999886
0
LINE
8
BLACK
6
CONTINUOUS
10
87.8425000000000011
20
-112.0124999999999886
11
73.3425000000000011
21
-112.0124999999999886
0
LINE
8
BLACK
6
CONTINUOUS
10
73.3425000000000011
20
-112.0124999999999886
11
73.3233659999999929
21
-112.0086939999999913
0
LINE
8
BLACK
6
CONTINUOUS
10
73.3233659999999929
20
-112.0086939999999913
11
73.2963060000000013
21
-111.9816339999999997
0
LINE
8
BLACK
6
CONTINUOUS
10
73.2963060000000013
20
-111.9816339999999997
11
73.2924999999999898
21
-111.9624999999999915
0
LINE
8
BLACK
6
CONTINUOUS
10
73.2924999999999898
20
-111.9624999999999915
11
73.2924999999999898
21
-97.4624999999999915
0
LINE
8
BLACK
6
CONTINUOUS
10
73.2924999999999898
20
-97.4624999999999915
11
73.2963060000000013
21
-97.4433659999999975
0
LINE
8
BLACK
6
CONTINUOUS
10
73.2963060000000013
20
-97.4433659999999975
11
73.3233659999999929
21
-97.4163059999999916
0
LINE
8
BLACK
6
CONTINUOUS
10
73.3233659999999929
20
-97.4163059999999916
11
73.3425000000000011
21
-97.4124999999999943
0
LINE
8
BLACK
6
CONTINUOUS
10
73.3425000000000011
20
-97.4124999999999943
11
87.8425000000000011
21
-97.4124999999999943
0
LINE
8
BLACK
6
CONTINUOUS
10
87.8425000000000011
20
-97.4124999999999943
11
87.8616339999999951
21
-97.4163059999999916
0
LINE
8
BLACK
6
CONTINUOUS
10
73.3924999999999983
20
-97.5124999999999886
11
73.3924999999999983
21
-111.9124999999999943
0
LINE
8
BLACK
6
CONTINUOUS
10
73.3924999999999983
20
-111.9124999999999943
11
87.7924999999999898
21
-111.9124999999999943
0
LINE
8
BLACK
6
CONTINUOUS
10
87.7924999999999898
20
-111.9124999999999943
11
87.7924999999999898
21
-97.5124999999999886
0
LINE
8
BLACK
6
CONTINUOUS
10
87.7924999999999898
20
-97.5124999999999886
11
73.3924999999999983
21
-97.5124999999999886
0
LINE
8
BLACK
6
CONTINUOUS
10
106.9116339999999923
20
-97.4163059999999916
11
106.9386939999999981
21
-97.4433659999999975
0
LINE
8
BLACK
6
CONTINUOUS
10
106.9386939999999981
20
-97.4433659999999975
11
106.9424999999999955
21
-97.4624999999999915
0
LINE
8
BLACK
6
CONTINUOUS
10
106.9424999999999955
20
-97.4624999999999915
11
106.9424999999999955
21
-111.9624999999999915
0
LINE
8
BLACK
6
CONTINUOUS
10
106.9424999999999955
20
-111.9624999999999915
11
106.9386939999999981
21
-111.9816339999999997
0
LINE
8
BLACK
6
CONTINUOUS
10
106.9386939999999981
20
-111.9816339999999997
11
106.9116339999999923
21
-112.0086939999999913
0
LINE
8
BLACK
6
CONTINUOUS
10
106.9116339999999923
20
-112.0086939999999913
11
106.8924999999999983
21
-112.0124999999999886
0
LINE
8
BLACK
6
CONTINUOUS
10
106.8924999999999983
20
-112.0124999999999886
11
92.3924999999999983
21
-112.0124999999999886
0
LINE
8
BLACK
6
CONTINUOUS
10
92.3924999999999983
20
-112.0124999999999886
11
92.3733659999999901
21
-112.0086939999999913
0
LINE
8
BLACK
6
CONTINUOUS
10
92.3733659999999901
20
-112.0086939999999913
11
92.3463059999999984
21
-111.9816339999999997
0
LINE
8
BLACK
6
CONTINUOUS
10
92.3463059999999984
20
-111.9816339999999997
11
92.3425000000000011
21
-111.9624999999999915
0
LINE
8
BLACK
6
CONTINUOUS
10
92.3425000000000011
20
-111.9624999999999915
11
92.3425000000000011
21
-97.4624999999999915
0
LINE
8
BLACK
6
CONTINUOUS
10
92.3425000000000011
20
-97.4624999999999915
11
92.3463059999999984
21
-97.4433659999999975
0
LINE
8
BLACK
6
CONTINUOUS
10
92.3463059999999984
20
-97.4433659999999975
11
92.3733659999999901
21
-97.4163059999999916
0
LINE
8
BLACK
6
CONTINUOUS
10
92.3733659999999901
20
-97.4163059999999916
11
92.3924999999999983
21
-97.4124999999999943
0
LINE
8
BLACK
6
CONTINUOUS
10
92.3924999999999983
20
-97.4124999999999943
11
106.8924999999999983
21
-97.4124999999999943
0
LINE
8
BLACK
6
CONTINUOUS
10
106.8924999999999983
20
-97.4124999999999943
11
106.9116339999999923
21
-97.4163059999999916
0
LINE
8
BLACK
6
CONTINUOUS
10
92.4424999999999955
20
-97.5124999999999886
11
92.4424999999999955
21
-111.9124999999999943
0
LINE
8
BLACK
6
CONTINUOUS
10
92.4424999999999955
20
-111.9124999999999943
11
106.8425000000000011
21
-111.9124999999999943
0
LINE
8
BLACK
6
CONTINUOUS
10
106.8425000000000011
20
-111.9124999999999943
11
106.8425000000000011
21
-97.5124999999999886
0
LINE
8
BLACK
6
CONTINUOUS
10
106.8425000000000011
20
-97.5124999999999886
11
92.4424999999999955
21
-97.5124999999999886
0
LINE
8
BLACK
6
CONTINUOUS
10
49.7616340000000008
20
-87.8913060000000002
11
49.7886939999999996
21
-87.9183659999999918
0
LINE
8
BLACK
6
CONTINUOUS
10
49.7886939999999996
20
-87.9183659999999918
11
49.7924999999999969
21
-87.9375
0
LINE
8
BLACK
6
CONTINUOUS
10
49.7924999999999969
20
-87.9375
11
49.7924999999999969
21
-102.4375
0
LINE
8
BLACK
6
CONTINUOUS
10
49.7924999999999969
20
-102.4375
11
49.7886939999999996
21
-102.456633999999994
0
LINE
8
BLACK
6
CONTINUOUS
10
49.7886939999999996
20
-102.456633999999994
11
49.7616340000000008
21
-102.4836939999999998
0
LINE
8
BLACK
6
CONTINUOUS
10
49.7616340000000008
20
-102.4836939999999998
11
49.7424999999999997
21
-102.4874999999999972
0
LINE
8
BLACK
6
CONTINUOUS
10
49.7424999999999997
20
-102.4874999999999972
11
35.2424999999999997
21
-102.4874999999999972
0
LINE
8
BLACK
6
CONTINUOUS
10
35.2424999999999997
20
-102.4874999999999972
11
35.2233659999999986
21
-102.4836939999999998
0
LINE
8
BLACK
6
CONTINUOUS
10
35.2233659999999986
20
-102.4836939999999998
11
35.1963059999999999
21
-102.456633999999994
0
LINE
8
BLACK
6
CONTINUOUS
10
35.1963059999999999
20
-102.456633999999994
11
35.1924999999999955
21
-102.4375
0
LINE
8
BLACK
6
CONTINUOUS
10
35.1924999999999955
20
-102.4375
11
35.1924999999999955
21
-87.9375
0
LINE
8
BLACK
6
CONTINUOUS
10
35.1924999999999955
20
-87.9375
11
35.1963059999999999
21
-87.9183659999999918
0
LINE
8
BLACK
6
CONTINUOUS
10
35.1963059999999999
20
-87.9183659999999918
11
35.2233659999999986
21
-87.8913060000000002
0
LINE
8
BLACK
6
CONTINUOUS
10
35.2233659999999986
20
-87.8913060000000002
11
35.2424999999999997
21
-87.8875000000000028
0
LINE
8
BLACK
6
CONTINUOUS
10
35.2424999999999997
20
-87.8875000000000028
11
49.7424999999999997
21
-87.8875000000000028
0
LINE
8
BLACK
6
CONTINUOUS
10
49.7424999999999997
20
-87.8875000000000028
11
49.7616340000000008
21
-87.8913060000000002
0
LINE
8
BLACK
6
CONTINUOUS
10
35.2924999999999969
20
-87.9874999999999972
11
35.2924999999999969
21
-102.3874999999999886
0
LINE
8
BLACK
6
CONTINUOUS
10
35.2924999999999969
20
-102.3874999999999886
11
49.6924999999999955
21
-102.3874999999999886
0
LINE
8
BLACK
6
CONTINUOUS
10
49.6924999999999955
20
-102.3874999999999886
11
49.6924999999999955
21
-87.9874999999999972
0
LINE
8
BLACK
6
CONTINUOUS
10
49.6924999999999955
20
-87.9874999999999972
11
35.2924999999999969
21
-87.9874999999999972
0
LINE
8
BLACK
6
CONTINUOUS
10
145.0116339999999866
20
-87.8913060000000002
11
145.0386939999999925
21
-87.9183659999999918
0
LINE
8
BLACK
6
CONTINUOUS
10
145.0386939999999925
20
-87.9183659999999918
11
145.0424999999999898
21
-87.9375
0
LINE
8
BLACK
6
CONTINUOUS
10
145.0424999999999898
20
-87.9375
11
145.0424999999999898
21
-102.4375
0
LINE
8
BLACK
6
CONTINUOUS
10
145.0424999999999898
20
-102.4375
11
145.0386939999999925
21
-102.456633999999994
0
LINE
8
BLACK
6
CONTINUOUS
10
145.0386939999999925
20
-102.456633999999994
11
145.0116339999999866
21
-102.4836939999999998
0
LINE
8
BLACK
6
CONTINUOUS
10
145.0116339999999866
20
-102.4836939999999998
11
144.9925000000000068
21
-102.4874999999999972
0
LINE
8
BLACK
6
CONTINUOUS
10
144.9925000000000068
20
-102.4874999999999972
11
130.4925000000000068
21
-102.4874999999999972
0
LINE
8
BLACK
6
CONTINUOUS
10
130.4925000000000068
20
-102.4874999999999972
11
130.4733659999999986
21
-102.4836939999999998
0
LINE
8
BLACK
6
CONTINUOUS
10
130.4733659999999986
20
-102.4836939999999998
11
130.4463059999999928
21
-102.456633999999994
0
LINE
8
BLACK
6
CONTINUOUS
10
130.4463059999999928
20
-102.456633999999994
11
130.4424999999999955
21
-102.4375
0
LINE
8
BLACK
6
CONTINUOUS
10
130.4424999999999955
20
-102.4375
11
130.4424999999999955
21
-87.9375
0
LINE
8
BLACK
6
CONTINUOUS
10
130.4424999999999955
20
-87.9375
11
130.4463059999999928
21
-87.9183659999999918
0
LINE
8
BLACK
6
CONTINUOUS
10
130.4463059999999928
20
-87.9183659999999918
11
130.4733659999999986
21
-87.8913060000000002
0
LINE
8
BLACK
6
CONTINUOUS
10
130.4733659999999986
20
-87.8913060000000002
11
130.4925000000000068
21
-87.8875000000000028
0
LINE
8
BLACK
6
CONTINUOUS
10
130.4925000000000068
20
-87.8875000000000028
11
144.9925000000000068
21
-87.8875000000000028
0
LINE
8
BLACK
6
CONTINUOUS
10
144.9925000000000068
20
-87.8875000000000028
11
145.0116339999999866
21
-87.8913060000000002
0
LINE
8
BLACK
6
CONTINUOUS
10
130.5424999999999898
20
-87.9874999999999972
11
130.5424999999999898
21
-102.3874999999999886
0
LINE
8
BLACK
6
CONTINUOUS
10
130.5424999999999898
20
-102.3874999999999886
11
144.9424999999999955
21
-102.3874999999999886
0
LINE
8
BLACK
6
CONTINUOUS
10
144.9424999999999955
20
-102.3874999999999886
11
144.9424999999999955
21
-87.9874999999999972
0
LINE
8
BLACK
6
CONTINUOUS
10
144.9424999999999955
20
-87.9874999999999972
11
130.5424999999999898
21
-87.9874999999999972
0
LINE
8
BLACK
6
CONTINUOUS
10
68.811633999999998
20
-83.1288059999999973
11
68.8386940000000038
21
-83.1558660000000032
0
LINE
8
BLACK
6
CONTINUOUS
10
68.8386940000000038
20
-83.1558660000000032
11
68.8425000000000011
21
-83.1749999999999972
0
LINE
8
BLACK
6
CONTINUOUS
10
68.8425000000000011
20
-83.1749999999999972
11
68.8425000000000011
21
-97.6749999999999972
0
LINE
8
BLACK
6
CONTINUOUS
10
68.8425000000000011
20
-97.6749999999999972
11
68.8386940000000038
21
-97.6941339999999911
0
LINE
8
BLACK
6
CONTINUOUS
10
68.8386940000000038
20
-97.6941339999999911
11
68.811633999999998
21
-97.721193999999997
0
LINE
8
BLACK
6
CONTINUOUS
10
68.811633999999998
20
-97.721193999999997
11
68.792500000000004
21
-97.7249999999999943
0
LINE
8
BLACK
6
CONTINUOUS
10
68.792500000000004
20
-97.7249999999999943
11
54.2924999999999969
21
-97.7249999999999943
0
LINE
8
BLACK
6
CONTINUOUS
10
54.2924999999999969
20
-97.7249999999999943
11
54.2733659999999958
21
-97.721193999999997
0
LINE
8
BLACK
6
CONTINUOUS
10
54.2733659999999958
20
-97.721193999999997
11
54.246305999999997
21
-97.6941339999999911
0
LINE
8
BLACK
6
CONTINUOUS
10
54.246305999999997
20
-97.6941339999999911
11
54.2424999999999997
21
-97.6749999999999972
0
LINE
8
BLACK
6
CONTINUOUS
10
54.2424999999999997
20
-97.6749999999999972
11
54.2424999999999997
21
-83.1749999999999972
0
LINE
8
BLACK
6
CONTINUOUS
10
54.2424999999999997
20
-83.1749999999999972
11
54.246305999999997
21
-83.1558660000000032
0
LINE
8
BLACK
6
CONTINUOUS
10
54.246305999999997
20
-83.1558660000000032
11
54.2733659999999958
21
-83.1288059999999973
0
LINE
8
BLACK
6
CONTINUOUS
10
54.2733659999999958
20
-83.1288059999999973
11
54.2924999999999969
21
-83.125
0
LINE
8
BLACK
6
CONTINUOUS
10
54.2924999999999969
20
-83.125
11
68.792500000000004
21
-83.125
0
LINE
8
BLACK
6
CONTINUOUS
10
68.792500000000004
20
-83.125
11
68.811633999999998
21
-83.1288059999999973
0
LINE
8
BLACK
6
CONTINUOUS
10
54.342499999999994
20
-83.2249999999999943
11
54.342499999999994
21
-97.625
0
LINE
8
BLACK
6
CONTINUOUS
10
54.342499999999994
20
-97.625
11
68.7424999999999926
21
-97.625
0
LINE
8
BLACK
6
CONTINUOUS
10
68.7424999999999926
20
-97.625
11
68.7424999999999926
21
-83.2249999999999943
0
LINE
8
BLACK
6
CONTINUOUS
10
68.7424999999999926
20
-83.2249999999999943
11
54.342499999999994
21
-83.2249999999999943
0
LINE
8
BLACK
6
CONTINUOUS
10
125.9616339999999894
20
-83.1288059999999973
11
125.9886939999999953
21
-83.1558660000000032
0
LINE
8
BLACK
6
CONTINUOUS
10
125.9886939999999953
20
-83.1558660000000032
11
125.9924999999999926
21
-83.1749999999999972
0
LINE
8
BLACK
6
CONTINUOUS
10
125.9924999999999926
20
-83.1749999999999972
11
125.9924999999999926
21
-97.6749999999999972
0
LINE
8
BLACK
6
CONTINUOUS
10
125.9924999999999926
20
-97.6749999999999972
11
125.9886939999999953
21
-97.6941339999999911
0
LINE
8
BLACK
6
CONTINUOUS
10
125.9886939999999953
20
-97.6941339999999911
11
125.9616339999999894
21
-97.721193999999997
0
LINE
8
BLACK
6
CONTINUOUS
10
125.9616339999999894
20
-97.721193999999997
11
125.9424999999999955
21
-97.7249999999999943
0
LINE
8
BLACK
6
CONTINUOUS
10
125.9424999999999955
20
-97.7249999999999943
11
111.4424999999999955
21
-97.7249999999999943
0
LINE
8
BLACK
6
CONTINUOUS
10
111.4424999999999955
20
-97.7249999999999943
11
111.4233660000000015
21
-97.721193999999997
0
LINE
8
BLACK
6
CONTINUOUS
10
111.4233660000000015
20
-97.721193999999997
11
111.3963059999999956
21
-97.6941339999999911
0
LINE
8
BLACK
6
CONTINUOUS
10
111.3963059999999956
20
-97.6941339999999911
11
111.3924999999999983
21
-97.6749999999999972
0
LINE
8
BLACK
6
CONTINUOUS
10
111.3924999999999983
20
-97.6749999999999972
11
111.3924999999999983
21
-83.1749999999999972
0
LINE
8
BLACK
6
CONTINUOUS
10
111.3924999999999983
20
-83.1749999999999972
11
111.3963059999999956
21
-83.1558660000000032
0
LINE
8
BLACK
6
CONTINUOUS
10
111.3963059999999956
20
-83.1558660000000032
11
111.4233660000000015
21
-83.1288059999999973
0
LINE
8
BLACK
6
CONTINUOUS
10
111.4233660000000015
20
-83.1288059999999973
11
111.4424999999999955
21
-83.125
0
LINE
8
BLACK
6
CONTINUOUS
10
111.4424999999999955
20
-83.125
11
125.9424999999999955
21
-83.125
0
LINE
8
BLACK
6
CONTINUOUS
10
125.9424999999999955
20
-83.125
11
125.9616339999999894
21
-83.1288059999999973
0
LINE
8
BLACK
6
CONTINUOUS
10
111.4924999999999926
20
-83.2249999999999943
11
111.4924999999999926
21
-97.625
0
LINE
8
BLACK
6
CONTINUOUS
10
111.4924999999999926
20
-97.625
11
125.8924999999999983
21
-97.625
0
LINE
8
BLACK
6
CONTINUOUS
10
125.8924999999999983
20
-97.625
11
125.8924999999999983
21
-83.2249999999999943
0
LINE
8
BLACK
6
CONTINUOUS
10
125.8924999999999983
20
-83.2249999999999943
11
111.4924999999999926
21
-83.2249999999999943
0
LINE
8
BLACK
6
CONTINUOUS
10
87.8616339999999951
20
-78.3663059999999945
11
87.888694000000001
21
-78.3933660000000003
0
LINE
8
BLACK
6
CONTINUOUS
10
87.888694000000001
20
-78.3933660000000003
11
87.8924999999999983
21
-78.4124999999999943
0
LINE
8
BLACK
6
CONTINUOUS
10
87.8924999999999983
20
-78.4124999999999943
11
87.8924999999999983
21
-92.9124999999999943
0
LINE
8
BLACK
6
CONTINUOUS
10
87.8924999999999983
20
-92.9124999999999943
11
87.888694000000001
21
-92.9316340000000025
0
LINE
8
BLACK
6
CONTINUOUS
10
87.888694000000001
20
-92.9316340000000025
11
87.8616339999999951
21
-92.9586939999999942
0
LINE
8
BLACK
6
CONTINUOUS
10
87.8616339999999951
20
-92.9586939999999942
11
87.8425000000000011
21
-92.9624999999999915
0
LINE
8
BLACK
6
CONTINUOUS
10
87.8425000000000011
20
-92.9624999999999915
11
73.3425000000000011
21
-92.9624999999999915
0
LINE
8
BLACK
6
CONTINUOUS
10
73.3425000000000011
20
-92.9624999999999915
11
73.3233659999999929
21
-92.9586939999999942
0
LINE
8
BLACK
6
CONTINUOUS
10
73.3233659999999929
20
-92.9586939999999942
11
73.2963060000000013
21
-92.9316340000000025
0
LINE
8
BLACK
6
CONTINUOUS
10
73.2963060000000013
20
-92.9316340000000025
11
73.2924999999999898
21
-92.9124999999999943
0
LINE
8
BLACK
6
CONTINUOUS
10
73.2924999999999898
20
-92.9124999999999943
11
73.2924999999999898
21
-78.4124999999999943
0
LINE
8
BLACK
6
CONTINUOUS
10
73.2924999999999898
20
-78.4124999999999943
11
73.2963060000000013
21
-78.3933660000000003
0
LINE
8
BLACK
6
CONTINUOUS
10
73.2963060000000013
20
-78.3933660000000003
11
73.3233659999999929
21
-78.3663059999999945
0
LINE
8
BLACK
6
CONTINUOUS
10
73.3233659999999929
20
-78.3663059999999945
11
73.3425000000000011
21
-78.3624999999999972
0
LINE
8
BLACK
6
CONTINUOUS
10
73.3425000000000011
20
-78.3624999999999972
11
87.8425000000000011
21
-78.3624999999999972
0
LINE
8
BLACK
6
CONTINUOUS
10
87.8425000000000011
20
-78.3624999999999972
11
87.8616339999999951
21
-78.3663059999999945
0
LINE
8
BLACK
6
CONTINUOUS
10
73.3924999999999983
20
-78.4624999999999915
11
73.3924999999999983
21
-92.8624999999999972
0
LINE
8
BLACK
6
CONTINUOUS
10
73.3924999999999983
20
-92.8624999999999972
11
87.7924999999999898
21
-92.8624999999999972
0
LINE
8
BLACK
6
CONTINUOUS
10
87.7924999999999898
20
-92.8624999999999972
11
87.7924999999999898
21
-78.4624999999999915
0
LINE
8
BLACK
6
CONTINUOUS
10
87.7924999999999898
20
-78.4624999999999915
11
73.3924999999999983
21
-78.4624999999999915
0
LINE
8
BLACK
6
CONTINUOUS
10
106.9116339999999923
20
-78.3663059999999945
11
106.9386939999999981
21
-78.3933660000000003
0
LINE
8
BLACK
6
CONTINUOUS
10
106.9386939999999981
20
-78.3933660000000003
11
106.9424999999999955
21
-78.4124999999999943
0
LINE
8
BLACK
6
CONTINUOUS
10
106.9424999999999955
20
-78.4124999999999943
11
106.9424999999999955
21
-92.9124999999999943
0
LINE
8
BLACK
6
CONTINUOUS
10
106.9424999999999955
20
-92.9124999999999943
11
106.9386939999999981
21
-92.9316340000000025
0
LINE
8
BLACK
6
CONTINUOUS
10
106.9386939999999981
20
-92.9316340000000025
11
106.9116339999999923
21
-92.9586939999999942
0
LINE
8
BLACK
6
CONTINUOUS
10
106.9116339999999923
20
-92.9586939999999942
11
106.8924999999999983
21
-92.9624999999999915
0
LINE
8
BLACK
6
CONTINUOUS
10
106.8924999999999983
20
-92.9624999999999915
11
92.3924999999999983
21
-92.9624999999999915
0
LINE
8
BLACK
6
CONTINUOUS
10
92.3924999999999983
20
-92.9624999999999915
11
92.3733659999999901
21
-92.9586939999999942
0
LINE
8
BLACK
6
CONTINUOUS
10
92.3733659999999901
20
-92.9586939999999942
11
92.3463059999999984
21
-92.9316340000000025
0
LINE
8
BLACK
6
CONTINUOUS
10
92.3463059999999984
20
-92.9316340000000025
11
92.3425000000000011
21
-92.9124999999999943
0
LINE
8
BLACK
6
CONTINUOUS
10
92.3425000000000011
20
-92.9124999999999943
11
92.3425000000000011
21
-78.4124999999999943
0
LINE
8
BLACK
6
CONTINUOUS
10
92.3425000000000011
20
-78.4124999999999943
11
92.3463059999999984
21
-78.3933660000000003
0
LINE
8
BLACK
6
CONTINUOUS
10
92.3463059999999984
20
-78.3933660000000003
11
92.3733659999999901
21
-78.3663059999999945
0
LINE
8
BLACK
6
CONTINUOUS
10
92.3733659999999901
20
-78.3663059999999945
11
92.3924999999999983
21
-78.3624999999999972
0
LINE
8
BLACK
6
CONTINUOUS
10
92.3924999999999983
20
-78.3624999999999972
11
106.8924999999999983
21
-78.3624999999999972
0
LINE
8
BLACK
6
CONTINUOUS
10
106.8924999999999983
20
-78.3624999999999972
11
106.9116339999999923
21
-78.3663059999999945
0
LINE
8
BLACK
6
CONTINUOUS
10
92.4424999999999955
20
-78.4624999999999915
11
92.4424999999999955
21
-92.8624999999999972
0
LINE
8
BLACK
6
CONTINUOUS
10
92.4424999999999955
20
-92.8624999999999972
11
106.8425000000000011
21
-92.8624999999999972
0
LINE
8
BLACK
6
CONTINUOUS
10
106.8425000000000011
20
-92.8624999999999972
11
106.8425000000000011
21
-78.4624999999999915
0
LINE
8
BLACK
6
CONTINUOUS
10
106.8425000000000011
20
-78.4624999999999915
11
92.4424999999999955
21
-78.4624999999999915
0
LINE
8
BLACK
6
CONTINUOUS
10
166.0548239999999964
20
-115.2312599999999918
11
166.0622510000000034
21
-115.2312599999999918
0
LINE
8
BLACK
6
CONTINUOUS
10
166.0622510000000034
20
-115.2312599999999918
11
166.0690390000000036
21
-115.2340719999999976
0
LINE
8
BLACK
6
CONTINUOUS
10
166.0690390000000036
20
-115.2340719999999976
11
166.0762479999999925
21
-115.2354979999999927
0
LINE
8
BLACK
6
CONTINUOUS
10
166.0762479999999925
20
-115.2354979999999927
11
166.0824269999999956
21
-115.2396169999999955
0
LINE
8
BLACK
6
CONTINUOUS
10
166.0824269999999956
20
-115.2396169999999955
11
166.0892869999999846
21
-115.2424589999999966
0
LINE
8
BLACK
6
CONTINUOUS
10
166.0892869999999846
20
-115.2424589999999966
11
166.0944800000000043
21
-115.247651999999988
0
LINE
8
BLACK
6
CONTINUOUS
10
166.0944800000000043
20
-115.247651999999988
11
166.1005969999999934
21
-115.2517299999999949
0
LINE
8
BLACK
6
CONTINUOUS
10
166.1005969999999934
20
-115.2517299999999949
11
166.1047299999999893
21
-115.2579020000000014
0
LINE
8
BLACK
6
CONTINUOUS
10
166.1047299999999893
20
-115.2579020000000014
11
166.1099789999999814
21
-115.2631509999999935
0
LINE
8
BLACK
6
CONTINUOUS
10
166.1099789999999814
20
-115.2631509999999935
11
166.1127899999999897
21
-115.2699379999999962
0
LINE
8
BLACK
6
CONTINUOUS
10
166.1127899999999897
20
-115.2699379999999962
11
166.1168799999999806
21
-115.2760449999999963
0
LINE
8
BLACK
6
CONTINUOUS
10
166.1168799999999806
20
-115.2760449999999963
11
166.1183359999999993
21
-115.2833259999999882
0
LINE
8
BLACK
6
CONTINUOUS
10
166.1183359999999993
20
-115.2833259999999882
11
166.1211779999999862
21
-115.2901869999999889
0
LINE
8
BLACK
6
CONTINUOUS
10
166.1211779999999862
20
-115.2901869999999889
11
166.122602999999998
21
-115.3046629999999908
0
LINE
8
BLACK
6
CONTINUOUS
10
166.122602999999998
20
-115.3046629999999908
11
166.122618999999986
21
-115.3047399999999953
0
LINE
8
BLACK
6
CONTINUOUS
10
166.122618999999986
20
-115.3047399999999953
11
166.1226130000000012
21
-115.3047660000000008
0
LINE
8
BLACK
6
CONTINUOUS
10
166.1226130000000012
20
-115.3047660000000008
11
166.122618999999986
21
-115.3048189999999948
0
LINE
8
BLACK
6
CONTINUOUS
10
166.122618999999986
20
-115.3048189999999948
11
166.122618999999986
21
-116.2030439999999913
0
LINE
8
BLACK
6
CONTINUOUS
10
166.122618999999986
20
-116.2030439999999913
11
166.1570739999999944
21
-116.2030439999999913
0
LINE
8
BLACK
6
CONTINUOUS
10
166.1570739999999944
20
-116.2030439999999913
11
166.4692459999999983
21
-116.2382169999999917
0
LINE
8
BLACK
6
CONTINUOUS
10
166.4692459999999983
20
-116.2382169999999917
11
166.7755169999999794
21
-116.3081219999999973
0
LINE
8
BLACK
6
CONTINUOUS
10
166.7755169999999794
20
-116.3081219999999973
11
167.0720349999999996
21
-116.4118780000000015
0
LINE
8
BLACK
6
CONTINUOUS
10
167.0720349999999996
20
-116.4118780000000015
11
167.3550719999999785
21
-116.5481809999999996
0
LINE
8
BLACK
6
CONTINUOUS
10
167.3550719999999785
20
-116.5481809999999996
11
167.6210679999999797
21
-116.7153179999999963
0
LINE
8
BLACK
6
CONTINUOUS
10
167.6210679999999797
20
-116.7153179999999963
11
167.8666790000000049
21
-116.9111860000000007
0
LINE
8
BLACK
6
CONTINUOUS
10
167.8666790000000049
20
-116.9111860000000007
11
168.0888139999999851
21
-117.1333209999999951
0
LINE
8
BLACK
6
CONTINUOUS
10
168.0888139999999851
20
-117.1333209999999951
11
168.2846820000000037
21
-117.3789319999999918
0
LINE
8
BLACK
6
CONTINUOUS
10
168.2846820000000037
20
-117.3789319999999918
11
168.4518190000000004
21
-117.6449279999999931
0
LINE
8
BLACK
6
CONTINUOUS
10
168.4518190000000004
20
-117.6449279999999931
11
168.5881219999999985
21
-117.9279650000000004
0
LINE
8
BLACK
6
CONTINUOUS
10
168.5881219999999985
20
-117.9279650000000004
11
168.6918780000000027
21
-118.2244829999999922
0
LINE
8
BLACK
6
CONTINUOUS
10
168.6918780000000027
20
-118.2244829999999922
11
168.7617829999999799
21
-118.5307540000000017
0
LINE
8
BLACK
6
CONTINUOUS
10
168.7617829999999799
20
-118.5307540000000017
11
168.7969559999999944
21
-118.8429259999999914
0
LINE
8
BLACK
6
CONTINUOUS
10
168.7969559999999944
20
-118.8429259999999914
11
168.7969559999999944
21
-119.1570739999999944
0
LINE
8
BLACK
6
CONTINUOUS
10
168.7969559999999944
20
-119.1570739999999944
11
168.7617829999999799
21
-119.4692459999999983
0
LINE
8
BLACK
6
CONTINUOUS
10
168.7617829999999799
20
-119.4692459999999983
11
168.6918780000000027
21
-119.7755169999999936
0
LINE
8
BLACK
6
CONTINUOUS
10
168.6918780000000027
20
-119.7755169999999936
11
168.5881219999999985
21
-120.0720349999999996
0
LINE
8
BLACK
6
CONTINUOUS
10
168.5881219999999985
20
-120.0720349999999996
11
168.4518190000000004
21
-120.3550719999999927
0
LINE
8
BLACK
6
CONTINUOUS
10
168.4518190000000004
20
-120.3550719999999927
11
168.2846820000000037
21
-120.621067999999994
0
LINE
8
BLACK
6
CONTINUOUS
10
168.2846820000000037
20
-120.621067999999994
11
168.0888139999999851
21
-120.8666789999999907
0
LINE
8
BLACK
6
CONTINUOUS
10
168.0888139999999851
20
-120.8666789999999907
11
167.8666790000000049
21
-121.0888139999999993
0
LINE
8
BLACK
6
CONTINUOUS
10
167.8666790000000049
20
-121.0888139999999993
11
167.6210679999999797
21
-121.2846819999999894
0
LINE
8
BLACK
6
CONTINUOUS
10
167.6210679999999797
20
-121.2846819999999894
11
167.3550719999999785
21
-121.4518190000000004
0
LINE
8
BLACK
6
CONTINUOUS
10
167.3550719999999785
20
-121.4518190000000004
11
167.0720349999999996
21
-121.5881219999999985
0
LINE
8
BLACK
6
CONTINUOUS
10
167.0720349999999996
20
-121.5881219999999985
11
166.7755169999999794
21
-121.6918779999999884
0
LINE
8
BLACK
6
CONTINUOUS
10
166.7755169999999794
20
-121.6918779999999884
11
166.4692459999999983
21
-121.7617829999999941
0
LINE
8
BLACK
6
CONTINUOUS
10
166.4692459999999983
20
-121.7617829999999941
11
166.1570739999999944
21
-121.7969559999999944
0
LINE
8
BLACK
6
CONTINUOUS
10
166.1570739999999944
20
-121.7969559999999944
11
165.8429260000000056
21
-121.7969559999999944
0
LINE
8
BLACK
6
CONTINUOUS
10
165.8429260000000056
20
-121.7969559999999944
11
165.5307540000000017
21
-121.7617829999999941
0
LINE
8
BLACK
6
CONTINUOUS
10
165.5307540000000017
20
-121.7617829999999941
11
165.2244829999999922
21
-121.6918779999999884
0
LINE
8
BLACK
6
CONTINUOUS
10
165.2244829999999922
20
-121.6918779999999884
11
164.9279650000000004
21
-121.5881219999999985
0
LINE
8
BLACK
6
CONTINUOUS
10
164.9279650000000004
20
-121.5881219999999985
11
164.6449279999999931
21
-121.4518190000000004
0
LINE
8
BLACK
6
CONTINUOUS
10
164.6449279999999931
20
-121.4518190000000004
11
164.3789319999999918
21
-121.2846819999999894
0
LINE
8
BLACK
6
CONTINUOUS
10
164.3789319999999918
20
-121.2846819999999894
11
164.1333209999999951
21
-121.0888139999999993
0
LINE
8
BLACK
6
CONTINUOUS
10
164.1333209999999951
20
-121.0888139999999993
11
163.9111859999999865
21
-120.8666789999999907
0
LINE
8
BLACK
6
CONTINUOUS
10
163.9111859999999865
20
-120.8666789999999907
11
163.7153179999999963
21
-120.621067999999994
0
LINE
8
BLACK
6
CONTINUOUS
10
163.7153179999999963
20
-120.621067999999994
11
163.5481809999999996
21
-120.3550719999999927
0
LINE
8
BLACK
6
CONTINUOUS
10
163.5481809999999996
20
-120.3550719999999927
11
163.4118780000000015
21
-120.0720349999999996
0
LINE
8
BLACK
6
CONTINUOUS
10
163.4118780000000015
20
-120.0720349999999996
11
163.3081219999999973
21
-119.7755169999999936
0
LINE
8
BLACK
6
CONTINUOUS
10
163.3081219999999973
20
-119.7755169999999936
11
163.2382169999999917
21
-119.4692459999999983
0
LINE
8
BLACK
6
CONTINUOUS
10
163.2382169999999917
20
-119.4692459999999983
11
163.2030440000000056
21
-119.1570739999999944
0
LINE
8
BLACK
6
CONTINUOUS
10
163.2030440000000056
20
-119.1570739999999944
11
163.2030440000000056
21
-118.8482949999999931
0
LINE
8
BLACK
6
CONTINUOUS
10
163.2030440000000056
20
-118.8482949999999931
11
163.2030440000000056
21
-118.8429259999999914
0
LINE
8
BLACK
6
CONTINUOUS
10
163.2030440000000056
20
-118.8429259999999914
11
163.2382169999999917
21
-118.5307540000000017
0
LINE
8
BLACK
6
CONTINUOUS
10
163.2382169999999917
20
-118.5307540000000017
11
163.3081219999999973
21
-118.2244829999999922
0
LINE
8
BLACK
6
CONTINUOUS
10
163.3081219999999973
20
-118.2244829999999922
11
163.4118780000000015
21
-117.9279650000000004
0
LINE
8
BLACK
6
CONTINUOUS
10
163.4118780000000015
20
-117.9279650000000004
11
163.5481809999999996
21
-117.6449279999999931
0
LINE
8
BLACK
6
CONTINUOUS
10
163.5481809999999996
20
-117.6449279999999931
11
163.7153179999999963
21
-117.3789319999999918
0
LINE
8
BLACK
6
CONTINUOUS
10
163.7153179999999963
20
-117.3789319999999918
11
163.9111859999999865
21
-117.1333209999999951
0
LINE
8
BLACK
6
CONTINUOUS
10
163.9111859999999865
20
-117.1333209999999951
11
164.1333209999999951
21
-116.9111860000000007
0
LINE
8
BLACK
6
CONTINUOUS
10
164.1333209999999951
20
-116.9111860000000007
11
164.3789319999999918
21
-116.7153179999999963
0
LINE
8
BLACK
6
CONTINUOUS
10
164.3789319999999918
20
-116.7153179999999963
11
164.6449279999999931
21
-116.5481809999999996
0
LINE
8
BLACK
6
CONTINUOUS
10
164.6449279999999931
20
-116.5481809999999996
11
164.9279650000000004
21
-116.4118780000000015
0
LINE
8
BLACK
6
CONTINUOUS
10
164.9279650000000004
20
-116.4118780000000015
11
165.2244829999999922
21
-116.3081219999999973
0
LINE
8
BLACK
6
CONTINUOUS
10
165.2244829999999922
20
-116.3081219999999973
11
165.2583329999999933
21
-116.3003949999999946
0
LINE
8
BLACK
6
CONTINUOUS
10
165.2583329999999933
20
-116.3003949999999946
11
165.2583329999999933
21
-115.8560090000000002
0
LINE
8
BLACK
6
CONTINUOUS
10
165.2583329999999933
20
-115.8560090000000002
11
164.8369050000000016
21
-115.8560090000000002
0
LINE
8
BLACK
6
CONTINUOUS
10
164.8369050000000016
20
-115.8560090000000002
11
164.8369050000000016
21
-116.3048189999999948
0
LINE
8
BLACK
6
CONTINUOUS
10
164.8369050000000016
20
-116.3048189999999948
11
164.8354640000000018
21
-116.3194510000000008
0
LINE
8
BLACK
6
CONTINUOUS
10
164.8354640000000018
20
-116.3194510000000008
11
164.8242649999999969
21
-116.3464869999999962
0
LINE
8
BLACK
6
CONTINUOUS
10
164.8242649999999969
20
-116.3464869999999962
11
164.8035730000000001
21
-116.367178999999993
0
LINE
8
BLACK
6
CONTINUOUS
10
164.8035730000000001
20
-116.367178999999993
11
164.7765369999999905
21
-116.3783779999999979
0
LINE
8
BLACK
6
CONTINUOUS
10
164.7765369999999905
20
-116.3783779999999979
11
164.7472729999999785
21
-116.3783779999999979
0
LINE
8
BLACK
6
CONTINUOUS
10
164.7472729999999785
20
-116.3783779999999979
11
164.7202369999999974
21
-116.367178999999993
0
LINE
8
BLACK
6
CONTINUOUS
10
164.7202369999999974
20
-116.367178999999993
11
164.6995450000000005
21
-116.3464869999999962
0
LINE
8
BLACK
6
CONTINUOUS
10
164.6995450000000005
20
-116.3464869999999962
11
164.6883459999999957
21
-116.3194510000000008
0
LINE
8
BLACK
6
CONTINUOUS
10
164.6883459999999957
20
-116.3194510000000008
11
164.6869049999999959
21
-116.3048189999999948
0
LINE
8
BLACK
6
CONTINUOUS
10
164.6869049999999959
20
-116.3048189999999948
11
164.6869049999999959
21
-115.3048189999999948
0
LINE
8
BLACK
6
CONTINUOUS
10
164.6869049999999959
20
-115.3048189999999948
11
164.6883459999999957
21
-115.2901869999999889
0
LINE
8
BLACK
6
CONTINUOUS
10
164.6883459999999957
20
-115.2901869999999889
11
164.6995450000000005
21
-115.2631509999999935
0
LINE
8
BLACK
6
CONTINUOUS
10
164.6995450000000005
20
-115.2631509999999935
11
164.7202369999999974
21
-115.2424589999999966
0
LINE
8
BLACK
6
CONTINUOUS
10
164.7202369999999974
20
-115.2424589999999966
11
164.7472729999999785
21
-115.2312599999999918
0
LINE
8
BLACK
6
CONTINUOUS
10
164.7472729999999785
20
-115.2312599999999918
11
164.7765369999999905
21
-115.2312599999999918
0
LINE
8
BLACK
6
CONTINUOUS
10
164.7765369999999905
20
-115.2312599999999918
11
164.8035730000000001
21
-115.2424589999999966
0
LINE
8
BLACK
6
CONTINUOUS
10
164.8035730000000001
20
-115.2424589999999966
11
164.8242649999999969
21
-115.2631509999999935
0
LINE
8
BLACK
6
CONTINUOUS
10
164.8242649999999969
20
-115.2631509999999935
11
164.8354640000000018
21
-115.2901869999999889
0
LINE
8
BLACK
6
CONTINUOUS
10
164.8354640000000018
20
-115.2901869999999889
11
164.8369050000000016
21
-115.3048189999999948
0
LINE
8
BLACK
6
CONTINUOUS
10
164.8369050000000016
20
-115.3048189999999948
11
164.8369050000000016
21
-115.7060089999999946
0
LINE
8
BLACK
6
CONTINUOUS
10
164.8369050000000016
20
-115.7060089999999946
11
165.2583329999999933
21
-115.7060089999999946
0
LINE
8
BLACK
6
CONTINUOUS
10
165.2583329999999933
20
-115.7060089999999946
11
165.2583329999999933
21
-115.3048189999999948
0
LINE
8
BLACK
6
CONTINUOUS
10
165.2583329999999933
20
-115.3048189999999948
11
165.2597739999999931
21
-115.2901869999999889
0
LINE
8
BLACK
6
CONTINUOUS
10
165.2597739999999931
20
-115.2901869999999889
11
165.2709729999999979
21
-115.2631509999999935
0
LINE
8
BLACK
6
CONTINUOUS
10
165.2709729999999979
20
-115.2631509999999935
11
165.2916649999999947
21
-115.2424589999999966
0
LINE
8
BLACK
6
CONTINUOUS
10
165.2916649999999947
20
-115.2424589999999966
11
165.3187010000000043
21
-115.2312599999999918
0
LINE
8
BLACK
6
CONTINUOUS
10
165.3187010000000043
20
-115.2312599999999918
11
165.3479649999999879
21
-115.2312599999999918
0
LINE
8
BLACK
6
CONTINUOUS
10
165.3479649999999879
20
-115.2312599999999918
11
165.3750009999999975
21
-115.2424589999999966
0
LINE
8
BLACK
6
CONTINUOUS
10
165.3750009999999975
20
-115.2424589999999966
11
165.3956929999999943
21
-115.2631509999999935
0
LINE
8
BLACK
6
CONTINUOUS
10
165.3956929999999943
20
-115.2631509999999935
11
165.4068919999999991
21
-115.2901869999999889
0
LINE
8
BLACK
6
CONTINUOUS
10
165.4068919999999991
20
-115.2901869999999889
11
165.4083329999999989
21
-115.3048189999999948
0
LINE
8
BLACK
6
CONTINUOUS
10
165.4083329999999989
20
-115.3048189999999948
11
165.4083329999999989
21
-116.2661590000000018
0
LINE
8
BLACK
6
CONTINUOUS
10
165.4083329999999989
20
-116.2661590000000018
11
165.5307540000000017
21
-116.2382169999999917
0
LINE
8
BLACK
6
CONTINUOUS
10
165.5307540000000017
20
-116.2382169999999917
11
165.8429260000000056
21
-116.2030439999999913
0
LINE
8
BLACK
6
CONTINUOUS
10
165.8429260000000056
20
-116.2030439999999913
11
165.9726189999999804
21
-116.2030439999999913
0
LINE
8
BLACK
6
CONTINUOUS
10
165.9726189999999804
20
-116.2030439999999913
11
165.9726189999999804
21
-115.5335039999999935
0
LINE
8
BLACK
6
CONTINUOUS
10
165.9726189999999804
20
-115.5335039999999935
11
165.9101759999999786
21
-115.5959469999999953
0
LINE
8
BLACK
6
CONTINUOUS
10
165.9101759999999786
20
-115.5959469999999953
11
165.9044260000000008
21
-115.6006649999999922
0
LINE
8
BLACK
6
CONTINUOUS
10
165.9044260000000008
20
-115.6006649999999922
11
165.9031269999999836
21
-115.6021639999999877
0
LINE
8
BLACK
6
CONTINUOUS
10
165.9031269999999836
20
-115.6021639999999877
11
165.9008670000000052
21
-115.6035849999999954
0
LINE
8
BLACK
6
CONTINUOUS
10
165.9008670000000052
20
-115.6035849999999954
11
165.8988109999999949
21
-115.6052739999999943
0
LINE
8
BLACK
6
CONTINUOUS
10
165.8988109999999949
20
-115.6052739999999943
11
165.8969830000000059
21
-115.6060310000000015
0
LINE
8
BLACK
6
CONTINUOUS
10
165.8969830000000059
20
-115.6060310000000015
11
165.8906839999999931
21
-115.6099959999999953
0
LINE
8
BLACK
6
CONTINUOUS
10
165.8906839999999931
20
-115.6099959999999953
11
165.7954459999999983
21
-115.6576149999999927
0
LINE
8
BLACK
6
CONTINUOUS
10
165.7954459999999983
20
-115.6576149999999927
11
165.7817139999999938
21
-115.6628699999999981
0
LINE
8
BLACK
6
CONTINUOUS
10
165.7817139999999938
20
-115.6628699999999981
11
165.752523999999994
21
-115.6649439999999913
0
LINE
8
BLACK
6
CONTINUOUS
10
165.752523999999994
20
-115.6649439999999913
11
165.7247629999999958
21
-115.6556899999999928
0
LINE
8
BLACK
6
CONTINUOUS
10
165.7247629999999958
20
-115.6556899999999928
11
165.7026549999999929
21
-115.6365169999999978
0
LINE
8
BLACK
6
CONTINUOUS
10
165.7026549999999929
20
-115.6365169999999978
11
165.68956799999998
21
-115.6103419999999886
0
LINE
8
BLACK
6
CONTINUOUS
10
165.68956799999998
20
-115.6103419999999886
11
165.6874939999999867
21
-115.5811519999999888
0
LINE
8
BLACK
6
CONTINUOUS
10
165.6874939999999867
20
-115.5811519999999888
11
165.6967479999999853
21
-115.5533909999999906
0
LINE
8
BLACK
6
CONTINUOUS
10
165.6967479999999853
20
-115.5533909999999906
11
165.7159209999999803
21
-115.5312829999999877
0
LINE
8
BLACK
6
CONTINUOUS
10
165.7159209999999803
20
-115.5312829999999877
11
165.7283639999999991
21
-115.5234509999999943
0
LINE
8
BLACK
6
CONTINUOUS
10
165.7283639999999991
20
-115.5234509999999943
11
165.8127159999999947
21
-115.4812749999999966
0
LINE
8
BLACK
6
CONTINUOUS
10
165.8127159999999947
20
-115.4812749999999966
11
165.894094999999993
21
-115.3998959999999983
0
LINE
8
BLACK
6
CONTINUOUS
10
165.894094999999993
20
-115.3998959999999983
11
165.9852149999999824
21
-115.2632159999999999
0
LINE
8
BLACK
6
CONTINUOUS
10
165.9852149999999824
20
-115.2632159999999999
11
165.9852489999999818
21
-115.2631729999999948
0
LINE
8
BLACK
6
CONTINUOUS
10
165.9852489999999818
20
-115.2631729999999948
11
165.985258999999985
21
-115.2631509999999935
0
LINE
8
BLACK
6
CONTINUOUS
10
165.985258999999985
20
-115.2631509999999935
11
165.9853099999999984
21
-115.2630989999999969
0
LINE
8
BLACK
6
CONTINUOUS
10
165.9853099999999984
20
-115.2630989999999969
11
165.9945309999999949
21
-115.2518409999999989
0
LINE
8
BLACK
6
CONTINUOUS
10
165.9945309999999949
20
-115.2518409999999989
11
166.0006999999999948
21
-115.2477090000000004
0
LINE
8
BLACK
6
CONTINUOUS
10
166.0006999999999948
20
-115.2477090000000004
11
166.0059509999999818
21
-115.2424589999999966
0
LINE
8
BLACK
6
CONTINUOUS
10
166.0059509999999818
20
-115.2424589999999966
11
166.0127399999999795
21
-115.2396459999999934
0
LINE
8
BLACK
6
CONTINUOUS
10
166.0127399999999795
20
-115.2396459999999934
11
166.0188459999999964
21
-115.2355579999999975
0
LINE
8
BLACK
6
CONTINUOUS
10
166.0188459999999964
20
-115.2355579999999975
11
166.026126000000005
21
-115.2341009999999955
0
LINE
8
BLACK
6
CONTINUOUS
10
166.026126000000005
20
-115.2341009999999955
11
166.0329869999999914
21
-115.2312599999999918
0
LINE
8
BLACK
6
CONTINUOUS
10
166.0329869999999914
20
-115.2312599999999918
11
166.0403349999999989
21
-115.2312599999999918
0
LINE
8
BLACK
6
CONTINUOUS
10
166.0403349999999989
20
-115.2312599999999918
11
166.0475399999999979
21
-115.229818999999992
0
LINE
8
BLACK
6
CONTINUOUS
10
166.0475399999999979
20
-115.229818999999992
11
166.0548239999999964
21
-115.2312599999999918
0
LINE
8
BLACK
6
CONTINUOUS
10
163.2986369999999852
20
-119.1517049999999927
11
163.3326089999999908
21
-119.4532079999999894
0
LINE
8
BLACK
6
CONTINUOUS
10
163.3326089999999908
20
-119.4532079999999894
11
163.4001240000000053
21
-119.7490109999999959
0
LINE
8
BLACK
6
CONTINUOUS
10
163.4001240000000053
20
-119.7490109999999959
11
163.500333999999981
21
-120.0353959999999915
0
LINE
8
BLACK
6
CONTINUOUS
10
163.500333999999981
20
-120.0353959999999915
11
163.6319790000000012
21
-120.3087589999999949
0
LINE
8
BLACK
6
CONTINUOUS
10
163.6319790000000012
20
-120.3087589999999949
11
163.7934029999999836
21
-120.5656639999999982
0
LINE
8
BLACK
6
CONTINUOUS
10
163.7934029999999836
20
-120.5656639999999982
11
163.9825759999999946
21
-120.8028799999999876
0
LINE
8
BLACK
6
CONTINUOUS
10
163.9825759999999946
20
-120.8028799999999876
11
164.197119999999984
21
-121.0174239999999912
0
LINE
8
BLACK
6
CONTINUOUS
10
164.197119999999984
20
-121.0174239999999912
11
164.4343360000000018
21
-121.2065969999999879
0
LINE
8
BLACK
6
CONTINUOUS
10
164.4343360000000018
20
-121.2065969999999879
11
164.6912409999999909
21
-121.3680209999999988
0
LINE
8
BLACK
6
CONTINUOUS
10
164.6912409999999909
20
-121.3680209999999988
11
164.96460399999998
21
-121.4996659999999906
0
LINE
8
BLACK
6
CONTINUOUS
10
164.96460399999998
20
-121.4996659999999906
11
165.2509890000000041
21
-121.5998759999999947
0
LINE
8
BLACK
6
CONTINUOUS
10
165.2509890000000041
20
-121.5998759999999947
11
165.5467919999999822
21
-121.667390999999995
0
LINE
8
BLACK
6
CONTINUOUS
10
165.5467919999999822
20
-121.667390999999995
11
165.8482949999999789
21
-121.7013630000000006
0
LINE
8
BLACK
6
CONTINUOUS
10
165.8482949999999789
20
-121.7013630000000006
11
166.1517049999999927
21
-121.7013630000000006
0
LINE
8
BLACK
6
CONTINUOUS
10
166.1517049999999927
20
-121.7013630000000006
11
166.4532079999999894
21
-121.667390999999995
0
LINE
8
BLACK
6
CONTINUOUS
10
166.4532079999999894
20
-121.667390999999995
11
166.7490109999999959
21
-121.5998759999999947
0
LINE
8
BLACK
6
CONTINUOUS
10
166.7490109999999959
20
-121.5998759999999947
11
167.0353959999999915
21
-121.4996659999999906
0
LINE
8
BLACK
6
CONTINUOUS
10
167.0353959999999915
20
-121.4996659999999906
11
167.3087589999999807
21
-121.3680209999999988
0
LINE
8
BLACK
6
CONTINUOUS
10
167.3087589999999807
20
-121.3680209999999988
11
167.5656639999999982
21
-121.2065969999999879
0
LINE
8
BLACK
6
CONTINUOUS
10
167.5656639999999982
20
-121.2065969999999879
11
167.8028799999999876
21
-121.0174239999999912
0
LINE
8
BLACK
6
CONTINUOUS
10
167.8028799999999876
20
-121.0174239999999912
11
168.0174240000000054
21
-120.8028799999999876
0
LINE
8
BLACK
6
CONTINUOUS
10
168.0174240000000054
20
-120.8028799999999876
11
168.2065969999999879
21
-120.5656639999999982
0
LINE
8
BLACK
6
CONTINUOUS
10
168.2065969999999879
20
-120.5656639999999982
11
168.3680209999999988
21
-120.3087589999999949
0
LINE
8
BLACK
6
CONTINUOUS
10
168.3680209999999988
20
-120.3087589999999949
11
168.4996659999999906
21
-120.0353959999999915
0
LINE
8
BLACK
6
CONTINUOUS
10
168.4996659999999906
20
-120.0353959999999915
11
168.5998759999999947
21
-119.7490109999999959
0
LINE
8
BLACK
6
CONTINUOUS
10
168.5998759999999947
20
-119.7490109999999959
11
168.6673909999999807
21
-119.4532079999999894
0
LINE
8
BLACK
6
CONTINUOUS
10
168.6673909999999807
20
-119.4532079999999894
11
168.7013629999999864
21
-119.1517049999999927
0
LINE
8
BLACK
6
CONTINUOUS
10
168.7013629999999864
20
-119.1517049999999927
11
168.7013629999999864
21
-118.8482949999999931
0
LINE
8
BLACK
6
CONTINUOUS
10
168.7013629999999864
20
-118.8482949999999931
11
168.6673909999999807
21
-118.5467919999999964
0
LINE
8
BLACK
6
CONTINUOUS
10
168.6673909999999807
20
-118.5467919999999964
11
168.5998759999999947
21
-118.2509889999999899
0
LINE
8
BLACK
6
CONTINUOUS
10
168.5998759999999947
20
-118.2509889999999899
11
168.4996659999999906
21
-117.9646039999999942
0
LINE
8
BLACK
6
CONTINUOUS
10
168.4996659999999906
20
-117.9646039999999942
11
168.3680209999999988
21
-117.6912409999999909
0
LINE
8
BLACK
6
CONTINUOUS
10
168.3680209999999988
20
-117.6912409999999909
11
168.2065969999999879
21
-117.4343359999999876
0
LINE
8
BLACK
6
CONTINUOUS
10
168.2065969999999879
20
-117.4343359999999876
11
168.0174240000000054
21
-117.1971199999999982
0
LINE
8
BLACK
6
CONTINUOUS
10
168.0174240000000054
20
-117.1971199999999982
11
167.8028799999999876
21
-116.9825759999999946
0
LINE
8
BLACK
6
CONTINUOUS
10
167.8028799999999876
20
-116.9825759999999946
11
167.5656639999999982
21
-116.7934029999999979
0
LINE
8
BLACK
6
CONTINUOUS
10
167.5656639999999982
20
-116.7934029999999979
11
167.3087589999999807
21
-116.6319790000000012
0
LINE
8
BLACK
6
CONTINUOUS
10
167.3087589999999807
20
-116.6319790000000012
11
167.0353959999999915
21
-116.5003339999999952
0
LINE
8
BLACK
6
CONTINUOUS
10
167.0353959999999915
20
-116.5003339999999952
11
166.7490109999999959
21
-116.400123999999991
0
LINE
8
BLACK
6
CONTINUOUS
10
166.7490109999999959
20
-116.400123999999991
11
166.4532079999999894
21
-116.3326089999999908
0
LINE
8
BLACK
6
CONTINUOUS
10
166.4532079999999894
20
-116.3326089999999908
11
166.4037490000000048
21
-116.3270359999999926
0
LINE
8
BLACK
6
CONTINUOUS
10
166.4037490000000048
20
-116.3270359999999926
11
166.3956929999999943
21
-116.3464869999999962
0
LINE
8
BLACK
6
CONTINUOUS
10
166.3956929999999943
20
-116.3464869999999962
11
166.3750009999999975
21
-116.367178999999993
0
LINE
8
BLACK
6
CONTINUOUS
10
166.3750009999999975
20
-116.367178999999993
11
166.3479649999999879
21
-116.3783779999999979
0
LINE
8
BLACK
6
CONTINUOUS
10
166.3479649999999879
20
-116.3783779999999979
11
166.3333329999999819
21
-116.3798189999999977
0
LINE
8
BLACK
6
CONTINUOUS
10
166.3333329999999819
20
-116.3798189999999977
11
165.7619049999999845
21
-116.3798189999999977
0
LINE
8
BLACK
6
CONTINUOUS
10
165.7619049999999845
20
-116.3798189999999977
11
165.7472729999999785
21
-116.3783779999999979
0
LINE
8
BLACK
6
CONTINUOUS
10
165.7472729999999785
20
-116.3783779999999979
11
165.7202369999999974
21
-116.367178999999993
0
LINE
8
BLACK
6
CONTINUOUS
10
165.7202369999999974
20
-116.367178999999993
11
165.6995450000000005
21
-116.3464869999999962
0
LINE
8
BLACK
6
CONTINUOUS
10
165.6995450000000005
20
-116.3464869999999962
11
165.6883459999999957
21
-116.3194510000000008
0
LINE
8
BLACK
6
CONTINUOUS
10
165.6883459999999957
20
-116.3194510000000008
11
165.6883459999999957
21
-116.3166590000000014
0
LINE
8
BLACK
6
CONTINUOUS
10
165.6883459999999957
20
-116.3166590000000014
11
165.5467919999999822
21
-116.3326089999999908
0
LINE
8
BLACK
6
CONTINUOUS
10
165.5467919999999822
20
-116.3326089999999908
11
165.3500509999999792
21
-116.3775129999999933
0
LINE
8
BLACK
6
CONTINUOUS
10
165.3500509999999792
20
-116.3775129999999933
11
165.3479649999999879
21
-116.3783779999999979
0
LINE
8
BLACK
6
CONTINUOUS
10
165.3479649999999879
20
-116.3783779999999979
11
165.3462649999999883
21
-116.3783779999999979
0
LINE
8
BLACK
6
CONTINUOUS
10
165.3462649999999883
20
-116.3783779999999979
11
165.2509890000000041
21
-116.400123999999991
0
LINE
8
BLACK
6
CONTINUOUS
10
165.2509890000000041
20
-116.400123999999991
11
164.96460399999998
21
-116.5003339999999952
0
LINE
8
BLACK
6
CONTINUOUS
10
164.96460399999998
20
-116.5003339999999952
11
164.6912409999999909
21
-116.6319790000000012
0
LINE
8
BLACK
6
CONTINUOUS
10
164.6912409999999909
20
-116.6319790000000012
11
164.4343360000000018
21
-116.7934029999999979
0
LINE
8
BLACK
6
CONTINUOUS
10
164.4343360000000018
20
-116.7934029999999979
11
164.197119999999984
21
-116.9825759999999946
0
LINE
8
BLACK
6
CONTINUOUS
10
164.197119999999984
20
-116.9825759999999946
11
163.9825759999999946
21
-117.1971199999999982
0
LINE
8
BLACK
6
CONTINUOUS
10
163.9825759999999946
20
-117.1971199999999982
11
163.7934029999999836
21
-117.4343359999999876
0
LINE
8
BLACK
6
CONTINUOUS
10
163.7934029999999836
20
-117.4343359999999876
11
163.6319790000000012
21
-117.6912409999999909
0
LINE
8
BLACK
6
CONTINUOUS
10
163.6319790000000012
20
-117.6912409999999909
11
163.500333999999981
21
-117.9646039999999942
0
LINE
8
BLACK
6
CONTINUOUS
10
163.500333999999981
20
-117.9646039999999942
11
163.4001240000000053
21
-118.2509889999999899
0
LINE
8
BLACK
6
CONTINUOUS
10
163.4001240000000053
20
-118.2509889999999899
11
163.3326089999999908
21
-118.5467919999999964
0
LINE
8
BLACK
6
CONTINUOUS
10
163.3326089999999908
20
-118.5467919999999964
11
163.2986369999999852
21
-118.8482949999999931
0
LINE
8
BLACK
6
CONTINUOUS
10
163.2986369999999852
20
-118.8482949999999931
11
163.2986369999999852
21
-119.1517049999999927
0
LINE
8
BLACK
6
CONTINUOUS
10
166.9895229999999913
20
-115.1920429999999982
11
167.0116309999999942
21
-115.2112169999999907
0
LINE
8
BLACK
6
CONTINUOUS
10
167.0116309999999942
20
-115.2112169999999907
11
167.0247169999999812
21
-115.2373909999999881
0
LINE
8
BLACK
6
CONTINUOUS
10
167.0247169999999812
20
-115.2373909999999881
11
167.0267920000000004
21
-115.266580999999988
0
LINE
8
BLACK
6
CONTINUOUS
10
167.0267920000000004
20
-115.266580999999988
11
167.0235319999999888
21
-115.2809179999999998
0
LINE
8
BLACK
6
CONTINUOUS
10
167.0235319999999888
20
-115.2809179999999998
11
166.8183429999999987
21
-115.8964849999999984
0
LINE
8
BLACK
6
CONTINUOUS
10
166.8183429999999987
20
-115.8964849999999984
11
167.115476000000001
21
-115.8964849999999984
0
LINE
8
BLACK
6
CONTINUOUS
10
167.115476000000001
20
-115.8964849999999984
11
167.115476000000001
21
-115.6381519999999909
0
LINE
8
BLACK
6
CONTINUOUS
10
167.115476000000001
20
-115.6381519999999909
11
167.1169170000000008
21
-115.6235199999999992
0
LINE
8
BLACK
6
CONTINUOUS
10
167.1169170000000008
20
-115.6235199999999992
11
167.1281160000000057
21
-115.5964839999999896
0
LINE
8
BLACK
6
CONTINUOUS
10
167.1281160000000057
20
-115.5964839999999896
11
167.1488080000000025
21
-115.5757919999999928
0
LINE
8
BLACK
6
CONTINUOUS
10
167.1488080000000025
20
-115.5757919999999928
11
167.1758439999999837
21
-115.5645929999999879
0
LINE
8
BLACK
6
CONTINUOUS
10
167.1758439999999837
20
-115.5645929999999879
11
167.2051079999999956
21
-115.5645929999999879
0
LINE
8
BLACK
6
CONTINUOUS
10
167.2051079999999956
20
-115.5645929999999879
11
167.2321440000000052
21
-115.5757919999999928
0
LINE
8
BLACK
6
CONTINUOUS
10
167.2321440000000052
20
-115.5757919999999928
11
167.2528360000000021
21
-115.5964839999999896
0
LINE
8
BLACK
6
CONTINUOUS
10
167.2528360000000021
20
-115.5964839999999896
11
167.2640349999999785
21
-115.6235199999999992
0
LINE
8
BLACK
6
CONTINUOUS
10
167.2640349999999785
20
-115.6235199999999992
11
167.2654759999999783
21
-115.6381519999999909
0
LINE
8
BLACK
6
CONTINUOUS
10
167.2654759999999783
20
-115.6381519999999909
11
167.2654759999999783
21
-115.8964849999999984
0
LINE
8
BLACK
6
CONTINUOUS
10
167.2654759999999783
20
-115.8964849999999984
11
167.3333329999999819
21
-115.8964849999999984
0
LINE
8
BLACK
6
CONTINUOUS
10
167.3333329999999819
20
-115.8964849999999984
11
167.3479649999999879
21
-115.8979259999999982
0
LINE
8
BLACK
6
CONTINUOUS
10
167.3479649999999879
20
-115.8979259999999982
11
167.3750009999999975
21
-115.9091249999999889
0
LINE
8
BLACK
6
CONTINUOUS
10
167.3750009999999975
20
-115.9091249999999889
11
167.3956929999999943
21
-115.9298169999999999
0
LINE
8
BLACK
6
CONTINUOUS
10
167.3956929999999943
20
-115.9298169999999999
11
167.4068919999999991
21
-115.9568529999999953
0
LINE
8
BLACK
6
CONTINUOUS
10
167.4068919999999991
20
-115.9568529999999953
11
167.4068919999999991
21
-115.986116999999993
0
LINE
8
BLACK
6
CONTINUOUS
10
167.4068919999999991
20
-115.986116999999993
11
167.3956929999999943
21
-116.0131529999999884
0
LINE
8
BLACK
6
CONTINUOUS
10
167.3956929999999943
20
-116.0131529999999884
11
167.3750009999999975
21
-116.0338449999999995
0
LINE
8
BLACK
6
CONTINUOUS
10
167.3750009999999975
20
-116.0338449999999995
11
167.3479649999999879
21
-116.0450439999999901
0
LINE
8
BLACK
6
CONTINUOUS
10
167.3479649999999879
20
-116.0450439999999901
11
167.3333329999999819
21
-116.0464849999999899
0
LINE
8
BLACK
6
CONTINUOUS
10
167.3333329999999819
20
-116.0464849999999899
11
167.2654759999999783
21
-116.0464849999999899
0
LINE
8
BLACK
6
CONTINUOUS
10
167.2654759999999783
20
-116.0464849999999899
11
167.2654759999999783
21
-116.3048189999999948
0
LINE
8
BLACK
6
CONTINUOUS
10
167.2654759999999783
20
-116.3048189999999948
11
167.2640349999999785
21
-116.3194510000000008
0
LINE
8
BLACK
6
CONTINUOUS
10
167.2640349999999785
20
-116.3194510000000008
11
167.2528360000000021
21
-116.3464869999999962
0
LINE
8
BLACK
6
CONTINUOUS
10
167.2528360000000021
20
-116.3464869999999962
11
167.2321440000000052
21
-116.367178999999993
0
LINE
8
BLACK
6
CONTINUOUS
10
167.2321440000000052
20
-116.367178999999993
11
167.2051079999999956
21
-116.3783779999999979
0
LINE
8
BLACK
6
CONTINUOUS
10
167.2051079999999956
20
-116.3783779999999979
11
167.1758439999999837
21
-116.3783779999999979
0
LINE
8
BLACK
6
CONTINUOUS
10
167.1758439999999837
20
-116.3783779999999979
11
167.1488080000000025
21
-116.367178999999993
0
LINE
8
BLACK
6
CONTINUOUS
10
167.1488080000000025
20
-116.367178999999993
11
167.1281160000000057
21
-116.3464869999999962
0
LINE
8
BLACK
6
CONTINUOUS
10
167.1281160000000057
20
-116.3464869999999962
11
167.1169170000000008
21
-116.3194510000000008
0
LINE
8
BLACK
6
CONTINUOUS
10
167.1169170000000008
20
-116.3194510000000008
11
167.115476000000001
21
-116.3048189999999948
0
LINE
8
BLACK
6
CONTINUOUS
10
167.115476000000001
20
-116.3048189999999948
11
167.115476000000001
21
-116.0464849999999899
0
LINE
8
BLACK
6
CONTINUOUS
10
167.115476000000001
20
-116.0464849999999899
11
166.7142859999999871
21
-116.0464849999999899
0
LINE
8
BLACK
6
CONTINUOUS
10
166.7142859999999871
20
-116.0464849999999899
11
166.706879999999984
21
-116.0457549999999998
0
LINE
8
BLACK
6
CONTINUOUS
10
166.706879999999984
20
-116.0457549999999998
11
166.704905999999994
21
-116.045895999999999
0
LINE
8
BLACK
6
CONTINUOUS
10
166.704905999999994
20
-116.045895999999999
11
166.7034799999999848
21
-116.0454199999999929
0
LINE
8
BLACK
6
CONTINUOUS
10
166.7034799999999848
20
-116.0454199999999929
11
166.6996539999999811
21
-116.0450439999999901
0
LINE
8
BLACK
6
CONTINUOUS
10
166.6996539999999811
20
-116.0450439999999901
11
166.6885460000000023
21
-116.0404429999999962
0
LINE
8
BLACK
6
CONTINUOUS
10
166.6885460000000023
20
-116.0404429999999962
11
166.6771430000000009
21
-116.0366420000000005
0
LINE
8
BLACK
6
CONTINUOUS
10
166.6771430000000009
20
-116.0366420000000005
11
166.6751059999999995
21
-116.0348749999999995
0
LINE
8
BLACK
6
CONTINUOUS
10
166.6751059999999995
20
-116.0348749999999995
11
166.6726179999999999
21
-116.0338449999999995
0
LINE
8
BLACK
6
CONTINUOUS
10
166.6726179999999999
20
-116.0338449999999995
11
166.664118000000002
21
-116.0253450000000015
0
LINE
8
BLACK
6
CONTINUOUS
10
166.664118000000002
20
-116.0253450000000015
11
166.6550359999999955
21
-116.0174679999999938
0
LINE
8
BLACK
6
CONTINUOUS
10
166.6550359999999955
20
-116.0174679999999938
11
166.6538309999999967
21
-116.0150579999999962
0
LINE
8
BLACK
6
CONTINUOUS
10
166.6538309999999967
20
-116.0150579999999962
11
166.6519260000000031
21
-116.0131529999999884
0
LINE
8
BLACK
6
CONTINUOUS
10
166.6519260000000031
20
-116.0131529999999884
11
166.6473239999999976
21
-116.0020439999999979
0
LINE
8
BLACK
6
CONTINUOUS
10
166.6473239999999976
20
-116.0020439999999979
11
166.64194999999998
21
-115.9912949999999938
0
LINE
8
BLACK
6
CONTINUOUS
10
166.64194999999998
20
-115.9912949999999938
11
166.6417589999999791
21
-115.9886079999999993
0
LINE
8
BLACK
6
CONTINUOUS
10
166.6417589999999791
20
-115.9886079999999993
11
166.6407269999999983
21
-115.986116999999993
0
LINE
8
BLACK
6
CONTINUOUS
10
166.6407269999999983
20
-115.986116999999993
11
166.6407269999999983
21
-115.9740899999999897
0
LINE
8
BLACK
6
CONTINUOUS
10
166.6407269999999983
20
-115.9740899999999897
11
166.6398749999999893
21
-115.962104999999994
0
LINE
8
BLACK
6
CONTINUOUS
10
166.6398749999999893
20
-115.962104999999994
11
166.6407269999999983
21
-115.9583579999999898
0
LINE
8
BLACK
6
CONTINUOUS
10
166.6407269999999983
20
-115.9583579999999898
11
166.6407269999999983
21
-115.9568529999999953
0
LINE
8
BLACK
6
CONTINUOUS
10
166.6407269999999983
20
-115.9568529999999953
11
166.6414849999999888
21
-115.9550209999999879
0
LINE
8
BLACK
6
CONTINUOUS
10
166.6414849999999888
20
-115.9550209999999879
11
166.6431350000000009
21
-115.9477679999999964
0
LINE
8
BLACK
6
CONTINUOUS
10
166.6431350000000009
20
-115.9477679999999964
11
166.881229999999988
21
-115.2334829999999926
0
LINE
8
BLACK
6
CONTINUOUS
10
166.881229999999988
20
-115.2334829999999926
11
166.8872240000000033
21
-115.2200579999999945
0
LINE
8
BLACK
6
CONTINUOUS
10
166.8872240000000033
20
-115.2200579999999945
11
166.9063979999999958
21
-115.1979509999999891
0
LINE
8
BLACK
6
CONTINUOUS
10
166.9063979999999958
20
-115.1979509999999891
11
166.9325709999999958
21
-115.1848639999999904
0
LINE
8
BLACK
6
CONTINUOUS
10
166.9325709999999958
20
-115.1848639999999904
11
166.9617609999999956
21
-115.1827889999999996
0
LINE
8
BLACK
6
CONTINUOUS
10
166.9617609999999956
20
-115.1827889999999996
11
166.9895229999999913
21
-115.1920429999999982
0
LINE
8
BLACK
6
CONTINUOUS
10
154.224141000000003
20
-108.8348139999999944
11
154.4121810000000039
21
-108.8959119999999956
0
LINE
8
BLACK
6
CONTINUOUS
10
154.4121810000000039
20
-108.8959119999999956
11
154.5883479999999963
21
-108.9856729999999914
0
LINE
8
BLACK
6
CONTINUOUS
10
154.5883479999999963
20
-108.9856729999999914
11
154.7483049999999878
21
-109.1018879999999882
0
LINE
8
BLACK
6
CONTINUOUS
10
154.7483049999999878
20
-109.1018879999999882
11
154.8881120000000067
21
-109.2416949999999929
0
LINE
8
BLACK
6
CONTINUOUS
10
154.8881120000000067
20
-109.2416949999999929
11
155.0043269999999893
21
-109.4016519999999986
0
LINE
8
BLACK
6
CONTINUOUS
10
155.0043269999999893
20
-109.4016519999999986
11
155.0940879999999993
21
-109.577818999999991
0
LINE
8
BLACK
6
CONTINUOUS
10
155.0940879999999993
20
-109.577818999999991
11
155.1551859999999863
21
-109.7658589999999919
0
LINE
8
BLACK
6
CONTINUOUS
10
155.1551859999999863
20
-109.7658589999999919
11
155.1861159999999984
21
-109.9611419999999953
0
LINE
8
BLACK
6
CONTINUOUS
10
155.1861159999999984
20
-109.9611419999999953
11
155.1861159999999984
21
-110.1588579999999951
0
LINE
8
BLACK
6
CONTINUOUS
10
155.1861159999999984
20
-110.1588579999999951
11
155.1551859999999863
21
-110.3541409999999985
0
LINE
8
BLACK
6
CONTINUOUS
10
155.1551859999999863
20
-110.3541409999999985
11
155.0940879999999993
21
-110.5421809999999994
0
LINE
8
BLACK
6
CONTINUOUS
10
155.0940879999999993
20
-110.5421809999999994
11
155.0043269999999893
21
-110.7183479999999918
0
LINE
8
BLACK
6
CONTINUOUS
10
155.0043269999999893
20
-110.7183479999999918
11
154.8881120000000067
21
-110.8783049999999974
0
LINE
8
BLACK
6
CONTINUOUS
10
154.8881120000000067
20
-110.8783049999999974
11
154.7483049999999878
21
-111.0181119999999879
0
LINE
8
BLACK
6
CONTINUOUS
10
154.7483049999999878
20
-111.0181119999999879
11
154.5883479999999963
21
-111.134326999999999
0
LINE
8
BLACK
6
CONTINUOUS
10
154.5883479999999963
20
-111.134326999999999
11
154.4121810000000039
21
-111.2240879999999947
0
LINE
8
BLACK
6
CONTINUOUS
10
154.4121810000000039
20
-111.2240879999999947
11
154.224141000000003
21
-111.2851859999999959
0
LINE
8
BLACK
6
CONTINUOUS
10
154.224141000000003
20
-111.2851859999999959
11
154.0288579999999854
21
-111.3161159999999938
0
LINE
8
BLACK
6
CONTINUOUS
10
154.0288579999999854
20
-111.3161159999999938
11
153.8311419999999998
21
-111.3161159999999938
0
LINE
8
BLACK
6
CONTINUOUS
10
153.8311419999999998
20
-111.3161159999999938
11
153.6358589999999822
21
-111.2851859999999959
0
LINE
8
BLACK
6
CONTINUOUS
10
153.6358589999999822
20
-111.2851859999999959
11
153.4478189999999813
21
-111.2240879999999947
0
LINE
8
BLACK
6
CONTINUOUS
10
153.4478189999999813
20
-111.2240879999999947
11
153.2716519999999889
21
-111.134326999999999
0
LINE
8
BLACK
6
CONTINUOUS
10
153.2716519999999889
20
-111.134326999999999
11
153.1116949999999974
21
-111.0181119999999879
0
LINE
8
BLACK
6
CONTINUOUS
10
153.1116949999999974
20
-111.0181119999999879
11
152.971888000000007
21
-110.8783049999999974
0
LINE
8
BLACK
6
CONTINUOUS
10
152.971888000000007
20
-110.8783049999999974
11
152.8556729999999959
21
-110.7183479999999918
0
LINE
8
BLACK
6
CONTINUOUS
10
152.8556729999999959
20
-110.7183479999999918
11
152.7659119999999859
21
-110.5421809999999994
0
LINE
8
BLACK
6
CONTINUOUS
10
152.7659119999999859
20
-110.5421809999999994
11
152.7048139999999989
21
-110.3541409999999985
0
LINE
8
BLACK
6
CONTINUOUS
10
152.7048139999999989
20
-110.3541409999999985
11
152.6738839999999868
21
-110.1588579999999951
0
LINE
8
BLACK
6
CONTINUOUS
10
152.6738839999999868
20
-110.1588579999999951
11
152.6738839999999868
21
-109.9702799999999883
0
LINE
8
BLACK
6
CONTINUOUS
10
152.6738839999999868
20
-109.9702799999999883
11
152.6738839999999868
21
-109.9611419999999953
0
LINE
8
BLACK
6
CONTINUOUS
10
152.6738839999999868
20
-109.9611419999999953
11
152.7048139999999989
21
-109.7658589999999919
0
LINE
8
BLACK
6
CONTINUOUS
10
152.7048139999999989
20
-109.7658589999999919
11
152.7659119999999859
21
-109.577818999999991
0
LINE
8
BLACK
6
CONTINUOUS
10
152.7659119999999859
20
-109.577818999999991
11
152.8556729999999959
21
-109.4016519999999986
0
LINE
8
BLACK
6
CONTINUOUS
10
152.8556729999999959
20
-109.4016519999999986
11
152.971888000000007
21
-109.2416949999999929
0
LINE
8
BLACK
6
CONTINUOUS
10
152.971888000000007
20
-109.2416949999999929
11
153.1116949999999974
21
-109.1018879999999882
0
LINE
8
BLACK
6
CONTINUOUS
10
153.1116949999999974
20
-109.1018879999999882
11
153.2716519999999889
21
-108.9856729999999914
0
LINE
8
BLACK
6
CONTINUOUS
10
153.2716519999999889
20
-108.9856729999999914
11
153.4478189999999813
21
-108.8959119999999956
0
LINE
8
BLACK
6
CONTINUOUS
10
153.4478189999999813
20
-108.8959119999999956
11
153.6358589999999822
21
-108.8348139999999944
0
LINE
8
BLACK
6
CONTINUOUS
10
153.6358589999999822
20
-108.8348139999999944
11
153.8311419999999998
21
-108.8038839999999965
0
LINE
8
BLACK
6
CONTINUOUS
10
153.8311419999999998
20
-108.8038839999999965
11
154.0288579999999854
21
-108.8038839999999965
0
LINE
8
BLACK
6
CONTINUOUS
10
154.0288579999999854
20
-108.8038839999999965
11
154.224141000000003
21
-108.8348139999999944
0
LINE
8
BLACK
6
CONTINUOUS
10
152.789999999999992
20
-110.1497200000000021
11
152.8180710000000033
21
-110.326950999999994
0
LINE
8
BLACK
6
CONTINUOUS
10
152.8180710000000033
20
-110.326950999999994
11
152.8735209999999825
21
-110.4976079999999996
0
LINE
8
BLACK
6
CONTINUOUS
10
152.8735209999999825
20
-110.4976079999999996
11
152.9549849999999935
21
-110.6574899999999957
0
LINE
8
BLACK
6
CONTINUOUS
10
152.9549849999999935
20
-110.6574899999999957
11
153.0604569999999853
21
-110.8026599999999888
0
LINE
8
BLACK
6
CONTINUOUS
10
153.0604569999999853
20
-110.8026599999999888
11
153.1873400000000061
21
-110.9295429999999953
0
LINE
8
BLACK
6
CONTINUOUS
10
153.1873400000000061
20
-110.9295429999999953
11
153.332509999999985
21
-111.0350150000000014
0
LINE
8
BLACK
6
CONTINUOUS
10
153.332509999999985
20
-111.0350150000000014
11
153.4923919999999953
21
-111.1164789999999982
0
LINE
8
BLACK
6
CONTINUOUS
10
153.4923919999999953
20
-111.1164789999999982
11
153.6630490000000009
21
-111.1719289999999916
0
LINE
8
BLACK
6
CONTINUOUS
10
153.6630490000000009
20
-111.1719289999999916
11
153.840280000000007
21
-111.1999999999999886
0
LINE
8
BLACK
6
CONTINUOUS
10
153.840280000000007
20
-111.1999999999999886
11
154.0197200000000066
21
-111.1999999999999886
0
LINE
8
BLACK
6
CONTINUOUS
10
154.0197200000000066
20
-111.1999999999999886
11
154.1969509999999843
21
-111.1719289999999916
0
LINE
8
BLACK
6
CONTINUOUS
10
154.1969509999999843
20
-111.1719289999999916
11
154.3676079999999899
21
-111.1164789999999982
0
LINE
8
BLACK
6
CONTINUOUS
10
154.3676079999999899
20
-111.1164789999999982
11
154.5274900000000002
21
-111.0350150000000014
0
LINE
8
BLACK
6
CONTINUOUS
10
154.5274900000000002
20
-111.0350150000000014
11
154.6726599999999792
21
-110.9295429999999953
0
LINE
8
BLACK
6
CONTINUOUS
10
154.6726599999999792
20
-110.9295429999999953
11
154.7995429999999999
21
-110.8026599999999888
0
LINE
8
BLACK
6
CONTINUOUS
10
154.7995429999999999
20
-110.8026599999999888
11
154.9050149999999917
21
-110.6574899999999957
0
LINE
8
BLACK
6
CONTINUOUS
10
154.9050149999999917
20
-110.6574899999999957
11
154.9864790000000028
21
-110.4976079999999996
0
LINE
8
BLACK
6
CONTINUOUS
10
154.9864790000000028
20
-110.4976079999999996
11
155.0419289999999819
21
-110.326950999999994
0
LINE
8
BLACK
6
CONTINUOUS
10
155.0419289999999819
20
-110.326950999999994
11
155.0699999999999932
21
-110.1497200000000021
0
LINE
8
BLACK
6
CONTINUOUS
10
155.0699999999999932
20
-110.1497200000000021
11
155.0699999999999932
21
-109.9702799999999883
0
LINE
8
BLACK
6
CONTINUOUS
10
155.0699999999999932
20
-109.9702799999999883
11
155.0419289999999819
21
-109.7930489999999963
0
LINE
8
BLACK
6
CONTINUOUS
10
155.0419289999999819
20
-109.7930489999999963
11
154.9864790000000028
21
-109.6223919999999907
0
LINE
8
BLACK
6
CONTINUOUS
10
154.9864790000000028
20
-109.6223919999999907
11
154.9050149999999917
21
-109.4625099999999946
0
LINE
8
BLACK
6
CONTINUOUS
10
154.9050149999999917
20
-109.4625099999999946
11
154.7995429999999999
21
-109.3173400000000015
0
LINE
8
BLACK
6
CONTINUOUS
10
154.7995429999999999
20
-109.3173400000000015
11
154.6726599999999792
21
-109.190456999999995
0
LINE
8
BLACK
6
CONTINUOUS
10
154.6726599999999792
20
-109.190456999999995
11
154.5274900000000002
21
-109.084984999999989
0
LINE
8
BLACK
6
CONTINUOUS
10
154.5274900000000002
20
-109.084984999999989
11
154.3676079999999899
21
-109.0035209999999921
0
LINE
8
BLACK
6
CONTINUOUS
10
154.3676079999999899
20
-109.0035209999999921
11
154.1969509999999843
21
-108.9480709999999988
0
LINE
8
BLACK
6
CONTINUOUS
10
154.1969509999999843
20
-108.9480709999999988
11
154.0197200000000066
21
-108.9200000000000017
0
LINE
8
BLACK
6
CONTINUOUS
10
154.0197200000000066
20
-108.9200000000000017
11
153.840280000000007
21
-108.9200000000000017
0
LINE
8
BLACK
6
CONTINUOUS
10
153.840280000000007
20
-108.9200000000000017
11
153.6630490000000009
21
-108.9480709999999988
0
LINE
8
BLACK
6
CONTINUOUS
10
153.6630490000000009
20
-108.9480709999999988
11
153.4923919999999953
21
-109.0035209999999921
0
LINE
8
BLACK
6
CONTINUOUS
10
153.4923919999999953
20
-109.0035209999999921
11
153.332509999999985
21
-109.084984999999989
0
LINE
8
BLACK
6
CONTINUOUS
10
153.332509999999985
20
-109.084984999999989
11
153.1873400000000061
21
-109.190456999999995
0
LINE
8
BLACK
6
CONTINUOUS
10
153.1873400000000061
20
-109.190456999999995
11
153.0604569999999853
21
-109.3173400000000015
0
LINE
8
BLACK
6
CONTINUOUS
10
153.0604569999999853
20
-109.3173400000000015
11
152.9549849999999935
21
-109.4625099999999946
0
LINE
8
BLACK
6
CONTINUOUS
10
152.9549849999999935
20
-109.4625099999999946
11
152.8735209999999825
21
-109.6223919999999907
0
LINE
8
BLACK
6
CONTINUOUS
10
152.8735209999999825
20
-109.6223919999999907
11
152.8180710000000033
21
-109.7930489999999963
0
LINE
8
BLACK
6
CONTINUOUS
10
152.8180710000000033
20
-109.7930489999999963
11
152.789999999999992
21
-109.9702799999999883
0
LINE
8
BLACK
6
CONTINUOUS
10
152.789999999999992
20
-109.9702799999999883
11
152.789999999999992
21
-110.1497200000000021
0
LINE
8
BLACK
6
CONTINUOUS
10
150.974141000000003
20
-108.6548140000000018
11
151.1621810000000039
21
-108.7159119999999888
0
LINE
8
BLACK
6
CONTINUOUS
10
151.1621810000000039
20
-108.7159119999999888
11
151.3383479999999963
21
-108.8056729999999988
0
LINE
8
BLACK
6
CONTINUOUS
10
151.3383479999999963
20
-108.8056729999999988
11
151.4983049999999878
21
-108.9218879999999956
0
LINE
8
BLACK
6
CONTINUOUS
10
151.4983049999999878
20
-108.9218879999999956
11
151.6381120000000067
21
-109.0616950000000003
0
LINE
8
BLACK
6
CONTINUOUS
10
151.6381120000000067
20
-109.0616950000000003
11
151.7543269999999893
21
-109.2216519999999917
0
LINE
8
BLACK
6
CONTINUOUS
10
151.7543269999999893
20
-109.2216519999999917
11
151.8440879999999993
21
-109.3978189999999984
0
LINE
8
BLACK
6
CONTINUOUS
10
151.8440879999999993
20
-109.3978189999999984
11
151.9051859999999863
21
-109.5858589999999992
0
LINE
8
BLACK
6
CONTINUOUS
10
151.9051859999999863
20
-109.5858589999999992
11
151.9361159999999984
21
-109.7811419999999885
0
LINE
8
BLACK
6
CONTINUOUS
10
151.9361159999999984
20
-109.7811419999999885
11
151.9361159999999984
21
-109.9788579999999882
0
LINE
8
BLACK
6
CONTINUOUS
10
151.9361159999999984
20
-109.9788579999999882
11
151.9051859999999863
21
-110.1741409999999917
0
LINE
8
BLACK
6
CONTINUOUS
10
151.9051859999999863
20
-110.1741409999999917
11
151.8440879999999993
21
-110.3621809999999925
0
LINE
8
BLACK
6
CONTINUOUS
10
151.8440879999999993
20
-110.3621809999999925
11
151.7543269999999893
21
-110.5383479999999992
0
LINE
8
BLACK
6
CONTINUOUS
10
151.7543269999999893
20
-110.5383479999999992
11
151.6381120000000067
21
-110.6983049999999906
0
LINE
8
BLACK
6
CONTINUOUS
10
151.6381120000000067
20
-110.6983049999999906
11
151.4983049999999878
21
-110.8381119999999953
0
LINE
8
BLACK
6
CONTINUOUS
10
151.4983049999999878
20
-110.8381119999999953
11
151.3383479999999963
21
-110.9543269999999922
0
LINE
8
BLACK
6
CONTINUOUS
10
151.3383479999999963
20
-110.9543269999999922
11
151.1621810000000039
21
-111.0440879999999879
0
LINE
8
BLACK
6
CONTINUOUS
10
151.1621810000000039
20
-111.0440879999999879
11
150.974141000000003
21
-111.1051859999999891
0
LINE
8
BLACK
6
CONTINUOUS
10
150.974141000000003
20
-111.1051859999999891
11
150.7788579999999854
21
-111.1361160000000012
0
LINE
8
BLACK
6
CONTINUOUS
10
150.7788579999999854
20
-111.1361160000000012
11
150.5811419999999998
21
-111.1361160000000012
0
LINE
8
BLACK
6
CONTINUOUS
10
150.5811419999999998
20
-111.1361160000000012
11
150.3858589999999822
21
-111.1051859999999891
0
LINE
8
BLACK
6
CONTINUOUS
10
150.3858589999999822
20
-111.1051859999999891
11
150.1978189999999813
21
-111.0440879999999879
0
LINE
8
BLACK
6
CONTINUOUS
10
150.1978189999999813
20
-111.0440879999999879
11
150.0216519999999889
21
-110.9543269999999922
0
LINE
8
BLACK
6
CONTINUOUS
10
150.0216519999999889
20
-110.9543269999999922
11
149.8616949999999974
21
-110.8381119999999953
0
LINE
8
BLACK
6
CONTINUOUS
10
149.8616949999999974
20
-110.8381119999999953
11
149.721888000000007
21
-110.6983049999999906
0
LINE
8
BLACK
6
CONTINUOUS
10
149.721888000000007
20
-110.6983049999999906
11
149.6056729999999959
21
-110.5383479999999992
0
LINE
8
BLACK
6
CONTINUOUS
10
149.6056729999999959
20
-110.5383479999999992
11
149.5159119999999859
21
-110.3621809999999925
0
LINE
8
BLACK
6
CONTINUOUS
10
149.5159119999999859
20
-110.3621809999999925
11
149.4548139999999989
21
-110.1741409999999917
0
LINE
8
BLACK
6
CONTINUOUS
10
149.4548139999999989
20
-110.1741409999999917
11
149.4238839999999868
21
-109.9788579999999882
0
LINE
8
BLACK
6
CONTINUOUS
10
149.4238839999999868
20
-109.9788579999999882
11
149.4238839999999868
21
-109.7902799999999957
0
LINE
8
BLACK
6
CONTINUOUS
10
149.4238839999999868
20
-109.7902799999999957
11
149.4238839999999868
21
-109.7811419999999885
0
LINE
8
BLACK
6
CONTINUOUS
10
149.4238839999999868
20
-109.7811419999999885
11
149.4548139999999989
21
-109.5858589999999992
0
LINE
8
BLACK
6
CONTINUOUS
10
149.4548139999999989
20
-109.5858589999999992
11
149.5159119999999859
21
-109.3978189999999984
0
LINE
8
BLACK
6
CONTINUOUS
10
149.5159119999999859
20
-109.3978189999999984
11
149.6056729999999959
21
-109.2216519999999917
0
LINE
8
BLACK
6
CONTINUOUS
10
149.6056729999999959
20
-109.2216519999999917
11
149.721888000000007
21
-109.0616950000000003
0
LINE
8
BLACK
6
CONTINUOUS
10
149.721888000000007
20
-109.0616950000000003
11
149.8616949999999974
21
-108.9218879999999956
0
LINE
8
BLACK
6
CONTINUOUS
10
149.8616949999999974
20
-108.9218879999999956
11
150.0216519999999889
21
-108.8056729999999988
0
LINE
8
BLACK
6
CONTINUOUS
10
150.0216519999999889
20
-108.8056729999999988
11
150.1978189999999813
21
-108.7159119999999888
0
LINE
8
BLACK
6
CONTINUOUS
10
150.1978189999999813
20
-108.7159119999999888
11
150.3858589999999822
21
-108.6548140000000018
0
LINE
8
BLACK
6
CONTINUOUS
10
150.3858589999999822
20
-108.6548140000000018
11
150.5811419999999998
21
-108.6238839999999897
0
LINE
8
BLACK
6
CONTINUOUS
10
150.5811419999999998
20
-108.6238839999999897
11
150.7788579999999854
21
-108.6238839999999897
0
LINE
8
BLACK
6
CONTINUOUS
10
150.7788579999999854
20
-108.6238839999999897
11
150.974141000000003
21
-108.6548140000000018
0
LINE
8
BLACK
6
CONTINUOUS
10
149.539999999999992
20
-109.9697199999999953
11
149.5680710000000033
21
-110.1469510000000014
0
LINE
8
BLACK
6
CONTINUOUS
10
149.5680710000000033
20
-110.1469510000000014
11
149.6235209999999825
21
-110.3176079999999928
0
LINE
8
BLACK
6
CONTINUOUS
10
149.6235209999999825
20
-110.3176079999999928
11
149.7049849999999935
21
-110.4774899999999889
0
LINE
8
BLACK
6
CONTINUOUS
10
149.7049849999999935
20
-110.4774899999999889
11
149.8104569999999853
21
-110.6226599999999962
0
LINE
8
BLACK
6
CONTINUOUS
10
149.8104569999999853
20
-110.6226599999999962
11
149.9373400000000061
21
-110.7495429999999885
0
LINE
8
BLACK
6
CONTINUOUS
10
149.9373400000000061
20
-110.7495429999999885
11
150.082509999999985
21
-110.8550149999999945
0
LINE
8
BLACK
6
CONTINUOUS
10
150.082509999999985
20
-110.8550149999999945
11
150.2423919999999953
21
-110.9364789999999914
0
LINE
8
BLACK
6
CONTINUOUS
10
150.2423919999999953
20
-110.9364789999999914
11
150.4130490000000009
21
-110.991928999999999
0
LINE
8
BLACK
6
CONTINUOUS
10
150.4130490000000009
20
-110.991928999999999
11
150.590280000000007
21
-111.019999999999996
0
LINE
8
BLACK
6
CONTINUOUS
10
150.590280000000007
20
-111.019999999999996
11
150.7697200000000066
21
-111.019999999999996
0
LINE
8
BLACK
6
CONTINUOUS
10
150.7697200000000066
20
-111.019999999999996
11
150.9469509999999843
21
-110.991928999999999
0
LINE
8
BLACK
6
CONTINUOUS
10
150.9469509999999843
20
-110.991928999999999
11
151.1176079999999899
21
-110.9364789999999914
0
LINE
8
BLACK
6
CONTINUOUS
10
151.1176079999999899
20
-110.9364789999999914
11
151.2774900000000002
21
-110.8550149999999945
0
LINE
8
BLACK
6
CONTINUOUS
10
151.2774900000000002
20
-110.8550149999999945
11
151.4226599999999792
21
-110.7495429999999885
0
LINE
8
BLACK
6
CONTINUOUS
10
151.4226599999999792
20
-110.7495429999999885
11
151.5495429999999999
21
-110.6226599999999962
0
LINE
8
BLACK
6
CONTINUOUS
10
151.5495429999999999
20
-110.6226599999999962
11
151.6550149999999917
21
-110.4774899999999889
0
LINE
8
BLACK
6
CONTINUOUS
10
151.6550149999999917
20
-110.4774899999999889
11
151.7364790000000028
21
-110.3176079999999928
0
LINE
8
BLACK
6
CONTINUOUS
10
151.7364790000000028
20
-110.3176079999999928
11
151.7919289999999819
21
-110.1469510000000014
0
LINE
8
BLACK
6
CONTINUOUS
10
151.7919289999999819
20
-110.1469510000000014
11
151.8199999999999932
21
-109.9697199999999953
0
LINE
8
BLACK
6
CONTINUOUS
10
151.8199999999999932
20
-109.9697199999999953
11
151.8199999999999932
21
-109.7902799999999957
0
LINE
8
BLACK
6
CONTINUOUS
10
151.8199999999999932
20
-109.7902799999999957
11
151.7919289999999819
21
-109.6130489999999895
0
LINE
8
BLACK
6
CONTINUOUS
10
151.7919289999999819
20
-109.6130489999999895
11
151.7364790000000028
21
-109.4423919999999981
0
LINE
8
BLACK
6
CONTINUOUS
10
151.7364790000000028
20
-109.4423919999999981
11
151.6550149999999917
21
-109.282510000000002
0
LINE
8
BLACK
6
CONTINUOUS
10
151.6550149999999917
20
-109.282510000000002
11
151.5495429999999999
21
-109.1373399999999947
0
LINE
8
BLACK
6
CONTINUOUS
10
151.5495429999999999
20
-109.1373399999999947
11
151.4226599999999792
21
-109.0104569999999882
0
LINE
8
BLACK
6
CONTINUOUS
10
151.4226599999999792
20
-109.0104569999999882
11
151.2774900000000002
21
-108.9049849999999964
0
LINE
8
BLACK
6
CONTINUOUS
10
151.2774900000000002
20
-108.9049849999999964
11
151.1176079999999899
21
-108.8235209999999995
0
LINE
8
BLACK
6
CONTINUOUS
10
151.1176079999999899
20
-108.8235209999999995
11
150.9469509999999843
21
-108.768070999999992
0
LINE
8
BLACK
6
CONTINUOUS
10
150.9469509999999843
20
-108.768070999999992
11
150.7697200000000066
21
-108.7399999999999949
0
LINE
8
BLACK
6
CONTINUOUS
10
150.7697200000000066
20
-108.7399999999999949
11
150.590280000000007
21
-108.7399999999999949
0
LINE
8
BLACK
6
CONTINUOUS
10
150.590280000000007
20
-108.7399999999999949
11
150.4130490000000009
21
-108.768070999999992
0
LINE
8
BLACK
6
CONTINUOUS
10
150.4130490000000009
20
-108.768070999999992
11
150.2423919999999953
21
-108.8235209999999995
0
LINE
8
BLACK
6
CONTINUOUS
10
150.2423919999999953
20
-108.8235209999999995
11
150.082509999999985
21
-108.9049849999999964
0
LINE
8
BLACK
6
CONTINUOUS
10
150.082509999999985
20
-108.9049849999999964
11
149.9373400000000061
21
-109.0104569999999882
0
LINE
8
BLACK
6
CONTINUOUS
10
149.9373400000000061
20
-109.0104569999999882
11
149.8104569999999853
21
-109.1373399999999947
0
LINE
8
BLACK
6
CONTINUOUS
10
149.8104569999999853
20
-109.1373399999999947
11
149.7049849999999935
21
-109.282510000000002
0
LINE
8
BLACK
6
CONTINUOUS
10
149.7049849999999935
20
-109.282510000000002
11
149.6235209999999825
21
-109.4423919999999981
0
LINE
8
BLACK
6
CONTINUOUS
10
149.6235209999999825
20
-109.4423919999999981
11
149.5680710000000033
21
-109.6130489999999895
0
LINE
8
BLACK
6
CONTINUOUS
10
149.5680710000000033
20
-109.6130489999999895
11
149.539999999999992
21
-109.7902799999999957
0
LINE
8
BLACK
6
CONTINUOUS
10
149.539999999999992
20
-109.7902799999999957
11
149.539999999999992
21
-109.9697199999999953
0
LINE
8
BLACK
6
CONTINUOUS
10
185.3147629999999992
20
-115.3049589999999966
11
185.3354549999999961
21
-115.3256509999999935
0
LINE
8
BLACK
6
CONTINUOUS
10
185.3354549999999961
20
-115.3256509999999935
11
185.3466540000000009
21
-115.3526869999999889
0
LINE
8
BLACK
6
CONTINUOUS
10
185.3466540000000009
20
-115.3526869999999889
11
185.3480950000000007
21
-115.3673189999999948
0
LINE
8
BLACK
6
CONTINUOUS
10
185.3480950000000007
20
-115.3673189999999948
11
185.3480950000000007
21
-115.7685089999999946
0
LINE
8
BLACK
6
CONTINUOUS
10
185.3480950000000007
20
-115.7685089999999946
11
185.7695229999999924
21
-115.7685089999999946
0
LINE
8
BLACK
6
CONTINUOUS
10
185.7695229999999924
20
-115.7685089999999946
11
185.7695229999999924
21
-115.3673189999999948
0
LINE
8
BLACK
6
CONTINUOUS
10
185.7695229999999924
20
-115.3673189999999948
11
185.7709639999999922
21
-115.3526869999999889
0
LINE
8
BLACK
6
CONTINUOUS
10
185.7709639999999922
20
-115.3526869999999889
11
185.7821629999999971
21
-115.3256509999999935
0
LINE
8
BLACK
6
CONTINUOUS
10
185.7821629999999971
20
-115.3256509999999935
11
185.8028549999999939
21
-115.3049589999999966
0
LINE
8
BLACK
6
CONTINUOUS
10
185.8028549999999939
20
-115.3049589999999966
11
185.8298910000000035
21
-115.2937599999999918
0
LINE
8
BLACK
6
CONTINUOUS
10
185.8298910000000035
20
-115.2937599999999918
11
185.859154999999987
21
-115.2937599999999918
0
LINE
8
BLACK
6
CONTINUOUS
10
185.859154999999987
20
-115.2937599999999918
11
185.8861909999999966
21
-115.3049589999999966
0
LINE
8
BLACK
6
CONTINUOUS
10
185.8861909999999966
20
-115.3049589999999966
11
185.9068829999999934
21
-115.3256509999999935
0
LINE
8
BLACK
6
CONTINUOUS
10
185.9068829999999934
20
-115.3256509999999935
11
185.9180819999999983
21
-115.3526869999999889
0
LINE
8
BLACK
6
CONTINUOUS
10
185.9180819999999983
20
-115.3526869999999889
11
185.9195229999999981
21
-115.3673189999999948
0
LINE
8
BLACK
6
CONTINUOUS
10
185.9195229999999981
20
-115.3673189999999948
11
185.9195229999999981
21
-116.3673189999999948
0
LINE
8
BLACK
6
CONTINUOUS
10
185.9195229999999981
20
-116.3673189999999948
11
185.9180819999999983
21
-116.3819510000000008
0
LINE
8
BLACK
6
CONTINUOUS
10
185.9180819999999983
20
-116.3819510000000008
11
185.9068829999999934
21
-116.4089869999999962
0
LINE
8
BLACK
6
CONTINUOUS
10
185.9068829999999934
20
-116.4089869999999962
11
185.8861909999999966
21
-116.429678999999993
0
LINE
8
BLACK
6
CONTINUOUS
10
185.8861909999999966
20
-116.429678999999993
11
185.859154999999987
21
-116.4408779999999979
0
LINE
8
BLACK
6
CONTINUOUS
10
185.859154999999987
20
-116.4408779999999979
11
185.8298910000000035
21
-116.4408779999999979
0
LINE
8
BLACK
6
CONTINUOUS
10
185.8298910000000035
20
-116.4408779999999979
11
185.8028549999999939
21
-116.429678999999993
0
LINE
8
BLACK
6
CONTINUOUS
10
185.8028549999999939
20
-116.429678999999993
11
185.7821629999999971
21
-116.4089869999999962
0
LINE
8
BLACK
6
CONTINUOUS
10
185.7821629999999971
20
-116.4089869999999962
11
185.7709639999999922
21
-116.3819510000000008
0
LINE
8
BLACK
6
CONTINUOUS
10
185.7709639999999922
20
-116.3819510000000008
11
185.7695229999999924
21
-116.3673189999999948
0
LINE
8
BLACK
6
CONTINUOUS
10
185.7695229999999924
20
-116.3673189999999948
11
185.7695229999999924
21
-115.9185090000000002
0
LINE
8
BLACK
6
CONTINUOUS
10
185.7695229999999924
20
-115.9185090000000002
11
185.3480950000000007
21
-115.9185090000000002
0
LINE
8
BLACK
6
CONTINUOUS
10
185.3480950000000007
20
-115.9185090000000002
11
185.3480950000000007
21
-116.3673189999999948
0
LINE
8
BLACK
6
CONTINUOUS
10
185.3480950000000007
20
-116.3673189999999948
11
185.3466540000000009
21
-116.3819510000000008
0
LINE
8
BLACK
6
CONTINUOUS
10
185.3466540000000009
20
-116.3819510000000008
11
185.3354549999999961
21
-116.4089869999999962
0
LINE
8
BLACK
6
CONTINUOUS
10
185.3354549999999961
20
-116.4089869999999962
11
185.3147629999999992
21
-116.429678999999993
0
LINE
8
BLACK
6
CONTINUOUS
10
185.3147629999999992
20
-116.429678999999993
11
185.2877269999999896
21
-116.4408779999999979
0
LINE
8
BLACK
6
CONTINUOUS
10
185.2877269999999896
20
-116.4408779999999979
11
185.2584629999999777
21
-116.4408779999999979
0
LINE
8
BLACK
6
CONTINUOUS
10
185.2584629999999777
20
-116.4408779999999979
11
185.2314269999999965
21
-116.429678999999993
0
LINE
8
BLACK
6
CONTINUOUS
10
185.2314269999999965
20
-116.429678999999993
11
185.2107349999999997
21
-116.4089869999999962
0
LINE
8
BLACK
6
CONTINUOUS
10
185.2107349999999997
20
-116.4089869999999962
11
185.1995359999999948
21
-116.3819510000000008
0
LINE
8
BLACK
6
CONTINUOUS
10
185.1995359999999948
20
-116.3819510000000008
11
185.198094999999995
21
-116.3673189999999948
0
LINE
8
BLACK
6
CONTINUOUS
10
185.198094999999995
20
-116.3673189999999948
11
185.198094999999995
21
-115.3673189999999948
0
LINE
8
BLACK
6
CONTINUOUS
10
185.198094999999995
20
-115.3673189999999948
11
185.1995359999999948
21
-115.3526869999999889
0
LINE
8
BLACK
6
CONTINUOUS
10
185.1995359999999948
20
-115.3526869999999889
11
185.2107349999999997
21
-115.3256509999999935
0
LINE
8
BLACK
6
CONTINUOUS
10
185.2107349999999997
20
-115.3256509999999935
11
185.2314269999999965
21
-115.3049589999999966
0
LINE
8
BLACK
6
CONTINUOUS
10
185.2314269999999965
20
-115.3049589999999966
11
185.2584629999999777
21
-115.2937599999999918
0
LINE
8
BLACK
6
CONTINUOUS
10
185.2584629999999777
20
-115.2937599999999918
11
185.2877269999999896
21
-115.2937599999999918
0
LINE
8
BLACK
6
CONTINUOUS
10
185.2877269999999896
20
-115.2937599999999918
11
185.3147629999999992
21
-115.3049589999999966
0
LINE
8
BLACK
6
CONTINUOUS
10
186.5483319999999878
20
-115.2545429999999982
11
186.5704399999999907
21
-115.2737169999999907
0
LINE
8
BLACK
6
CONTINUOUS
10
186.5704399999999907
20
-115.2737169999999907
11
186.5835259999999778
21
-115.2998909999999881
0
LINE
8
BLACK
6
CONTINUOUS
10
186.5835259999999778
20
-115.2998909999999881
11
186.5856009999999969
21
-115.329080999999988
0
LINE
8
BLACK
6
CONTINUOUS
10
186.5856009999999969
20
-115.329080999999988
11
186.5823409999999853
21
-115.3434179999999998
0
LINE
8
BLACK
6
CONTINUOUS
10
186.5823409999999853
20
-115.3434179999999998
11
186.3771519999999953
21
-115.9589849999999984
0
LINE
8
BLACK
6
CONTINUOUS
10
186.3771519999999953
20
-115.9589849999999984
11
186.6742849999999976
21
-115.9589849999999984
0
LINE
8
BLACK
6
CONTINUOUS
10
186.6742849999999976
20
-115.9589849999999984
11
186.6742849999999976
21
-115.7006519999999909
0
LINE
8
BLACK
6
CONTINUOUS
10
186.6742849999999976
20
-115.7006519999999909
11
186.6757259999999974
21
-115.6860199999999992
0
LINE
8
BLACK
6
CONTINUOUS
10
186.6757259999999974
20
-115.6860199999999992
11
186.6869250000000022
21
-115.6589839999999896
0
LINE
8
BLACK
6
CONTINUOUS
10
186.6869250000000022
20
-115.6589839999999896
11
186.7076169999999991
21
-115.6382919999999928
0
LINE
8
BLACK
6
CONTINUOUS
10
186.7076169999999991
20
-115.6382919999999928
11
186.7346529999999802
21
-115.6270929999999879
0
LINE
8
BLACK
6
CONTINUOUS
10
186.7346529999999802
20
-115.6270929999999879
11
186.7639169999999922
21
-115.6270929999999879
0
LINE
8
BLACK
6
CONTINUOUS
10
186.7639169999999922
20
-115.6270929999999879
11
186.7909530000000018
21
-115.6382919999999928
0
LINE
8
BLACK
6
CONTINUOUS
10
186.7909530000000018
20
-115.6382919999999928
11
186.8116449999999986
21
-115.6589839999999896
0
LINE
8
BLACK
6
CONTINUOUS
10
186.8116449999999986
20
-115.6589839999999896
11
186.8228440000000035
21
-115.6860199999999992
0
LINE
8
BLACK
6
CONTINUOUS
10
186.8228440000000035
20
-115.6860199999999992
11
186.8242850000000033
21
-115.7006519999999909
0
LINE
8
BLACK
6
CONTINUOUS
10
186.8242850000000033
20
-115.7006519999999909
11
186.8242850000000033
21
-115.9589849999999984
0
LINE
8
BLACK
6
CONTINUOUS
10
186.8242850000000033
20
-115.9589849999999984
11
186.8921419999999785
21
-115.9589849999999984
0
LINE
8
BLACK
6
CONTINUOUS
10
186.8921419999999785
20
-115.9589849999999984
11
186.9067739999999844
21
-115.9604259999999982
0
LINE
8
BLACK
6
CONTINUOUS
10
186.9067739999999844
20
-115.9604259999999982
11
186.933809999999994
21
-115.9716249999999889
0
LINE
8
BLACK
6
CONTINUOUS
10
186.933809999999994
20
-115.9716249999999889
11
186.9545019999999909
21
-115.9923169999999999
0
LINE
8
BLACK
6
CONTINUOUS
10
186.9545019999999909
20
-115.9923169999999999
11
186.9657009999999957
21
-116.0193529999999953
0
LINE
8
BLACK
6
CONTINUOUS
10
186.9657009999999957
20
-116.0193529999999953
11
186.9657009999999957
21
-116.048616999999993
0
LINE
8
BLACK
6
CONTINUOUS
10
186.9657009999999957
20
-116.048616999999993
11
186.9545019999999909
21
-116.0756529999999884
0
LINE
8
BLACK
6
CONTINUOUS
10
186.9545019999999909
20
-116.0756529999999884
11
186.933809999999994
21
-116.0963449999999995
0
LINE
8
BLACK
6
CONTINUOUS
10
186.933809999999994
20
-116.0963449999999995
11
186.9067739999999844
21
-116.1075439999999901
0
LINE
8
BLACK
6
CONTINUOUS
10
186.9067739999999844
20
-116.1075439999999901
11
186.8921419999999785
21
-116.1089849999999899
0
LINE
8
BLACK
6
CONTINUOUS
10
186.8921419999999785
20
-116.1089849999999899
11
186.8242850000000033
21
-116.1089849999999899
0
LINE
8
BLACK
6
CONTINUOUS
10
186.8242850000000033
20
-116.1089849999999899
11
186.8242850000000033
21
-116.3673189999999948
0
LINE
8
BLACK
6
CONTINUOUS
10
186.8242850000000033
20
-116.3673189999999948
11
186.8228440000000035
21
-116.3819510000000008
0
LINE
8
BLACK
6
CONTINUOUS
10
186.8228440000000035
20
-116.3819510000000008
11
186.8116449999999986
21
-116.4089869999999962
0
LINE
8
BLACK
6
CONTINUOUS
10
186.8116449999999986
20
-116.4089869999999962
11
186.7909530000000018
21
-116.429678999999993
0
LINE
8
BLACK
6
CONTINUOUS
10
186.7909530000000018
20
-116.429678999999993
11
186.7639169999999922
21
-116.4408779999999979
0
LINE
8
BLACK
6
CONTINUOUS
10
186.7639169999999922
20
-116.4408779999999979
11
186.7346529999999802
21
-116.4408779999999979
0
LINE
8
BLACK
6
CONTINUOUS
10
186.7346529999999802
20
-116.4408779999999979
11
186.7076169999999991
21
-116.429678999999993
0
LINE
8
BLACK
6
CONTINUOUS
10
186.7076169999999991
20
-116.429678999999993
11
186.6869250000000022
21
-116.4089869999999962
0
LINE
8
BLACK
6
CONTINUOUS
10
186.6869250000000022
20
-116.4089869999999962
11
186.6757259999999974
21
-116.3819510000000008
0
LINE
8
BLACK
6
CONTINUOUS
10
186.6757259999999974
20
-116.3819510000000008
11
186.6742849999999976
21
-116.3673189999999948
0
LINE
8
BLACK
6
CONTINUOUS
10
186.6742849999999976
20
-116.3673189999999948
11
186.6742849999999976
21
-116.1089849999999899
0
LINE
8
BLACK
6
CONTINUOUS
10
186.6742849999999976
20
-116.1089849999999899
11
186.2730949999999837
21
-116.1089849999999899
0
LINE
8
BLACK
6
CONTINUOUS
10
186.2730949999999837
20
-116.1089849999999899
11
186.2656889999999805
21
-116.1082549999999998
0
LINE
8
BLACK
6
CONTINUOUS
10
186.2656889999999805
20
-116.1082549999999998
11
186.2637149999999906
21
-116.108395999999999
0
LINE
8
BLACK
6
CONTINUOUS
10
186.2637149999999906
20
-116.108395999999999
11
186.2622889999999813
21
-116.1079199999999929
0
LINE
8
BLACK
6
CONTINUOUS
10
186.2622889999999813
20
-116.1079199999999929
11
186.2584629999999777
21
-116.1075439999999901
0
LINE
8
BLACK
6
CONTINUOUS
10
186.2584629999999777
20
-116.1075439999999901
11
186.2473549999999989
21
-116.1029429999999962
0
LINE
8
BLACK
6
CONTINUOUS
10
186.2473549999999989
20
-116.1029429999999962
11
186.2359519999999975
21
-116.0991420000000005
0
LINE
8
BLACK
6
CONTINUOUS
10
186.2359519999999975
20
-116.0991420000000005
11
186.2339149999999961
21
-116.0973749999999995
0
LINE
8
BLACK
6
CONTINUOUS
10
186.2339149999999961
20
-116.0973749999999995
11
186.2314269999999965
21
-116.0963449999999995
0
LINE
8
BLACK
6
CONTINUOUS
10
186.2314269999999965
20
-116.0963449999999995
11
186.2229269999999985
21
-116.0878450000000015
0
LINE
8
BLACK
6
CONTINUOUS
10
186.2229269999999985
20
-116.0878450000000015
11
186.2138449999999921
21
-116.0799679999999938
0
LINE
8
BLACK
6
CONTINUOUS
10
186.2138449999999921
20
-116.0799679999999938
11
186.2126399999999933
21
-116.0775579999999962
0
LINE
8
BLACK
6
CONTINUOUS
10
186.2126399999999933
20
-116.0775579999999962
11
186.2107349999999997
21
-116.0756529999999884
0
LINE
8
BLACK
6
CONTINUOUS
10
186.2107349999999997
20
-116.0756529999999884
11
186.2061329999999941
21
-116.0645439999999979
0
LINE
8
BLACK
6
CONTINUOUS
10
186.2061329999999941
20
-116.0645439999999979
11
186.200759000000005
21
-116.0537949999999938
0
LINE
8
BLACK
6
CONTINUOUS
10
186.200759000000005
20
-116.0537949999999938
11
186.2005680000000041
21
-116.0511079999999993
0
LINE
8
BLACK
6
CONTINUOUS
10
186.2005680000000041
20
-116.0511079999999993
11
186.1995359999999948
21
-116.048616999999993
0
LINE
8
BLACK
6
CONTINUOUS
10
186.1995359999999948
20
-116.048616999999993
11
186.1995359999999948
21
-116.0365899999999897
0
LINE
8
BLACK
6
CONTINUOUS
10
186.1995359999999948
20
-116.0365899999999897
11
186.1986839999999859
21
-116.024604999999994
0
LINE
8
BLACK
6
CONTINUOUS
10
186.1986839999999859
20
-116.024604999999994
11
186.1995359999999948
21
-116.0208579999999898
0
LINE
8
BLACK
6
CONTINUOUS
10
186.1995359999999948
20
-116.0208579999999898
11
186.1995359999999948
21
-116.0193529999999953
0
LINE
8
BLACK
6
CONTINUOUS
10
186.1995359999999948
20
-116.0193529999999953
11
186.2002939999999853
21
-116.0175209999999879
0
LINE
8
BLACK
6
CONTINUOUS
10
186.2002939999999853
20
-116.0175209999999879
11
186.2019439999999975
21
-116.0102679999999964
0
LINE
8
BLACK
6
CONTINUOUS
10
186.2019439999999975
20
-116.0102679999999964
11
186.4400389999999845
21
-115.2959829999999926
0
LINE
8
BLACK
6
CONTINUOUS
10
186.4400389999999845
20
-115.2959829999999926
11
186.4460329999999999
21
-115.2825579999999945
0
LINE
8
BLACK
6
CONTINUOUS
10
186.4460329999999999
20
-115.2825579999999945
11
186.4652069999999924
21
-115.2604509999999891
0
LINE
8
BLACK
6
CONTINUOUS
10
186.4652069999999924
20
-115.2604509999999891
11
186.4913799999999924
21
-115.2473639999999904
0
LINE
8
BLACK
6
CONTINUOUS
10
186.4913799999999924
20
-115.2473639999999904
11
186.5205699999999922
21
-115.2452889999999996
0
LINE
8
BLACK
6
CONTINUOUS
10
186.5205699999999922
20
-115.2452889999999996
11
186.5483319999999878
21
-115.2545429999999982
0
LINE
8
BLACK
6
CONTINUOUS
10
189.9941409999999848
20
-108.8648139999999955
11
190.1821809999999857
21
-108.9259119999999967
0
LINE
8
BLACK
6
CONTINUOUS
10
190.1821809999999857
20
-108.9259119999999967
11
190.3583479999999781
21
-109.0156729999999925
0
LINE
8
BLACK
6
CONTINUOUS
10
190.3583479999999781
20
-109.0156729999999925
11
190.518304999999998
21
-109.1318879999999893
0
LINE
8
BLACK
6
CONTINUOUS
10
190.518304999999998
20
-109.1318879999999893
11
190.6581119999999885
21
-109.271694999999994
0
LINE
8
BLACK
6
CONTINUOUS
10
190.6581119999999885
20
-109.271694999999994
11
190.7743269999999995
21
-109.4316519999999997
0
LINE
8
BLACK
6
CONTINUOUS
10
190.7743269999999995
20
-109.4316519999999997
11
190.8640879999999811
21
-109.6078189999999921
0
LINE
8
BLACK
6
CONTINUOUS
10
190.8640879999999811
20
-109.6078189999999921
11
190.9251859999999965
21
-109.795858999999993
0
LINE
8
BLACK
6
CONTINUOUS
10
190.9251859999999965
20
-109.795858999999993
11
190.9561159999999802
21
-109.9911419999999964
0
LINE
8
BLACK
6
CONTINUOUS
10
190.9561159999999802
20
-109.9911419999999964
11
190.9561159999999802
21
-110.1888579999999962
0
LINE
8
BLACK
6
CONTINUOUS
10
190.9561159999999802
20
-110.1888579999999962
11
190.9251859999999965
21
-110.3841409999999996
0
LINE
8
BLACK
6
CONTINUOUS
10
190.9251859999999965
20
-110.3841409999999996
11
190.8640879999999811
21
-110.5721810000000005
0
LINE
8
BLACK
6
CONTINUOUS
10
190.8640879999999811
20
-110.5721810000000005
11
190.7743269999999995
21
-110.7483479999999929
0
LINE
8
BLACK
6
CONTINUOUS
10
190.7743269999999995
20
-110.7483479999999929
11
190.6581119999999885
21
-110.9083049999999986
0
LINE
8
BLACK
6
CONTINUOUS
10
190.6581119999999885
20
-110.9083049999999986
11
190.518304999999998
21
-111.0481119999999891
0
LINE
8
BLACK
6
CONTINUOUS
10
190.518304999999998
20
-111.0481119999999891
11
190.3583479999999781
21
-111.1643270000000001
0
LINE
8
BLACK
6
CONTINUOUS
10
190.3583479999999781
20
-111.1643270000000001
11
190.1821809999999857
21
-111.2540879999999959
0
LINE
8
BLACK
6
CONTINUOUS
10
190.1821809999999857
20
-111.2540879999999959
11
189.9941409999999848
21
-111.3151859999999971
0
LINE
8
BLACK
6
CONTINUOUS
10
189.9941409999999848
20
-111.3151859999999971
11
189.7988579999999956
21
-111.346115999999995
0
LINE
8
BLACK
6
CONTINUOUS
10
189.7988579999999956
20
-111.346115999999995
11
189.6011419999999816
21
-111.346115999999995
0
LINE
8
BLACK
6
CONTINUOUS
10
189.6011419999999816
20
-111.346115999999995
11
189.4058589999999924
21
-111.3151859999999971
0
LINE
8
BLACK
6
CONTINUOUS
10
189.4058589999999924
20
-111.3151859999999971
11
189.2178189999999915
21
-111.2540879999999959
0
LINE
8
BLACK
6
CONTINUOUS
10
189.2178189999999915
20
-111.2540879999999959
11
189.0416519999999991
21
-111.1643270000000001
0
LINE
8
BLACK
6
CONTINUOUS
10
189.0416519999999991
20
-111.1643270000000001
11
188.8816949999999792
21
-111.0481119999999891
0
LINE
8
BLACK
6
CONTINUOUS
10
188.8816949999999792
20
-111.0481119999999891
11
188.7418879999999888
21
-110.9083049999999986
0
LINE
8
BLACK
6
CONTINUOUS
10
188.7418879999999888
20
-110.9083049999999986
11
188.6256729999999777
21
-110.7483479999999929
0
LINE
8
BLACK
6
CONTINUOUS
10
188.6256729999999777
20
-110.7483479999999929
11
188.5359119999999962
21
-110.5721810000000005
0
LINE
8
BLACK
6
CONTINUOUS
10
188.5359119999999962
20
-110.5721810000000005
11
188.4748139999999808
21
-110.3841409999999996
0
LINE
8
BLACK
6
CONTINUOUS
10
188.4748139999999808
20
-110.3841409999999996
11
188.4438839999999971
21
-110.1888579999999962
0
LINE
8
BLACK
6
CONTINUOUS
10
188.4438839999999971
20
-110.1888579999999962
11
188.4438839999999971
21
-110.0002799999999894
0
LINE
8
BLACK
6
CONTINUOUS
10
188.4438839999999971
20
-110.0002799999999894
11
188.4438839999999971
21
-109.9911419999999964
0
LINE
8
BLACK
6
CONTINUOUS
10
188.4438839999999971
20
-109.9911419999999964
11
188.4748139999999808
21
-109.795858999999993
0
LINE
8
BLACK
6
CONTINUOUS
10
188.4748139999999808
20
-109.795858999999993
11
188.5359119999999962
21
-109.6078189999999921
0
LINE
8
BLACK
6
CONTINUOUS
10
188.5359119999999962
20
-109.6078189999999921
11
188.6256729999999777
21
-109.4316519999999997
0
LINE
8
BLACK
6
CONTINUOUS
10
188.6256729999999777
20
-109.4316519999999997
11
188.7418879999999888
21
-109.271694999999994
0
LINE
8
BLACK
6
CONTINUOUS
10
188.7418879999999888
20
-109.271694999999994
11
188.8816949999999792
21
-109.1318879999999893
0
LINE
8
BLACK
6
CONTINUOUS
10
188.8816949999999792
20
-109.1318879999999893
11
189.0416519999999991
21
-109.0156729999999925
0
LINE
8
BLACK
6
CONTINUOUS
10
189.0416519999999991
20
-109.0156729999999925
11
189.2178189999999915
21
-108.9259119999999967
0
LINE
8
BLACK
6
CONTINUOUS
10
189.2178189999999915
20
-108.9259119999999967
11
189.4058589999999924
21
-108.8648139999999955
0
LINE
8
BLACK
6
CONTINUOUS
10
189.4058589999999924
20
-108.8648139999999955
11
189.6011419999999816
21
-108.8338839999999976
0
LINE
8
BLACK
6
CONTINUOUS
10
189.6011419999999816
20
-108.8338839999999976
11
189.7988579999999956
21
-108.8338839999999976
0
LINE
8
BLACK
6
CONTINUOUS
10
189.7988579999999956
20
-108.8338839999999976
11
189.9941409999999848
21
-108.8648139999999955
0
LINE
8
BLACK
6
CONTINUOUS
10
188.5600000000000023
20
-110.179719999999989
11
188.5880709999999851
21
-110.3569509999999951
0
LINE
8
BLACK
6
CONTINUOUS
10
188.5880709999999851
20
-110.3569509999999951
11
188.6435209999999927
21
-110.5276080000000007
0
LINE
8
BLACK
6
CONTINUOUS
10
188.6435209999999927
20
-110.5276080000000007
11
188.7249850000000038
21
-110.6874899999999968
0
LINE
8
BLACK
6
CONTINUOUS
10
188.7249850000000038
20
-110.6874899999999968
11
188.8304569999999956
21
-110.83265999999999
0
LINE
8
BLACK
6
CONTINUOUS
10
188.8304569999999956
20
-110.83265999999999
11
188.9573399999999879
21
-110.9595429999999965
0
LINE
8
BLACK
6
CONTINUOUS
10
188.9573399999999879
20
-110.9595429999999965
11
189.1025099999999952
21
-111.0650149999999883
0
LINE
8
BLACK
6
CONTINUOUS
10
189.1025099999999952
20
-111.0650149999999883
11
189.2623920000000055
21
-111.1464789999999994
0
LINE
8
BLACK
6
CONTINUOUS
10
189.2623920000000055
20
-111.1464789999999994
11
189.4330489999999827
21
-111.2019289999999927
0
LINE
8
BLACK
6
CONTINUOUS
10
189.4330489999999827
20
-111.2019289999999927
11
189.6102799999999888
21
-111.2299999999999898
0
LINE
8
BLACK
6
CONTINUOUS
10
189.6102799999999888
20
-111.2299999999999898
11
189.7897199999999884
21
-111.2299999999999898
0
LINE
8
BLACK
6
CONTINUOUS
10
189.7897199999999884
20
-111.2299999999999898
11
189.9669509999999946
21
-111.2019289999999927
0
LINE
8
BLACK
6
CONTINUOUS
10
189.9669509999999946
20
-111.2019289999999927
11
190.1376080000000002
21
-111.1464789999999994
0
LINE
8
BLACK
6
CONTINUOUS
10
190.1376080000000002
20
-111.1464789999999994
11
190.297489999999982
21
-111.0650149999999883
0
LINE
8
BLACK
6
CONTINUOUS
10
190.297489999999982
20
-111.0650149999999883
11
190.4426599999999894
21
-110.9595429999999965
0
LINE
8
BLACK
6
CONTINUOUS
10
190.4426599999999894
20
-110.9595429999999965
11
190.5695429999999817
21
-110.83265999999999
0
LINE
8
BLACK
6
CONTINUOUS
10
190.5695429999999817
20
-110.83265999999999
11
190.6750150000000019
21
-110.6874899999999968
0
LINE
8
BLACK
6
CONTINUOUS
10
190.6750150000000019
20
-110.6874899999999968
11
190.7564789999999846
21
-110.5276080000000007
0
LINE
8
BLACK
6
CONTINUOUS
10
190.7564789999999846
20
-110.5276080000000007
11
190.8119289999999921
21
-110.3569509999999951
0
LINE
8
BLACK
6
CONTINUOUS
10
190.8119289999999921
20
-110.3569509999999951
11
190.8400000000000034
21
-110.179719999999989
0
LINE
8
BLACK
6
CONTINUOUS
10
190.8400000000000034
20
-110.179719999999989
11
190.8400000000000034
21
-110.0002799999999894
0
LINE
8
BLACK
6
CONTINUOUS
10
190.8400000000000034
20
-110.0002799999999894
11
190.8119289999999921
21
-109.8230489999999975
0
LINE
8
BLACK
6
CONTINUOUS
10
190.8119289999999921
20
-109.8230489999999975
11
190.7564789999999846
21
-109.6523919999999919
0
LINE
8
BLACK
6
CONTINUOUS
10
190.7564789999999846
20
-109.6523919999999919
11
190.6750150000000019
21
-109.4925099999999958
0
LINE
8
BLACK
6
CONTINUOUS
10
190.6750150000000019
20
-109.4925099999999958
11
190.5695429999999817
21
-109.3473399999999884
0
LINE
8
BLACK
6
CONTINUOUS
10
190.5695429999999817
20
-109.3473399999999884
11
190.4426599999999894
21
-109.2204569999999961
0
LINE
8
BLACK
6
CONTINUOUS
10
190.4426599999999894
20
-109.2204569999999961
11
190.297489999999982
21
-109.1149849999999901
0
LINE
8
BLACK
6
CONTINUOUS
10
190.297489999999982
20
-109.1149849999999901
11
190.1376080000000002
21
-109.0335209999999933
0
LINE
8
BLACK
6
CONTINUOUS
10
190.1376080000000002
20
-109.0335209999999933
11
189.9669509999999946
21
-108.9780709999999999
0
LINE
8
BLACK
6
CONTINUOUS
10
189.9669509999999946
20
-108.9780709999999999
11
189.7897199999999884
21
-108.9499999999999886
0
LINE
8
BLACK
6
CONTINUOUS
10
189.7897199999999884
20
-108.9499999999999886
11
189.6102799999999888
21
-108.9499999999999886
0
LINE
8
BLACK
6
CONTINUOUS
10
189.6102799999999888
20
-108.9499999999999886
11
189.4330489999999827
21
-108.9780709999999999
0
LINE
8
BLACK
6
CONTINUOUS
10
189.4330489999999827
20
-108.9780709999999999
11
189.2623920000000055
21
-109.0335209999999933
0
LINE
8
BLACK
6
CONTINUOUS
10
189.2623920000000055
20
-109.0335209999999933
11
189.1025099999999952
21
-109.1149849999999901
0
LINE
8
BLACK
6
CONTINUOUS
10
189.1025099999999952
20
-109.1149849999999901
11
188.9573399999999879
21
-109.2204569999999961
0
LINE
8
BLACK
6
CONTINUOUS
10
188.9573399999999879
20
-109.2204569999999961
11
188.8304569999999956
21
-109.3473399999999884
0
LINE
8
BLACK
6
CONTINUOUS
10
188.8304569999999956
20
-109.3473399999999884
11
188.7249850000000038
21
-109.4925099999999958
0
LINE
8
BLACK
6
CONTINUOUS
10
188.7249850000000038
20
-109.4925099999999958
11
188.6435209999999927
21
-109.6523919999999919
0
LINE
8
BLACK
6
CONTINUOUS
10
188.6435209999999927
20
-109.6523919999999919
11
188.5880709999999851
21
-109.8230489999999975
0
LINE
8
BLACK
6
CONTINUOUS
10
188.5880709999999851
20
-109.8230489999999975
11
188.5600000000000023
21
-110.0002799999999894
0
LINE
8
BLACK
6
CONTINUOUS
10
188.5600000000000023
20
-110.0002799999999894
11
188.5600000000000023
21
-110.179719999999989
0
LINE
8
BLACK
6
CONTINUOUS
10
185.9441410000000019
20
-108.7648140000000012
11
186.1321810000000028
21
-108.8259119999999882
0
LINE
8
BLACK
6
CONTINUOUS
10
186.1321810000000028
20
-108.8259119999999882
11
186.3083479999999952
21
-108.9156729999999982
0
LINE
8
BLACK
6
CONTINUOUS
10
186.3083479999999952
20
-108.9156729999999982
11
186.4683049999999866
21
-109.031887999999995
0
LINE
8
BLACK
6
CONTINUOUS
10
186.4683049999999866
20
-109.031887999999995
11
186.6081120000000055
21
-109.1716949999999997
0
LINE
8
BLACK
6
CONTINUOUS
10
186.6081120000000055
20
-109.1716949999999997
11
186.7243269999999882
21
-109.3316519999999912
0
LINE
8
BLACK
6
CONTINUOUS
10
186.7243269999999882
20
-109.3316519999999912
11
186.8140879999999981
21
-109.5078189999999978
0
LINE
8
BLACK
6
CONTINUOUS
10
186.8140879999999981
20
-109.5078189999999978
11
186.8751859999999851
21
-109.6958589999999987
0
LINE
8
BLACK
6
CONTINUOUS
10
186.8751859999999851
20
-109.6958589999999987
11
186.9061159999999973
21
-109.8911420000000021
0
LINE
8
BLACK
6
CONTINUOUS
10
186.9061159999999973
20
-109.8911420000000021
11
186.9061159999999973
21
-110.0888580000000019
0
LINE
8
BLACK
6
CONTINUOUS
10
186.9061159999999973
20
-110.0888580000000019
11
186.8751859999999851
21
-110.2841409999999911
0
LINE
8
BLACK
6
CONTINUOUS
10
186.8751859999999851
20
-110.2841409999999911
11
186.8140879999999981
21
-110.472180999999992
0
LINE
8
BLACK
6
CONTINUOUS
10
186.8140879999999981
20
-110.472180999999992
11
186.7243269999999882
21
-110.6483479999999986
0
LINE
8
BLACK
6
CONTINUOUS
10
186.7243269999999882
20
-110.6483479999999986
11
186.6081120000000055
21
-110.8083049999999901
0
LINE
8
BLACK
6
CONTINUOUS
10
186.6081120000000055
20
-110.8083049999999901
11
186.4683049999999866
21
-110.9481119999999947
0
LINE
8
BLACK
6
CONTINUOUS
10
186.4683049999999866
20
-110.9481119999999947
11
186.3083479999999952
21
-111.0643269999999916
0
LINE
8
BLACK
6
CONTINUOUS
10
186.3083479999999952
20
-111.0643269999999916
11
186.1321810000000028
21
-111.1540880000000016
0
LINE
8
BLACK
6
CONTINUOUS
10
186.1321810000000028
20
-111.1540880000000016
11
185.9441410000000019
21
-111.2151859999999886
0
LINE
8
BLACK
6
CONTINUOUS
10
185.9441410000000019
20
-111.2151859999999886
11
185.7488579999999843
21
-111.2461160000000007
0
LINE
8
BLACK
6
CONTINUOUS
10
185.7488579999999843
20
-111.2461160000000007
11
185.5511419999999987
21
-111.2461160000000007
0
LINE
8
BLACK
6
CONTINUOUS
10
185.5511419999999987
20
-111.2461160000000007
11
185.3558589999999811
21
-111.2151859999999886
0
LINE
8
BLACK
6
CONTINUOUS
10
185.3558589999999811
20
-111.2151859999999886
11
185.1678189999999802
21
-111.1540880000000016
0
LINE
8
BLACK
6
CONTINUOUS
10
185.1678189999999802
20
-111.1540880000000016
11
184.9916519999999878
21
-111.0643269999999916
0
LINE
8
BLACK
6
CONTINUOUS
10
184.9916519999999878
20
-111.0643269999999916
11
184.8316949999999963
21
-110.9481119999999947
0
LINE
8
BLACK
6
CONTINUOUS
10
184.8316949999999963
20
-110.9481119999999947
11
184.6918880000000058
21
-110.8083049999999901
0
LINE
8
BLACK
6
CONTINUOUS
10
184.6918880000000058
20
-110.8083049999999901
11
184.5756729999999948
21
-110.6483479999999986
0
LINE
8
BLACK
6
CONTINUOUS
10
184.5756729999999948
20
-110.6483479999999986
11
184.4859119999999848
21
-110.472180999999992
0
LINE
8
BLACK
6
CONTINUOUS
10
184.4859119999999848
20
-110.472180999999992
11
184.4248139999999978
21
-110.2841409999999911
0
LINE
8
BLACK
6
CONTINUOUS
10
184.4248139999999978
20
-110.2841409999999911
11
184.3938839999999857
21
-110.0888580000000019
0
LINE
8
BLACK
6
CONTINUOUS
10
184.3938839999999857
20
-110.0888580000000019
11
184.3938839999999857
21
-109.9002799999999951
0
LINE
8
BLACK
6
CONTINUOUS
10
184.3938839999999857
20
-109.9002799999999951
11
184.3938839999999857
21
-109.8911420000000021
0
LINE
8
BLACK
6
CONTINUOUS
10
184.3938839999999857
20
-109.8911420000000021
11
184.4248139999999978
21
-109.6958589999999987
0
LINE
8
BLACK
6
CONTINUOUS
10
184.4248139999999978
20
-109.6958589999999987
11
184.4859119999999848
21
-109.5078189999999978
0
LINE
8
BLACK
6
CONTINUOUS
10
184.4859119999999848
20
-109.5078189999999978
11
184.5756729999999948
21
-109.3316519999999912
0
LINE
8
BLACK
6
CONTINUOUS
10
184.5756729999999948
20
-109.3316519999999912
11
184.6918880000000058
21
-109.1716949999999997
0
LINE
8
BLACK
6
CONTINUOUS
10
184.6918880000000058
20
-109.1716949999999997
11
184.8316949999999963
21
-109.031887999999995
0
LINE
8
BLACK
6
CONTINUOUS
10
184.8316949999999963
20
-109.031887999999995
11
184.9916519999999878
21
-108.9156729999999982
0
LINE
8
BLACK
6
CONTINUOUS
10
184.9916519999999878
20
-108.9156729999999982
11
185.1678189999999802
21
-108.8259119999999882
0
LINE
8
BLACK
6
CONTINUOUS
10
185.1678189999999802
20
-108.8259119999999882
11
185.3558589999999811
21
-108.7648140000000012
0
LINE
8
BLACK
6
CONTINUOUS
10
185.3558589999999811
20
-108.7648140000000012
11
185.5511419999999987
21
-108.7338839999999891
0
LINE
8
BLACK
6
CONTINUOUS
10
185.5511419999999987
20
-108.7338839999999891
11
185.7488579999999843
21
-108.7338839999999891
0
LINE
8
BLACK
6
CONTINUOUS
10
185.7488579999999843
20
-108.7338839999999891
11
185.9441410000000019
21
-108.7648140000000012
0
LINE
8
BLACK
6
CONTINUOUS
10
184.5099999999999909
20
-110.0797199999999947
11
184.5380710000000022
21
-110.2569510000000008
0
LINE
8
BLACK
6
CONTINUOUS
10
184.5380710000000022
20
-110.2569510000000008
11
184.5935209999999813
21
-110.4276079999999922
0
LINE
8
BLACK
6
CONTINUOUS
10
184.5935209999999813
20
-110.4276079999999922
11
184.6749849999999924
21
-110.5874899999999883
0
LINE
8
BLACK
6
CONTINUOUS
10
184.6749849999999924
20
-110.5874899999999883
11
184.7804569999999842
21
-110.7326599999999956
0
LINE
8
BLACK
6
CONTINUOUS
10
184.7804569999999842
20
-110.7326599999999956
11
184.9073400000000049
21
-110.859542999999988
0
LINE
8
BLACK
6
CONTINUOUS
10
184.9073400000000049
20
-110.859542999999988
11
185.0525099999999838
21
-110.965014999999994
0
LINE
8
BLACK
6
CONTINUOUS
10
185.0525099999999838
20
-110.965014999999994
11
185.2123919999999941
21
-111.0464789999999908
0
LINE
8
BLACK
6
CONTINUOUS
10
185.2123919999999941
20
-111.0464789999999908
11
185.3830489999999998
21
-111.1019289999999984
0
LINE
8
BLACK
6
CONTINUOUS
10
185.3830489999999998
20
-111.1019289999999984
11
185.5602799999999775
21
-111.1299999999999955
0
LINE
8
BLACK
6
CONTINUOUS
10
185.5602799999999775
20
-111.1299999999999955
11
185.7397200000000055
21
-111.1299999999999955
0
LINE
8
BLACK
6
CONTINUOUS
10
185.7397200000000055
20
-111.1299999999999955
11
185.9169509999999832
21
-111.1019289999999984
0
LINE
8
BLACK
6
CONTINUOUS
10
185.9169509999999832
20
-111.1019289999999984
11
186.0876079999999888
21
-111.0464789999999908
0
LINE
8
BLACK
6
CONTINUOUS
10
186.0876079999999888
20
-111.0464789999999908
11
186.2474899999999991
21
-110.965014999999994
0
LINE
8
BLACK
6
CONTINUOUS
10
186.2474899999999991
20
-110.965014999999994
11
186.392659999999978
21
-110.859542999999988
0
LINE
8
BLACK
6
CONTINUOUS
10
186.392659999999978
20
-110.859542999999988
11
186.5195429999999988
21
-110.7326599999999956
0
LINE
8
BLACK
6
CONTINUOUS
10
186.5195429999999988
20
-110.7326599999999956
11
186.6250149999999906
21
-110.5874899999999883
0
LINE
8
BLACK
6
CONTINUOUS
10
186.6250149999999906
20
-110.5874899999999883
11
186.7064790000000016
21
-110.4276079999999922
0
LINE
8
BLACK
6
CONTINUOUS
10
186.7064790000000016
20
-110.4276079999999922
11
186.7619289999999808
21
-110.2569510000000008
0
LINE
8
BLACK
6
CONTINUOUS
10
186.7619289999999808
20
-110.2569510000000008
11
186.789999999999992
21
-110.0797199999999947
0
LINE
8
BLACK
6
CONTINUOUS
10
186.789999999999992
20
-110.0797199999999947
11
186.789999999999992
21
-109.9002799999999951
0
LINE
8
BLACK
6
CONTINUOUS
10
186.789999999999992
20
-109.9002799999999951
11
186.7619289999999808
21
-109.723048999999989
0
LINE
8
BLACK
6
CONTINUOUS
10
186.7619289999999808
20
-109.723048999999989
11
186.7064790000000016
21
-109.5523919999999976
0
LINE
8
BLACK
6
CONTINUOUS
10
186.7064790000000016
20
-109.5523919999999976
11
186.6250149999999906
21
-109.3925100000000015
0
LINE
8
BLACK
6
CONTINUOUS
10
186.6250149999999906
20
-109.3925100000000015
11
186.5195429999999988
21
-109.2473399999999941
0
LINE
8
BLACK
6
CONTINUOUS
10
186.5195429999999988
20
-109.2473399999999941
11
186.392659999999978
21
-109.1204570000000018
0
LINE
8
BLACK
6
CONTINUOUS
10
186.392659999999978
20
-109.1204570000000018
11
186.2474899999999991
21
-109.0149849999999958
0
LINE
8
BLACK
6
CONTINUOUS
10
186.2474899999999991
20
-109.0149849999999958
11
186.0876079999999888
21
-108.9335209999999989
0
LINE
8
BLACK
6
CONTINUOUS
10
186.0876079999999888
20
-108.9335209999999989
11
185.9169509999999832
21
-108.8780709999999914
0
LINE
8
BLACK
6
CONTINUOUS
10
185.9169509999999832
20
-108.8780709999999914
11
185.7397200000000055
21
-108.8499999999999943
0
LINE
8
BLACK
6
CONTINUOUS
10
185.7397200000000055
20
-108.8499999999999943
11
185.5602799999999775
21
-108.8499999999999943
0
LINE
8
BLACK
6
CONTINUOUS
10
185.5602799999999775
20
-108.8499999999999943
11
185.3830489999999998
21
-108.8780709999999914
0
LINE
8
BLACK
6
CONTINUOUS
10
185.3830489999999998
20
-108.8780709999999914
11
185.2123919999999941
21
-108.9335209999999989
0
LINE
8
BLACK
6
CONTINUOUS
10
185.2123919999999941
20
-108.9335209999999989
11
185.0525099999999838
21
-109.0149849999999958
0
LINE
8
BLACK
6
CONTINUOUS
10
185.0525099999999838
20
-109.0149849999999958
11
184.9073400000000049
21
-109.1204570000000018
0
LINE
8
BLACK
6
CONTINUOUS
10
184.9073400000000049
20
-109.1204570000000018
11
184.7804569999999842
21
-109.2473399999999941
0
LINE
8
BLACK
6
CONTINUOUS
10
184.7804569999999842
20
-109.2473399999999941
11
184.6749849999999924
21
-109.3925100000000015
0
LINE
8
BLACK
6
CONTINUOUS
10
184.6749849999999924
20
-109.3925100000000015
11
184.5935209999999813
21
-109.5523919999999976
0
LINE
8
BLACK
6
CONTINUOUS
10
184.5935209999999813
20
-109.5523919999999976
11
184.5380710000000022
21
-109.723048999999989
0
LINE
8
BLACK
6
CONTINUOUS
10
184.5380710000000022
20
-109.723048999999989
11
184.5099999999999909
21
-109.9002799999999951
0
LINE
8
BLACK
6
CONTINUOUS
10
184.5099999999999909
20
-109.9002799999999951
11
184.5099999999999909
21
-110.0797199999999947
0
LINE
8
BLACK
6
CONTINUOUS
10
181.1478719999999782
20
-87.1293649999999928
11
181.2618159999999818
21
-87.1951499999999982
0
LINE
8
BLACK
6
CONTINUOUS
10
181.2618159999999818
20
-87.1951499999999982
11
181.354849999999999
21
-87.2881840000000011
0
LINE
8
BLACK
6
CONTINUOUS
10
181.354849999999999
20
-87.2881840000000011
11
181.4206350000000043
21
-87.4021279999999905
0
LINE
8
BLACK
6
CONTINUOUS
10
181.4206350000000043
20
-87.4021279999999905
11
181.4546880000000044
21
-87.5292149999999936
0
LINE
8
BLACK
6
CONTINUOUS
10
181.4546880000000044
20
-87.5292149999999936
11
181.4546880000000044
21
-87.66078499999999
0
LINE
8
BLACK
6
CONTINUOUS
10
181.4546880000000044
20
-87.66078499999999
11
181.4206350000000043
21
-87.787871999999993
0
LINE
8
BLACK
6
CONTINUOUS
10
181.4206350000000043
20
-87.787871999999993
11
181.354849999999999
21
-87.9018159999999966
0
LINE
8
BLACK
6
CONTINUOUS
10
181.354849999999999
20
-87.9018159999999966
11
181.2618159999999818
21
-87.9948499999999996
0
LINE
8
BLACK
6
CONTINUOUS
10
181.2618159999999818
20
-87.9948499999999996
11
181.1478719999999782
21
-88.0606349999999907
0
LINE
8
BLACK
6
CONTINUOUS
10
181.1478719999999782
20
-88.0606349999999907
11
181.0207849999999894
21
-88.0946879999999908
0
LINE
8
BLACK
6
CONTINUOUS
10
181.0207849999999894
20
-88.0946879999999908
11
180.8892149999999788
21
-88.0946879999999908
0
LINE
8
BLACK
6
CONTINUOUS
10
180.8892149999999788
20
-88.0946879999999908
11
180.7621279999999899
21
-88.0606349999999907
0
LINE
8
BLACK
6
CONTINUOUS
10
180.7621279999999899
20
-88.0606349999999907
11
180.6481839999999863
21
-87.9948499999999996
0
LINE
8
BLACK
6
CONTINUOUS
10
180.6481839999999863
20
-87.9948499999999996
11
180.5551499999999976
21
-87.9018159999999966
0
LINE
8
BLACK
6
CONTINUOUS
10
180.5551499999999976
20
-87.9018159999999966
11
180.4893649999999923
21
-87.787871999999993
0
LINE
8
BLACK
6
CONTINUOUS
10
180.4893649999999923
20
-87.787871999999993
11
180.4553119999999922
21
-87.66078499999999
0
LINE
8
BLACK
6
CONTINUOUS
10
180.4553119999999922
20
-87.66078499999999
11
180.4553119999999922
21
-87.5292149999999936
0
LINE
8
BLACK
6
CONTINUOUS
10
180.4553119999999922
20
-87.5292149999999936
11
180.4893649999999923
21
-87.4021279999999905
0
LINE
8
BLACK
6
CONTINUOUS
10
180.4893649999999923
20
-87.4021279999999905
11
180.5551499999999976
21
-87.2881840000000011
0
LINE
8
BLACK
6
CONTINUOUS
10
180.5551499999999976
20
-87.2881840000000011
11
180.6481839999999863
21
-87.1951499999999982
0
LINE
8
BLACK
6
CONTINUOUS
10
180.6481839999999863
20
-87.1951499999999982
11
180.7621279999999899
21
-87.1293649999999928
0
LINE
8
BLACK
6
CONTINUOUS
10
180.7621279999999899
20
-87.1293649999999928
11
180.8892149999999788
21
-87.0953119999999927
0
LINE
8
BLACK
6
CONTINUOUS
10
180.8892149999999788
20
-87.0953119999999927
11
181.0207849999999894
21
-87.0953119999999927
0
LINE
8
BLACK
6
CONTINUOUS
10
181.0207849999999894
20
-87.0953119999999927
11
181.1478719999999782
21
-87.1293649999999928
0
LINE
8
BLACK
6
CONTINUOUS
10
182.4218719999999792
20
-87.8463649999999916
11
182.5358159999999828
21
-87.9121499999999969
0
LINE
8
BLACK
6
CONTINUOUS
10
182.5358159999999828
20
-87.9121499999999969
11
182.6288499999999999
21
-88.0051839999999999
0
LINE
8
BLACK
6
CONTINUOUS
10
182.6288499999999999
20
-88.0051839999999999
11
182.6946350000000052
21
-88.1191279999999892
0
LINE
8
BLACK
6
CONTINUOUS
10
182.6946350000000052
20
-88.1191279999999892
11
182.7286880000000053
21
-88.2462149999999923
0
LINE
8
BLACK
6
CONTINUOUS
10
182.7286880000000053
20
-88.2462149999999923
11
182.7286880000000053
21
-88.3777850000000029
0
LINE
8
BLACK
6
CONTINUOUS
10
182.7286880000000053
20
-88.3777850000000029
11
182.6946350000000052
21
-88.5048719999999918
0
LINE
8
BLACK
6
CONTINUOUS
10
182.6946350000000052
20
-88.5048719999999918
11
182.6288499999999999
21
-88.6188159999999954
0
LINE
8
BLACK
6
CONTINUOUS
10
182.6288499999999999
20
-88.6188159999999954
11
182.5358159999999828
21
-88.7118499999999983
0
LINE
8
BLACK
6
CONTINUOUS
10
182.5358159999999828
20
-88.7118499999999983
11
182.4218719999999792
21
-88.7776349999999894
0
LINE
8
BLACK
6
CONTINUOUS
10
182.4218719999999792
20
-88.7776349999999894
11
182.2947849999999903
21
-88.8116879999999895
0
LINE
8
BLACK
6
CONTINUOUS
10
182.2947849999999903
20
-88.8116879999999895
11
182.1632149999999797
21
-88.8116879999999895
0
LINE
8
BLACK
6
CONTINUOUS
10
182.1632149999999797
20
-88.8116879999999895
11
182.0361279999999908
21
-88.7776349999999894
0
LINE
8
BLACK
6
CONTINUOUS
10
182.0361279999999908
20
-88.7776349999999894
11
181.9221839999999872
21
-88.7118499999999983
0
LINE
8
BLACK
6
CONTINUOUS
10
181.9221839999999872
20
-88.7118499999999983
11
181.8291499999999985
21
-88.6188159999999954
0
LINE
8
BLACK
6
CONTINUOUS
10
181.8291499999999985
20
-88.6188159999999954
11
181.7633649999999932
21
-88.5048719999999918
0
LINE
8
BLACK
6
CONTINUOUS
10
181.7633649999999932
20
-88.5048719999999918
11
181.7293119999999931
21
-88.3777850000000029
0
LINE
8
BLACK
6
CONTINUOUS
10
181.7293119999999931
20
-88.3777850000000029
11
181.7293119999999931
21
-88.2462149999999923
0
LINE
8
BLACK
6
CONTINUOUS
10
181.7293119999999931
20
-88.2462149999999923
11
181.7633649999999932
21
-88.1191279999999892
0
LINE
8
BLACK
6
CONTINUOUS
10
181.7633649999999932
20
-88.1191279999999892
11
181.8291499999999985
21
-88.0051839999999999
0
LINE
8
BLACK
6
CONTINUOUS
10
181.8291499999999985
20
-88.0051839999999999
11
181.9221839999999872
21
-87.9121499999999969
0
LINE
8
BLACK
6
CONTINUOUS
10
181.9221839999999872
20
-87.9121499999999969
11
182.0361279999999908
21
-87.8463649999999916
0
LINE
8
BLACK
6
CONTINUOUS
10
182.0361279999999908
20
-87.8463649999999916
11
182.1632149999999797
21
-87.8123119999999915
0
LINE
8
BLACK
6
CONTINUOUS
10
182.1632149999999797
20
-87.8123119999999915
11
182.2947849999999903
21
-87.8123119999999915
0
LINE
8
BLACK
6
CONTINUOUS
10
182.2947849999999903
20
-87.8123119999999915
11
182.4218719999999792
21
-87.8463649999999916
0
LINE
8
BLACK
6
CONTINUOUS
10
148.7868719999999882
20
-87.8463649999999916
11
148.9008159999999918
21
-87.9121499999999969
0
LINE
8
BLACK
6
CONTINUOUS
10
148.9008159999999918
20
-87.9121499999999969
11
148.9938499999999806
21
-88.0051839999999999
0
LINE
8
BLACK
6
CONTINUOUS
10
148.9938499999999806
20
-88.0051839999999999
11
149.0596349999999859
21
-88.1191279999999892
0
LINE
8
BLACK
6
CONTINUOUS
10
149.0596349999999859
20
-88.1191279999999892
11
149.093687999999986
21
-88.2462149999999923
0
LINE
8
BLACK
6
CONTINUOUS
10
149.093687999999986
20
-88.2462149999999923
11
149.093687999999986
21
-88.3777850000000029
0
LINE
8
BLACK
6
CONTINUOUS
10
149.093687999999986
20
-88.3777850000000029
11
149.0596349999999859
21
-88.5048719999999918
0
LINE
8
BLACK
6
CONTINUOUS
10
149.0596349999999859
20
-88.5048719999999918
11
148.9938499999999806
21
-88.6188159999999954
0
LINE
8
BLACK
6
CONTINUOUS
10
148.9938499999999806
20
-88.6188159999999954
11
148.9008159999999918
21
-88.7118499999999983
0
LINE
8
BLACK
6
CONTINUOUS
10
148.9008159999999918
20
-88.7118499999999983
11
148.7868719999999882
21
-88.7776349999999894
0
LINE
8
BLACK
6
CONTINUOUS
10
148.7868719999999882
20
-88.7776349999999894
11
148.6597849999999994
21
-88.8116879999999895
0
LINE
8
BLACK
6
CONTINUOUS
10
148.6597849999999994
20
-88.8116879999999895
11
148.5282149999999888
21
-88.8116879999999895
0
LINE
8
BLACK
6
CONTINUOUS
10
148.5282149999999888
20
-88.8116879999999895
11
148.4011279999999999
21
-88.7776349999999894
0
LINE
8
BLACK
6
CONTINUOUS
10
148.4011279999999999
20
-88.7776349999999894
11
148.2871839999999963
21
-88.7118499999999983
0
LINE
8
BLACK
6
CONTINUOUS
10
148.2871839999999963
20
-88.7118499999999983
11
148.1941499999999792
21
-88.6188159999999954
0
LINE
8
BLACK
6
CONTINUOUS
10
148.1941499999999792
20
-88.6188159999999954
11
148.1283650000000023
21
-88.5048719999999918
0
LINE
8
BLACK
6
CONTINUOUS
10
148.1283650000000023
20
-88.5048719999999918
11
148.0943120000000022
21
-88.3777850000000029
0
LINE
8
BLACK
6
CONTINUOUS
10
148.0943120000000022
20
-88.3777850000000029
11
148.0943120000000022
21
-88.2462149999999923
0
LINE
8
BLACK
6
CONTINUOUS
10
148.0943120000000022
20
-88.2462149999999923
11
148.1283650000000023
21
-88.1191279999999892
0
LINE
8
BLACK
6
CONTINUOUS
10
148.1283650000000023
20
-88.1191279999999892
11
148.1941499999999792
21
-88.0051839999999999
0
LINE
8
BLACK
6
CONTINUOUS
10
148.1941499999999792
20
-88.0051839999999999
11
148.2871839999999963
21
-87.9121499999999969
0
LINE
8
BLACK
6
CONTINUOUS
10
148.2871839999999963
20
-87.9121499999999969
11
148.4011279999999999
21
-87.8463649999999916
0
LINE
8
BLACK
6
CONTINUOUS
10
148.4011279999999999
20
-87.8463649999999916
11
148.5282149999999888
21
-87.8123119999999915
0
LINE
8
BLACK
6
CONTINUOUS
10
148.5282149999999888
20
-87.8123119999999915
11
148.6597849999999994
21
-87.8123119999999915
0
LINE
8
BLACK
6
CONTINUOUS
10
148.6597849999999994
20
-87.8123119999999915
11
148.7868719999999882
21
-87.8463649999999916
0
LINE
8
BLACK
6
CONTINUOUS
10
109.186633999999998
20
-76.091306000000003
11
109.2136939999999896
21
-76.1183659999999946
0
LINE
8
BLACK
6
CONTINUOUS
10
109.2136939999999896
20
-76.1183659999999946
11
109.2175000000000011
21
-76.1375000000000028
0
LINE
8
BLACK
6
CONTINUOUS
10
109.2175000000000011
20
-76.1375000000000028
11
109.2175000000000011
21
-80.8499999999999943
0
LINE
8
BLACK
6
CONTINUOUS
10
109.2175000000000011
20
-80.8499999999999943
11
128.2175000000000011
21
-80.8499999999999943
0
LINE
8
BLACK
6
CONTINUOUS
10
128.2175000000000011
20
-80.8499999999999943
11
128.2366339999999809
21
-80.8538059999999916
0
LINE
8
BLACK
6
CONTINUOUS
10
128.2366339999999809
20
-80.8538059999999916
11
128.2636939999999868
21
-80.8808659999999975
0
LINE
8
BLACK
6
CONTINUOUS
10
128.2636939999999868
20
-80.8808659999999975
11
128.2674999999999841
21
-80.8999999999999915
0
LINE
8
BLACK
6
CONTINUOUS
10
128.2674999999999841
20
-80.8999999999999915
11
128.2674999999999841
21
-85.6124999999999972
0
LINE
8
BLACK
6
CONTINUOUS
10
128.2674999999999841
20
-85.6124999999999972
11
147.2331099999999822
21
-85.6124999999999972
0
LINE
8
BLACK
6
CONTINUOUS
10
147.2331099999999822
20
-85.6124999999999972
11
147.2331099999999822
21
-85.3323910000000012
0
LINE
8
BLACK
6
CONTINUOUS
10
147.2331099999999822
20
-85.3323910000000012
11
147.2371699999999919
21
-85.3119789999999938
0
LINE
8
BLACK
6
CONTINUOUS
10
147.2371699999999919
20
-85.3119789999999938
11
147.2660379999999805
21
-85.283110999999991
0
LINE
8
BLACK
6
CONTINUOUS
10
147.2660379999999805
20
-85.283110999999991
11
147.3068619999999953
21
-85.283110999999991
0
LINE
8
BLACK
6
CONTINUOUS
10
147.3068619999999953
20
-85.283110999999991
11
147.3357299999999839
21
-85.3119789999999938
0
LINE
8
BLACK
6
CONTINUOUS
10
147.3357299999999839
20
-85.3119789999999938
11
147.3397899999999936
21
-85.3323910000000012
0
LINE
8
BLACK
6
CONTINUOUS
10
147.3397899999999936
20
-85.3323910000000012
11
147.3397899999999936
21
-85.6124999999999972
0
LINE
8
BLACK
6
CONTINUOUS
10
147.3397899999999936
20
-85.6124999999999972
11
147.6801499999999976
21
-85.6124999999999972
0
LINE
8
BLACK
6
CONTINUOUS
10
147.6801499999999976
20
-85.6124999999999972
11
147.6801499999999976
21
-85.3323910000000012
0
LINE
8
BLACK
6
CONTINUOUS
10
147.6801499999999976
20
-85.3323910000000012
11
147.6842100000000073
21
-85.3119789999999938
0
LINE
8
BLACK
6
CONTINUOUS
10
147.6842100000000073
20
-85.3119789999999938
11
147.7130779999999959
21
-85.283110999999991
0
LINE
8
BLACK
6
CONTINUOUS
10
147.7130779999999959
20
-85.283110999999991
11
147.7539019999999823
21
-85.283110999999991
0
LINE
8
BLACK
6
CONTINUOUS
10
147.7539019999999823
20
-85.283110999999991
11
147.7827699999999993
21
-85.3119789999999938
0
LINE
8
BLACK
6
CONTINUOUS
10
147.7827699999999993
20
-85.3119789999999938
11
147.7868299999999806
21
-85.3323910000000012
0
LINE
8
BLACK
6
CONTINUOUS
10
147.7868299999999806
20
-85.3323910000000012
11
147.7868299999999806
21
-85.6124999999999972
0
LINE
8
BLACK
6
CONTINUOUS
10
147.7868299999999806
20
-85.6124999999999972
11
148.2389499999999884
21
-85.6124999999999972
0
LINE
8
BLACK
6
CONTINUOUS
10
148.2389499999999884
20
-85.6124999999999972
11
148.2389499999999884
21
-85.4984180000000009
0
LINE
8
BLACK
6
CONTINUOUS
10
148.2389499999999884
20
-85.4984180000000009
11
148.1809939999999983
21
-85.5563750000000027
0
LINE
8
BLACK
6
CONTINUOUS
10
148.1809939999999983
20
-85.5563750000000027
11
148.1738819999999919
21
-85.561126999999999
0
LINE
8
BLACK
6
CONTINUOUS
10
148.1738819999999919
20
-85.561126999999999
11
148.1671309999999835
21
-85.5663669999999996
0
LINE
8
BLACK
6
CONTINUOUS
10
148.1671309999999835
20
-85.5663669999999996
11
148.0926240000000007
21
-85.6036199999999923
0
LINE
8
BLACK
6
CONTINUOUS
10
148.0926240000000007
20
-85.6036199999999923
11
148.0725510000000043
21
-85.6091169999999977
0
LINE
8
BLACK
6
CONTINUOUS
10
148.0725510000000043
20
-85.6091169999999977
11
148.033820999999989
21
-85.5962069999999926
0
LINE
8
BLACK
6
CONTINUOUS
10
148.033820999999989
20
-85.5962069999999926
11
148.0155639999999835
21
-85.5596919999999983
0
LINE
8
BLACK
6
CONTINUOUS
10
148.0155639999999835
20
-85.5596919999999983
11
148.0284739999999886
21
-85.5209619999999973
0
LINE
8
BLACK
6
CONTINUOUS
10
148.0284739999999886
20
-85.5209619999999973
11
148.0449160000000006
21
-85.5082019999999972
0
LINE
8
BLACK
6
CONTINUOUS
10
148.0449160000000006
20
-85.5082019999999972
11
148.1116800000000069
21
-85.4748189999999965
0
LINE
8
BLACK
6
CONTINUOUS
10
148.1116800000000069
20
-85.4748189999999965
11
148.1763289999999813
21
-85.4101699999999937
0
LINE
8
BLACK
6
CONTINUOUS
10
148.1763289999999813
20
-85.4101699999999937
11
148.2479089999999928
21
-85.3028029999999973
0
LINE
8
BLACK
6
CONTINUOUS
10
148.2479089999999928
20
-85.3028029999999973
11
148.2626089999999976
21
-85.2880710000000022
0
LINE
8
BLACK
6
CONTINUOUS
10
148.2626089999999976
20
-85.2880710000000022
11
148.2679949999999849
21
-85.2869929999999954
0
LINE
8
BLACK
6
CONTINUOUS
10
148.2679949999999849
20
-85.2869929999999954
11
148.2718779999999867
21
-85.283110999999991
0
LINE
8
BLACK
6
CONTINUOUS
10
148.2718779999999867
20
-85.283110999999991
11
148.2874109999999916
21
-85.283110999999991
0
LINE
8
BLACK
6
CONTINUOUS
10
148.2874109999999916
20
-85.283110999999991
11
148.3026419999999916
21
-85.2800649999999933
0
LINE
8
BLACK
6
CONTINUOUS
10
148.3026419999999916
20
-85.2800649999999933
11
148.3072109999999952
21
-85.283110999999991
0
LINE
8
BLACK
6
CONTINUOUS
10
148.3072109999999952
20
-85.283110999999991
11
148.3127020000000016
21
-85.283110999999991
0
LINE
8
BLACK
6
CONTINUOUS
10
148.3127020000000016
20
-85.283110999999991
11
148.3236829999999884
21
-85.294091999999992
0
LINE
8
BLACK
6
CONTINUOUS
10
148.3236829999999884
20
-85.294091999999992
11
148.3366100000000074
21
-85.3027099999999905
0
LINE
8
BLACK
6
CONTINUOUS
10
148.3366100000000074
20
-85.3027099999999905
11
148.3376869999999883
21
-85.3080959999999919
0
LINE
8
BLACK
6
CONTINUOUS
10
148.3376869999999883
20
-85.3080959999999919
11
148.3415699999999902
21
-85.3119789999999938
0
LINE
8
BLACK
6
CONTINUOUS
10
148.3415699999999902
20
-85.3119789999999938
11
148.3456299999999999
21
-85.3323910000000012
0
LINE
8
BLACK
6
CONTINUOUS
10
148.3456299999999999
20
-85.3323910000000012
11
148.3456299999999999
21
-85.6124999999999972
0
LINE
8
BLACK
6
CONTINUOUS
10
148.3456299999999999
20
-85.6124999999999972
11
152.3668049999999994
21
-85.6124999999999972
0
LINE
8
BLACK
6
CONTINUOUS
10
152.3668049999999994
20
-85.6124999999999972
11
152.4283979999999872
21
-85.6055649999999986
0
LINE
8
BLACK
6
CONTINUOUS
10
152.4283979999999872
20
-85.6055649999999986
11
152.4287280000000067
21
-85.6054999999999922
0
LINE
8
BLACK
6
CONTINUOUS
10
152.4287280000000067
20
-85.6054999999999922
11
160.4240000000000066
21
-85.6054999999999922
0
LINE
8
BLACK
6
CONTINUOUS
10
160.4240000000000066
20
-85.6054999999999922
11
160.4240079999999864
21
-85.6055009999999896
0
LINE
8
BLACK
6
CONTINUOUS
10
160.4240079999999864
20
-85.6055009999999896
11
160.4240130000000022
21
-85.6054999999999922
0
LINE
8
BLACK
6
CONTINUOUS
10
160.4240130000000022
20
-85.6054999999999922
11
160.4860419999999976
21
-85.6124999999999972
0
LINE
8
BLACK
6
CONTINUOUS
10
160.4860419999999976
20
-85.6124999999999972
11
170.7624999999999886
21
-85.6124999999999972
0
LINE
8
BLACK
6
CONTINUOUS
10
170.7624999999999886
20
-85.6124999999999972
11
170.7816339999999968
21
-85.6163059999999945
0
LINE
8
BLACK
6
CONTINUOUS
10
170.7816339999999968
20
-85.6163059999999945
11
170.8086940000000027
21
-85.6433660000000003
0
LINE
8
BLACK
6
CONTINUOUS
10
170.8086940000000027
20
-85.6433660000000003
11
170.8125
21
-85.6624999999999943
0
LINE
8
BLACK
6
CONTINUOUS
10
170.8125
20
-85.6624999999999943
11
170.8125
21
-94.9324469999999963
0
LINE
8
BLACK
6
CONTINUOUS
10
170.8125
20
-94.9324469999999963
11
170.8254509999999868
21
-94.9324469999999963
0
LINE
8
BLACK
6
CONTINUOUS
10
170.8254509999999868
20
-94.9324469999999963
11
170.8504509999999925
21
-94.950610999999995
0
LINE
8
BLACK
6
CONTINUOUS
10
170.8504509999999925
20
-94.950610999999995
11
170.8599999999999852
21
-94.9799999999999898
0
LINE
8
BLACK
6
CONTINUOUS
10
170.8599999999999852
20
-94.9799999999999898
11
170.8599999999999852
21
-95.1281979999999976
0
LINE
8
BLACK
6
CONTINUOUS
10
170.8599999999999852
20
-95.1281979999999976
11
170.8957269999999937
21
-95.4224320000000006
0
LINE
8
BLACK
6
CONTINUOUS
10
170.8957269999999937
20
-95.4224320000000006
11
170.9666589999999928
21
-95.7102149999999909
0
LINE
8
BLACK
6
CONTINUOUS
10
170.9666589999999928
20
-95.7102149999999909
11
171.0717619999999783
21
-95.9873489999999947
0
LINE
8
BLACK
6
CONTINUOUS
10
171.0717619999999783
20
-95.9873489999999947
11
171.2095039999999813
21
-96.2497939999999943
0
LINE
8
BLACK
6
CONTINUOUS
10
171.2095039999999813
20
-96.2497939999999943
11
171.3778749999999889
21
-96.4937229999999886
0
LINE
8
BLACK
6
CONTINUOUS
10
171.3778749999999889
20
-96.4937229999999886
11
171.5744219999999984
21
-96.7155779999999936
0
LINE
8
BLACK
6
CONTINUOUS
10
171.5744219999999984
20
-96.7155779999999936
11
171.7962770000000035
21
-96.912124999999989
0
LINE
8
BLACK
6
CONTINUOUS
10
171.7962770000000035
20
-96.912124999999989
11
172.0402059999999835
21
-97.0804959999999966
0
LINE
8
BLACK
6
CONTINUOUS
10
172.0402059999999835
20
-97.0804959999999966
11
172.3026509999999973
21
-97.2182379999999995
0
LINE
8
BLACK
6
CONTINUOUS
10
172.3026509999999973
20
-97.2182379999999995
11
172.5797849999999869
21
-97.3233409999999992
0
LINE
8
BLACK
6
CONTINUOUS
10
172.5797849999999869
20
-97.3233409999999992
11
172.8675680000000057
21
-97.3942729999999983
0
LINE
8
BLACK
6
CONTINUOUS
10
172.8675680000000057
20
-97.3942729999999983
11
173.1618019999999945
21
-97.4299999999999926
0
LINE
8
BLACK
6
CONTINUOUS
10
173.1618019999999945
20
-97.4299999999999926
11
173.4581979999999817
21
-97.4299999999999926
0
LINE
8
BLACK
6
CONTINUOUS
10
173.4581979999999817
20
-97.4299999999999926
11
173.7524319999999989
21
-97.3942729999999983
0
LINE
8
BLACK
6
CONTINUOUS
10
173.7524319999999989
20
-97.3942729999999983
11
174.0402149999999892
21
-97.3233409999999992
0
LINE
8
BLACK
6
CONTINUOUS
10
174.0402149999999892
20
-97.3233409999999992
11
174.3173489999999788
21
-97.2182379999999995
0
LINE
8
BLACK
6
CONTINUOUS
10
174.3173489999999788
20
-97.2182379999999995
11
174.5797939999999926
21
-97.0804959999999966
0
LINE
8
BLACK
6
CONTINUOUS
10
174.5797939999999926
20
-97.0804959999999966
11
174.8237230000000011
21
-96.912124999999989
0
LINE
8
BLACK
6
CONTINUOUS
10
174.8237230000000011
20
-96.912124999999989
11
175.0455780000000061
21
-96.7155779999999936
0
LINE
8
BLACK
6
CONTINUOUS
10
175.0455780000000061
20
-96.7155779999999936
11
175.2421249999999873
21
-96.4937229999999886
0
LINE
8
BLACK
6
CONTINUOUS
10
175.2421249999999873
20
-96.4937229999999886
11
175.4104959999999949
21
-96.2497939999999943
0
LINE
8
BLACK
6
CONTINUOUS
10
175.4104959999999949
20
-96.2497939999999943
11
175.5482379999999978
21
-95.9873489999999947
0
LINE
8
BLACK
6
CONTINUOUS
10
175.5482379999999978
20
-95.9873489999999947
11
175.6533409999999833
21
-95.7102149999999909
0
LINE
8
BLACK
6
CONTINUOUS
10
175.6533409999999833
20
-95.7102149999999909
11
175.7242729999999824
21
-95.4224320000000006
0
LINE
8
BLACK
6
CONTINUOUS
10
175.7242729999999824
20
-95.4224320000000006
11
175.7599999999999909
21
-95.1281979999999976
0
LINE
8
BLACK
6
CONTINUOUS
10
175.7599999999999909
20
-95.1281979999999976
11
175.7599999999999909
21
-94.9799999999999898
0
LINE
8
BLACK
6
CONTINUOUS
10
175.7599999999999909
20
-94.9799999999999898
11
175.7695489999999836
21
-94.950610999999995
0
LINE
8
BLACK
6
CONTINUOUS
10
175.7695489999999836
20
-94.950610999999995
11
175.7724999999999795
21
-94.9484659999999963
0
LINE
8
BLACK
6
CONTINUOUS
10
175.7724999999999795
20
-94.9484659999999963
11
175.7724999999999795
21
-85.6624999999999943
0
LINE
8
BLACK
6
CONTINUOUS
10
175.7724999999999795
20
-85.6624999999999943
11
175.7763060000000053
21
-85.6433660000000003
0
LINE
8
BLACK
6
CONTINUOUS
10
175.7763060000000053
20
-85.6433660000000003
11
175.8033659999999827
21
-85.6163059999999945
0
LINE
8
BLACK
6
CONTINUOUS
10
175.8033659999999827
20
-85.6163059999999945
11
175.8224999999999909
21
-85.6124999999999972
0
LINE
8
BLACK
6
CONTINUOUS
10
175.8224999999999909
20
-85.6124999999999972
11
180.8681100000000015
21
-85.6124999999999972
0
LINE
8
BLACK
6
CONTINUOUS
10
180.8681100000000015
20
-85.6124999999999972
11
180.8681100000000015
21
-85.3323910000000012
0
LINE
8
BLACK
6
CONTINUOUS
10
180.8681100000000015
20
-85.3323910000000012
11
180.8721699999999828
21
-85.3119789999999938
0
LINE
8
BLACK
6
CONTINUOUS
10
180.8721699999999828
20
-85.3119789999999938
11
180.9010379999999998
21
-85.283110999999991
0
LINE
8
BLACK
6
CONTINUOUS
10
180.9010379999999998
20
-85.283110999999991
11
180.9418619999999862
21
-85.283110999999991
0
LINE
8
BLACK
6
CONTINUOUS
10
180.9418619999999862
20
-85.283110999999991
11
180.9707300000000032
21
-85.3119789999999938
0
LINE
8
BLACK
6
CONTINUOUS
10
180.9707300000000032
20
-85.3119789999999938
11
180.9747899999999845
21
-85.3323910000000012
0
LINE
8
BLACK
6
CONTINUOUS
10
180.9747899999999845
20
-85.3323910000000012
11
180.9747899999999845
21
-85.6124999999999972
0
LINE
8
BLACK
6
CONTINUOUS
10
180.9747899999999845
20
-85.6124999999999972
11
181.3151499999999885
21
-85.6124999999999972
0
LINE
8
BLACK
6
CONTINUOUS
10
181.3151499999999885
20
-85.6124999999999972
11
181.3151499999999885
21
-85.3323910000000012
0
LINE
8
BLACK
6
CONTINUOUS
10
181.3151499999999885
20
-85.3323910000000012
11
181.3192099999999982
21
-85.3119789999999938
0
LINE
8
BLACK
6
CONTINUOUS
10
181.3192099999999982
20
-85.3119789999999938
11
181.3480779999999868
21
-85.283110999999991
0
LINE
8
BLACK
6
CONTINUOUS
10
181.3480779999999868
20
-85.283110999999991
11
181.3889020000000016
21
-85.283110999999991
0
LINE
8
BLACK
6
CONTINUOUS
10
181.3889020000000016
20
-85.283110999999991
11
181.4177699999999902
21
-85.3119789999999938
0
LINE
8
BLACK
6
CONTINUOUS
10
181.4177699999999902
20
-85.3119789999999938
11
181.4218299999999999
21
-85.3323910000000012
0
LINE
8
BLACK
6
CONTINUOUS
10
181.4218299999999999
20
-85.3323910000000012
11
181.4218299999999999
21
-85.6124999999999972
0
LINE
8
BLACK
6
CONTINUOUS
10
181.4218299999999999
20
-85.6124999999999972
11
182.0757209999999873
21
-85.6124999999999972
0
LINE
8
BLACK
6
CONTINUOUS
10
182.0757209999999873
20
-85.6124999999999972
11
182.0974699999999871
21
-85.5472549999999927
0
LINE
8
BLACK
6
CONTINUOUS
10
182.0974699999999871
20
-85.5472549999999927
11
182.0974699999999871
21
-85.4939959999999957
0
LINE
8
BLACK
6
CONTINUOUS
10
182.0974699999999871
20
-85.4939959999999957
11
182.0697189999999921
21
-85.4384939999999915
0
LINE
8
BLACK
6
CONTINUOUS
10
182.0697189999999921
20
-85.4384939999999915
11
182.0447069999999883
21
-85.4134820000000019
0
LINE
8
BLACK
6
CONTINUOUS
10
182.0447069999999883
20
-85.4134820000000019
11
181.9892049999999983
21
-85.3857309999999927
0
LINE
8
BLACK
6
CONTINUOUS
10
181.9892049999999983
20
-85.3857309999999927
11
181.8281219999999792
21
-85.3857309999999927
0
LINE
8
BLACK
6
CONTINUOUS
10
181.8281219999999792
20
-85.3857309999999927
11
181.7726189999999917
21
-85.4134809999999902
0
LINE
8
BLACK
6
CONTINUOUS
10
181.7726189999999917
20
-85.4134809999999902
11
181.7414880000000039
21
-85.4446149999999989
0
LINE
8
BLACK
6
CONTINUOUS
10
181.7414880000000039
20
-85.4446149999999989
11
181.7241829999999823
21
-85.4561769999999967
0
LINE
8
BLACK
6
CONTINUOUS
10
181.7241829999999823
20
-85.4561769999999967
11
181.6833579999999984
21
-85.4561779999999942
0
LINE
8
BLACK
6
CONTINUOUS
10
181.6833579999999984
20
-85.4561779999999942
11
181.6544909999999788
21
-85.4273110000000031
0
LINE
8
BLACK
6
CONTINUOUS
10
181.6544909999999788
20
-85.4273110000000031
11
181.6544899999999814
21
-85.3864859999999908
0
LINE
8
BLACK
6
CONTINUOUS
10
181.6544899999999814
20
-85.3864859999999908
11
181.6660519999999792
21
-85.3691809999999975
0
LINE
8
BLACK
6
CONTINUOUS
10
181.6660519999999792
20
-85.3691809999999975
11
181.7033050000000003
21
-85.3319279999999907
0
LINE
8
BLACK
6
CONTINUOUS
10
181.7033050000000003
20
-85.3319279999999907
11
181.7104109999999935
21
-85.327179000000001
0
LINE
8
BLACK
6
CONTINUOUS
10
181.7104109999999935
20
-85.327179000000001
11
181.7171689999999842
21
-85.3219349999999963
0
LINE
8
BLACK
6
CONTINUOUS
10
181.7171689999999842
20
-85.3219349999999963
11
181.7916759999999954
21
-85.2846819999999894
0
LINE
8
BLACK
6
CONTINUOUS
10
181.7916759999999954
20
-85.2846819999999894
11
181.7942520000000002
21
-85.2839759999999956
0
LINE
8
BLACK
6
CONTINUOUS
10
181.7942520000000002
20
-85.2839759999999956
11
181.7951180000000022
21
-85.283110999999991
0
LINE
8
BLACK
6
CONTINUOUS
10
181.7951180000000022
20
-85.283110999999991
11
181.8035019999999804
21
-85.2814429999999959
0
LINE
8
BLACK
6
CONTINUOUS
10
181.8035019999999804
20
-85.2814429999999959
11
181.8117489999999918
21
-85.2791849999999982
0
LINE
8
BLACK
6
CONTINUOUS
10
181.8117489999999918
20
-85.2791849999999982
11
181.812909999999988
21
-85.2795720000000017
0
LINE
8
BLACK
6
CONTINUOUS
10
181.812909999999988
20
-85.2795720000000017
11
181.8155299999999954
21
-85.2790509999999955
0
LINE
8
BLACK
6
CONTINUOUS
10
181.8155299999999954
20
-85.2790509999999955
11
182.0017969999999821
21
-85.2790509999999955
0
LINE
8
BLACK
6
CONTINUOUS
10
182.0017969999999821
20
-85.2790509999999955
11
182.0044169999999895
21
-85.2795720000000017
0
LINE
8
BLACK
6
CONTINUOUS
10
182.0044169999999895
20
-85.2795720000000017
11
182.0055789999999831
21
-85.2791849999999982
0
LINE
8
BLACK
6
CONTINUOUS
10
182.0055789999999831
20
-85.2791849999999982
11
182.0138259999999946
21
-85.2814429999999959
0
LINE
8
BLACK
6
CONTINUOUS
10
182.0138259999999946
20
-85.2814429999999959
11
182.0222090000000037
21
-85.283110999999991
0
LINE
8
BLACK
6
CONTINUOUS
10
182.0222090000000037
20
-85.283110999999991
11
182.0230739999999798
21
-85.2839759999999956
0
LINE
8
BLACK
6
CONTINUOUS
10
182.0230739999999798
20
-85.2839759999999956
11
182.0256509999999821
21
-85.2846819999999894
0
LINE
8
BLACK
6
CONTINUOUS
10
182.0256509999999821
20
-85.2846819999999894
11
182.1001569999999958
21
-85.3219349999999963
0
LINE
8
BLACK
6
CONTINUOUS
10
182.1001569999999958
20
-85.3219349999999963
11
182.1069109999999966
21
-85.3271759999999944
0
LINE
8
BLACK
6
CONTINUOUS
10
182.1069109999999966
20
-85.3271759999999944
11
182.1140199999999822
21
-85.3319269999999932
0
LINE
8
BLACK
6
CONTINUOUS
10
182.1140199999999822
20
-85.3319269999999932
11
182.1512740000000008
21
-85.3691809999999975
0
LINE
8
BLACK
6
CONTINUOUS
10
182.1512740000000008
20
-85.3691809999999975
11
182.1560240000000022
21
-85.3762889999999999
0
LINE
8
BLACK
6
CONTINUOUS
10
182.1560240000000022
20
-85.3762889999999999
11
182.1612659999999835
21
-85.3830439999999982
0
LINE
8
BLACK
6
CONTINUOUS
10
182.1612659999999835
20
-85.3830439999999982
11
182.1985190000000046
21
-85.4575490000000002
0
LINE
8
BLACK
6
CONTINUOUS
10
182.1985190000000046
20
-85.4575490000000002
11
182.1992239999999867
21
-85.4601260000000025
0
LINE
8
BLACK
6
CONTINUOUS
10
182.1992239999999867
20
-85.4601260000000025
11
182.2000899999999888
21
-85.4609919999999903
0
LINE
8
BLACK
6
CONTINUOUS
10
182.2000899999999888
20
-85.4609919999999903
11
182.2017559999999889
21
-85.4693719999999928
0
LINE
8
BLACK
6
CONTINUOUS
10
182.2017559999999889
20
-85.4693719999999928
11
182.2040159999999958
21
-85.4776219999999967
0
LINE
8
BLACK
6
CONTINUOUS
10
182.2040159999999958
20
-85.4776219999999967
11
182.2036279999999806
21
-85.4787829999999929
0
LINE
8
BLACK
6
CONTINUOUS
10
182.2036279999999806
20
-85.4787829999999929
11
182.2041499999999985
21
-85.4814039999999977
0
LINE
8
BLACK
6
CONTINUOUS
10
182.2041499999999985
20
-85.4814039999999977
11
182.2041499999999985
21
-85.5559109999999947
0
LINE
8
BLACK
6
CONTINUOUS
10
182.2041499999999985
20
-85.5559109999999947
11
182.2024820000000034
21
-85.5642929999999922
0
LINE
8
BLACK
6
CONTINUOUS
10
182.2024820000000034
20
-85.5642929999999922
11
182.2014130000000023
21
-85.572778999999997
0
LINE
8
BLACK
6
CONTINUOUS
10
182.2014130000000023
20
-85.572778999999997
11
182.1881729999999777
21
-85.6124999999999972
0
LINE
8
BLACK
6
CONTINUOUS
10
182.1881729999999777
20
-85.6124999999999972
11
186.0018049999999903
21
-85.6124999999999972
0
LINE
8
BLACK
6
CONTINUOUS
10
186.0018049999999903
20
-85.6124999999999972
11
186.0633979999999781
21
-85.6055649999999986
0
LINE
8
BLACK
6
CONTINUOUS
10
186.0633979999999781
20
-85.6055649999999986
11
186.0637279999999976
21
-85.6054999999999922
0
LINE
8
BLACK
6
CONTINUOUS
10
186.0637279999999976
20
-85.6054999999999922
11
194.0589999999999975
21
-85.6054999999999922
0
LINE
8
BLACK
6
CONTINUOUS
10
194.0589999999999975
20
-85.6054999999999922
11
194.0590079999999773
21
-85.6055009999999896
0
LINE
8
BLACK
6
CONTINUOUS
10
194.0590079999999773
20
-85.6055009999999896
11
194.0590129999999931
21
-85.6054999999999922
0
LINE
8
BLACK
6
CONTINUOUS
10
194.0590129999999931
20
-85.6054999999999922
11
194.1210419999999885
21
-85.6124999999999972
0
LINE
8
BLACK
6
CONTINUOUS
10
194.1210419999999885
20
-85.6124999999999972
11
201.5304999999999893
21
-85.6124999999999972
0
LINE
8
BLACK
6
CONTINUOUS
10
201.5304999999999893
20
-85.6124999999999972
11
218.2554999999999836
21
-85.6124999999999972
0
LINE
8
BLACK
6
CONTINUOUS
10
218.2554999999999836
20
-85.6124999999999972
11
218.2554999999999836
21
-80.8999999999999915
0
LINE
8
BLACK
6
CONTINUOUS
10
218.2554999999999836
20
-80.8999999999999915
11
218.2593059999999809
21
-80.8808659999999975
0
LINE
8
BLACK
6
CONTINUOUS
10
218.2593059999999809
20
-80.8808659999999975
11
218.2863659999999868
21
-80.8538059999999916
0
LINE
8
BLACK
6
CONTINUOUS
10
218.2863659999999868
20
-80.8538059999999916
11
218.305499999999995
21
-80.8499999999999943
0
LINE
8
BLACK
6
CONTINUOUS
10
218.305499999999995
20
-80.8499999999999943
11
237.305499999999995
21
-80.8499999999999943
0
LINE
8
BLACK
6
CONTINUOUS
10
237.305499999999995
20
-80.8499999999999943
11
237.305499999999995
21
-76.1375000000000028
0
LINE
8
BLACK
6
CONTINUOUS
10
237.305499999999995
20
-76.1375000000000028
11
237.3093059999999923
21
-76.1183659999999946
0
LINE
8
BLACK
6
CONTINUOUS
10
237.3093059999999923
20
-76.1183659999999946
11
237.3363659999999982
21
-76.091306000000003
0
LINE
8
BLACK
6
CONTINUOUS
10
237.3363659999999982
20
-76.091306000000003
11
237.3554999999999779
21
-76.0874999999999915
0
LINE
8
BLACK
6
CONTINUOUS
10
237.3554999999999779
20
-76.0874999999999915
11
275.4554999999999723
21
-76.0874999999999915
0
LINE
8
BLACK
6
CONTINUOUS
10
275.4554999999999723
20
-76.0874999999999915
11
275.4746339999999805
21
-76.091306000000003
0
LINE
8
BLACK
6
CONTINUOUS
10
275.4746339999999805
20
-76.091306000000003
11
275.5016939999999863
21
-76.1183659999999946
0
LINE
8
BLACK
6
CONTINUOUS
10
275.5016939999999863
20
-76.1183659999999946
11
275.5054999999999836
21
-76.1375000000000028
0
LINE
8
BLACK
6
CONTINUOUS
10
275.5054999999999836
20
-76.1375000000000028
11
275.5054999999999836
21
-80.8499999999999943
0
LINE
8
BLACK
6
CONTINUOUS
10
275.5054999999999836
20
-80.8499999999999943
11
294.5054999999999836
21
-80.8499999999999943
0
LINE
8
BLACK
6
CONTINUOUS
10
294.5054999999999836
20
-80.8499999999999943
11
294.5246339999999918
21
-80.8538059999999916
0
LINE
8
BLACK
6
CONTINUOUS
10
294.5246339999999918
20
-80.8538059999999916
11
294.5516939999999977
21
-80.8808659999999975
0
LINE
8
BLACK
6
CONTINUOUS
10
294.5516939999999977
20
-80.8808659999999975
11
294.555499999999995
21
-80.8999999999999915
0
LINE
8
BLACK
6
CONTINUOUS
10
294.555499999999995
20
-80.8999999999999915
11
294.555499999999995
21
-85.6124999999999972
0
LINE
8
BLACK
6
CONTINUOUS
10
294.555499999999995
20
-85.6124999999999972
11
313.555499999999995
21
-85.6124999999999972
0
LINE
8
BLACK
6
CONTINUOUS
10
313.555499999999995
20
-85.6124999999999972
11
313.5746340000000032
21
-85.6163059999999945
0
LINE
8
BLACK
6
CONTINUOUS
10
313.5746340000000032
20
-85.6163059999999945
11
313.6016940000000091
21
-85.6433660000000003
0
LINE
8
BLACK
6
CONTINUOUS
10
313.6016940000000091
20
-85.6433660000000003
11
313.6055000000000064
21
-85.6624999999999943
0
LINE
8
BLACK
6
CONTINUOUS
10
313.6055000000000064
20
-85.6624999999999943
11
313.6055000000000064
21
-161.8624999999999829
0
LINE
8
BLACK
6
CONTINUOUS
10
313.6055000000000064
20
-161.8624999999999829
11
313.6016940000000091
21
-161.8816339999999911
0
LINE
8
BLACK
6
CONTINUOUS
10
313.6016940000000091
20
-161.8816339999999911
11
313.5746340000000032
21
-161.908693999999997
0
LINE
8
BLACK
6
CONTINUOUS
10
313.5746340000000032
20
-161.908693999999997
11
313.555499999999995
21
-161.9124999999999943
0
LINE
8
BLACK
6
CONTINUOUS
10
313.555499999999995
20
-161.9124999999999943
11
294.5054999999999836
21
-161.9124999999999943
0
LINE
8
BLACK
6
CONTINUOUS
10
294.5054999999999836
20
-161.9124999999999943
11
294.4863659999999754
21
-161.908693999999997
0
LINE
8
BLACK
6
CONTINUOUS
10
294.4863659999999754
20
-161.908693999999997
11
294.4593059999999696
21
-161.8816339999999911
0
LINE
8
BLACK
6
CONTINUOUS
10
294.4593059999999696
20
-161.8816339999999911
11
294.4554999999999723
21
-161.8624999999999829
0
LINE
8
BLACK
6
CONTINUOUS
10
294.4554999999999723
20
-161.8624999999999829
11
294.4554999999999723
21
-157.1500000000000057
0
LINE
8
BLACK
6
CONTINUOUS
10
294.4554999999999723
20
-157.1500000000000057
11
275.4554999999999723
21
-157.1500000000000057
0
LINE
8
BLACK
6
CONTINUOUS
10
275.4554999999999723
20
-157.1500000000000057
11
275.4363659999999641
21
-157.14619399999998
0
LINE
8
BLACK
6
CONTINUOUS
10
275.4363659999999641
20
-157.14619399999998
11
275.409306000000015
21
-157.1191340000000025
0
LINE
8
BLACK
6
CONTINUOUS
10
275.409306000000015
20
-157.1191340000000025
11
275.4054999999999609
21
-157.0999999999999943
0
LINE
8
BLACK
6
CONTINUOUS
10
275.4054999999999609
20
-157.0999999999999943
11
275.4054999999999609
21
-152.3874999999999886
0
LINE
8
BLACK
6
CONTINUOUS
10
275.4054999999999609
20
-152.3874999999999886
11
237.4054999999999893
21
-152.3874999999999886
0
LINE
8
BLACK
6
CONTINUOUS
10
237.4054999999999893
20
-152.3874999999999886
11
237.4054999999999893
21
-157.0999999999999943
0
LINE
8
BLACK
6
CONTINUOUS
10
237.4054999999999893
20
-157.0999999999999943
11
237.401693999999992
21
-157.1191340000000025
0
LINE
8
BLACK
6
CONTINUOUS
10
237.401693999999992
20
-157.1191340000000025
11
237.3746339999999861
21
-157.14619399999998
0
LINE
8
BLACK
6
CONTINUOUS
10
237.3746339999999861
20
-157.14619399999998
11
237.3554999999999779
21
-157.1500000000000057
0
LINE
8
BLACK
6
CONTINUOUS
10
237.3554999999999779
20
-157.1500000000000057
11
218.3554999999999779
21
-157.1500000000000057
0
LINE
8
BLACK
6
CONTINUOUS
10
218.3554999999999779
20
-157.1500000000000057
11
218.3554999999999779
21
-161.8624999999999829
0
LINE
8
BLACK
6
CONTINUOUS
10
218.3554999999999779
20
-161.8624999999999829
11
218.3516939999999806
21
-161.8816339999999911
0
LINE
8
BLACK
6
CONTINUOUS
10
218.3516939999999806
20
-161.8816339999999911
11
218.3246340000000032
21
-161.908693999999997
0
LINE
8
BLACK
6
CONTINUOUS
10
218.3246340000000032
20
-161.908693999999997
11
218.305499999999995
21
-161.9124999999999943
0
LINE
8
BLACK
6
CONTINUOUS
10
218.305499999999995
20
-161.9124999999999943
11
199.2554999999999836
21
-161.9124999999999943
0
LINE
8
BLACK
6
CONTINUOUS
10
199.2554999999999836
20
-161.9124999999999943
11
199.2363660000000039
21
-161.908693999999997
0
LINE
8
BLACK
6
CONTINUOUS
10
199.2363660000000039
20
-161.908693999999997
11
199.209305999999998
21
-161.8816339999999911
0
LINE
8
BLACK
6
CONTINUOUS
10
199.209305999999998
20
-161.8816339999999911
11
199.2055000000000007
21
-161.8624999999999829
0
LINE
8
BLACK
6
CONTINUOUS
10
199.2055000000000007
20
-161.8624999999999829
11
199.2055000000000007
21
-121.5374999999999943
0
LINE
8
BLACK
6
CONTINUOUS
10
199.2055000000000007
20
-121.5374999999999943
11
182.2615820000000042
21
-121.5374999999999943
0
LINE
8
BLACK
6
CONTINUOUS
10
182.2615820000000042
20
-121.5374999999999943
11
182.0436499999999853
21
-121.6424499999999966
0
LINE
8
BLACK
6
CONTINUOUS
10
182.0436499999999853
20
-121.6424499999999966
11
181.7480679999999893
21
-121.745878999999988
0
LINE
8
BLACK
6
CONTINUOUS
10
181.7480679999999893
20
-121.745878999999988
11
181.4427639999999826
21
-121.8155629999999974
0
LINE
8
BLACK
6
CONTINUOUS
10
181.4427639999999826
20
-121.8155629999999974
11
181.1315779999999904
21
-121.8506249999999937
0
LINE
8
BLACK
6
CONTINUOUS
10
181.1315779999999904
20
-121.8506249999999937
11
180.8184219999999982
21
-121.8506249999999937
0
LINE
8
BLACK
6
CONTINUOUS
10
180.8184219999999982
20
-121.8506249999999937
11
180.507236000000006
21
-121.8155629999999974
0
LINE
8
BLACK
6
CONTINUOUS
10
180.507236000000006
20
-121.8155629999999974
11
180.2019319999999993
21
-121.745878999999988
0
LINE
8
BLACK
6
CONTINUOUS
10
180.2019319999999993
20
-121.745878999999988
11
179.9063500000000033
21
-121.6424499999999966
0
LINE
8
BLACK
6
CONTINUOUS
10
179.9063500000000033
20
-121.6424499999999966
11
179.6884179999999844
21
-121.5374999999999943
0
LINE
8
BLACK
6
CONTINUOUS
10
179.6884179999999844
20
-121.5374999999999943
11
175.8224999999999909
21
-121.5374999999999943
0
LINE
8
BLACK
6
CONTINUOUS
10
175.8224999999999909
20
-121.5374999999999943
11
175.8033659999999827
21
-121.533693999999997
0
LINE
8
BLACK
6
CONTINUOUS
10
175.8033659999999827
20
-121.533693999999997
11
175.7763060000000053
21
-121.5066339999999911
0
LINE
8
BLACK
6
CONTINUOUS
10
175.7763060000000053
20
-121.5066339999999911
11
175.7724999999999795
21
-121.4874999999999972
0
LINE
8
BLACK
6
CONTINUOUS
10
175.7724999999999795
20
-121.4874999999999972
11
175.7724999999999795
21
-105.011533
0
LINE
8
BLACK
6
CONTINUOUS
10
175.7724999999999795
20
-105.011533
11
175.7695489999999836
21
-105.0093889999999988
0
LINE
8
BLACK
6
CONTINUOUS
10
175.7695489999999836
20
-105.0093889999999988
11
175.7599999999999909
21
-104.9799999999999898
0
LINE
8
BLACK
6
CONTINUOUS
10
175.7599999999999909
20
-104.9799999999999898
11
175.7599999999999909
21
-104.8318019999999962
0
LINE
8
BLACK
6
CONTINUOUS
10
175.7599999999999909
20
-104.8318019999999962
11
175.7242729999999824
21
-104.5375679999999932
0
LINE
8
BLACK
6
CONTINUOUS
10
175.7242729999999824
20
-104.5375679999999932
11
175.6533409999999833
21
-104.2497849999999886
0
LINE
8
BLACK
6
CONTINUOUS
10
175.6533409999999833
20
-104.2497849999999886
11
175.5482379999999978
21
-103.972650999999999
0
LINE
8
BLACK
6
CONTINUOUS
10
175.5482379999999978
20
-103.972650999999999
11
175.4104959999999949
21
-103.7102059999999994
0
LINE
8
BLACK
6
CONTINUOUS
10
175.4104959999999949
20
-103.7102059999999994
11
175.2421249999999873
21
-103.4662769999999909
0
LINE
8
BLACK
6
CONTINUOUS
10
175.2421249999999873
20
-103.4662769999999909
11
175.0455780000000061
21
-103.2444220000000001
0
LINE
8
BLACK
6
CONTINUOUS
10
175.0455780000000061
20
-103.2444220000000001
11
174.8237230000000011
21
-103.0478749999999906
0
LINE
8
BLACK
6
CONTINUOUS
10
174.8237230000000011
20
-103.0478749999999906
11
174.5797939999999926
21
-102.8795039999999972
0
LINE
8
BLACK
6
CONTINUOUS
10
174.5797939999999926
20
-102.8795039999999972
11
174.3173489999999788
21
-102.7417619999999943
0
LINE
8
BLACK
6
CONTINUOUS
10
174.3173489999999788
20
-102.7417619999999943
11
174.0402149999999892
21
-102.6366589999999945
0
LINE
8
BLACK
6
CONTINUOUS
10
174.0402149999999892
20
-102.6366589999999945
11
173.7524319999999989
21
-102.5657269999999954
0
LINE
8
BLACK
6
CONTINUOUS
10
173.7524319999999989
20
-102.5657269999999954
11
173.4581979999999817
21
-102.5300000000000011
0
LINE
8
BLACK
6
CONTINUOUS
10
173.4581979999999817
20
-102.5300000000000011
11
173.1618019999999945
21
-102.5300000000000011
0
LINE
8
BLACK
6
CONTINUOUS
10
173.1618019999999945
20
-102.5300000000000011
11
172.8675680000000057
21
-102.5657269999999954
0
LINE
8
BLACK
6
CONTINUOUS
10
172.8675680000000057
20
-102.5657269999999954
11
172.5797849999999869
21
-102.6366589999999945
0
LINE
8
BLACK
6
CONTINUOUS
10
172.5797849999999869
20
-102.6366589999999945
11
172.3026509999999973
21
-102.7417619999999943
0
LINE
8
BLACK
6
CONTINUOUS
10
172.3026509999999973
20
-102.7417619999999943
11
172.0402059999999835
21
-102.8795039999999972
0
LINE
8
BLACK
6
CONTINUOUS
10
172.0402059999999835
20
-102.8795039999999972
11
171.7962770000000035
21
-103.0478749999999906
0
LINE
8
BLACK
6
CONTINUOUS
10
171.7962770000000035
20
-103.0478749999999906
11
171.5744219999999984
21
-103.2444220000000001
0
LINE
8
BLACK
6
CONTINUOUS
10
171.5744219999999984
20
-103.2444220000000001
11
171.3778749999999889
21
-103.4662769999999909
0
LINE
8
BLACK
6
CONTINUOUS
10
171.3778749999999889
20
-103.4662769999999909
11
171.2095039999999813
21
-103.7102059999999994
0
LINE
8
BLACK
6
CONTINUOUS
10
171.2095039999999813
20
-103.7102059999999994
11
171.0717619999999783
21
-103.972650999999999
0
LINE
8
BLACK
6
CONTINUOUS
10
171.0717619999999783
20
-103.972650999999999
11
170.9666589999999928
21
-104.2497849999999886
0
LINE
8
BLACK
6
CONTINUOUS
10
170.9666589999999928
20
-104.2497849999999886
11
170.8957269999999937
21
-104.5375679999999932
0
LINE
8
BLACK
6
CONTINUOUS
10
170.8957269999999937
20
-104.5375679999999932
11
170.8599999999999852
21
-104.8318019999999962
0
LINE
8
BLACK
6
CONTINUOUS
10
170.8599999999999852
20
-104.8318019999999962
11
170.8599999999999852
21
-104.9799999999999898
0
LINE
8
BLACK
6
CONTINUOUS
10
170.8599999999999852
20
-104.9799999999999898
11
170.8504509999999925
21
-105.0093889999999988
0
LINE
8
BLACK
6
CONTINUOUS
10
170.8504509999999925
20
-105.0093889999999988
11
170.8254509999999868
21
-105.0275529999999975
0
LINE
8
BLACK
6
CONTINUOUS
10
170.8254509999999868
20
-105.0275529999999975
11
170.8125
21
-105.0275529999999975
0
LINE
8
BLACK
6
CONTINUOUS
10
170.8125
20
-105.0275529999999975
11
170.8125
21
-123.7624999999999886
0
LINE
8
BLACK
6
CONTINUOUS
10
170.8125
20
-123.7624999999999886
11
170.8086940000000027
21
-123.7816339999999968
0
LINE
8
BLACK
6
CONTINUOUS
10
170.8086940000000027
20
-123.7816339999999968
11
170.7816339999999968
21
-123.8086939999999885
0
LINE
8
BLACK
6
CONTINUOUS
10
170.7816339999999968
20
-123.8086939999999885
11
170.7624999999999886
21
-123.8125
0
LINE
8
BLACK
6
CONTINUOUS
10
170.7624999999999886
20
-123.8125
11
147.3174999999999955
21
-123.8125
0
LINE
8
BLACK
6
CONTINUOUS
10
147.3174999999999955
20
-123.8125
11
147.3174999999999955
21
-161.8624999999999829
0
LINE
8
BLACK
6
CONTINUOUS
10
147.3174999999999955
20
-161.8624999999999829
11
147.3136939999999981
21
-161.8816339999999911
0
LINE
8
BLACK
6
CONTINUOUS
10
147.3136939999999981
20
-161.8816339999999911
11
147.2866339999999923
21
-161.908693999999997
0
LINE
8
BLACK
6
CONTINUOUS
10
147.2866339999999923
20
-161.908693999999997
11
147.2674999999999841
21
-161.9124999999999943
0
LINE
8
BLACK
6
CONTINUOUS
10
147.2674999999999841
20
-161.9124999999999943
11
128.2175000000000011
21
-161.9124999999999943
0
LINE
8
BLACK
6
CONTINUOUS
10
128.2175000000000011
20
-161.9124999999999943
11
128.1983659999999929
21
-161.908693999999997
0
LINE
8
BLACK
6
CONTINUOUS
10
128.1983659999999929
20
-161.908693999999997
11
128.1713059999999871
21
-161.8816339999999911
0
LINE
8
BLACK
6
CONTINUOUS
10
128.1713059999999871
20
-161.8816339999999911
11
128.1674999999999898
21
-161.8624999999999829
0
LINE
8
BLACK
6
CONTINUOUS
10
128.1674999999999898
20
-161.8624999999999829
11
128.1674999999999898
21
-157.1500000000000057
0
LINE
8
BLACK
6
CONTINUOUS
10
128.1674999999999898
20
-157.1500000000000057
11
109.1674999999999898
21
-157.1500000000000057
0
LINE
8
BLACK
6
CONTINUOUS
10
109.1674999999999898
20
-157.1500000000000057
11
109.1483659999999958
21
-157.14619399999998
0
LINE
8
BLACK
6
CONTINUOUS
10
109.1483659999999958
20
-157.14619399999998
11
109.1213059999999899
21
-157.1191340000000025
0
LINE
8
BLACK
6
CONTINUOUS
10
109.1213059999999899
20
-157.1191340000000025
11
109.1174999999999926
21
-157.0999999999999943
0
LINE
8
BLACK
6
CONTINUOUS
10
109.1174999999999926
20
-157.0999999999999943
11
109.1174999999999926
21
-152.3874999999999886
0
LINE
8
BLACK
6
CONTINUOUS
10
109.1174999999999926
20
-152.3874999999999886
11
71.1174999999999926
21
-152.3874999999999886
0
LINE
8
BLACK
6
CONTINUOUS
10
71.1174999999999926
20
-152.3874999999999886
11
71.1174999999999926
21
-157.0999999999999943
0
LINE
8
BLACK
6
CONTINUOUS
10
71.1174999999999926
20
-157.0999999999999943
11
71.1136939999999953
21
-157.1191340000000025
0
LINE
8
BLACK
6
CONTINUOUS
10
71.1136939999999953
20
-157.1191340000000025
11
71.0866340000000037
21
-157.14619399999998
0
LINE
8
BLACK
6
CONTINUOUS
10
71.0866340000000037
20
-157.14619399999998
11
71.0674999999999955
21
-157.1500000000000057
0
LINE
8
BLACK
6
CONTINUOUS
10
71.0674999999999955
20
-157.1500000000000057
11
52.0674999999999955
21
-157.1500000000000057
0
LINE
8
BLACK
6
CONTINUOUS
10
52.0674999999999955
20
-157.1500000000000057
11
52.0674999999999955
21
-161.8624999999999829
0
LINE
8
BLACK
6
CONTINUOUS
10
52.0674999999999955
20
-161.8624999999999829
11
52.0636939999999981
21
-161.8816339999999911
0
LINE
8
BLACK
6
CONTINUOUS
10
52.0636939999999981
20
-161.8816339999999911
11
52.0366339999999994
21
-161.908693999999997
0
LINE
8
BLACK
6
CONTINUOUS
10
52.0366339999999994
20
-161.908693999999997
11
52.0174999999999983
21
-161.9124999999999943
0
LINE
8
BLACK
6
CONTINUOUS
10
52.0174999999999983
20
-161.9124999999999943
11
32.9675000000000011
21
-161.9124999999999943
0
LINE
8
BLACK
6
CONTINUOUS
10
32.9675000000000011
20
-161.9124999999999943
11
32.948366
21
-161.908693999999997
0
LINE
8
BLACK
6
CONTINUOUS
10
32.948366
20
-161.908693999999997
11
32.9213060000000013
21
-161.8816339999999911
0
LINE
8
BLACK
6
CONTINUOUS
10
32.9213060000000013
20
-161.8816339999999911
11
32.9174999999999969
21
-161.8624999999999829
0
LINE
8
BLACK
6
CONTINUOUS
10
32.9174999999999969
20
-161.8624999999999829
11
32.9174999999999969
21
-85.6624999999999943
0
LINE
8
BLACK
6
CONTINUOUS
10
32.9174999999999969
20
-85.6624999999999943
11
32.9213060000000013
21
-85.6433660000000003
0
LINE
8
BLACK
6
CONTINUOUS
10
32.9213060000000013
20
-85.6433660000000003
11
32.948366
21
-85.6163059999999945
0
LINE
8
BLACK
6
CONTINUOUS
10
32.948366
20
-85.6163059999999945
11
32.9675000000000011
21
-85.6124999999999972
0
LINE
8
BLACK
6
CONTINUOUS
10
32.9675000000000011
20
-85.6124999999999972
11
51.9675000000000011
21
-85.6124999999999972
0
LINE
8
BLACK
6
CONTINUOUS
10
51.9675000000000011
20
-85.6124999999999972
11
51.9675000000000011
21
-80.8999999999999915
0
LINE
8
BLACK
6
CONTINUOUS
10
51.9675000000000011
20
-80.8999999999999915
11
51.9713059999999984
21
-80.8808659999999975
0
LINE
8
BLACK
6
CONTINUOUS
10
51.9713059999999984
20
-80.8808659999999975
11
51.9983659999999972
21
-80.8538059999999916
0
LINE
8
BLACK
6
CONTINUOUS
10
51.9983659999999972
20
-80.8538059999999916
11
52.0174999999999983
21
-80.8499999999999943
0
LINE
8
BLACK
6
CONTINUOUS
10
52.0174999999999983
20
-80.8499999999999943
11
71.0174999999999983
21
-80.8499999999999943
0
LINE
8
BLACK
6
CONTINUOUS
10
71.0174999999999983
20
-80.8499999999999943
11
71.0174999999999983
21
-76.1375000000000028
0
LINE
8
BLACK
6
CONTINUOUS
10
71.0174999999999983
20
-76.1375000000000028
11
71.0213059999999956
21
-76.1183659999999946
0
LINE
8
BLACK
6
CONTINUOUS
10
71.0213059999999956
20
-76.1183659999999946
11
71.0483660000000015
21
-76.091306000000003
0
LINE
8
BLACK
6
CONTINUOUS
10
71.0483660000000015
20
-76.091306000000003
11
71.0674999999999955
21
-76.0874999999999915
0
LINE
8
BLACK
6
CONTINUOUS
10
71.0674999999999955
20
-76.0874999999999915
11
109.1674999999999898
21
-76.0874999999999915
0
LINE
8
BLACK
6
CONTINUOUS
10
109.1674999999999898
20
-76.0874999999999915
11
109.186633999999998
21
-76.091306000000003
0
LINE
8
BLACK
6
CONTINUOUS
10
237.4054999999999893
20
-76.1875
11
237.4054999999999893
21
-80.8999999999999915
0
LINE
8
BLACK
6
CONTINUOUS
10
237.4054999999999893
20
-80.8999999999999915
11
237.401693999999992
21
-80.9191339999999997
0
LINE
8
BLACK
6
CONTINUOUS
10
237.401693999999992
20
-80.9191339999999997
11
237.3746339999999861
21
-80.9461939999999913
0
LINE
8
BLACK
6
CONTINUOUS
10
237.3746339999999861
20
-80.9461939999999913
11
237.3554999999999779
21
-80.9500000000000028
0
LINE
8
BLACK
6
CONTINUOUS
10
237.3554999999999779
20
-80.9500000000000028
11
218.3554999999999779
21
-80.9500000000000028
0
LINE
8
BLACK
6
CONTINUOUS
10
218.3554999999999779
20
-80.9500000000000028
11
218.3554999999999779
21
-85.6624999999999943
0
LINE
8
BLACK
6
CONTINUOUS
10
218.3554999999999779
20
-85.6624999999999943
11
218.3516939999999806
21
-85.6816340000000025
0
LINE
8
BLACK
6
CONTINUOUS
10
218.3516939999999806
20
-85.6816340000000025
11
218.3246340000000032
21
-85.7086939999999942
0
LINE
8
BLACK
6
CONTINUOUS
10
218.3246340000000032
20
-85.7086939999999942
11
218.305499999999995
21
-85.7124999999999915
0
LINE
8
BLACK
6
CONTINUOUS
10
218.305499999999995
20
-85.7124999999999915
11
201.5805000000000007
21
-85.7124999999999915
0
LINE
8
BLACK
6
CONTINUOUS
10
201.5805000000000007
20
-85.7124999999999915
11
201.5805000000000007
21
-87.8875000000000028
0
LINE
8
BLACK
6
CONTINUOUS
10
201.5805000000000007
20
-87.8875000000000028
11
216.0304999999999893
21
-87.8875000000000028
0
LINE
8
BLACK
6
CONTINUOUS
10
216.0304999999999893
20
-87.8875000000000028
11
216.0496339999999975
21
-87.8913060000000002
0
LINE
8
BLACK
6
CONTINUOUS
10
216.0496339999999975
20
-87.8913060000000002
11
216.0766940000000034
21
-87.9183659999999918
0
LINE
8
BLACK
6
CONTINUOUS
10
216.0766940000000034
20
-87.9183659999999918
11
216.0805000000000007
21
-87.9375
0
LINE
8
BLACK
6
CONTINUOUS
10
216.0805000000000007
20
-87.9375
11
216.0805000000000007
21
-102.4375
0
LINE
8
BLACK
6
CONTINUOUS
10
216.0805000000000007
20
-102.4375
11
216.0766940000000034
21
-102.456633999999994
0
LINE
8
BLACK
6
CONTINUOUS
10
216.0766940000000034
20
-102.456633999999994
11
216.0496339999999975
21
-102.4836939999999998
0
LINE
8
BLACK
6
CONTINUOUS
10
216.0496339999999975
20
-102.4836939999999998
11
216.0304999999999893
21
-102.4874999999999972
0
LINE
8
BLACK
6
CONTINUOUS
10
216.0304999999999893
20
-102.4874999999999972
11
201.5805000000000007
21
-102.4874999999999972
0
LINE
8
BLACK
6
CONTINUOUS
10
201.5805000000000007
20
-102.4874999999999972
11
201.5805000000000007
21
-106.9375
0
LINE
8
BLACK
6
CONTINUOUS
10
201.5805000000000007
20
-106.9375
11
216.0304999999999893
21
-106.9375
0
LINE
8
BLACK
6
CONTINUOUS
10
216.0304999999999893
20
-106.9375
11
216.0496339999999975
21
-106.9413059999999973
0
LINE
8
BLACK
6
CONTINUOUS
10
216.0496339999999975
20
-106.9413059999999973
11
216.0766940000000034
21
-106.968365999999989
0
LINE
8
BLACK
6
CONTINUOUS
10
216.0766940000000034
20
-106.968365999999989
11
216.0805000000000007
21
-106.9874999999999972
0
LINE
8
BLACK
6
CONTINUOUS
10
216.0805000000000007
20
-106.9874999999999972
11
216.0805000000000007
21
-121.4874999999999972
0
LINE
8
BLACK
6
CONTINUOUS
10
216.0805000000000007
20
-121.4874999999999972
11
216.0766940000000034
21
-121.5066339999999911
0
LINE
8
BLACK
6
CONTINUOUS
10
216.0766940000000034
20
-121.5066339999999911
11
216.0496339999999975
21
-121.533693999999997
0
LINE
8
BLACK
6
CONTINUOUS
10
216.0496339999999975
20
-121.533693999999997
11
216.0304999999999893
21
-121.5374999999999943
0
LINE
8
BLACK
6
CONTINUOUS
10
216.0304999999999893
20
-121.5374999999999943
11
201.5304999999999893
21
-121.5374999999999943
0
LINE
8
BLACK
6
CONTINUOUS
10
201.5304999999999893
20
-121.5374999999999943
11
199.305499999999995
21
-121.5374999999999943
0
LINE
8
BLACK
6
CONTINUOUS
10
199.305499999999995
20
-121.5374999999999943
11
199.305499999999995
21
-161.8125
0
LINE
8
BLACK
6
CONTINUOUS
10
199.305499999999995
20
-161.8125
11
218.2554999999999836
21
-161.8125
0
LINE
8
BLACK
6
CONTINUOUS
10
218.2554999999999836
20
-161.8125
11
218.2554999999999836
21
-157.0999999999999943
0
LINE
8
BLACK
6
CONTINUOUS
10
218.2554999999999836
20
-157.0999999999999943
11
218.2593059999999809
21
-157.0808659999999861
0
LINE
8
BLACK
6
CONTINUOUS
10
218.2593059999999809
20
-157.0808659999999861
11
218.2863659999999868
21
-157.0538059999999803
0
LINE
8
BLACK
6
CONTINUOUS
10
218.2863659999999868
20
-157.0538059999999803
11
218.305499999999995
21
-157.0499999999999829
0
LINE
8
BLACK
6
CONTINUOUS
10
218.305499999999995
20
-157.0499999999999829
11
237.305499999999995
21
-157.0499999999999829
0
LINE
8
BLACK
6
CONTINUOUS
10
237.305499999999995
20
-157.0499999999999829
11
237.305499999999995
21
-152.3375000000000057
0
LINE
8
BLACK
6
CONTINUOUS
10
237.305499999999995
20
-152.3375000000000057
11
237.3093059999999923
21
-152.3183659999999975
0
LINE
8
BLACK
6
CONTINUOUS
10
237.3093059999999923
20
-152.3183659999999975
11
237.3363659999999982
21
-152.2913059999999916
0
LINE
8
BLACK
6
CONTINUOUS
10
237.3363659999999982
20
-152.2913059999999916
11
237.3554999999999779
21
-152.2874999999999943
0
LINE
8
BLACK
6
CONTINUOUS
10
237.3554999999999779
20
-152.2874999999999943
11
275.4554999999999723
21
-152.2874999999999943
0
LINE
8
BLACK
6
CONTINUOUS
10
275.4554999999999723
20
-152.2874999999999943
11
275.4746339999999805
21
-152.2913059999999916
0
LINE
8
BLACK
6
CONTINUOUS
10
275.4746339999999805
20
-152.2913059999999916
11
275.5016939999999863
21
-152.3183659999999975
0
LINE
8
BLACK
6
CONTINUOUS
10
275.5016939999999863
20
-152.3183659999999975
11
275.5054999999999836
21
-152.3375000000000057
0
LINE
8
BLACK
6
CONTINUOUS
10
275.5054999999999836
20
-152.3375000000000057
11
275.5054999999999836
21
-157.0499999999999829
0
LINE
8
BLACK
6
CONTINUOUS
10
275.5054999999999836
20
-157.0499999999999829
11
294.5054999999999836
21
-157.0499999999999829
0
LINE
8
BLACK
6
CONTINUOUS
10
294.5054999999999836
20
-157.0499999999999829
11
294.5246339999999918
21
-157.0538059999999803
0
LINE
8
BLACK
6
CONTINUOUS
10
294.5246339999999918
20
-157.0538059999999803
11
294.5516939999999977
21
-157.0808659999999861
0
LINE
8
BLACK
6
CONTINUOUS
10
294.5516939999999977
20
-157.0808659999999861
11
294.555499999999995
21
-157.0999999999999943
0
LINE
8
BLACK
6
CONTINUOUS
10
294.555499999999995
20
-157.0999999999999943
11
294.555499999999995
21
-161.8125
0
LINE
8
BLACK
6
CONTINUOUS
10
294.555499999999995
20
-161.8125
11
313.5054999999999836
21
-161.8125
0
LINE
8
BLACK
6
CONTINUOUS
10
313.5054999999999836
20
-161.8125
11
313.5054999999999836
21
-85.7124999999999915
0
LINE
8
BLACK
6
CONTINUOUS
10
313.5054999999999836
20
-85.7124999999999915
11
294.5054999999999836
21
-85.7124999999999915
0
LINE
8
BLACK
6
CONTINUOUS
10
294.5054999999999836
20
-85.7124999999999915
11
294.4863659999999754
21
-85.7086939999999942
0
LINE
8
BLACK
6
CONTINUOUS
10
294.4863659999999754
20
-85.7086939999999942
11
294.4593059999999696
21
-85.6816340000000025
0
LINE
8
BLACK
6
CONTINUOUS
10
294.4593059999999696
20
-85.6816340000000025
11
294.4554999999999723
21
-85.6624999999999943
0
LINE
8
BLACK
6
CONTINUOUS
10
294.4554999999999723
20
-85.6624999999999943
11
294.4554999999999723
21
-80.9500000000000028
0
LINE
8
BLACK
6
CONTINUOUS
10
294.4554999999999723
20
-80.9500000000000028
11
275.4554999999999723
21
-80.9500000000000028
0
LINE
8
BLACK
6
CONTINUOUS
10
275.4554999999999723
20
-80.9500000000000028
11
275.4363659999999641
21
-80.9461939999999913
0
LINE
8
BLACK
6
CONTINUOUS
10
275.4363659999999641
20
-80.9461939999999913
11
275.409306000000015
21
-80.9191339999999997
0
LINE
8
BLACK
6
CONTINUOUS
10
275.409306000000015
20
-80.9191339999999997
11
275.4054999999999609
21
-80.8999999999999915
0
LINE
8
BLACK
6
CONTINUOUS
10
275.4054999999999609
20
-80.8999999999999915
11
275.4054999999999609
21
-76.1875
0
LINE
8
BLACK
6
CONTINUOUS
10
275.4054999999999609
20
-76.1875
11
237.4054999999999893
21
-76.1875
0
LINE
8
BLACK
6
CONTINUOUS
10
71.1174999999999926
20
-76.1875
11
71.1174999999999926
21
-80.8999999999999915
0
LINE
8
BLACK
6
CONTINUOUS
10
71.1174999999999926
20
-80.8999999999999915
11
71.1136939999999953
21
-80.9191339999999997
0
LINE
8
BLACK
6
CONTINUOUS
10
71.1136939999999953
20
-80.9191339999999997
11
71.0866340000000037
21
-80.9461939999999913
0
LINE
8
BLACK
6
CONTINUOUS
10
71.0866340000000037
20
-80.9461939999999913
11
71.0674999999999955
21
-80.9500000000000028
0
LINE
8
BLACK
6
CONTINUOUS
10
71.0674999999999955
20
-80.9500000000000028
11
52.0674999999999955
21
-80.9500000000000028
0
LINE
8
BLACK
6
CONTINUOUS
10
52.0674999999999955
20
-80.9500000000000028
11
52.0674999999999955
21
-85.6624999999999943
0
LINE
8
BLACK
6
CONTINUOUS
10
52.0674999999999955
20
-85.6624999999999943
11
52.0636939999999981
21
-85.6816340000000025
0
LINE
8
BLACK
6
CONTINUOUS
10
52.0636939999999981
20
-85.6816340000000025
11
52.0366339999999994
21
-85.7086939999999942
0
LINE
8
BLACK
6
CONTINUOUS
10
52.0366339999999994
20
-85.7086939999999942
11
52.0174999999999983
21
-85.7124999999999915
0
LINE
8
BLACK
6
CONTINUOUS
10
52.0174999999999983
20
-85.7124999999999915
11
33.0174999999999983
21
-85.7124999999999915
0
LINE
8
BLACK
6
CONTINUOUS
10
33.0174999999999983
20
-85.7124999999999915
11
33.0174999999999983
21
-161.8125
0
LINE
8
BLACK
6
CONTINUOUS
10
33.0174999999999983
20
-161.8125
11
51.9675000000000011
21
-161.8125
0
LINE
8
BLACK
6
CONTINUOUS
10
51.9675000000000011
20
-161.8125
11
51.9675000000000011
21
-157.0999999999999943
0
LINE
8
BLACK
6
CONTINUOUS
10
51.9675000000000011
20
-157.0999999999999943
11
51.9713059999999984
21
-157.0808659999999861
0
LINE
8
BLACK
6
CONTINUOUS
10
51.9713059999999984
20
-157.0808659999999861
11
51.9983659999999972
21
-157.0538059999999803
0
LINE
8
BLACK
6
CONTINUOUS
10
51.9983659999999972
20
-157.0538059999999803
11
52.0174999999999983
21
-157.0499999999999829
0
LINE
8
BLACK
6
CONTINUOUS
10
52.0174999999999983
20
-157.0499999999999829
11
71.0174999999999983
21
-157.0499999999999829
0
LINE
8
BLACK
6
CONTINUOUS
10
71.0174999999999983
20
-157.0499999999999829
11
71.0174999999999983
21
-152.3375000000000057
0
LINE
8
BLACK
6
CONTINUOUS
10
71.0174999999999983
20
-152.3375000000000057
11
71.0213059999999956
21
-152.3183659999999975
0
LINE
8
BLACK
6
CONTINUOUS
10
71.0213059999999956
20
-152.3183659999999975
11
71.0483660000000015
21
-152.2913059999999916
0
LINE
8
BLACK
6
CONTINUOUS
10
71.0483660000000015
20
-152.2913059999999916
11
71.0674999999999955
21
-152.2874999999999943
0
LINE
8
BLACK
6
CONTINUOUS
10
71.0674999999999955
20
-152.2874999999999943
11
109.1674999999999898
21
-152.2874999999999943
0
LINE
8
BLACK
6
CONTINUOUS
10
109.1674999999999898
20
-152.2874999999999943
11
109.186633999999998
21
-152.2913059999999916
0
LINE
8
BLACK
6
CONTINUOUS
10
109.186633999999998
20
-152.2913059999999916
11
109.2136939999999896
21
-152.3183659999999975
0
LINE
8
BLACK
6
CONTINUOUS
10
109.2136939999999896
20
-152.3183659999999975
11
109.2175000000000011
21
-152.3375000000000057
0
LINE
8
BLACK
6
CONTINUOUS
10
109.2175000000000011
20
-152.3375000000000057
11
109.2175000000000011
21
-157.0499999999999829
0
LINE
8
BLACK
6
CONTINUOUS
10
109.2175000000000011
20
-157.0499999999999829
11
128.2175000000000011
21
-157.0499999999999829
0
LINE
8
BLACK
6
CONTINUOUS
10
128.2175000000000011
20
-157.0499999999999829
11
128.2366339999999809
21
-157.0538059999999803
0
LINE
8
BLACK
6
CONTINUOUS
10
128.2366339999999809
20
-157.0538059999999803
11
128.2636939999999868
21
-157.0808659999999861
0
LINE
8
BLACK
6
CONTINUOUS
10
128.2636939999999868
20
-157.0808659999999861
11
128.2674999999999841
21
-157.0999999999999943
0
LINE
8
BLACK
6
CONTINUOUS
10
128.2674999999999841
20
-157.0999999999999943
11
128.2674999999999841
21
-161.8125
0
LINE
8
BLACK
6
CONTINUOUS
10
128.2674999999999841
20
-161.8125
11
147.2175000000000011
21
-161.8125
0
LINE
8
BLACK
6
CONTINUOUS
10
147.2175000000000011
20
-161.8125
11
147.2175000000000011
21
-88.084850000000003
0
LINE
8
BLACK
6
CONTINUOUS
10
147.2175000000000011
20
-88.084850000000003
11
147.127127999999999
21
-88.0606349999999907
0
LINE
8
BLACK
6
CONTINUOUS
10
147.127127999999999
20
-88.0606349999999907
11
147.0131839999999954
21
-87.9948499999999996
0
LINE
8
BLACK
6
CONTINUOUS
10
147.0131839999999954
20
-87.9948499999999996
11
146.9201500000000067
21
-87.9018159999999966
0
LINE
8
BLACK
6
CONTINUOUS
10
146.9201500000000067
20
-87.9018159999999966
11
146.8543650000000014
21
-87.787871999999993
0
LINE
8
BLACK
6
CONTINUOUS
10
146.8543650000000014
20
-87.787871999999993
11
146.8203120000000013
21
-87.66078499999999
0
LINE
8
BLACK
6
CONTINUOUS
10
146.8203120000000013
20
-87.66078499999999
11
146.8203120000000013
21
-87.5292149999999936
0
LINE
8
BLACK
6
CONTINUOUS
10
146.8203120000000013
20
-87.5292149999999936
11
146.8543650000000014
21
-87.4021279999999905
0
LINE
8
BLACK
6
CONTINUOUS
10
146.8543650000000014
20
-87.4021279999999905
11
146.9201500000000067
21
-87.2881840000000011
0
LINE
8
BLACK
6
CONTINUOUS
10
146.9201500000000067
20
-87.2881840000000011
11
147.0131839999999954
21
-87.1951499999999982
0
LINE
8
BLACK
6
CONTINUOUS
10
147.0131839999999954
20
-87.1951499999999982
11
147.127127999999999
21
-87.1293649999999928
0
LINE
8
BLACK
6
CONTINUOUS
10
147.127127999999999
20
-87.1293649999999928
11
147.2175000000000011
21
-87.1051489999999973
0
LINE
8
BLACK
6
CONTINUOUS
10
147.2175000000000011
20
-87.1051489999999973
11
147.2175000000000011
21
-85.7124999999999915
0
LINE
8
BLACK
6
CONTINUOUS
10
147.2175000000000011
20
-85.7124999999999915
11
128.2175000000000011
21
-85.7124999999999915
0
LINE
8
BLACK
6
CONTINUOUS
10
128.2175000000000011
20
-85.7124999999999915
11
128.1983659999999929
21
-85.7086939999999942
0
LINE
8
BLACK
6
CONTINUOUS
10
128.1983659999999929
20
-85.7086939999999942
11
128.1713059999999871
21
-85.6816340000000025
0
LINE
8
BLACK
6
CONTINUOUS
10
128.1713059999999871
20
-85.6816340000000025
11
128.1674999999999898
21
-85.6624999999999943
0
LINE
8
BLACK
6
CONTINUOUS
10
128.1674999999999898
20
-85.6624999999999943
11
128.1674999999999898
21
-80.9500000000000028
0
LINE
8
BLACK
6
CONTINUOUS
10
128.1674999999999898
20
-80.9500000000000028
11
109.1674999999999898
21
-80.9500000000000028
0
LINE
8
BLACK
6
CONTINUOUS
10
109.1674999999999898
20
-80.9500000000000028
11
109.1483659999999958
21
-80.9461939999999913
0
LINE
8
BLACK
6
CONTINUOUS
10
109.1483659999999958
20
-80.9461939999999913
11
109.1213059999999899
21
-80.9191339999999997
0
LINE
8
BLACK
6
CONTINUOUS
10
109.1213059999999899
20
-80.9191339999999997
11
109.1174999999999926
21
-80.8999999999999915
0
LINE
8
BLACK
6
CONTINUOUS
10
109.1174999999999926
20
-80.8999999999999915
11
109.1174999999999926
21
-76.1875
0
LINE
8
BLACK
6
CONTINUOUS
10
109.1174999999999926
20
-76.1875
11
71.1174999999999926
21
-76.1875
0
LINE
8
BLACK
6
CONTINUOUS
10
160.7498980000000017
20
-85.7124999999999915
11
160.7753109999999879
21
-85.7284700000000015
0
LINE
8
BLACK
6
CONTINUOUS
10
160.7753109999999879
20
-85.7284700000000015
11
160.864530000000002
21
-85.8176890000000014
0
LINE
8
BLACK
6
CONTINUOUS
10
160.864530000000002
20
-85.8176890000000014
11
160.9316649999999811
21
-85.9245200000000011
0
LINE
8
BLACK
6
CONTINUOUS
10
160.9316649999999811
20
-85.9245200000000011
11
160.9733509999999796
21
-86.0436089999999894
0
LINE
8
BLACK
6
CONTINUOUS
10
160.9733509999999796
20
-86.0436089999999894
11
160.9874999999999829
21
-86.1689870000000013
0
LINE
8
BLACK
6
CONTINUOUS
10
160.9874999999999829
20
-86.1689870000000013
11
160.987497999999988
21
-86.1689909999999912
0
LINE
8
BLACK
6
CONTINUOUS
10
160.987497999999988
20
-86.1689909999999912
11
160.9874999999999829
21
-86.1689999999999969
0
LINE
8
BLACK
6
CONTINUOUS
10
160.9874999999999829
20
-86.1689999999999969
11
160.9874999999999829
21
-87.1289999999999907
0
LINE
8
BLACK
6
CONTINUOUS
10
160.9874999999999829
20
-87.1289999999999907
11
163.4050000000000011
21
-87.1289999999999907
0
LINE
8
BLACK
6
CONTINUOUS
10
163.4050000000000011
20
-87.1289999999999907
11
163.6601789999999994
21
-87.1457249999999988
0
LINE
8
BLACK
6
CONTINUOUS
10
163.6601789999999994
20
-87.1457249999999988
11
163.9109909999999957
21
-87.1956149999999894
0
LINE
8
BLACK
6
CONTINUOUS
10
163.9109909999999957
20
-87.1956149999999894
11
164.1531459999999925
21
-87.2778160000000014
0
LINE
8
BLACK
6
CONTINUOUS
10
164.1531459999999925
20
-87.2778160000000014
11
164.3824999999999932
21
-87.3909199999999942
0
LINE
8
BLACK
6
CONTINUOUS
10
164.3824999999999932
20
-87.3909199999999942
11
164.5951289999999858
21
-87.5329940000000022
0
LINE
8
BLACK
6
CONTINUOUS
10
164.5951289999999858
20
-87.5329940000000022
11
164.7873940000000061
21
-87.7016059999999982
0
LINE
8
BLACK
6
CONTINUOUS
10
164.7873940000000061
20
-87.7016059999999982
11
164.9560060000000021
21
-87.8938709999999901
0
LINE
8
BLACK
6
CONTINUOUS
10
164.9560060000000021
20
-87.8938709999999901
11
165.0980799999999817
21
-88.1064999999999969
0
LINE
8
BLACK
6
CONTINUOUS
10
165.0980799999999817
20
-88.1064999999999969
11
165.2111840000000029
21
-88.3358539999999977
0
LINE
8
BLACK
6
CONTINUOUS
10
165.2111840000000029
20
-88.3358539999999977
11
165.2933850000000007
21
-88.5780089999999944
0
LINE
8
BLACK
6
CONTINUOUS
10
165.2933850000000007
20
-88.5780089999999944
11
165.3432750000000055
21
-88.8288209999999907
0
LINE
8
BLACK
6
CONTINUOUS
10
165.3432750000000055
20
-88.8288209999999907
11
165.3599999999999852
21
-89.083999999999989
0
LINE
8
BLACK
6
CONTINUOUS
10
165.3599999999999852
20
-89.083999999999989
11
165.3599999999999852
21
-106.2289999999999992
0
LINE
8
BLACK
6
CONTINUOUS
10
165.3599999999999852
20
-106.2289999999999992
11
165.3432750000000055
21
-106.4841789999999975
0
LINE
8
BLACK
6
CONTINUOUS
10
165.3432750000000055
20
-106.4841789999999975
11
165.2933850000000007
21
-106.7349909999999937
0
LINE
8
BLACK
6
CONTINUOUS
10
165.2933850000000007
20
-106.7349909999999937
11
165.2111840000000029
21
-106.9771459999999905
0
LINE
8
BLACK
6
CONTINUOUS
10
165.2111840000000029
20
-106.9771459999999905
11
165.0980799999999817
21
-107.2064999999999912
0
LINE
8
BLACK
6
CONTINUOUS
10
165.0980799999999817
20
-107.2064999999999912
11
164.9560060000000021
21
-107.4191289999999981
0
LINE
8
BLACK
6
CONTINUOUS
10
164.9560060000000021
20
-107.4191289999999981
11
164.7873940000000061
21
-107.61139399999999
0
LINE
8
BLACK
6
CONTINUOUS
10
164.7873940000000061
20
-107.61139399999999
11
164.5951289999999858
21
-107.7800060000000002
0
LINE
8
BLACK
6
CONTINUOUS
10
164.5951289999999858
20
-107.7800060000000002
11
164.3824999999999932
21
-107.922079999999994
0
LINE
8
BLACK
6
CONTINUOUS
10
164.3824999999999932
20
-107.922079999999994
11
164.1531459999999925
21
-108.035184000000001
0
LINE
8
BLACK
6
CONTINUOUS
10
164.1531459999999925
20
-108.035184000000001
11
163.9109909999999957
21
-108.1173849999999987
0
LINE
8
BLACK
6
CONTINUOUS
10
163.9109909999999957
20
-108.1173849999999987
11
163.6601789999999994
21
-108.1672749999999894
0
LINE
8
BLACK
6
CONTINUOUS
10
163.6601789999999994
20
-108.1672749999999894
11
163.4050000000000011
21
-108.1839999999999975
0
LINE
8
BLACK
6
CONTINUOUS
10
163.4050000000000011
20
-108.1839999999999975
11
154.9165030000000058
21
-108.1839999999999975
0
LINE
8
BLACK
6
CONTINUOUS
10
154.9165030000000058
20
-108.1839999999999975
11
154.6586849999999913
21
-108.4418189999999953
0
LINE
8
BLACK
6
CONTINUOUS
10
154.6586849999999913
20
-108.4418189999999953
11
155.096665999999999
21
-108.4418189999999953
0
LINE
8
BLACK
6
CONTINUOUS
10
155.096665999999999
20
-108.4418189999999953
11
155.111298000000005
21
-108.4432599999999951
0
LINE
8
BLACK
6
CONTINUOUS
10
155.111298000000005
20
-108.4432599999999951
11
155.1383339999999862
21
-108.4544589999999999
0
LINE
8
BLACK
6
CONTINUOUS
10
155.1383339999999862
20
-108.4544589999999999
11
155.159025999999983
21
-108.4751509999999968
0
LINE
8
BLACK
6
CONTINUOUS
10
155.159025999999983
20
-108.4751509999999968
11
155.1702249999999879
21
-108.5021869999999922
0
LINE
8
BLACK
6
CONTINUOUS
10
155.1702249999999879
20
-108.5021869999999922
11
155.1702249999999879
21
-108.5314509999999899
0
LINE
8
BLACK
6
CONTINUOUS
10
155.1702249999999879
20
-108.5314509999999899
11
155.159025999999983
21
-108.5584869999999995
0
LINE
8
BLACK
6
CONTINUOUS
10
155.159025999999983
20
-108.5584869999999995
11
155.1383339999999862
21
-108.5791789999999963
0
LINE
8
BLACK
6
CONTINUOUS
10
155.1383339999999862
20
-108.5791789999999963
11
155.111298000000005
21
-108.5903780000000012
0
LINE
8
BLACK
6
CONTINUOUS
10
155.111298000000005
20
-108.5903780000000012
11
155.096665999999999
21
-108.591819000000001
0
LINE
8
BLACK
6
CONTINUOUS
10
155.096665999999999
20
-108.591819000000001
11
154.4776190000000042
21
-108.591819000000001
0
LINE
8
BLACK
6
CONTINUOUS
10
154.4776190000000042
20
-108.591819000000001
11
154.4629869999999983
21
-108.5903780000000012
0
LINE
8
BLACK
6
CONTINUOUS
10
154.4629869999999983
20
-108.5903780000000012
11
154.4359509999999887
21
-108.5791789999999963
0
LINE
8
BLACK
6
CONTINUOUS
10
154.4359509999999887
20
-108.5791789999999963
11
154.4152589999999918
21
-108.5584869999999995
0
LINE
8
BLACK
6
CONTINUOUS
10
154.4152589999999918
20
-108.5584869999999995
11
154.404059999999987
21
-108.5314509999999899
0
LINE
8
BLACK
6
CONTINUOUS
10
154.404059999999987
20
-108.5314509999999899
11
154.404059999999987
21
-108.5021869999999922
0
LINE
8
BLACK
6
CONTINUOUS
10
154.404059999999987
20
-108.5021869999999922
11
154.4152589999999918
21
-108.4751509999999968
0
LINE
8
BLACK
6
CONTINUOUS
10
154.4152589999999918
20
-108.4751509999999968
11
154.424586000000005
21
-108.4637859999999989
0
LINE
8
BLACK
6
CONTINUOUS
10
154.424586000000005
20
-108.4637859999999989
11
154.7043709999999805
21
-108.1839999999999975
0
LINE
8
BLACK
6
CONTINUOUS
10
154.7043709999999805
20
-108.1839999999999975
11
153.6478569999999877
21
-108.1839999999999975
0
LINE
8
BLACK
6
CONTINUOUS
10
153.6478569999999877
20
-108.1839999999999975
11
153.6478569999999877
21
-108.5168189999999981
0
LINE
8
BLACK
6
CONTINUOUS
10
153.6478569999999877
20
-108.5168189999999981
11
153.6464159999999879
21
-108.5314509999999899
0
LINE
8
BLACK
6
CONTINUOUS
10
153.6464159999999879
20
-108.5314509999999899
11
153.635216999999983
21
-108.5584869999999995
0
LINE
8
BLACK
6
CONTINUOUS
10
153.635216999999983
20
-108.5584869999999995
11
153.6145249999999862
21
-108.5791789999999963
0
LINE
8
BLACK
6
CONTINUOUS
10
153.6145249999999862
20
-108.5791789999999963
11
153.587489000000005
21
-108.5903780000000012
0
LINE
8
BLACK
6
CONTINUOUS
10
153.587489000000005
20
-108.5903780000000012
11
153.5582249999999931
21
-108.5903780000000012
0
LINE
8
BLACK
6
CONTINUOUS
10
153.5582249999999931
20
-108.5903780000000012
11
153.5311889999999835
21
-108.5791789999999963
0
LINE
8
BLACK
6
CONTINUOUS
10
153.5311889999999835
20
-108.5791789999999963
11
153.5104969999999867
21
-108.5584869999999995
0
LINE
8
BLACK
6
CONTINUOUS
10
153.5104969999999867
20
-108.5584869999999995
11
153.4992979999999818
21
-108.5314509999999899
0
LINE
8
BLACK
6
CONTINUOUS
10
153.4992979999999818
20
-108.5314509999999899
11
153.497856999999982
21
-108.5168189999999981
0
LINE
8
BLACK
6
CONTINUOUS
10
153.497856999999982
20
-108.5168189999999981
11
153.497856999999982
21
-108.1839999999999975
0
LINE
8
BLACK
6
CONTINUOUS
10
153.497856999999982
20
-108.1839999999999975
11
153.0288089999999954
21
-108.1839999999999975
0
LINE
8
BLACK
6
CONTINUOUS
10
153.0288089999999954
20
-108.1839999999999975
11
153.0288089999999954
21
-108.5168189999999981
0
LINE
8
BLACK
6
CONTINUOUS
10
153.0288089999999954
20
-108.5168189999999981
11
153.0273679999999956
21
-108.5314509999999899
0
LINE
8
BLACK
6
CONTINUOUS
10
153.0273679999999956
20
-108.5314509999999899
11
153.0161689999999908
21
-108.5584869999999995
0
LINE
8
BLACK
6
CONTINUOUS
10
153.0161689999999908
20
-108.5584869999999995
11
152.995476999999994
21
-108.5791789999999963
0
LINE
8
BLACK
6
CONTINUOUS
10
152.995476999999994
20
-108.5791789999999963
11
152.9684409999999843
21
-108.5903780000000012
0
LINE
8
BLACK
6
CONTINUOUS
10
152.9684409999999843
20
-108.5903780000000012
11
152.9391770000000008
21
-108.5903780000000012
0
LINE
8
BLACK
6
CONTINUOUS
10
152.9391770000000008
20
-108.5903780000000012
11
152.9121409999999912
21
-108.5791789999999963
0
LINE
8
BLACK
6
CONTINUOUS
10
152.9121409999999912
20
-108.5791789999999963
11
152.8914489999999944
21
-108.5584869999999995
0
LINE
8
BLACK
6
CONTINUOUS
10
152.8914489999999944
20
-108.5584869999999995
11
152.8802499999999895
21
-108.5314509999999899
0
LINE
8
BLACK
6
CONTINUOUS
10
152.8802499999999895
20
-108.5314509999999899
11
152.8788089999999897
21
-108.5168189999999981
0
LINE
8
BLACK
6
CONTINUOUS
10
152.8788089999999897
20
-108.5168189999999981
11
152.8788089999999897
21
-108.1839999999999975
0
LINE
8
BLACK
6
CONTINUOUS
10
152.8788089999999897
20
-108.1839999999999975
11
151.6359520000000032
21
-108.1839999999999975
0
LINE
8
BLACK
6
CONTINUOUS
10
151.6359520000000032
20
-108.1839999999999975
11
151.6359520000000032
21
-108.2618189999999885
0
LINE
8
BLACK
6
CONTINUOUS
10
151.6359520000000032
20
-108.2618189999999885
11
151.846665999999999
21
-108.2618189999999885
0
LINE
8
BLACK
6
CONTINUOUS
10
151.846665999999999
20
-108.2618189999999885
11
151.861298000000005
21
-108.2632599999999883
0
LINE
8
BLACK
6
CONTINUOUS
10
151.861298000000005
20
-108.2632599999999883
11
151.8883339999999862
21
-108.2744589999999931
0
LINE
8
BLACK
6
CONTINUOUS
10
151.8883339999999862
20
-108.2744589999999931
11
151.909025999999983
21
-108.2951509999999899
0
LINE
8
BLACK
6
CONTINUOUS
10
151.909025999999983
20
-108.2951509999999899
11
151.9202249999999879
21
-108.3221869999999996
0
LINE
8
BLACK
6
CONTINUOUS
10
151.9202249999999879
20
-108.3221869999999996
11
151.9202249999999879
21
-108.3514509999999973
0
LINE
8
BLACK
6
CONTINUOUS
10
151.9202249999999879
20
-108.3514509999999973
11
151.909025999999983
21
-108.3784869999999927
0
LINE
8
BLACK
6
CONTINUOUS
10
151.909025999999983
20
-108.3784869999999927
11
151.8883339999999862
21
-108.3991789999999895
0
LINE
8
BLACK
6
CONTINUOUS
10
151.8883339999999862
20
-108.3991789999999895
11
151.861298000000005
21
-108.4103779999999944
0
LINE
8
BLACK
6
CONTINUOUS
10
151.861298000000005
20
-108.4103779999999944
11
151.846665999999999
21
-108.4118189999999942
0
LINE
8
BLACK
6
CONTINUOUS
10
151.846665999999999
20
-108.4118189999999942
11
151.2752380000000016
21
-108.4118189999999942
0
LINE
8
BLACK
6
CONTINUOUS
10
151.2752380000000016
20
-108.4118189999999942
11
151.2606059999999957
21
-108.4103779999999944
0
LINE
8
BLACK
6
CONTINUOUS
10
151.2606059999999957
20
-108.4103779999999944
11
151.2335699999999861
21
-108.3991789999999895
0
LINE
8
BLACK
6
CONTINUOUS
10
151.2335699999999861
20
-108.3991789999999895
11
151.2128779999999892
21
-108.3784869999999927
0
LINE
8
BLACK
6
CONTINUOUS
10
151.2128779999999892
20
-108.3784869999999927
11
151.2016789999999844
21
-108.3514509999999973
0
LINE
8
BLACK
6
CONTINUOUS
10
151.2016789999999844
20
-108.3514509999999973
11
151.2016789999999844
21
-108.3221869999999996
0
LINE
8
BLACK
6
CONTINUOUS
10
151.2016789999999844
20
-108.3221869999999996
11
151.2128779999999892
21
-108.2951509999999899
0
LINE
8
BLACK
6
CONTINUOUS
10
151.2128779999999892
20
-108.2951509999999899
11
151.2335699999999861
21
-108.2744589999999931
0
LINE
8
BLACK
6
CONTINUOUS
10
151.2335699999999861
20
-108.2744589999999931
11
151.2606059999999957
21
-108.2632599999999883
0
LINE
8
BLACK
6
CONTINUOUS
10
151.2606059999999957
20
-108.2632599999999883
11
151.2752380000000016
21
-108.2618189999999885
0
LINE
8
BLACK
6
CONTINUOUS
10
151.2752380000000016
20
-108.2618189999999885
11
151.4859519999999975
21
-108.2618189999999885
0
LINE
8
BLACK
6
CONTINUOUS
10
151.4859519999999975
20
-108.2618189999999885
11
151.4859519999999975
21
-108.1839999999999975
0
LINE
8
BLACK
6
CONTINUOUS
10
151.4859519999999975
20
-108.1839999999999975
11
150.3978569999999877
21
-108.1839999999999975
0
LINE
8
BLACK
6
CONTINUOUS
10
150.3978569999999877
20
-108.1839999999999975
11
150.3978569999999877
21
-108.3368189999999913
0
LINE
8
BLACK
6
CONTINUOUS
10
150.3978569999999877
20
-108.3368189999999913
11
150.3964159999999879
21
-108.3514509999999973
0
LINE
8
BLACK
6
CONTINUOUS
10
150.3964159999999879
20
-108.3514509999999973
11
150.385216999999983
21
-108.3784869999999927
0
LINE
8
BLACK
6
CONTINUOUS
10
150.385216999999983
20
-108.3784869999999927
11
150.3645249999999862
21
-108.3991789999999895
0
LINE
8
BLACK
6
CONTINUOUS
10
150.3645249999999862
20
-108.3991789999999895
11
150.337489000000005
21
-108.4103779999999944
0
LINE
8
BLACK
6
CONTINUOUS
10
150.337489000000005
20
-108.4103779999999944
11
150.3082249999999931
21
-108.4103779999999944
0
LINE
8
BLACK
6
CONTINUOUS
10
150.3082249999999931
20
-108.4103779999999944
11
150.2811889999999835
21
-108.3991789999999895
0
LINE
8
BLACK
6
CONTINUOUS
10
150.2811889999999835
20
-108.3991789999999895
11
150.2604969999999867
21
-108.3784869999999927
0
LINE
8
BLACK
6
CONTINUOUS
10
150.2604969999999867
20
-108.3784869999999927
11
150.2492979999999818
21
-108.3514509999999973
0
LINE
8
BLACK
6
CONTINUOUS
10
150.2492979999999818
20
-108.3514509999999973
11
150.247856999999982
21
-108.3368189999999913
0
LINE
8
BLACK
6
CONTINUOUS
10
150.247856999999982
20
-108.3368189999999913
11
150.247856999999982
21
-108.1839999999999975
0
LINE
8
BLACK
6
CONTINUOUS
10
150.247856999999982
20
-108.1839999999999975
11
149.7788089999999954
21
-108.1839999999999975
0
LINE
8
BLACK
6
CONTINUOUS
10
149.7788089999999954
20
-108.1839999999999975
11
149.7788089999999954
21
-108.3368189999999913
0
LINE
8
BLACK
6
CONTINUOUS
10
149.7788089999999954
20
-108.3368189999999913
11
149.7773679999999956
21
-108.3514509999999973
0
LINE
8
BLACK
6
CONTINUOUS
10
149.7773679999999956
20
-108.3514509999999973
11
149.7661689999999908
21
-108.3784869999999927
0
LINE
8
BLACK
6
CONTINUOUS
10
149.7661689999999908
20
-108.3784869999999927
11
149.745476999999994
21
-108.3991789999999895
0
LINE
8
BLACK
6
CONTINUOUS
10
149.745476999999994
20
-108.3991789999999895
11
149.7184409999999843
21
-108.4103779999999944
0
LINE
8
BLACK
6
CONTINUOUS
10
149.7184409999999843
20
-108.4103779999999944
11
149.6891770000000008
21
-108.4103779999999944
0
LINE
8
BLACK
6
CONTINUOUS
10
149.6891770000000008
20
-108.4103779999999944
11
149.6621409999999912
21
-108.3991789999999895
0
LINE
8
BLACK
6
CONTINUOUS
10
149.6621409999999912
20
-108.3991789999999895
11
149.6414489999999944
21
-108.3784869999999927
0
LINE
8
BLACK
6
CONTINUOUS
10
149.6414489999999944
20
-108.3784869999999927
11
149.6302499999999895
21
-108.3514509999999973
0
LINE
8
BLACK
6
CONTINUOUS
10
149.6302499999999895
20
-108.3514509999999973
11
149.6288089999999897
21
-108.3368189999999913
0
LINE
8
BLACK
6
CONTINUOUS
10
149.6288089999999897
20
-108.3368189999999913
11
149.6288089999999897
21
-108.1839999999999975
0
LINE
8
BLACK
6
CONTINUOUS
10
149.6288089999999897
20
-108.1839999999999975
11
149.4350000000000023
21
-108.1839999999999975
0
LINE
8
BLACK
6
CONTINUOUS
10
149.4350000000000023
20
-108.1839999999999975
11
149.179821000000004
21
-108.1672749999999894
0
LINE
8
BLACK
6
CONTINUOUS
10
149.179821000000004
20
-108.1672749999999894
11
148.9290089999999793
21
-108.1173849999999987
0
LINE
8
BLACK
6
CONTINUOUS
10
148.9290089999999793
20
-108.1173849999999987
11
148.6868539999999825
21
-108.035184000000001
0
LINE
8
BLACK
6
CONTINUOUS
10
148.6868539999999825
20
-108.035184000000001
11
148.4574999999999818
21
-107.922079999999994
0
LINE
8
BLACK
6
CONTINUOUS
10
148.4574999999999818
20
-107.922079999999994
11
148.2448709999999892
21
-107.7800060000000002
0
LINE
8
BLACK
6
CONTINUOUS
10
148.2448709999999892
20
-107.7800060000000002
11
148.0526059999999973
21
-107.61139399999999
0
LINE
8
BLACK
6
CONTINUOUS
10
148.0526059999999973
20
-107.61139399999999
11
147.8839940000000013
21
-107.4191289999999981
0
LINE
8
BLACK
6
CONTINUOUS
10
147.8839940000000013
20
-107.4191289999999981
11
147.7419199999999933
21
-107.2064999999999912
0
LINE
8
BLACK
6
CONTINUOUS
10
147.7419199999999933
20
-107.2064999999999912
11
147.6288160000000005
21
-106.9771459999999905
0
LINE
8
BLACK
6
CONTINUOUS
10
147.6288160000000005
20
-106.9771459999999905
11
147.5466150000000027
21
-106.7349909999999937
0
LINE
8
BLACK
6
CONTINUOUS
10
147.5466150000000027
20
-106.7349909999999937
11
147.4967249999999979
21
-106.4841789999999975
0
LINE
8
BLACK
6
CONTINUOUS
10
147.4967249999999979
20
-106.4841789999999975
11
147.4799999999999898
21
-106.2289999999999992
0
LINE
8
BLACK
6
CONTINUOUS
10
147.4799999999999898
20
-106.2289999999999992
11
147.4799999999999898
21
-89.083999999999989
0
LINE
8
BLACK
6
CONTINUOUS
10
147.4799999999999898
20
-89.083999999999989
11
147.4804929999999956
21
-89.0815180000000026
0
LINE
8
BLACK
6
CONTINUOUS
10
147.4804929999999956
20
-89.0815180000000026
11
147.4799999999999898
21
-89.0799999999999983
0
LINE
8
BLACK
6
CONTINUOUS
10
147.4799999999999898
20
-89.0799999999999983
11
147.4967249999999979
21
-88.824821
0
LINE
8
BLACK
6
CONTINUOUS
10
147.4967249999999979
20
-88.824821
11
147.5466150000000027
21
-88.5740089999999896
0
LINE
8
BLACK
6
CONTINUOUS
10
147.5466150000000027
20
-88.5740089999999896
11
147.6288160000000005
21
-88.3318539999999928
0
LINE
8
BLACK
6
CONTINUOUS
10
147.6288160000000005
20
-88.3318539999999928
11
147.7419199999999933
21
-88.102499999999992
0
LINE
8
BLACK
6
CONTINUOUS
10
147.7419199999999933
20
-88.102499999999992
11
147.8839940000000013
21
-87.8898709999999994
0
LINE
8
BLACK
6
CONTINUOUS
10
147.8839940000000013
20
-87.8898709999999994
11
148.0526059999999973
21
-87.6976059999999933
0
LINE
8
BLACK
6
CONTINUOUS
10
148.0526059999999973
20
-87.6976059999999933
11
148.2448709999999892
21
-87.5289939999999973
0
LINE
8
BLACK
6
CONTINUOUS
10
148.2448709999999892
20
-87.5289939999999973
11
148.4574999999999818
21
-87.3869199999999893
0
LINE
8
BLACK
6
CONTINUOUS
10
148.4574999999999818
20
-87.3869199999999893
11
148.6868539999999825
21
-87.2738159999999965
0
LINE
8
BLACK
6
CONTINUOUS
10
148.6868539999999825
20
-87.2738159999999965
11
148.9290089999999793
21
-87.1916149999999988
0
LINE
8
BLACK
6
CONTINUOUS
10
148.9290089999999793
20
-87.1916149999999988
11
149.179821000000004
21
-87.1417249999999939
0
LINE
8
BLACK
6
CONTINUOUS
10
149.179821000000004
20
-87.1417249999999939
11
149.4350000000000023
21
-87.125
0
LINE
8
BLACK
6
CONTINUOUS
10
149.4350000000000023
20
-87.125
11
149.4473109999999849
21
-87.1289999999999907
0
LINE
8
BLACK
6
CONTINUOUS
10
149.4473109999999849
20
-87.1289999999999907
11
151.8616839999999968
21
-87.1289999999999907
0
LINE
8
BLACK
6
CONTINUOUS
10
151.8616839999999968
20
-87.1289999999999907
11
151.8652280000000019
21
-86.1684939999999955
0
LINE
8
BLACK
6
CONTINUOUS
10
151.8652280000000019
20
-86.1684939999999955
11
151.8652779999999893
21
-86.1682419999999922
0
LINE
8
BLACK
6
CONTINUOUS
10
151.8652779999999893
20
-86.1682419999999922
11
151.8794149999999945
21
-86.0433549999999912
0
LINE
8
BLACK
6
CONTINUOUS
10
151.8794149999999945
20
-86.0433549999999912
11
151.9211279999999817
21
-85.9243129999999979
0
LINE
8
BLACK
6
CONTINUOUS
10
151.9211279999999817
20
-85.9243129999999979
11
151.9882779999999798
21
-85.8175329999999974
0
LINE
8
BLACK
6
CONTINUOUS
10
151.9882779999999798
20
-85.8175329999999974
11
152.0774979999999914
21
-85.7283669999999915
0
LINE
8
BLACK
6
CONTINUOUS
10
152.0774979999999914
20
-85.7283669999999915
11
152.1027629999999817
21
-85.7124999999999915
0
LINE
8
BLACK
6
CONTINUOUS
10
152.1027629999999817
20
-85.7124999999999915
11
148.3456299999999999
21
-85.7124999999999915
0
LINE
8
BLACK
6
CONTINUOUS
10
148.3456299999999999
20
-85.7124999999999915
11
148.3456299999999999
21
-86.0613709999999941
0
LINE
8
BLACK
6
CONTINUOUS
10
148.3456299999999999
20
-86.0613709999999941
11
148.5158099999999877
21
-86.0613709999999941
0
LINE
8
BLACK
6
CONTINUOUS
10
148.5158099999999877
20
-86.0613709999999941
11
148.5362219999999809
21
-86.0654309999999896
0
LINE
8
BLACK
6
CONTINUOUS
10
148.5362219999999809
20
-86.0654309999999896
11
148.5650899999999979
21
-86.0942989999999924
0
LINE
8
BLACK
6
CONTINUOUS
10
148.5650899999999979
20
-86.0942989999999924
11
148.5650899999999979
21
-86.135122999999993
0
LINE
8
BLACK
6
CONTINUOUS
10
148.5650899999999979
20
-86.135122999999993
11
148.5362219999999809
21
-86.1639909999999958
0
LINE
8
BLACK
6
CONTINUOUS
10
148.5362219999999809
20
-86.1639909999999958
11
148.5158099999999877
21
-86.1680509999999913
0
LINE
8
BLACK
6
CONTINUOUS
10
148.5158099999999877
20
-86.1680509999999913
11
148.0687700000000007
21
-86.1680509999999913
0
LINE
8
BLACK
6
CONTINUOUS
10
148.0687700000000007
20
-86.1680509999999913
11
148.0483580000000075
21
-86.1639909999999958
0
LINE
8
BLACK
6
CONTINUOUS
10
148.0483580000000075
20
-86.1639909999999958
11
148.0194899999999905
21
-86.135122999999993
0
LINE
8
BLACK
6
CONTINUOUS
10
148.0194899999999905
20
-86.135122999999993
11
148.0194899999999905
21
-86.0942989999999924
0
LINE
8
BLACK
6
CONTINUOUS
10
148.0194899999999905
20
-86.0942989999999924
11
148.0483580000000075
21
-86.0654309999999896
0
LINE
8
BLACK
6
CONTINUOUS
10
148.0483580000000075
20
-86.0654309999999896
11
148.0687700000000007
21
-86.0613709999999941
0
LINE
8
BLACK
6
CONTINUOUS
10
148.0687700000000007
20
-86.0613709999999941
11
148.2389499999999884
21
-86.0613709999999941
0
LINE
8
BLACK
6
CONTINUOUS
10
148.2389499999999884
20
-86.0613709999999941
11
148.2389499999999884
21
-85.7124999999999915
0
LINE
8
BLACK
6
CONTINUOUS
10
148.2389499999999884
20
-85.7124999999999915
11
147.7868299999999806
21
-85.7124999999999915
0
LINE
8
BLACK
6
CONTINUOUS
10
147.7868299999999806
20
-85.7124999999999915
11
147.7868299999999806
21
-85.9656979999999891
0
LINE
8
BLACK
6
CONTINUOUS
10
147.7868299999999806
20
-85.9656979999999891
11
147.7863079999999911
21
-85.9683179999999965
0
LINE
8
BLACK
6
CONTINUOUS
10
147.7863079999999911
20
-85.9683179999999965
11
147.7866960000000063
21
-85.9694799999999901
0
LINE
8
BLACK
6
CONTINUOUS
10
147.7866960000000063
20
-85.9694799999999901
11
147.7844359999999995
21
-85.9777289999999965
0
LINE
8
BLACK
6
CONTINUOUS
10
147.7844359999999995
20
-85.9777289999999965
11
147.7827699999999993
21
-85.9861099999999965
0
LINE
8
BLACK
6
CONTINUOUS
10
147.7827699999999993
20
-85.9861099999999965
11
147.7819039999999973
21
-85.986975000000001
0
LINE
8
BLACK
6
CONTINUOUS
10
147.7819039999999973
20
-85.986975000000001
11
147.7811989999999867
21
-85.9895530000000008
0
LINE
8
BLACK
6
CONTINUOUS
10
147.7811989999999867
20
-85.9895530000000008
11
147.743945999999994
21
-86.0640580000000028
0
LINE
8
BLACK
6
CONTINUOUS
10
147.743945999999994
20
-86.0640580000000028
11
147.7387019999999893
21
-86.0708149999999961
0
LINE
8
BLACK
6
CONTINUOUS
10
147.7387019999999893
20
-86.0708149999999961
11
147.7339539999999829
21
-86.0779209999999892
0
LINE
8
BLACK
6
CONTINUOUS
10
147.7339539999999829
20
-86.0779209999999892
11
147.6967019999999877
21
-86.1151749999999936
0
LINE
8
BLACK
6
CONTINUOUS
10
147.6967019999999877
20
-86.1151749999999936
11
147.6895889999999838
21
-86.1199259999999924
0
LINE
8
BLACK
6
CONTINUOUS
10
147.6895889999999838
20
-86.1199259999999924
11
147.6828380000000038
21
-86.1251669999999905
0
LINE
8
BLACK
6
CONTINUOUS
10
147.6828380000000038
20
-86.1251669999999905
11
147.6083309999999926
21
-86.1624199999999973
0
LINE
8
BLACK
6
CONTINUOUS
10
147.6083309999999926
20
-86.1624199999999973
11
147.6057539999999904
21
-86.1631249999999937
0
LINE
8
BLACK
6
CONTINUOUS
10
147.6057539999999904
20
-86.1631249999999937
11
147.6048889999999858
21
-86.1639909999999958
0
LINE
8
BLACK
6
CONTINUOUS
10
147.6048889999999858
20
-86.1639909999999958
11
147.5965039999999817
21
-86.1656579999999934
0
LINE
8
BLACK
6
CONTINUOUS
10
147.5965039999999817
20
-86.1656579999999934
11
147.5882579999999962
21
-86.1679170000000028
0
LINE
8
BLACK
6
CONTINUOUS
10
147.5882579999999962
20
-86.1679170000000028
11
147.5870960000000025
21
-86.1675290000000018
0
LINE
8
BLACK
6
CONTINUOUS
10
147.5870960000000025
20
-86.1675290000000018
11
147.5844769999999926
21
-86.1680509999999913
0
LINE
8
BLACK
6
CONTINUOUS
10
147.5844769999999926
20
-86.1680509999999913
11
147.4354639999999961
21
-86.1680509999999913
0
LINE
8
BLACK
6
CONTINUOUS
10
147.4354639999999961
20
-86.1680509999999913
11
147.4328439999999887
21
-86.1675290000000018
0
LINE
8
BLACK
6
CONTINUOUS
10
147.4328439999999887
20
-86.1675290000000018
11
147.4316829999999925
21
-86.1679170000000028
0
LINE
8
BLACK
6
CONTINUOUS
10
147.4316829999999925
20
-86.1679170000000028
11
147.423435999999981
21
-86.1656579999999934
0
LINE
8
BLACK
6
CONTINUOUS
10
147.423435999999981
20
-86.1656579999999934
11
147.4150520000000029
21
-86.1639909999999958
0
LINE
8
BLACK
6
CONTINUOUS
10
147.4150520000000029
20
-86.1639909999999958
11
147.4141860000000008
21
-86.1631249999999937
0
LINE
8
BLACK
6
CONTINUOUS
10
147.4141860000000008
20
-86.1631249999999937
11
147.411609999999996
21
-86.1624199999999973
0
LINE
8
BLACK
6
CONTINUOUS
10
147.411609999999996
20
-86.1624199999999973
11
147.3371029999999848
21
-86.1251669999999905
0
LINE
8
BLACK
6
CONTINUOUS
10
147.3371029999999848
20
-86.1251669999999905
11
147.3303449999999941
21
-86.1199220000000025
0
LINE
8
BLACK
6
CONTINUOUS
10
147.3303449999999941
20
-86.1199220000000025
11
147.3232390000000009
21
-86.1151739999999961
0
LINE
8
BLACK
6
CONTINUOUS
10
147.3232390000000009
20
-86.1151739999999961
11
147.3174999999999955
21
-86.1094349999999906
0
LINE
8
BLACK
6
CONTINUOUS
10
147.3174999999999955
20
-86.1094349999999906
11
147.3174999999999955
21
-87.0953119999999927
0
LINE
8
BLACK
6
CONTINUOUS
10
147.3174999999999955
20
-87.0953119999999927
11
147.3857849999999985
21
-87.0953119999999927
0
LINE
8
BLACK
6
CONTINUOUS
10
147.3857849999999985
20
-87.0953119999999927
11
147.5128719999999873
21
-87.1293649999999928
0
LINE
8
BLACK
6
CONTINUOUS
10
147.5128719999999873
20
-87.1293649999999928
11
147.6268159999999909
21
-87.1951499999999982
0
LINE
8
BLACK
6
CONTINUOUS
10
147.6268159999999909
20
-87.1951499999999982
11
147.7198499999999797
21
-87.2881840000000011
0
LINE
8
BLACK
6
CONTINUOUS
10
147.7198499999999797
20
-87.2881840000000011
11
147.785634999999985
21
-87.4021279999999905
0
LINE
8
BLACK
6
CONTINUOUS
10
147.785634999999985
20
-87.4021279999999905
11
147.8196879999999851
21
-87.5292149999999936
0
LINE
8
BLACK
6
CONTINUOUS
10
147.8196879999999851
20
-87.5292149999999936
11
147.8196879999999851
21
-87.66078499999999
0
LINE
8
BLACK
6
CONTINUOUS
10
147.8196879999999851
20
-87.66078499999999
11
147.785634999999985
21
-87.787871999999993
0
LINE
8
BLACK
6
CONTINUOUS
10
147.785634999999985
20
-87.787871999999993
11
147.7198499999999797
21
-87.9018159999999966
0
LINE
8
BLACK
6
CONTINUOUS
10
147.7198499999999797
20
-87.9018159999999966
11
147.6268159999999909
21
-87.9948499999999996
0
LINE
8
BLACK
6
CONTINUOUS
10
147.6268159999999909
20
-87.9948499999999996
11
147.5128719999999873
21
-88.0606349999999907
0
LINE
8
BLACK
6
CONTINUOUS
10
147.5128719999999873
20
-88.0606349999999907
11
147.3857849999999985
21
-88.0946879999999908
0
LINE
8
BLACK
6
CONTINUOUS
10
147.3857849999999985
20
-88.0946879999999908
11
147.3174999999999955
21
-88.0946879999999908
0
LINE
8
BLACK
6
CONTINUOUS
10
147.3174999999999955
20
-88.0946879999999908
11
147.3174999999999955
21
-123.7124999999999915
0
LINE
8
BLACK
6
CONTINUOUS
10
147.3174999999999955
20
-123.7124999999999915
11
170.7125000000000057
21
-123.7124999999999915
0
LINE
8
BLACK
6
CONTINUOUS
10
170.7125000000000057
20
-123.7124999999999915
11
170.7125000000000057
21
-85.7124999999999915
0
LINE
8
BLACK
6
CONTINUOUS
10
170.7125000000000057
20
-85.7124999999999915
11
160.7498980000000017
21
-85.7124999999999915
0
LINE
8
BLACK
6
CONTINUOUS
10
179.9087689999999782
20
-121.5374999999999943
11
179.9429939999999988
21
-121.5539819999999906
0
LINE
8
BLACK
6
CONTINUOUS
10
179.9429939999999988
20
-121.5539819999999906
11
180.2284410000000037
21
-121.6538639999999987
0
LINE
8
BLACK
6
CONTINUOUS
10
180.2284410000000037
20
-121.6538639999999987
11
180.5232759999999814
21
-121.7211590000000001
0
LINE
8
BLACK
6
CONTINUOUS
10
180.5232759999999814
20
-121.7211590000000001
11
180.8237909999999999
21
-121.7550179999999926
0
LINE
8
BLACK
6
CONTINUOUS
10
180.8237909999999999
20
-121.7550179999999926
11
181.1262089999999887
21
-121.7550179999999926
0
LINE
8
BLACK
6
CONTINUOUS
10
181.1262089999999887
20
-121.7550179999999926
11
181.4267239999999788
21
-121.7211590000000001
0
LINE
8
BLACK
6
CONTINUOUS
10
181.4267239999999788
20
-121.7211590000000001
11
181.721558999999985
21
-121.6538639999999987
0
LINE
8
BLACK
6
CONTINUOUS
10
181.721558999999985
20
-121.6538639999999987
11
182.0070059999999899
21
-121.5539819999999906
0
LINE
8
BLACK
6
CONTINUOUS
10
182.0070059999999899
20
-121.5539819999999906
11
182.041230999999982
21
-121.5374999999999943
0
LINE
8
BLACK
6
CONTINUOUS
10
182.041230999999982
20
-121.5374999999999943
11
179.9087689999999782
21
-121.5374999999999943
0
LINE
8
BLACK
6
CONTINUOUS
10
201.5805000000000007
20
-107.0374999999999943
11
201.5805000000000007
21
-121.4375
0
LINE
8
BLACK
6
CONTINUOUS
10
201.5805000000000007
20
-121.4375
11
215.9804999999999779
21
-121.4375
0
LINE
8
BLACK
6
CONTINUOUS
10
215.9804999999999779
20
-121.4375
11
215.9804999999999779
21
-107.0374999999999943
0
LINE
8
BLACK
6
CONTINUOUS
10
215.9804999999999779
20
-107.0374999999999943
11
201.5805000000000007
21
-107.0374999999999943
0
LINE
8
BLACK
6
CONTINUOUS
10
194.3848979999999926
20
-85.7124999999999915
11
194.4103109999999788
21
-85.7284700000000015
0
LINE
8
BLACK
6
CONTINUOUS
10
194.4103109999999788
20
-85.7284700000000015
11
194.4995299999999929
21
-85.8176890000000014
0
LINE
8
BLACK
6
CONTINUOUS
10
194.4995299999999929
20
-85.8176890000000014
11
194.5666650000000004
21
-85.9245200000000011
0
LINE
8
BLACK
6
CONTINUOUS
10
194.5666650000000004
20
-85.9245200000000011
11
194.608350999999999
21
-86.0436089999999894
0
LINE
8
BLACK
6
CONTINUOUS
10
194.608350999999999
20
-86.0436089999999894
11
194.6225000000000023
21
-86.1689870000000013
0
LINE
8
BLACK
6
CONTINUOUS
10
194.6225000000000023
20
-86.1689870000000013
11
194.6224979999999789
21
-86.1689909999999912
0
LINE
8
BLACK
6
CONTINUOUS
10
194.6224979999999789
20
-86.1689909999999912
11
194.6225000000000023
21
-86.1689999999999969
0
LINE
8
BLACK
6
CONTINUOUS
10
194.6225000000000023
20
-86.1689999999999969
11
194.6225000000000023
21
-87.1289999999999907
0
LINE
8
BLACK
6
CONTINUOUS
10
194.6225000000000023
20
-87.1289999999999907
11
197.039999999999992
21
-87.1289999999999907
0
LINE
8
BLACK
6
CONTINUOUS
10
197.039999999999992
20
-87.1289999999999907
11
197.2951789999999903
21
-87.1457249999999988
0
LINE
8
BLACK
6
CONTINUOUS
10
197.2951789999999903
20
-87.1457249999999988
11
197.5459909999999866
21
-87.1956149999999894
0
LINE
8
BLACK
6
CONTINUOUS
10
197.5459909999999866
20
-87.1956149999999894
11
197.7881459999999834
21
-87.2778160000000014
0
LINE
8
BLACK
6
CONTINUOUS
10
197.7881459999999834
20
-87.2778160000000014
11
198.0174999999999841
21
-87.3909199999999942
0
LINE
8
BLACK
6
CONTINUOUS
10
198.0174999999999841
20
-87.3909199999999942
11
198.2301290000000051
21
-87.5329940000000022
0
LINE
8
BLACK
6
CONTINUOUS
10
198.2301290000000051
20
-87.5329940000000022
11
198.422393999999997
21
-87.7016059999999982
0
LINE
8
BLACK
6
CONTINUOUS
10
198.422393999999997
20
-87.7016059999999982
11
198.591005999999993
21
-87.8938709999999901
0
LINE
8
BLACK
6
CONTINUOUS
10
198.591005999999993
20
-87.8938709999999901
11
198.7330800000000011
21
-88.1064999999999969
0
LINE
8
BLACK
6
CONTINUOUS
10
198.7330800000000011
20
-88.1064999999999969
11
198.8461839999999938
21
-88.3358539999999977
0
LINE
8
BLACK
6
CONTINUOUS
10
198.8461839999999938
20
-88.3358539999999977
11
198.9283849999999916
21
-88.5780089999999944
0
LINE
8
BLACK
6
CONTINUOUS
10
198.9283849999999916
20
-88.5780089999999944
11
198.9782749999999965
21
-88.8288209999999907
0
LINE
8
BLACK
6
CONTINUOUS
10
198.9782749999999965
20
-88.8288209999999907
11
198.9950000000000045
21
-89.083999999999989
0
LINE
8
BLACK
6
CONTINUOUS
10
198.9950000000000045
20
-89.083999999999989
11
198.9950000000000045
21
-106.2289999999999992
0
LINE
8
BLACK
6
CONTINUOUS
10
198.9950000000000045
20
-106.2289999999999992
11
198.9782749999999965
21
-106.4841789999999975
0
LINE
8
BLACK
6
CONTINUOUS
10
198.9782749999999965
20
-106.4841789999999975
11
198.9283849999999916
21
-106.7349909999999937
0
LINE
8
BLACK
6
CONTINUOUS
10
198.9283849999999916
20
-106.7349909999999937
11
198.8461839999999938
21
-106.9771459999999905
0
LINE
8
BLACK
6
CONTINUOUS
10
198.8461839999999938
20
-106.9771459999999905
11
198.7330800000000011
21
-107.2064999999999912
0
LINE
8
BLACK
6
CONTINUOUS
10
198.7330800000000011
20
-107.2064999999999912
11
198.591005999999993
21
-107.4191289999999981
0
LINE
8
BLACK
6
CONTINUOUS
10
198.591005999999993
20
-107.4191289999999981
11
198.422393999999997
21
-107.61139399999999
0
LINE
8
BLACK
6
CONTINUOUS
10
198.422393999999997
20
-107.61139399999999
11
198.2301290000000051
21
-107.7800060000000002
0
LINE
8
BLACK
6
CONTINUOUS
10
198.2301290000000051
20
-107.7800060000000002
11
198.0174999999999841
21
-107.922079999999994
0
LINE
8
BLACK
6
CONTINUOUS
10
198.0174999999999841
20
-107.922079999999994
11
197.7881459999999834
21
-108.035184000000001
0
LINE
8
BLACK
6
CONTINUOUS
10
197.7881459999999834
20
-108.035184000000001
11
197.5459909999999866
21
-108.1173849999999987
0
LINE
8
BLACK
6
CONTINUOUS
10
197.5459909999999866
20
-108.1173849999999987
11
197.2951789999999903
21
-108.1672749999999894
0
LINE
8
BLACK
6
CONTINUOUS
10
197.2951789999999903
20
-108.1672749999999894
11
197.039999999999992
21
-108.1839999999999975
0
LINE
8
BLACK
6
CONTINUOUS
10
197.039999999999992
20
-108.1839999999999975
11
190.9816919999999811
21
-108.1839999999999975
0
LINE
8
BLACK
6
CONTINUOUS
10
190.9816919999999811
20
-108.1839999999999975
11
190.9878439999999955
21
-108.1988529999999997
0
LINE
8
BLACK
6
CONTINUOUS
10
190.9878439999999955
20
-108.1988529999999997
11
190.9878439999999955
21
-108.2281169999999975
0
LINE
8
BLACK
6
CONTINUOUS
10
190.9878439999999955
20
-108.2281169999999975
11
190.9766449999999907
21
-108.2551529999999929
0
LINE
8
BLACK
6
CONTINUOUS
10
190.9766449999999907
20
-108.2551529999999929
11
190.9559529999999938
21
-108.2758449999999897
0
LINE
8
BLACK
6
CONTINUOUS
10
190.9559529999999938
20
-108.2758449999999897
11
190.9289169999999842
21
-108.2870439999999945
0
LINE
8
BLACK
6
CONTINUOUS
10
190.9289169999999842
20
-108.2870439999999945
11
190.9142849999999783
21
-108.2884849999999943
0
LINE
8
BLACK
6
CONTINUOUS
10
190.9142849999999783
20
-108.2884849999999943
11
190.8464280000000031
21
-108.2884849999999943
0
LINE
8
BLACK
6
CONTINUOUS
10
190.8464280000000031
20
-108.2884849999999943
11
190.8464280000000031
21
-108.5468189999999993
0
LINE
8
BLACK
6
CONTINUOUS
10
190.8464280000000031
20
-108.5468189999999993
11
190.8449870000000033
21
-108.561450999999991
0
LINE
8
BLACK
6
CONTINUOUS
10
190.8449870000000033
20
-108.561450999999991
11
190.8337879999999984
21
-108.5884870000000006
0
LINE
8
BLACK
6
CONTINUOUS
10
190.8337879999999984
20
-108.5884870000000006
11
190.8130960000000016
21
-108.6091789999999975
0
LINE
8
BLACK
6
CONTINUOUS
10
190.8130960000000016
20
-108.6091789999999975
11
190.786059999999992
21
-108.6203779999999881
0
LINE
8
BLACK
6
CONTINUOUS
10
190.786059999999992
20
-108.6203779999999881
11
190.75679599999998
21
-108.6203779999999881
0
LINE
8
BLACK
6
CONTINUOUS
10
190.75679599999998
20
-108.6203779999999881
11
190.7297599999999989
21
-108.6091789999999975
0
LINE
8
BLACK
6
CONTINUOUS
10
190.7297599999999989
20
-108.6091789999999975
11
190.709068000000002
21
-108.5884870000000006
0
LINE
8
BLACK
6
CONTINUOUS
10
190.709068000000002
20
-108.5884870000000006
11
190.6978689999999972
21
-108.561450999999991
0
LINE
8
BLACK
6
CONTINUOUS
10
190.6978689999999972
20
-108.561450999999991
11
190.6964279999999974
21
-108.5468189999999993
0
LINE
8
BLACK
6
CONTINUOUS
10
190.6964279999999974
20
-108.5468189999999993
11
190.6964279999999974
21
-108.2884849999999943
0
LINE
8
BLACK
6
CONTINUOUS
10
190.6964279999999974
20
-108.2884849999999943
11
190.2952379999999835
21
-108.2884849999999943
0
LINE
8
BLACK
6
CONTINUOUS
10
190.2952379999999835
20
-108.2884849999999943
11
190.2878319999999803
21
-108.28775499999999
0
LINE
8
BLACK
6
CONTINUOUS
10
190.2878319999999803
20
-108.28775499999999
11
190.2858579999999904
21
-108.2878959999999893
0
LINE
8
BLACK
6
CONTINUOUS
10
190.2858579999999904
20
-108.2878959999999893
11
190.2844319999999811
21
-108.2874199999999973
0
LINE
8
BLACK
6
CONTINUOUS
10
190.2844319999999811
20
-108.2874199999999973
11
190.2806059999999775
21
-108.2870439999999945
0
LINE
8
BLACK
6
CONTINUOUS
10
190.2806059999999775
20
-108.2870439999999945
11
190.2694979999999987
21
-108.2824430000000007
0
LINE
8
BLACK
6
CONTINUOUS
10
190.2694979999999987
20
-108.2824430000000007
11
190.2580949999999973
21
-108.2786419999999907
0
LINE
8
BLACK
6
CONTINUOUS
10
190.2580949999999973
20
-108.2786419999999907
11
190.2560579999999959
21
-108.2768749999999898
0
LINE
8
BLACK
6
CONTINUOUS
10
190.2560579999999959
20
-108.2768749999999898
11
190.2535699999999963
21
-108.2758449999999897
0
LINE
8
BLACK
6
CONTINUOUS
10
190.2535699999999963
20
-108.2758449999999897
11
190.2450699999999983
21
-108.2673449999999917
0
LINE
8
BLACK
6
CONTINUOUS
10
190.2450699999999983
20
-108.2673449999999917
11
190.2359879999999919
21
-108.2594679999999983
0
LINE
8
BLACK
6
CONTINUOUS
10
190.2359879999999919
20
-108.2594679999999983
11
190.2347829999999931
21
-108.2570580000000007
0
LINE
8
BLACK
6
CONTINUOUS
10
190.2347829999999931
20
-108.2570580000000007
11
190.2328779999999995
21
-108.2551529999999929
0
LINE
8
BLACK
6
CONTINUOUS
10
190.2328779999999995
20
-108.2551529999999929
11
190.2282759999999939
21
-108.2440439999999882
0
LINE
8
BLACK
6
CONTINUOUS
10
190.2282759999999939
20
-108.2440439999999882
11
190.2229020000000048
21
-108.2332949999999983
0
LINE
8
BLACK
6
CONTINUOUS
10
190.2229020000000048
20
-108.2332949999999983
11
190.2227110000000039
21
-108.2306079999999895
0
LINE
8
BLACK
6
CONTINUOUS
10
190.2227110000000039
20
-108.2306079999999895
11
190.2216789999999946
21
-108.2281169999999975
0
LINE
8
BLACK
6
CONTINUOUS
10
190.2216789999999946
20
-108.2281169999999975
11
190.2216789999999946
21
-108.2160899999999941
0
LINE
8
BLACK
6
CONTINUOUS
10
190.2216789999999946
20
-108.2160899999999941
11
190.2208269999999857
21
-108.2041049999999984
0
LINE
8
BLACK
6
CONTINUOUS
10
190.2208269999999857
20
-108.2041049999999984
11
190.2216789999999946
21
-108.2003579999999943
0
LINE
8
BLACK
6
CONTINUOUS
10
190.2216789999999946
20
-108.2003579999999943
11
190.2216789999999946
21
-108.1988529999999997
0
LINE
8
BLACK
6
CONTINUOUS
10
190.2216789999999946
20
-108.1988529999999997
11
190.2224369999999851
21
-108.1970209999999923
0
LINE
8
BLACK
6
CONTINUOUS
10
190.2224369999999851
20
-108.1970209999999923
11
190.2240869999999973
21
-108.1897680000000008
0
LINE
8
BLACK
6
CONTINUOUS
10
190.2240869999999973
20
-108.1897680000000008
11
190.2260100000000023
21
-108.1839999999999975
0
LINE
8
BLACK
6
CONTINUOUS
10
190.2260100000000023
20
-108.1839999999999975
11
189.4178569999999979
21
-108.1839999999999975
0
LINE
8
BLACK
6
CONTINUOUS
10
189.4178569999999979
20
-108.1839999999999975
11
189.4178569999999979
21
-108.5468189999999993
0
LINE
8
BLACK
6
CONTINUOUS
10
189.4178569999999979
20
-108.5468189999999993
11
189.4164159999999981
21
-108.561450999999991
0
LINE
8
BLACK
6
CONTINUOUS
10
189.4164159999999981
20
-108.561450999999991
11
189.4052169999999933
21
-108.5884870000000006
0
LINE
8
BLACK
6
CONTINUOUS
10
189.4052169999999933
20
-108.5884870000000006
11
189.3845249999999965
21
-108.6091789999999975
0
LINE
8
BLACK
6
CONTINUOUS
10
189.3845249999999965
20
-108.6091789999999975
11
189.3574889999999868
21
-108.6203779999999881
0
LINE
8
BLACK
6
CONTINUOUS
10
189.3574889999999868
20
-108.6203779999999881
11
189.3282250000000033
21
-108.6203779999999881
0
LINE
8
BLACK
6
CONTINUOUS
10
189.3282250000000033
20
-108.6203779999999881
11
189.3011889999999937
21
-108.6091789999999975
0
LINE
8
BLACK
6
CONTINUOUS
10
189.3011889999999937
20
-108.6091789999999975
11
189.2804969999999969
21
-108.5884870000000006
0
LINE
8
BLACK
6
CONTINUOUS
10
189.2804969999999969
20
-108.5884870000000006
11
189.269297999999992
21
-108.561450999999991
0
LINE
8
BLACK
6
CONTINUOUS
10
189.269297999999992
20
-108.561450999999991
11
189.2678569999999922
21
-108.5468189999999993
0
LINE
8
BLACK
6
CONTINUOUS
10
189.2678569999999922
20
-108.5468189999999993
11
189.2678569999999922
21
-108.1839999999999975
0
LINE
8
BLACK
6
CONTINUOUS
10
189.2678569999999922
20
-108.1839999999999975
11
188.7988090000000057
21
-108.1839999999999975
0
LINE
8
BLACK
6
CONTINUOUS
10
188.7988090000000057
20
-108.1839999999999975
11
188.7988090000000057
21
-108.5468189999999993
0
LINE
8
BLACK
6
CONTINUOUS
10
188.7988090000000057
20
-108.5468189999999993
11
188.7973679999999774
21
-108.561450999999991
0
LINE
8
BLACK
6
CONTINUOUS
10
188.7973679999999774
20
-108.561450999999991
11
188.786169000000001
21
-108.5884870000000006
0
LINE
8
BLACK
6
CONTINUOUS
10
188.786169000000001
20
-108.5884870000000006
11
188.7654770000000042
21
-108.6091789999999975
0
LINE
8
BLACK
6
CONTINUOUS
10
188.7654770000000042
20
-108.6091789999999975
11
188.7384409999999946
21
-108.6203779999999881
0
LINE
8
BLACK
6
CONTINUOUS
10
188.7384409999999946
20
-108.6203779999999881
11
188.7091769999999826
21
-108.6203779999999881
0
LINE
8
BLACK
6
CONTINUOUS
10
188.7091769999999826
20
-108.6203779999999881
11
188.6821410000000014
21
-108.6091789999999975
0
LINE
8
BLACK
6
CONTINUOUS
10
188.6821410000000014
20
-108.6091789999999975
11
188.6614490000000046
21
-108.5884870000000006
0
LINE
8
BLACK
6
CONTINUOUS
10
188.6614490000000046
20
-108.5884870000000006
11
188.6502499999999998
21
-108.561450999999991
0
LINE
8
BLACK
6
CONTINUOUS
10
188.6502499999999998
20
-108.561450999999991
11
188.648809
21
-108.5468189999999993
0
LINE
8
BLACK
6
CONTINUOUS
10
188.648809
20
-108.5468189999999993
11
188.648809
21
-108.1839999999999975
0
LINE
8
BLACK
6
CONTINUOUS
10
188.648809
20
-108.1839999999999975
11
186.8916659999999865
21
-108.1839999999999975
0
LINE
8
BLACK
6
CONTINUOUS
10
186.8916659999999865
20
-108.1839999999999975
11
186.8916659999999865
21
-108.2563419999999894
0
LINE
8
BLACK
6
CONTINUOUS
10
186.8916659999999865
20
-108.2563419999999894
11
186.8902249999999867
21
-108.2709739999999954
0
LINE
8
BLACK
6
CONTINUOUS
10
186.8902249999999867
20
-108.2709739999999954
11
186.8891940000000034
21
-108.273461999999995
0
LINE
8
BLACK
6
CONTINUOUS
10
186.8891940000000034
20
-108.273461999999995
11
186.8890030000000024
21
-108.2761519999999962
0
LINE
8
BLACK
6
CONTINUOUS
10
186.8890030000000024
20
-108.2761519999999962
11
186.8837479999999971
21
-108.289882999999989
0
LINE
8
BLACK
6
CONTINUOUS
10
186.8837479999999971
20
-108.289882999999989
11
186.8361289999999997
21
-108.385120999999998
0
LINE
8
BLACK
6
CONTINUOUS
10
186.8361289999999997
20
-108.385120999999998
11
186.8321650000000034
21
-108.3914169999999899
0
LINE
8
BLACK
6
CONTINUOUS
10
186.8321650000000034
20
-108.3914169999999899
11
186.8314079999999819
21
-108.3932469999999881
0
LINE
8
BLACK
6
CONTINUOUS
10
186.8314079999999819
20
-108.3932469999999881
11
186.8297179999999855
21
-108.3953049999999934
0
LINE
8
BLACK
6
CONTINUOUS
10
186.8297179999999855
20
-108.3953049999999934
11
186.8282969999999921
21
-108.3975639999999885
0
LINE
8
BLACK
6
CONTINUOUS
10
186.8282969999999921
20
-108.3975639999999885
11
186.8267979999999966
21
-108.3988629999999915
0
LINE
8
BLACK
6
CONTINUOUS
10
186.8267979999999966
20
-108.3988629999999915
11
186.8220799999999997
21
-108.4046129999999977
0
LINE
8
BLACK
6
CONTINUOUS
10
186.8220799999999997
20
-108.4046129999999977
11
186.7744619999999998
21
-108.4522319999999951
0
LINE
8
BLACK
6
CONTINUOUS
10
186.7744619999999998
20
-108.4522319999999951
11
186.7687119999999936
21
-108.456949999999992
0
LINE
8
BLACK
6
CONTINUOUS
10
186.7687119999999936
20
-108.456949999999992
11
186.7674119999999789
21
-108.4584499999999991
0
LINE
8
BLACK
6
CONTINUOUS
10
186.7674119999999789
20
-108.4584499999999991
11
186.7651520000000005
21
-108.4598719999999901
0
LINE
8
BLACK
6
CONTINUOUS
10
186.7651520000000005
20
-108.4598719999999901
11
186.7630959999999902
21
-108.4615599999999915
0
LINE
8
BLACK
6
CONTINUOUS
10
186.7630959999999902
20
-108.4615599999999915
11
186.7612680000000012
21
-108.4623169999999988
0
LINE
8
BLACK
6
CONTINUOUS
10
186.7612680000000012
20
-108.4623169999999988
11
186.7549689999999885
21
-108.4662819999999925
0
LINE
8
BLACK
6
CONTINUOUS
10
186.7549689999999885
20
-108.4662819999999925
11
186.6597309999999936
21
-108.5139009999999899
0
LINE
8
BLACK
6
CONTINUOUS
10
186.6597309999999936
20
-108.5139009999999899
11
186.6459989999999891
21
-108.5191559999999953
0
LINE
8
BLACK
6
CONTINUOUS
10
186.6459989999999891
20
-108.5191559999999953
11
186.6433109999999829
21
-108.5193459999999988
0
LINE
8
BLACK
6
CONTINUOUS
10
186.6433109999999829
20
-108.5193459999999988
11
186.6408219999999858
21
-108.5203779999999938
0
LINE
8
BLACK
6
CONTINUOUS
10
186.6408219999999858
20
-108.5203779999999938
11
186.6261899999999798
21
-108.5218189999999936
0
LINE
8
BLACK
6
CONTINUOUS
10
186.6261899999999798
20
-108.5218189999999936
11
186.3404759999999953
21
-108.5218189999999936
0
LINE
8
BLACK
6
CONTINUOUS
10
186.3404759999999953
20
-108.5218189999999936
11
186.3258439999999894
21
-108.5203779999999938
0
LINE
8
BLACK
6
CONTINUOUS
10
186.3258439999999894
20
-108.5203779999999938
11
186.3233549999999923
21
-108.5193469999999962
0
LINE
8
BLACK
6
CONTINUOUS
10
186.3233549999999923
20
-108.5193469999999962
11
186.3206659999999886
21
-108.5191559999999953
0
LINE
8
BLACK
6
CONTINUOUS
10
186.3206659999999886
20
-108.5191559999999953
11
186.3069349999999815
21
-108.5139009999999899
0
LINE
8
BLACK
6
CONTINUOUS
10
186.3069349999999815
20
-108.5139009999999899
11
186.2116969999999867
21
-108.4662819999999925
0
LINE
8
BLACK
6
CONTINUOUS
10
186.2116969999999867
20
-108.4662819999999925
11
186.2053970000000049
21
-108.4623169999999988
0
LINE
8
BLACK
6
CONTINUOUS
10
186.2053970000000049
20
-108.4623169999999988
11
186.2035699999999849
21
-108.4615599999999915
0
LINE
8
BLACK
6
CONTINUOUS
10
186.2035699999999849
20
-108.4615599999999915
11
186.2015130000000056
21
-108.4598719999999901
0
LINE
8
BLACK
6
CONTINUOUS
10
186.2015130000000056
20
-108.4598719999999901
11
186.1992539999999963
21
-108.4584499999999991
0
LINE
8
BLACK
6
CONTINUOUS
10
186.1992539999999963
20
-108.4584499999999991
11
186.1979529999999841
21
-108.456949999999992
0
LINE
8
BLACK
6
CONTINUOUS
10
186.1979529999999841
20
-108.456949999999992
11
186.1922040000000038
21
-108.4522319999999951
0
LINE
8
BLACK
6
CONTINUOUS
10
186.1922040000000038
20
-108.4522319999999951
11
186.144584999999978
21
-108.4046120000000002
0
LINE
8
BLACK
6
CONTINUOUS
10
186.144584999999978
20
-108.4046120000000002
11
186.1352579999999932
21
-108.3932469999999881
0
LINE
8
BLACK
6
CONTINUOUS
10
186.1352579999999932
20
-108.3932469999999881
11
186.1240599999999858
21
-108.3662109999999927
0
LINE
8
BLACK
6
CONTINUOUS
10
186.1240599999999858
20
-108.3662109999999927
11
186.1240599999999858
21
-108.3369479999999925
0
LINE
8
BLACK
6
CONTINUOUS
10
186.1240599999999858
20
-108.3369479999999925
11
186.1352589999999907
21
-108.3099119999999971
0
LINE
8
BLACK
6
CONTINUOUS
10
186.1352589999999907
20
-108.3099119999999971
11
186.155951999999985
21
-108.2892189999999886
0
LINE
8
BLACK
6
CONTINUOUS
10
186.155951999999985
20
-108.2892189999999886
11
186.1829879999999946
21
-108.2780209999999954
0
LINE
8
BLACK
6
CONTINUOUS
10
186.1829879999999946
20
-108.2780209999999954
11
186.2122509999999806
21
-108.2780209999999954
0
LINE
8
BLACK
6
CONTINUOUS
10
186.2122509999999806
20
-108.2780209999999954
11
186.2392869999999903
21
-108.2892200000000003
0
LINE
8
BLACK
6
CONTINUOUS
10
186.2392869999999903
20
-108.2892200000000003
11
186.2506529999999998
21
-108.2985479999999967
0
LINE
8
BLACK
6
CONTINUOUS
10
186.2506529999999998
20
-108.2985479999999967
11
186.2896649999999852
21
-108.3375609999999938
0
LINE
8
BLACK
6
CONTINUOUS
10
186.2896649999999852
20
-108.3375609999999938
11
186.3581810000000019
21
-108.3718190000000021
0
LINE
8
BLACK
6
CONTINUOUS
10
186.3581810000000019
20
-108.3718190000000021
11
186.6084850000000017
21
-108.3718190000000021
0
LINE
8
BLACK
6
CONTINUOUS
10
186.6084850000000017
20
-108.3718190000000021
11
186.6769999999999925
21
-108.3375609999999938
0
LINE
8
BLACK
6
CONTINUOUS
10
186.6769999999999925
20
-108.3375609999999938
11
186.7074069999999892
21
-108.3071529999999996
0
LINE
8
BLACK
6
CONTINUOUS
10
186.7074069999999892
20
-108.3071529999999996
11
186.7416659999999808
21
-108.2386369999999971
0
LINE
8
BLACK
6
CONTINUOUS
10
186.7416659999999808
20
-108.2386369999999971
11
186.7416659999999808
21
-108.1839999999999975
0
LINE
8
BLACK
6
CONTINUOUS
10
186.7416659999999808
20
-108.1839999999999975
11
185.3678569999999866
21
-108.1839999999999975
0
LINE
8
BLACK
6
CONTINUOUS
10
185.3678569999999866
20
-108.1839999999999975
11
185.3678569999999866
21
-108.4468189999999908
0
LINE
8
BLACK
6
CONTINUOUS
10
185.3678569999999866
20
-108.4468189999999908
11
185.3664159999999868
21
-108.4614509999999967
0
LINE
8
BLACK
6
CONTINUOUS
10
185.3664159999999868
20
-108.4614509999999967
11
185.3552169999999819
21
-108.4884869999999921
0
LINE
8
BLACK
6
CONTINUOUS
10
185.3552169999999819
20
-108.4884869999999921
11
185.3345249999999851
21
-108.5091789999999889
0
LINE
8
BLACK
6
CONTINUOUS
10
185.3345249999999851
20
-108.5091789999999889
11
185.3074890000000039
21
-108.5203779999999938
0
LINE
8
BLACK
6
CONTINUOUS
10
185.3074890000000039
20
-108.5203779999999938
11
185.278224999999992
21
-108.5203779999999938
0
LINE
8
BLACK
6
CONTINUOUS
10
185.278224999999992
20
-108.5203779999999938
11
185.2511889999999823
21
-108.5091789999999889
0
LINE
8
BLACK
6
CONTINUOUS
10
185.2511889999999823
20
-108.5091789999999889
11
185.2304969999999855
21
-108.4884869999999921
0
LINE
8
BLACK
6
CONTINUOUS
10
185.2304969999999855
20
-108.4884869999999921
11
185.2192979999999807
21
-108.4614509999999967
0
LINE
8
BLACK
6
CONTINUOUS
10
185.2192979999999807
20
-108.4614509999999967
11
185.2178569999999809
21
-108.4468189999999908
0
LINE
8
BLACK
6
CONTINUOUS
10
185.2178569999999809
20
-108.4468189999999908
11
185.2178569999999809
21
-108.1839999999999975
0
LINE
8
BLACK
6
CONTINUOUS
10
185.2178569999999809
20
-108.1839999999999975
11
184.7488089999999943
21
-108.1839999999999975
0
LINE
8
BLACK
6
CONTINUOUS
10
184.7488089999999943
20
-108.1839999999999975
11
184.7488089999999943
21
-108.4468189999999908
0
LINE
8
BLACK
6
CONTINUOUS
10
184.7488089999999943
20
-108.4468189999999908
11
184.7473679999999945
21
-108.4614509999999967
0
LINE
8
BLACK
6
CONTINUOUS
10
184.7473679999999945
20
-108.4614509999999967
11
184.7361689999999896
21
-108.4884869999999921
0
LINE
8
BLACK
6
CONTINUOUS
10
184.7361689999999896
20
-108.4884869999999921
11
184.7154769999999928
21
-108.5091789999999889
0
LINE
8
BLACK
6
CONTINUOUS
10
184.7154769999999928
20
-108.5091789999999889
11
184.6884409999999832
21
-108.5203779999999938
0
LINE
8
BLACK
6
CONTINUOUS
10
184.6884409999999832
20
-108.5203779999999938
11
184.6591769999999997
21
-108.5203779999999938
0
LINE
8
BLACK
6
CONTINUOUS
10
184.6591769999999997
20
-108.5203779999999938
11
184.6321409999999901
21
-108.5091789999999889
0
LINE
8
BLACK
6
CONTINUOUS
10
184.6321409999999901
20
-108.5091789999999889
11
184.6114489999999932
21
-108.4884869999999921
0
LINE
8
BLACK
6
CONTINUOUS
10
184.6114489999999932
20
-108.4884869999999921
11
184.6002499999999884
21
-108.4614509999999967
0
LINE
8
BLACK
6
CONTINUOUS
10
184.6002499999999884
20
-108.4614509999999967
11
184.5988089999999886
21
-108.4468189999999908
0
LINE
8
BLACK
6
CONTINUOUS
10
184.5988089999999886
20
-108.4468189999999908
11
184.5988089999999886
21
-108.1839999999999975
0
LINE
8
BLACK
6
CONTINUOUS
10
184.5988089999999886
20
-108.1839999999999975
11
183.0699999999999932
21
-108.1839999999999975
0
LINE
8
BLACK
6
CONTINUOUS
10
183.0699999999999932
20
-108.1839999999999975
11
182.8148209999999949
21
-108.1672749999999894
0
LINE
8
BLACK
6
CONTINUOUS
10
182.8148209999999949
20
-108.1672749999999894
11
182.5640089999999987
21
-108.1173849999999987
0
LINE
8
BLACK
6
CONTINUOUS
10
182.5640089999999987
20
-108.1173849999999987
11
182.3218540000000019
21
-108.035184000000001
0
LINE
8
BLACK
6
CONTINUOUS
10
182.3218540000000019
20
-108.035184000000001
11
182.0925000000000011
21
-107.922079999999994
0
LINE
8
BLACK
6
CONTINUOUS
10
182.0925000000000011
20
-107.922079999999994
11
181.8798709999999801
21
-107.7800060000000002
0
LINE
8
BLACK
6
CONTINUOUS
10
181.8798709999999801
20
-107.7800060000000002
11
181.6876059999999882
21
-107.61139399999999
0
LINE
8
BLACK
6
CONTINUOUS
10
181.6876059999999882
20
-107.61139399999999
11
181.5189939999999922
21
-107.4191289999999981
0
LINE
8
BLACK
6
CONTINUOUS
10
181.5189939999999922
20
-107.4191289999999981
11
181.3769199999999842
21
-107.2064999999999912
0
LINE
8
BLACK
6
CONTINUOUS
10
181.3769199999999842
20
-107.2064999999999912
11
181.2638159999999914
21
-106.9771459999999905
0
LINE
8
BLACK
6
CONTINUOUS
10
181.2638159999999914
20
-106.9771459999999905
11
181.1816149999999936
21
-106.7349909999999937
0
LINE
8
BLACK
6
CONTINUOUS
10
181.1816149999999936
20
-106.7349909999999937
11
181.1317249999999888
21
-106.4841789999999975
0
LINE
8
BLACK
6
CONTINUOUS
10
181.1317249999999888
20
-106.4841789999999975
11
181.1149999999999807
21
-106.2289999999999992
0
LINE
8
BLACK
6
CONTINUOUS
10
181.1149999999999807
20
-106.2289999999999992
11
181.1149999999999807
21
-89.083999999999989
0
LINE
8
BLACK
6
CONTINUOUS
10
181.1149999999999807
20
-89.083999999999989
11
181.1154929999999865
21
-89.0815180000000026
0
LINE
8
BLACK
6
CONTINUOUS
10
181.1154929999999865
20
-89.0815180000000026
11
181.1149999999999807
21
-89.0799999999999983
0
LINE
8
BLACK
6
CONTINUOUS
10
181.1149999999999807
20
-89.0799999999999983
11
181.1317249999999888
21
-88.824821
0
LINE
8
BLACK
6
CONTINUOUS
10
181.1317249999999888
20
-88.824821
11
181.1816149999999936
21
-88.5740089999999896
0
LINE
8
BLACK
6
CONTINUOUS
10
181.1816149999999936
20
-88.5740089999999896
11
181.2638159999999914
21
-88.3318539999999928
0
LINE
8
BLACK
6
CONTINUOUS
10
181.2638159999999914
20
-88.3318539999999928
11
181.3769199999999842
21
-88.102499999999992
0
LINE
8
BLACK
6
CONTINUOUS
10
181.3769199999999842
20
-88.102499999999992
11
181.5189939999999922
21
-87.8898709999999994
0
LINE
8
BLACK
6
CONTINUOUS
10
181.5189939999999922
20
-87.8898709999999994
11
181.6876059999999882
21
-87.6976059999999933
0
LINE
8
BLACK
6
CONTINUOUS
10
181.6876059999999882
20
-87.6976059999999933
11
181.8798709999999801
21
-87.5289939999999973
0
LINE
8
BLACK
6
CONTINUOUS
10
181.8798709999999801
20
-87.5289939999999973
11
182.0925000000000011
21
-87.3869199999999893
0
LINE
8
BLACK
6
CONTINUOUS
10
182.0925000000000011
20
-87.3869199999999893
11
182.3218540000000019
21
-87.2738159999999965
0
LINE
8
BLACK
6
CONTINUOUS
10
182.3218540000000019
20
-87.2738159999999965
11
182.5640089999999987
21
-87.1916149999999988
0
LINE
8
BLACK
6
CONTINUOUS
10
182.5640089999999987
20
-87.1916149999999988
11
182.8148209999999949
21
-87.1417249999999939
0
LINE
8
BLACK
6
CONTINUOUS
10
182.8148209999999949
20
-87.1417249999999939
11
183.0699999999999932
21
-87.125
0
LINE
8
BLACK
6
CONTINUOUS
10
183.0699999999999932
20
-87.125
11
183.0823110000000042
21
-87.1289999999999907
0
LINE
8
BLACK
6
CONTINUOUS
10
183.0823110000000042
20
-87.1289999999999907
11
185.4966839999999877
21
-87.1289999999999907
0
LINE
8
BLACK
6
CONTINUOUS
10
185.4966839999999877
20
-87.1289999999999907
11
185.5002279999999928
21
-86.1684939999999955
0
LINE
8
BLACK
6
CONTINUOUS
10
185.5002279999999928
20
-86.1684939999999955
11
185.5002779999999802
21
-86.1682419999999922
0
LINE
8
BLACK
6
CONTINUOUS
10
185.5002779999999802
20
-86.1682419999999922
11
185.5144149999999854
21
-86.0433549999999912
0
LINE
8
BLACK
6
CONTINUOUS
10
185.5144149999999854
20
-86.0433549999999912
11
185.5561280000000011
21
-85.9243129999999979
0
LINE
8
BLACK
6
CONTINUOUS
10
185.5561280000000011
20
-85.9243129999999979
11
185.6232779999999991
21
-85.8175329999999974
0
LINE
8
BLACK
6
CONTINUOUS
10
185.6232779999999991
20
-85.8175329999999974
11
185.7124979999999823
21
-85.7283669999999915
0
LINE
8
BLACK
6
CONTINUOUS
10
185.7124979999999823
20
-85.7283669999999915
11
185.7377630000000011
21
-85.7124999999999915
0
LINE
8
BLACK
6
CONTINUOUS
10
185.7377630000000011
20
-85.7124999999999915
11
182.1441619999999944
21
-85.7124999999999915
0
LINE
8
BLACK
6
CONTINUOUS
10
182.1441619999999944
20
-85.7124999999999915
11
181.7952909999999918
21
-86.0613709999999941
0
LINE
8
BLACK
6
CONTINUOUS
10
181.7952909999999918
20
-86.0613709999999941
11
182.1508099999999786
21
-86.0613709999999941
0
LINE
8
BLACK
6
CONTINUOUS
10
182.1508099999999786
20
-86.0613709999999941
11
182.1712220000000002
21
-86.0654309999999896
0
LINE
8
BLACK
6
CONTINUOUS
10
182.1712220000000002
20
-86.0654309999999896
11
182.2000899999999888
21
-86.0942989999999924
0
LINE
8
BLACK
6
CONTINUOUS
10
182.2000899999999888
20
-86.0942989999999924
11
182.2000899999999888
21
-86.135122999999993
0
LINE
8
BLACK
6
CONTINUOUS
10
182.2000899999999888
20
-86.135122999999993
11
182.1712220000000002
21
-86.1639909999999958
0
LINE
8
BLACK
6
CONTINUOUS
10
182.1712220000000002
20
-86.1639909999999958
11
182.1508099999999786
21
-86.1680509999999913
0
LINE
8
BLACK
6
CONTINUOUS
10
182.1508099999999786
20
-86.1680509999999913
11
181.6665169999999989
21
-86.1680509999999913
0
LINE
8
BLACK
6
CONTINUOUS
10
181.6665169999999989
20
-86.1680509999999913
11
181.6461050000000057
21
-86.1639909999999958
0
LINE
8
BLACK
6
CONTINUOUS
10
181.6461050000000057
20
-86.1639909999999958
11
181.6461039999999798
21
-86.1639909999999958
0
LINE
8
BLACK
6
CONTINUOUS
10
181.6461039999999798
20
-86.1639909999999958
11
181.6172369999999887
21
-86.1351239999999905
0
LINE
8
BLACK
6
CONTINUOUS
10
181.6172369999999887
20
-86.1351239999999905
11
181.6172369999999887
21
-86.0942979999999949
0
LINE
8
BLACK
6
CONTINUOUS
10
181.6172369999999887
20
-86.0942979999999949
11
181.628799999999984
21
-86.0769939999999991
0
LINE
8
BLACK
6
CONTINUOUS
10
181.628799999999984
20
-86.0769939999999991
11
181.9932929999999942
21
-85.7124999999999915
0
LINE
8
BLACK
6
CONTINUOUS
10
181.9932929999999942
20
-85.7124999999999915
11
181.4218299999999999
21
-85.7124999999999915
0
LINE
8
BLACK
6
CONTINUOUS
10
181.4218299999999999
20
-85.7124999999999915
11
181.4218299999999999
21
-85.9656979999999891
0
LINE
8
BLACK
6
CONTINUOUS
10
181.4218299999999999
20
-85.9656979999999891
11
181.421307999999982
21
-85.9683179999999965
0
LINE
8
BLACK
6
CONTINUOUS
10
181.421307999999982
20
-85.9683179999999965
11
181.4216959999999972
21
-85.9694799999999901
0
LINE
8
BLACK
6
CONTINUOUS
10
181.4216959999999972
20
-85.9694799999999901
11
181.4194359999999904
21
-85.9777289999999965
0
LINE
8
BLACK
6
CONTINUOUS
10
181.4194359999999904
20
-85.9777289999999965
11
181.4177699999999902
21
-85.9861099999999965
0
LINE
8
BLACK
6
CONTINUOUS
10
181.4177699999999902
20
-85.9861099999999965
11
181.4169039999999882
21
-85.986975000000001
0
LINE
8
BLACK
6
CONTINUOUS
10
181.4169039999999882
20
-85.986975000000001
11
181.416199000000006
21
-85.9895530000000008
0
LINE
8
BLACK
6
CONTINUOUS
10
181.416199000000006
20
-85.9895530000000008
11
181.3789459999999849
21
-86.0640580000000028
0
LINE
8
BLACK
6
CONTINUOUS
10
181.3789459999999849
20
-86.0640580000000028
11
181.3737019999999802
21
-86.0708149999999961
0
LINE
8
BLACK
6
CONTINUOUS
10
181.3737019999999802
20
-86.0708149999999961
11
181.3689540000000022
21
-86.0779209999999892
0
LINE
8
BLACK
6
CONTINUOUS
10
181.3689540000000022
20
-86.0779209999999892
11
181.3317019999999786
21
-86.1151749999999936
0
LINE
8
BLACK
6
CONTINUOUS
10
181.3317019999999786
20
-86.1151749999999936
11
181.3245890000000031
21
-86.1199259999999924
0
LINE
8
BLACK
6
CONTINUOUS
10
181.3245890000000031
20
-86.1199259999999924
11
181.3178379999999947
21
-86.1251669999999905
0
LINE
8
BLACK
6
CONTINUOUS
10
181.3178379999999947
20
-86.1251669999999905
11
181.2433309999999835
21
-86.1624199999999973
0
LINE
8
BLACK
6
CONTINUOUS
10
181.2433309999999835
20
-86.1624199999999973
11
181.2407539999999813
21
-86.1631249999999937
0
LINE
8
BLACK
6
CONTINUOUS
10
181.2407539999999813
20
-86.1631249999999937
11
181.2398890000000051
21
-86.1639909999999958
0
LINE
8
BLACK
6
CONTINUOUS
10
181.2398890000000051
20
-86.1639909999999958
11
181.231504000000001
21
-86.1656579999999934
0
LINE
8
BLACK
6
CONTINUOUS
10
181.231504000000001
20
-86.1656579999999934
11
181.2232579999999871
21
-86.1679170000000028
0
LINE
8
BLACK
6
CONTINUOUS
10
181.2232579999999871
20
-86.1679170000000028
11
181.2220959999999934
21
-86.1675290000000018
0
LINE
8
BLACK
6
CONTINUOUS
10
181.2220959999999934
20
-86.1675290000000018
11
181.2194769999999835
21
-86.1680509999999913
0
LINE
8
BLACK
6
CONTINUOUS
10
181.2194769999999835
20
-86.1680509999999913
11
181.070463999999987
21
-86.1680509999999913
0
LINE
8
BLACK
6
CONTINUOUS
10
181.070463999999987
20
-86.1680509999999913
11
181.0678439999999796
21
-86.1675290000000018
0
LINE
8
BLACK
6
CONTINUOUS
10
181.0678439999999796
20
-86.1675290000000018
11
181.0666829999999834
21
-86.1679170000000028
0
LINE
8
BLACK
6
CONTINUOUS
10
181.0666829999999834
20
-86.1679170000000028
11
181.0584360000000004
21
-86.1656579999999934
0
LINE
8
BLACK
6
CONTINUOUS
10
181.0584360000000004
20
-86.1656579999999934
11
181.0500519999999938
21
-86.1639909999999958
0
LINE
8
BLACK
6
CONTINUOUS
10
181.0500519999999938
20
-86.1639909999999958
11
181.0491859999999917
21
-86.1631249999999937
0
LINE
8
BLACK
6
CONTINUOUS
10
181.0491859999999917
20
-86.1631249999999937
11
181.0466099999999869
21
-86.1624199999999973
0
LINE
8
BLACK
6
CONTINUOUS
10
181.0466099999999869
20
-86.1624199999999973
11
180.9721030000000042
21
-86.1251669999999905
0
LINE
8
BLACK
6
CONTINUOUS
10
180.9721030000000042
20
-86.1251669999999905
11
180.965344999999985
21
-86.1199220000000025
0
LINE
8
BLACK
6
CONTINUOUS
10
180.965344999999985
20
-86.1199220000000025
11
180.9582389999999918
21
-86.1151739999999961
0
LINE
8
BLACK
6
CONTINUOUS
10
180.9582389999999918
20
-86.1151739999999961
11
180.9209859999999992
21
-86.0779209999999892
0
LINE
8
BLACK
6
CONTINUOUS
10
180.9209859999999992
20
-86.0779209999999892
11
180.916230999999982
21
-86.0708039999999954
0
LINE
8
BLACK
6
CONTINUOUS
10
180.916230999999982
20
-86.0708039999999954
11
180.910995999999983
21
-86.0640590000000003
0
LINE
8
BLACK
6
CONTINUOUS
10
180.910995999999983
20
-86.0640590000000003
11
180.8737419999999929
21
-85.9895530000000008
0
LINE
8
BLACK
6
CONTINUOUS
10
180.8737419999999929
20
-85.9895530000000008
11
180.8730359999999848
21
-85.9869759999999985
0
LINE
8
BLACK
6
CONTINUOUS
10
180.8730359999999848
20
-85.9869759999999985
11
180.8721699999999828
21
-85.9861099999999965
0
LINE
8
BLACK
6
CONTINUOUS
10
180.8721699999999828
20
-85.9861099999999965
11
180.8705009999999902
21
-85.9777229999999975
0
LINE
8
BLACK
6
CONTINUOUS
10
180.8705009999999902
20
-85.9777229999999975
11
180.8682440000000042
21
-85.9694799999999901
0
LINE
8
BLACK
6
CONTINUOUS
10
180.8682440000000042
20
-85.9694799999999901
11
180.8686309999999935
21
-85.9683179999999965
0
LINE
8
BLACK
6
CONTINUOUS
10
180.8686309999999935
20
-85.9683179999999965
11
180.8681100000000015
21
-85.9656979999999891
0
LINE
8
BLACK
6
CONTINUOUS
10
180.8681100000000015
20
-85.9656979999999891
11
180.8681100000000015
21
-85.7124999999999915
0
LINE
8
BLACK
6
CONTINUOUS
10
180.8681100000000015
20
-85.7124999999999915
11
175.8725000000000023
21
-85.7124999999999915
0
LINE
8
BLACK
6
CONTINUOUS
10
175.8725000000000023
20
-85.7124999999999915
11
175.8725000000000023
21
-121.4375
0
LINE
8
BLACK
6
CONTINUOUS
10
175.8725000000000023
20
-121.4375
11
179.5142709999999795
21
-121.4375
0
LINE
8
BLACK
6
CONTINUOUS
10
179.5142709999999795
20
-121.4375
11
179.3590499999999963
21
-121.3399679999999989
0
LINE
8
BLACK
6
CONTINUOUS
10
179.3590499999999963
20
-121.3399679999999989
11
179.1142150000000015
21
-121.1447189999999949
0
LINE
8
BLACK
6
CONTINUOUS
10
179.1142150000000015
20
-121.1447189999999949
11
178.8927809999999852
21
-120.9232849999999928
0
LINE
8
BLACK
6
CONTINUOUS
10
178.8927809999999852
20
-120.9232849999999928
11
178.6975319999999954
21
-120.678449999999998
0
LINE
8
BLACK
6
CONTINUOUS
10
178.6975319999999954
20
-120.678449999999998
11
178.5309230000000014
21
-120.4132939999999934
0
LINE
8
BLACK
6
CONTINUOUS
10
178.5309230000000014
20
-120.4132939999999934
11
178.3950499999999977
21
-120.131149999999991
0
LINE
8
BLACK
6
CONTINUOUS
10
178.3950499999999977
20
-120.131149999999991
11
178.2916209999999921
21
-119.835567999999995
0
LINE
8
BLACK
6
CONTINUOUS
10
178.2916209999999921
20
-119.835567999999995
11
178.2219369999999969
21
-119.5302639999999883
0
LINE
8
BLACK
6
CONTINUOUS
10
178.2219369999999969
20
-119.5302639999999883
11
178.1868749999999864
21
-119.2190779999999961
0
LINE
8
BLACK
6
CONTINUOUS
10
178.1868749999999864
20
-119.2190779999999961
11
178.1868749999999864
21
-118.9112909999999914
0
LINE
8
BLACK
6
CONTINUOUS
10
178.1868749999999864
20
-118.9112909999999914
11
178.1868749999999864
21
-118.9059219999999897
0
LINE
8
BLACK
6
CONTINUOUS
10
178.1868749999999864
20
-118.9059219999999897
11
178.2219369999999969
21
-118.5947359999999975
0
LINE
8
BLACK
6
CONTINUOUS
10
178.2219369999999969
20
-118.5947359999999975
11
178.2916209999999921
21
-118.2894319999999908
0
LINE
8
BLACK
6
CONTINUOUS
10
178.2916209999999921
20
-118.2894319999999908
11
178.3950499999999977
21
-117.9938499999999948
0
LINE
8
BLACK
6
CONTINUOUS
10
178.3950499999999977
20
-117.9938499999999948
11
178.5309230000000014
21
-117.7117059999999924
0
LINE
8
BLACK
6
CONTINUOUS
10
178.5309230000000014
20
-117.7117059999999924
11
178.6975319999999954
21
-117.4465499999999878
0
LINE
8
BLACK
6
CONTINUOUS
10
178.6975319999999954
20
-117.4465499999999878
11
178.8927809999999852
21
-117.201714999999993
0
LINE
8
BLACK
6
CONTINUOUS
10
178.8927809999999852
20
-117.201714999999993
11
179.1142150000000015
21
-116.9802809999999909
0
LINE
8
BLACK
6
CONTINUOUS
10
179.1142150000000015
20
-116.9802809999999909
11
179.3590499999999963
21
-116.7850320000000011
0
LINE
8
BLACK
6
CONTINUOUS
10
179.3590499999999963
20
-116.7850320000000011
11
179.6242059999999867
21
-116.6184229999999928
0
LINE
8
BLACK
6
CONTINUOUS
10
179.6242059999999867
20
-116.6184229999999928
11
179.9063500000000033
21
-116.4825499999999892
0
LINE
8
BLACK
6
CONTINUOUS
10
179.9063500000000033
20
-116.4825499999999892
11
180.2019319999999993
21
-116.3791209999999978
0
LINE
8
BLACK
6
CONTINUOUS
10
180.2019319999999993
20
-116.3791209999999978
11
180.507236000000006
21
-116.3094369999999884
0
LINE
8
BLACK
6
CONTINUOUS
10
180.507236000000006
20
-116.3094369999999884
11
180.8184219999999982
21
-116.274374999999992
0
LINE
8
BLACK
6
CONTINUOUS
10
180.8184219999999982
20
-116.274374999999992
11
181.1315779999999904
21
-116.274374999999992
0
LINE
8
BLACK
6
CONTINUOUS
10
181.1315779999999904
20
-116.274374999999992
11
181.4427639999999826
21
-116.3094369999999884
0
LINE
8
BLACK
6
CONTINUOUS
10
181.4427639999999826
20
-116.3094369999999884
11
181.7480679999999893
21
-116.3791209999999978
0
LINE
8
BLACK
6
CONTINUOUS
10
181.7480679999999893
20
-116.3791209999999978
11
182.0436499999999853
21
-116.4825499999999892
0
LINE
8
BLACK
6
CONTINUOUS
10
182.0436499999999853
20
-116.4825499999999892
11
182.3257940000000019
21
-116.6184229999999928
0
LINE
8
BLACK
6
CONTINUOUS
10
182.3257940000000019
20
-116.6184229999999928
11
182.5909499999999923
21
-116.7850320000000011
0
LINE
8
BLACK
6
CONTINUOUS
10
182.5909499999999923
20
-116.7850320000000011
11
182.8357849999999871
21
-116.9802809999999909
0
LINE
8
BLACK
6
CONTINUOUS
10
182.8357849999999871
20
-116.9802809999999909
11
183.0572190000000035
21
-117.201714999999993
0
LINE
8
BLACK
6
CONTINUOUS
10
183.0572190000000035
20
-117.201714999999993
11
183.2524679999999933
21
-117.4465499999999878
0
LINE
8
BLACK
6
CONTINUOUS
10
183.2524679999999933
20
-117.4465499999999878
11
183.4190769999999873
21
-117.7117059999999924
0
LINE
8
BLACK
6
CONTINUOUS
10
183.4190769999999873
20
-117.7117059999999924
11
183.554949999999991
21
-117.9938499999999948
0
LINE
8
BLACK
6
CONTINUOUS
10
183.554949999999991
20
-117.9938499999999948
11
183.6583789999999965
21
-118.2894319999999908
0
LINE
8
BLACK
6
CONTINUOUS
10
183.6583789999999965
20
-118.2894319999999908
11
183.7280629999999917
21
-118.5947359999999975
0
LINE
8
BLACK
6
CONTINUOUS
10
183.7280629999999917
20
-118.5947359999999975
11
183.7631250000000023
21
-118.9059219999999897
0
LINE
8
BLACK
6
CONTINUOUS
10
183.7631250000000023
20
-118.9059219999999897
11
183.7631250000000023
21
-119.2190779999999961
0
LINE
8
BLACK
6
CONTINUOUS
10
183.7631250000000023
20
-119.2190779999999961
11
183.7280629999999917
21
-119.5302639999999883
0
LINE
8
BLACK
6
CONTINUOUS
10
183.7280629999999917
20
-119.5302639999999883
11
183.6583789999999965
21
-119.835567999999995
0
LINE
8
BLACK
6
CONTINUOUS
10
183.6583789999999965
20
-119.835567999999995
11
183.554949999999991
21
-120.131149999999991
0
LINE
8
BLACK
6
CONTINUOUS
10
183.554949999999991
20
-120.131149999999991
11
183.4190769999999873
21
-120.4132939999999934
0
LINE
8
BLACK
6
CONTINUOUS
10
183.4190769999999873
20
-120.4132939999999934
11
183.2524679999999933
21
-120.678449999999998
0
LINE
8
BLACK
6
CONTINUOUS
10
183.2524679999999933
20
-120.678449999999998
11
183.0572190000000035
21
-120.9232849999999928
0
LINE
8
BLACK
6
CONTINUOUS
10
183.0572190000000035
20
-120.9232849999999928
11
182.8357849999999871
21
-121.1447189999999949
0
LINE
8
BLACK
6
CONTINUOUS
10
182.8357849999999871
20
-121.1447189999999949
11
182.5909499999999923
21
-121.3399679999999989
0
LINE
8
BLACK
6
CONTINUOUS
10
182.5909499999999923
20
-121.3399679999999989
11
182.4357289999999807
21
-121.4375
0
LINE
8
BLACK
6
CONTINUOUS
10
182.4357289999999807
20
-121.4375
11
199.2055000000000007
21
-121.4375
0
LINE
8
BLACK
6
CONTINUOUS
10
199.2055000000000007
20
-121.4375
11
199.2055000000000007
21
-85.7124999999999915
0
LINE
8
BLACK
6
CONTINUOUS
10
199.2055000000000007
20
-85.7124999999999915
11
194.3848979999999926
21
-85.7124999999999915
0
LINE
8
BLACK
6
CONTINUOUS
10
199.305499999999995
20
-85.7124999999999915
11
199.305499999999995
21
-121.4375
0
LINE
8
BLACK
6
CONTINUOUS
10
199.305499999999995
20
-121.4375
11
201.4804999999999779
21
-121.4375
0
LINE
8
BLACK
6
CONTINUOUS
10
201.4804999999999779
20
-121.4375
11
201.4804999999999779
21
-106.9874999999999972
0
LINE
8
BLACK
6
CONTINUOUS
10
201.4804999999999779
20
-106.9874999999999972
11
201.4804999999999779
21
-85.7124999999999915
0
LINE
8
BLACK
6
CONTINUOUS
10
201.4804999999999779
20
-85.7124999999999915
11
199.305499999999995
21
-85.7124999999999915
0
LINE
8
BLACK
6
CONTINUOUS
10
182.9484169999999779
20
-87.2249999999999943
11
182.7073309999999822
21
-87.2567399999999935
0
LINE
8
BLACK
6
CONTINUOUS
10
182.7073309999999822
20
-87.2567399999999935
11
182.4724499999999807
21
-87.3196760000000012
0
LINE
8
BLACK
6
CONTINUOUS
10
182.4724499999999807
20
-87.3196760000000012
11
182.247793999999999
21
-87.4127319999999912
0
LINE
8
BLACK
6
CONTINUOUS
10
182.247793999999999
20
-87.4127319999999912
11
182.0372059999999976
21
-87.5343149999999923
0
LINE
8
BLACK
6
CONTINUOUS
10
182.0372059999999976
20
-87.5343149999999923
11
181.8442890000000034
21
-87.682344999999998
0
LINE
8
BLACK
6
CONTINUOUS
10
181.8442890000000034
20
-87.682344999999998
11
181.6723449999999787
21
-87.8542889999999943
0
LINE
8
BLACK
6
CONTINUOUS
10
181.6723449999999787
20
-87.8542889999999943
11
181.5243150000000014
21
-88.0472060000000027
0
LINE
8
BLACK
6
CONTINUOUS
10
181.5243150000000014
20
-88.0472060000000027
11
181.4027319999999861
21
-88.2577939999999899
0
LINE
8
BLACK
6
CONTINUOUS
10
181.4027319999999861
20
-88.2577939999999899
11
181.3096759999999961
21
-88.48245
0
LINE
8
BLACK
6
CONTINUOUS
10
181.3096759999999961
20
-88.48245
11
181.2467399999999884
21
-88.7173310000000015
0
LINE
8
BLACK
6
CONTINUOUS
10
181.2467399999999884
20
-88.7173310000000015
11
181.2150000000000034
21
-88.9584169999999972
0
LINE
8
BLACK
6
CONTINUOUS
10
181.2150000000000034
20
-88.9584169999999972
11
181.2150000000000034
21
-89.0799999999999983
0
LINE
8
BLACK
6
CONTINUOUS
10
181.2150000000000034
20
-89.0799999999999983
11
181.2145060000000001
21
-89.0815180000000026
0
LINE
8
BLACK
6
CONTINUOUS
10
181.2145060000000001
20
-89.0815180000000026
11
181.2150000000000034
21
-89.083999999999989
0
LINE
8
BLACK
6
CONTINUOUS
10
181.2150000000000034
20
-89.083999999999989
11
181.2150000000000034
21
-106.2289999999999992
0
LINE
8
BLACK
6
CONTINUOUS
10
181.2150000000000034
20
-106.2289999999999992
11
181.2150000000000034
21
-106.3505830000000003
0
LINE
8
BLACK
6
CONTINUOUS
10
181.2150000000000034
20
-106.3505830000000003
11
181.2467399999999884
21
-106.591668999999996
0
LINE
8
BLACK
6
CONTINUOUS
10
181.2467399999999884
20
-106.591668999999996
11
181.3096759999999961
21
-106.8265499999999975
0
LINE
8
BLACK
6
CONTINUOUS
10
181.3096759999999961
20
-106.8265499999999975
11
181.4027319999999861
21
-107.0512059999999934
0
LINE
8
BLACK
6
CONTINUOUS
10
181.4027319999999861
20
-107.0512059999999934
11
181.5243150000000014
21
-107.2617939999999948
0
LINE
8
BLACK
6
CONTINUOUS
10
181.5243150000000014
20
-107.2617939999999948
11
181.6723449999999787
21
-107.454710999999989
0
LINE
8
BLACK
6
CONTINUOUS
10
181.6723449999999787
20
-107.454710999999989
11
181.8442890000000034
21
-107.6266549999999995
0
LINE
8
BLACK
6
CONTINUOUS
10
181.8442890000000034
20
-107.6266549999999995
11
182.0372059999999976
21
-107.774684999999991
0
LINE
8
BLACK
6
CONTINUOUS
10
182.0372059999999976
20
-107.774684999999991
11
182.247793999999999
21
-107.8962679999999921
0
LINE
8
BLACK
6
CONTINUOUS
10
182.247793999999999
20
-107.8962679999999921
11
182.4724499999999807
21
-107.9893239999999963
0
LINE
8
BLACK
6
CONTINUOUS
10
182.4724499999999807
20
-107.9893239999999963
11
182.7073309999999822
21
-108.0522599999999898
0
LINE
8
BLACK
6
CONTINUOUS
10
182.7073309999999822
20
-108.0522599999999898
11
182.9484169999999779
21
-108.083999999999989
0
LINE
8
BLACK
6
CONTINUOUS
10
182.9484169999999779
20
-108.083999999999989
11
183.0699999999999932
21
-108.083999999999989
0
LINE
8
BLACK
6
CONTINUOUS
10
183.0699999999999932
20
-108.083999999999989
11
184.5988089999999886
21
-108.083999999999989
0
LINE
8
BLACK
6
CONTINUOUS
10
184.5988089999999886
20
-108.083999999999989
11
184.5988089999999886
21
-107.5218189999999936
0
LINE
8
BLACK
6
CONTINUOUS
10
184.5988089999999886
20
-107.5218189999999936
11
184.3880949999999928
21
-107.5218189999999936
0
LINE
8
BLACK
6
CONTINUOUS
10
184.3880949999999928
20
-107.5218189999999936
11
184.3734629999999868
21
-107.5203779999999938
0
LINE
8
BLACK
6
CONTINUOUS
10
184.3734629999999868
20
-107.5203779999999938
11
184.3464270000000056
21
-107.5091789999999889
0
LINE
8
BLACK
6
CONTINUOUS
10
184.3464270000000056
20
-107.5091789999999889
11
184.3257349999999803
21
-107.4884869999999921
0
LINE
8
BLACK
6
CONTINUOUS
10
184.3257349999999803
20
-107.4884869999999921
11
184.3145360000000039
21
-107.4614509999999967
0
LINE
8
BLACK
6
CONTINUOUS
10
184.3145360000000039
20
-107.4614509999999967
11
184.3145360000000039
21
-107.432186999999999
0
LINE
8
BLACK
6
CONTINUOUS
10
184.3145360000000039
20
-107.432186999999999
11
184.3257349999999803
21
-107.4051509999999894
0
LINE
8
BLACK
6
CONTINUOUS
10
184.3257349999999803
20
-107.4051509999999894
11
184.3464270000000056
21
-107.3844589999999926
0
LINE
8
BLACK
6
CONTINUOUS
10
184.3464270000000056
20
-107.3844589999999926
11
184.3734629999999868
21
-107.3732600000000019
0
LINE
8
BLACK
6
CONTINUOUS
10
184.3734629999999868
20
-107.3732600000000019
11
184.3880949999999928
21
-107.3718190000000021
0
LINE
8
BLACK
6
CONTINUOUS
10
184.3880949999999928
20
-107.3718190000000021
11
184.9595229999999901
21
-107.3718190000000021
0
LINE
8
BLACK
6
CONTINUOUS
10
184.9595229999999901
20
-107.3718190000000021
11
184.9741549999999961
21
-107.3732600000000019
0
LINE
8
BLACK
6
CONTINUOUS
10
184.9741549999999961
20
-107.3732600000000019
11
185.0011910000000057
21
-107.3844589999999926
0
LINE
8
BLACK
6
CONTINUOUS
10
185.0011910000000057
20
-107.3844589999999926
11
185.0218830000000025
21
-107.4051509999999894
0
LINE
8
BLACK
6
CONTINUOUS
10
185.0218830000000025
20
-107.4051509999999894
11
185.033081999999979
21
-107.432186999999999
0
LINE
8
BLACK
6
CONTINUOUS
10
185.033081999999979
20
-107.432186999999999
11
185.033081999999979
21
-107.4614509999999967
0
LINE
8
BLACK
6
CONTINUOUS
10
185.033081999999979
20
-107.4614509999999967
11
185.0218830000000025
21
-107.4884869999999921
0
LINE
8
BLACK
6
CONTINUOUS
10
185.0218830000000025
20
-107.4884869999999921
11
185.0011910000000057
21
-107.5091789999999889
0
LINE
8
BLACK
6
CONTINUOUS
10
185.0011910000000057
20
-107.5091789999999889
11
184.9741549999999961
21
-107.5203779999999938
0
LINE
8
BLACK
6
CONTINUOUS
10
184.9741549999999961
20
-107.5203779999999938
11
184.9595229999999901
21
-107.5218189999999936
0
LINE
8
BLACK
6
CONTINUOUS
10
184.9595229999999901
20
-107.5218189999999936
11
184.7488089999999943
21
-107.5218189999999936
0
LINE
8
BLACK
6
CONTINUOUS
10
184.7488089999999943
20
-107.5218189999999936
11
184.7488089999999943
21
-108.083999999999989
0
LINE
8
BLACK
6
CONTINUOUS
10
184.7488089999999943
20
-108.083999999999989
11
185.2178569999999809
21
-108.083999999999989
0
LINE
8
BLACK
6
CONTINUOUS
10
185.2178569999999809
20
-108.083999999999989
11
185.2178569999999809
21
-107.4468189999999908
0
LINE
8
BLACK
6
CONTINUOUS
10
185.2178569999999809
20
-107.4468189999999908
11
185.2192979999999807
21
-107.432186999999999
0
LINE
8
BLACK
6
CONTINUOUS
10
185.2192979999999807
20
-107.432186999999999
11
185.2304969999999855
21
-107.4051509999999894
0
LINE
8
BLACK
6
CONTINUOUS
10
185.2304969999999855
20
-107.4051509999999894
11
185.2511889999999823
21
-107.3844589999999926
0
LINE
8
BLACK
6
CONTINUOUS
10
185.2511889999999823
20
-107.3844589999999926
11
185.278224999999992
21
-107.3732600000000019
0
LINE
8
BLACK
6
CONTINUOUS
10
185.278224999999992
20
-107.3732600000000019
11
185.2928569999999979
21
-107.3718190000000021
0
LINE
8
BLACK
6
CONTINUOUS
10
185.2928569999999979
20
-107.3718190000000021
11
185.6738090000000057
21
-107.3718190000000021
0
LINE
8
BLACK
6
CONTINUOUS
10
185.6738090000000057
20
-107.3718190000000021
11
185.6884409999999832
21
-107.3732600000000019
0
LINE
8
BLACK
6
CONTINUOUS
10
185.6884409999999832
20
-107.3732600000000019
11
185.6909299999999803
21
-107.3742909999999995
0
LINE
8
BLACK
6
CONTINUOUS
10
185.6909299999999803
20
-107.3742909999999995
11
185.6936179999999865
21
-107.3744820000000004
0
LINE
8
BLACK
6
CONTINUOUS
10
185.6936179999999865
20
-107.3744820000000004
11
185.707349999999991
21
-107.3797369999999916
0
LINE
8
BLACK
6
CONTINUOUS
10
185.707349999999991
20
-107.3797369999999916
11
185.8025879999999859
21
-107.427355999999989
0
LINE
8
BLACK
6
CONTINUOUS
10
185.8025879999999859
20
-107.427355999999989
11
185.8088869999999986
21
-107.4313199999999995
0
LINE
8
BLACK
6
CONTINUOUS
10
185.8088869999999986
20
-107.4313199999999995
11
185.8107149999999876
21
-107.43207799999999
0
LINE
8
BLACK
6
CONTINUOUS
10
185.8107149999999876
20
-107.43207799999999
11
185.8127709999999979
21
-107.4337659999999914
0
LINE
8
BLACK
6
CONTINUOUS
10
185.8127709999999979
20
-107.4337659999999914
11
185.8150310000000047
21
-107.4351879999999966
0
LINE
8
BLACK
6
CONTINUOUS
10
185.8150310000000047
20
-107.4351879999999966
11
185.8163299999999936
21
-107.4366859999999946
0
LINE
8
BLACK
6
CONTINUOUS
10
185.8163299999999936
20
-107.4366859999999946
11
185.8220799999999997
21
-107.4414049999999889
0
LINE
8
BLACK
6
CONTINUOUS
10
185.8220799999999997
20
-107.4414049999999889
11
185.8696989999999971
21
-107.4890240000000006
0
LINE
8
BLACK
6
CONTINUOUS
10
185.8696989999999971
20
-107.4890240000000006
11
185.874416999999994
21
-107.494772999999995
0
LINE
8
BLACK
6
CONTINUOUS
10
185.874416999999994
20
-107.494772999999995
11
185.8759159999999895
21
-107.4960729999999955
0
LINE
8
BLACK
6
CONTINUOUS
10
185.8759159999999895
20
-107.4960729999999955
11
185.8773369999999829
21
-107.4983319999999907
0
LINE
8
BLACK
6
CONTINUOUS
10
185.8773369999999829
20
-107.4983319999999907
11
185.8790259999999819
21
-107.5003889999999984
0
LINE
8
BLACK
6
CONTINUOUS
10
185.8790259999999819
20
-107.5003889999999984
11
185.8797830000000033
21
-107.50221599999999
0
LINE
8
BLACK
6
CONTINUOUS
10
185.8797830000000033
20
-107.50221599999999
11
185.8837479999999971
21
-107.5085160000000002
0
LINE
8
BLACK
6
CONTINUOUS
10
185.8837479999999971
20
-107.5085160000000002
11
185.9313669999999945
21
-107.603753999999995
0
LINE
8
BLACK
6
CONTINUOUS
10
185.9313669999999945
20
-107.603753999999995
11
185.9366219999999998
21
-107.6174850000000021
0
LINE
8
BLACK
6
CONTINUOUS
10
185.9366219999999998
20
-107.6174850000000021
11
185.9368130000000008
21
-107.6201739999999916
0
LINE
8
BLACK
6
CONTINUOUS
10
185.9368130000000008
20
-107.6201739999999916
11
185.9378439999999841
21
-107.6226629999999886
0
LINE
8
BLACK
6
CONTINUOUS
10
185.9378439999999841
20
-107.6226629999999886
11
185.9392849999999839
21
-107.6372949999999946
0
LINE
8
BLACK
6
CONTINUOUS
10
185.9392849999999839
20
-107.6372949999999946
11
185.9392849999999839
21
-107.7801520000000011
0
LINE
8
BLACK
6
CONTINUOUS
10
185.9392849999999839
20
-107.7801520000000011
11
185.9378439999999841
21
-107.7947839999999928
0
LINE
8
BLACK
6
CONTINUOUS
10
185.9378439999999841
20
-107.7947839999999928
11
185.9368130000000008
21
-107.7972719999999924
0
LINE
8
BLACK
6
CONTINUOUS
10
185.9368130000000008
20
-107.7972719999999924
11
185.9366219999999998
21
-107.7999619999999936
0
LINE
8
BLACK
6
CONTINUOUS
10
185.9366219999999998
20
-107.7999619999999936
11
185.9313669999999945
21
-107.8136930000000007
0
LINE
8
BLACK
6
CONTINUOUS
10
185.9313669999999945
20
-107.8136930000000007
11
185.8837479999999971
21
-107.9089309999999955
0
LINE
8
BLACK
6
CONTINUOUS
10
185.8837479999999971
20
-107.9089309999999955
11
185.8797830000000033
21
-107.915229999999994
0
LINE
8
BLACK
6
CONTINUOUS
10
185.8797830000000033
20
-107.915229999999994
11
185.8790259999999819
21
-107.9170579999999973
0
LINE
8
BLACK
6
CONTINUOUS
10
185.8790259999999819
20
-107.9170579999999973
11
185.8773369999999829
21
-107.9191139999999933
0
LINE
8
BLACK
6
CONTINUOUS
10
185.8773369999999829
20
-107.9191139999999933
11
185.8759159999999895
21
-107.9213740000000001
0
LINE
8
BLACK
6
CONTINUOUS
10
185.8759159999999895
20
-107.9213740000000001
11
185.874416999999994
21
-107.922672999999989
0
LINE
8
BLACK
6
CONTINUOUS
10
185.874416999999994
20
-107.922672999999989
11
185.8696989999999971
21
-107.9284229999999951
0
LINE
8
BLACK
6
CONTINUOUS
10
185.8696989999999971
20
-107.9284229999999951
11
185.8220799999999997
21
-107.9760419999999925
0
LINE
8
BLACK
6
CONTINUOUS
10
185.8220799999999997
20
-107.9760419999999925
11
185.8163299999999936
21
-107.9807599999999894
0
LINE
8
BLACK
6
CONTINUOUS
10
185.8163299999999936
20
-107.9807599999999894
11
185.8150310000000047
21
-107.9822589999999991
0
LINE
8
BLACK
6
CONTINUOUS
10
185.8150310000000047
20
-107.9822589999999991
11
185.8127709999999979
21
-107.9836799999999926
0
LINE
8
BLACK
6
CONTINUOUS
10
185.8127709999999979
20
-107.9836799999999926
11
185.8107149999999876
21
-107.9853689999999915
0
LINE
8
BLACK
6
CONTINUOUS
10
185.8107149999999876
20
-107.9853689999999915
11
185.8088869999999986
21
-107.9861259999999987
0
LINE
8
BLACK
6
CONTINUOUS
10
185.8088869999999986
20
-107.9861259999999987
11
185.8025879999999859
21
-107.9900909999999925
0
LINE
8
BLACK
6
CONTINUOUS
10
185.8025879999999859
20
-107.9900909999999925
11
185.707349999999991
21
-108.0377099999999899
0
LINE
8
BLACK
6
CONTINUOUS
10
185.707349999999991
20
-108.0377099999999899
11
185.6936179999999865
21
-108.0429649999999953
0
LINE
8
BLACK
6
CONTINUOUS
10
185.6936179999999865
20
-108.0429649999999953
11
185.6909299999999803
21
-108.0431549999999987
0
LINE
8
BLACK
6
CONTINUOUS
10
185.6909299999999803
20
-108.0431549999999987
11
185.6884409999999832
21
-108.0441869999999938
0
LINE
8
BLACK
6
CONTINUOUS
10
185.6884409999999832
20
-108.0441869999999938
11
185.6738090000000057
21
-108.0456279999999936
0
LINE
8
BLACK
6
CONTINUOUS
10
185.6738090000000057
20
-108.0456279999999936
11
185.3678569999999866
21
-108.0456279999999936
0
LINE
8
BLACK
6
CONTINUOUS
10
185.3678569999999866
20
-108.0456279999999936
11
185.3678569999999866
21
-108.083999999999989
0
LINE
8
BLACK
6
CONTINUOUS
10
185.3678569999999866
20
-108.083999999999989
11
186.7416659999999808
21
-108.083999999999989
0
LINE
8
BLACK
6
CONTINUOUS
10
186.7416659999999808
20
-108.083999999999989
11
186.7416659999999808
21
-108.0359519999999947
0
LINE
8
BLACK
6
CONTINUOUS
10
186.7416659999999808
20
-108.0359519999999947
11
186.7074079999999867
21
-107.9674359999999922
0
LINE
8
BLACK
6
CONTINUOUS
10
186.7074079999999867
20
-107.9674359999999922
11
186.67700099999999
21
-107.9370289999999954
0
LINE
8
BLACK
6
CONTINUOUS
10
186.67700099999999
20
-107.9370289999999954
11
186.6084850000000017
21
-107.9027710000000013
0
LINE
8
BLACK
6
CONTINUOUS
10
186.6084850000000017
20
-107.9027710000000013
11
186.4833329999999876
21
-107.9027710000000013
0
LINE
8
BLACK
6
CONTINUOUS
10
186.4833329999999876
20
-107.9027710000000013
11
186.475594000000001
21
-107.902007999999995
0
LINE
8
BLACK
6
CONTINUOUS
10
186.475594000000001
20
-107.902007999999995
11
186.4736269999999934
21
-107.9021399999999886
0
LINE
8
BLACK
6
CONTINUOUS
10
186.4736269999999934
20
-107.9021399999999886
11
186.4722709999999779
21
-107.9016809999999964
0
LINE
8
BLACK
6
CONTINUOUS
10
186.4722709999999779
20
-107.9016809999999964
11
186.4687009999999816
21
-107.9013300000000015
0
LINE
8
BLACK
6
CONTINUOUS
10
186.4687009999999816
20
-107.9013300000000015
11
186.4574429999999836
21
-107.8966659999999962
0
LINE
8
BLACK
6
CONTINUOUS
10
186.4574429999999836
20
-107.8966659999999962
11
186.4459059999999795
21
-107.8927649999999971
0
LINE
8
BLACK
6
CONTINUOUS
10
186.4459059999999795
20
-107.8927649999999971
11
186.4440009999999859
21
-107.891098999999997
0
LINE
8
BLACK
6
CONTINUOUS
10
186.4440009999999859
20
-107.891098999999997
11
186.4416650000000004
21
-107.8901309999999967
0
LINE
8
BLACK
6
CONTINUOUS
10
186.4416650000000004
20
-107.8901309999999967
11
186.4330539999999985
21
-107.8815199999999948
0
LINE
8
BLACK
6
CONTINUOUS
10
186.4330539999999985
20
-107.8815199999999948
11
186.4238819999999919
21
-107.8734949999999913
0
LINE
8
BLACK
6
CONTINUOUS
10
186.4238819999999919
20
-107.8734949999999913
11
186.422758999999985
21
-107.8712249999999955
0
LINE
8
BLACK
6
CONTINUOUS
10
186.422758999999985
20
-107.8712249999999955
11
186.4209730000000036
21
-107.8694389999999999
0
LINE
8
BLACK
6
CONTINUOUS
10
186.4209730000000036
20
-107.8694389999999999
11
186.4163120000000049
21
-107.8581879999999984
0
LINE
8
BLACK
6
CONTINUOUS
10
186.4163120000000049
20
-107.8581879999999984
11
186.4109100000000012
21
-107.8472629999999981
0
LINE
8
BLACK
6
CONTINUOUS
10
186.4109100000000012
20
-107.8472629999999981
11
186.4107410000000016
21
-107.8447389999999899
0
LINE
8
BLACK
6
CONTINUOUS
10
186.4107410000000016
20
-107.8447389999999899
11
186.4097739999999988
21
-107.8424029999999902
0
LINE
8
BLACK
6
CONTINUOUS
10
186.4097739999999988
20
-107.8424029999999902
11
186.4097739999999988
21
-107.8302180000000021
0
LINE
8
BLACK
6
CONTINUOUS
10
186.4097739999999988
20
-107.8302180000000021
11
186.4089639999999974
21
-107.8180649999999901
0
LINE
8
BLACK
6
CONTINUOUS
10
186.4089639999999974
20
-107.8180649999999901
11
186.4097739999999988
21
-107.8156689999999998
0
LINE
8
BLACK
6
CONTINUOUS
10
186.4097739999999988
20
-107.8156689999999998
11
186.4097739999999988
21
-107.8131389999999925
0
LINE
8
BLACK
6
CONTINUOUS
10
186.4097739999999988
20
-107.8131389999999925
11
186.4144369999999924
21
-107.8018809999999945
0
LINE
8
BLACK
6
CONTINUOUS
10
186.4144369999999924
20
-107.8018809999999945
11
186.4183390000000031
21
-107.7903439999999904
0
LINE
8
BLACK
6
CONTINUOUS
10
186.4183390000000031
20
-107.7903439999999904
11
186.420423999999997
21
-107.7874259999999964
0
LINE
8
BLACK
6
CONTINUOUS
10
186.420423999999997
20
-107.7874259999999964
11
186.4209730000000036
21
-107.7861029999999971
0
LINE
8
BLACK
6
CONTINUOUS
10
186.4209730000000036
20
-107.7861029999999971
11
186.4223679999999774
21
-107.7847069999999974
0
LINE
8
BLACK
6
CONTINUOUS
10
186.4223679999999774
20
-107.7847069999999974
11
186.426889999999986
21
-107.7783829999999909
0
LINE
8
BLACK
6
CONTINUOUS
10
186.426889999999986
20
-107.7783829999999909
11
186.6513839999999789
21
-107.5218189999999936
0
LINE
8
BLACK
6
CONTINUOUS
10
186.6513839999999789
20
-107.5218189999999936
11
186.1976190000000031
21
-107.5218189999999936
0
LINE
8
BLACK
6
CONTINUOUS
10
186.1976190000000031
20
-107.5218189999999936
11
186.1829869999999971
21
-107.5203779999999938
0
LINE
8
BLACK
6
CONTINUOUS
10
186.1829869999999971
20
-107.5203779999999938
11
186.1559509999999875
21
-107.5091789999999889
0
LINE
8
BLACK
6
CONTINUOUS
10
186.1559509999999875
20
-107.5091789999999889
11
186.1352589999999907
21
-107.4884869999999921
0
LINE
8
BLACK
6
CONTINUOUS
10
186.1352589999999907
20
-107.4884869999999921
11
186.1240599999999858
21
-107.4614509999999967
0
LINE
8
BLACK
6
CONTINUOUS
10
186.1240599999999858
20
-107.4614509999999967
11
186.1240599999999858
21
-107.432186999999999
0
LINE
8
BLACK
6
CONTINUOUS
10
186.1240599999999858
20
-107.432186999999999
11
186.1352589999999907
21
-107.4051509999999894
0
LINE
8
BLACK
6
CONTINUOUS
10
186.1352589999999907
20
-107.4051509999999894
11
186.1559509999999875
21
-107.3844589999999926
0
LINE
8
BLACK
6
CONTINUOUS
10
186.1559509999999875
20
-107.3844589999999926
11
186.1829869999999971
21
-107.3732600000000019
0
LINE
8
BLACK
6
CONTINUOUS
10
186.1829869999999971
20
-107.3732600000000019
11
186.1976190000000031
21
-107.3718190000000021
0
LINE
8
BLACK
6
CONTINUOUS
10
186.1976190000000031
20
-107.3718190000000021
11
186.8166659999999979
21
-107.3718190000000021
0
LINE
8
BLACK
6
CONTINUOUS
10
186.8166659999999979
20
-107.3718190000000021
11
186.824403999999987
21
-107.3725809999999967
0
LINE
8
BLACK
6
CONTINUOUS
10
186.824403999999987
20
-107.3725809999999967
11
186.8263719999999921
21
-107.3724500000000006
0
LINE
8
BLACK
6
CONTINUOUS
10
186.8263719999999921
20
-107.3724500000000006
11
186.8277269999999817
21
-107.3729079999999954
0
LINE
8
BLACK
6
CONTINUOUS
10
186.8277269999999817
20
-107.3729079999999954
11
186.8312980000000039
21
-107.3732600000000019
0
LINE
8
BLACK
6
CONTINUOUS
10
186.8312980000000039
20
-107.3732600000000019
11
186.8425550000000044
21
-107.3779229999999956
0
LINE
8
BLACK
6
CONTINUOUS
10
186.8425550000000044
20
-107.3779229999999956
11
186.8540929999999776
21
-107.3818249999999921
0
LINE
8
BLACK
6
CONTINUOUS
10
186.8540929999999776
20
-107.3818249999999921
11
186.8559970000000021
21
-107.3834899999999948
0
LINE
8
BLACK
6
CONTINUOUS
10
186.8559970000000021
20
-107.3834899999999948
11
186.8583339999999851
21
-107.3844589999999926
0
LINE
8
BLACK
6
CONTINUOUS
10
186.8583339999999851
20
-107.3844589999999926
11
186.8669439999999895
21
-107.393068999999997
0
LINE
8
BLACK
6
CONTINUOUS
10
186.8669439999999895
20
-107.393068999999997
11
186.8761169999999936
21
-107.401094999999998
0
LINE
8
BLACK
6
CONTINUOUS
10
186.8761169999999936
20
-107.401094999999998
11
186.877239000000003
21
-107.4033639999999963
0
LINE
8
BLACK
6
CONTINUOUS
10
186.877239000000003
20
-107.4033639999999963
11
186.8790259999999819
21
-107.4051509999999894
0
LINE
8
BLACK
6
CONTINUOUS
10
186.8790259999999819
20
-107.4051509999999894
11
186.8836859999999831
21
-107.4164009999999934
0
LINE
8
BLACK
6
CONTINUOUS
10
186.8836859999999831
20
-107.4164009999999934
11
186.8890889999999843
21
-107.4273269999999911
0
LINE
8
BLACK
6
CONTINUOUS
10
186.8890889999999843
20
-107.4273269999999911
11
186.8892569999999864
21
-107.4298500000000018
0
LINE
8
BLACK
6
CONTINUOUS
10
186.8892569999999864
20
-107.4298500000000018
11
186.8902249999999867
21
-107.432186999999999
0
LINE
8
BLACK
6
CONTINUOUS
10
186.8902249999999867
20
-107.432186999999999
11
186.8902249999999867
21
-107.4443709999999896
0
LINE
8
BLACK
6
CONTINUOUS
10
186.8902249999999867
20
-107.4443709999999896
11
186.891034999999988
21
-107.4565249999999992
0
LINE
8
BLACK
6
CONTINUOUS
10
186.891034999999988
20
-107.4565249999999992
11
186.8902249999999867
21
-107.458919999999992
0
LINE
8
BLACK
6
CONTINUOUS
10
186.8902249999999867
20
-107.458919999999992
11
186.8902249999999867
21
-107.4614509999999967
0
LINE
8
BLACK
6
CONTINUOUS
10
186.8902249999999867
20
-107.4614509999999967
11
186.8855609999999956
21
-107.4727079999999972
0
LINE
8
BLACK
6
CONTINUOUS
10
186.8855609999999956
20
-107.4727079999999972
11
186.8816599999999823
21
-107.4842459999999988
0
LINE
8
BLACK
6
CONTINUOUS
10
186.8816599999999823
20
-107.4842459999999988
11
186.879573999999991
21
-107.4871629999999953
0
LINE
8
BLACK
6
CONTINUOUS
10
186.879573999999991
20
-107.4871629999999953
11
186.8790259999999819
21
-107.4884869999999921
0
LINE
8
BLACK
6
CONTINUOUS
10
186.8790259999999819
20
-107.4884869999999921
11
186.8776299999999821
21
-107.4898819999999944
0
LINE
8
BLACK
6
CONTINUOUS
10
186.8776299999999821
20
-107.4898819999999944
11
186.8731089999999995
21
-107.4962069999999983
0
LINE
8
BLACK
6
CONTINUOUS
10
186.8731089999999995
20
-107.4962069999999983
11
186.6462129999999888
21
-107.7555160000000001
0
LINE
8
BLACK
6
CONTINUOUS
10
186.6462129999999888
20
-107.7555160000000001
11
186.6597309999999936
21
-107.7606889999999993
0
LINE
8
BLACK
6
CONTINUOUS
10
186.6597309999999936
20
-107.7606889999999993
11
186.7549689999999885
21
-107.8083079999999967
0
LINE
8
BLACK
6
CONTINUOUS
10
186.7549689999999885
20
-107.8083079999999967
11
186.7612680000000012
21
-107.812271999999993
0
LINE
8
BLACK
6
CONTINUOUS
10
186.7612680000000012
20
-107.812271999999993
11
186.7630959999999902
21
-107.8130299999999977
0
LINE
8
BLACK
6
CONTINUOUS
10
186.7630959999999902
20
-107.8130299999999977
11
186.7651520000000005
21
-107.8147179999999992
0
LINE
8
BLACK
6
CONTINUOUS
10
186.7651520000000005
20
-107.8147179999999992
11
186.7674119999999789
21
-107.8161399999999901
0
LINE
8
BLACK
6
CONTINUOUS
10
186.7674119999999789
20
-107.8161399999999901
11
186.7687109999999961
21
-107.8176379999999881
0
LINE
8
BLACK
6
CONTINUOUS
10
186.7687109999999961
20
-107.8176379999999881
11
186.7744610000000023
21
-107.8223569999999967
0
LINE
8
BLACK
6
CONTINUOUS
10
186.7744610000000023
20
-107.8223569999999967
11
186.8220799999999997
21
-107.8699759999999941
0
LINE
8
BLACK
6
CONTINUOUS
10
186.8220799999999997
20
-107.8699759999999941
11
186.8267979999999966
21
-107.8757249999999885
0
LINE
8
BLACK
6
CONTINUOUS
10
186.8267979999999966
20
-107.8757249999999885
11
186.8282969999999921
21
-107.8770249999999891
0
LINE
8
BLACK
6
CONTINUOUS
10
186.8282969999999921
20
-107.8770249999999891
11
186.8297179999999855
21
-107.8792839999999984
0
LINE
8
BLACK
6
CONTINUOUS
10
186.8297179999999855
20
-107.8792839999999984
11
186.8314069999999845
21
-107.8813409999999919
0
LINE
8
BLACK
6
CONTINUOUS
10
186.8314069999999845
20
-107.8813409999999919
11
186.8321639999999775
21
-107.8831679999999977
0
LINE
8
BLACK
6
CONTINUOUS
10
186.8321639999999775
20
-107.8831679999999977
11
186.8361289999999997
21
-107.8894679999999937
0
LINE
8
BLACK
6
CONTINUOUS
10
186.8361289999999997
20
-107.8894679999999937
11
186.8837479999999971
21
-107.9847059999999885
0
LINE
8
BLACK
6
CONTINUOUS
10
186.8837479999999971
20
-107.9847059999999885
11
186.8890030000000024
21
-107.9984369999999956
0
LINE
8
BLACK
6
CONTINUOUS
10
186.8890030000000024
20
-107.9984369999999956
11
186.8891940000000034
21
-108.0011259999999993
0
LINE
8
BLACK
6
CONTINUOUS
10
186.8891940000000034
20
-108.0011259999999993
11
186.8902249999999867
21
-108.0036149999999964
0
LINE
8
BLACK
6
CONTINUOUS
10
186.8902249999999867
20
-108.0036149999999964
11
186.8916659999999865
21
-108.0182469999999881
0
LINE
8
BLACK
6
CONTINUOUS
10
186.8916659999999865
20
-108.0182469999999881
11
186.8916659999999865
21
-108.083999999999989
0
LINE
8
BLACK
6
CONTINUOUS
10
186.8916659999999865
20
-108.083999999999989
11
188.648809
21
-108.083999999999989
0
LINE
8
BLACK
6
CONTINUOUS
10
188.648809
20
-108.083999999999989
11
188.648809
21
-107.6218190000000021
0
LINE
8
BLACK
6
CONTINUOUS
10
188.648809
20
-107.6218190000000021
11
188.4380950000000041
21
-107.6218190000000021
0
LINE
8
BLACK
6
CONTINUOUS
10
188.4380950000000041
20
-107.6218190000000021
11
188.4234629999999981
21
-107.6203779999999881
0
LINE
8
BLACK
6
CONTINUOUS
10
188.4234629999999981
20
-107.6203779999999881
11
188.3964269999999885
21
-107.6091789999999975
0
LINE
8
BLACK
6
CONTINUOUS
10
188.3964269999999885
20
-107.6091789999999975
11
188.3757349999999917
21
-107.5884870000000006
0
LINE
8
BLACK
6
CONTINUOUS
10
188.3757349999999917
20
-107.5884870000000006
11
188.3645359999999869
21
-107.561450999999991
0
LINE
8
BLACK
6
CONTINUOUS
10
188.3645359999999869
20
-107.561450999999991
11
188.3645359999999869
21
-107.5321869999999933
0
LINE
8
BLACK
6
CONTINUOUS
10
188.3645359999999869
20
-107.5321869999999933
11
188.3757349999999917
21
-107.5051509999999979
0
LINE
8
BLACK
6
CONTINUOUS
10
188.3757349999999917
20
-107.5051509999999979
11
188.3964269999999885
21
-107.4844590000000011
0
LINE
8
BLACK
6
CONTINUOUS
10
188.3964269999999885
20
-107.4844590000000011
11
188.4234629999999981
21
-107.4732599999999962
0
LINE
8
BLACK
6
CONTINUOUS
10
188.4234629999999981
20
-107.4732599999999962
11
188.4380950000000041
21
-107.4718189999999964
0
LINE
8
BLACK
6
CONTINUOUS
10
188.4380950000000041
20
-107.4718189999999964
11
189.0095230000000015
21
-107.4718189999999964
0
LINE
8
BLACK
6
CONTINUOUS
10
189.0095230000000015
20
-107.4718189999999964
11
189.0241549999999791
21
-107.4732599999999962
0
LINE
8
BLACK
6
CONTINUOUS
10
189.0241549999999791
20
-107.4732599999999962
11
189.0511909999999887
21
-107.4844590000000011
0
LINE
8
BLACK
6
CONTINUOUS
10
189.0511909999999887
20
-107.4844590000000011
11
189.0718829999999855
21
-107.5051509999999979
0
LINE
8
BLACK
6
CONTINUOUS
10
189.0718829999999855
20
-107.5051509999999979
11
189.0830819999999903
21
-107.5321869999999933
0
LINE
8
BLACK
6
CONTINUOUS
10
189.0830819999999903
20
-107.5321869999999933
11
189.0830819999999903
21
-107.561450999999991
0
LINE
8
BLACK
6
CONTINUOUS
10
189.0830819999999903
20
-107.561450999999991
11
189.0718829999999855
21
-107.5884870000000006
0
LINE
8
BLACK
6
CONTINUOUS
10
189.0718829999999855
20
-107.5884870000000006
11
189.0511909999999887
21
-107.6091789999999975
0
LINE
8
BLACK
6
CONTINUOUS
10
189.0511909999999887
20
-107.6091789999999975
11
189.0241549999999791
21
-107.6203779999999881
0
LINE
8
BLACK
6
CONTINUOUS
10
189.0241549999999791
20
-107.6203779999999881
11
189.0095230000000015
21
-107.6218190000000021
0
LINE
8
BLACK
6
CONTINUOUS
10
189.0095230000000015
20
-107.6218190000000021
11
188.7988090000000057
21
-107.6218190000000021
0
LINE
8
BLACK
6
CONTINUOUS
10
188.7988090000000057
20
-107.6218190000000021
11
188.7988090000000057
21
-108.083999999999989
0
LINE
8
BLACK
6
CONTINUOUS
10
188.7988090000000057
20
-108.083999999999989
11
189.2678569999999922
21
-108.083999999999989
0
LINE
8
BLACK
6
CONTINUOUS
10
189.2678569999999922
20
-108.083999999999989
11
189.2678569999999922
21
-107.5468189999999993
0
LINE
8
BLACK
6
CONTINUOUS
10
189.2678569999999922
20
-107.5468189999999993
11
189.269297999999992
21
-107.5321869999999933
0
LINE
8
BLACK
6
CONTINUOUS
10
189.269297999999992
20
-107.5321869999999933
11
189.2804969999999969
21
-107.5051509999999979
0
LINE
8
BLACK
6
CONTINUOUS
10
189.2804969999999969
20
-107.5051509999999979
11
189.3011889999999937
21
-107.4844590000000011
0
LINE
8
BLACK
6
CONTINUOUS
10
189.3011889999999937
20
-107.4844590000000011
11
189.3282250000000033
21
-107.4732599999999962
0
LINE
8
BLACK
6
CONTINUOUS
10
189.3282250000000033
20
-107.4732599999999962
11
189.3428569999999809
21
-107.4718189999999964
0
LINE
8
BLACK
6
CONTINUOUS
10
189.3428569999999809
20
-107.4718189999999964
11
189.7238089999999886
21
-107.4718189999999964
0
LINE
8
BLACK
6
CONTINUOUS
10
189.7238089999999886
20
-107.4718189999999964
11
189.7384409999999946
21
-107.4732599999999962
0
LINE
8
BLACK
6
CONTINUOUS
10
189.7384409999999946
20
-107.4732599999999962
11
189.7409299999999917
21
-107.4742909999999938
0
LINE
8
BLACK
6
CONTINUOUS
10
189.7409299999999917
20
-107.4742909999999938
11
189.7436179999999979
21
-107.4744819999999947
0
LINE
8
BLACK
6
CONTINUOUS
10
189.7436179999999979
20
-107.4744819999999947
11
189.7573500000000024
21
-107.4797370000000001
0
LINE
8
BLACK
6
CONTINUOUS
10
189.7573500000000024
20
-107.4797370000000001
11
189.8525879999999972
21
-107.5273559999999975
0
LINE
8
BLACK
6
CONTINUOUS
10
189.8525879999999972
20
-107.5273559999999975
11
189.8588869999999815
21
-107.5313199999999938
0
LINE
8
BLACK
6
CONTINUOUS
10
189.8588869999999815
20
-107.5313199999999938
11
189.860714999999999
21
-107.5320779999999985
0
LINE
8
BLACK
6
CONTINUOUS
10
189.860714999999999
20
-107.5320779999999985
11
189.8627709999999809
21
-107.533766
0
LINE
8
BLACK
6
CONTINUOUS
10
189.8627709999999809
20
-107.533766
11
189.8650309999999877
21
-107.5351879999999909
0
LINE
8
BLACK
6
CONTINUOUS
10
189.8650309999999877
20
-107.5351879999999909
11
189.8663300000000049
21
-107.5366859999999889
0
LINE
8
BLACK
6
CONTINUOUS
10
189.8663300000000049
20
-107.5366859999999889
11
189.8720799999999826
21
-107.5414049999999975
0
LINE
8
BLACK
6
CONTINUOUS
10
189.8720799999999826
20
-107.5414049999999975
11
189.9196989999999801
21
-107.5890239999999949
0
LINE
8
BLACK
6
CONTINUOUS
10
189.9196989999999801
20
-107.5890239999999949
11
189.9244170000000054
21
-107.5947729999999893
0
LINE
8
BLACK
6
CONTINUOUS
10
189.9244170000000054
20
-107.5947729999999893
11
189.9259160000000008
21
-107.5960729999999899
0
LINE
8
BLACK
6
CONTINUOUS
10
189.9259160000000008
20
-107.5960729999999899
11
189.9273369999999943
21
-107.5983319999999992
0
LINE
8
BLACK
6
CONTINUOUS
10
189.9273369999999943
20
-107.5983319999999992
11
189.9290259999999932
21
-107.6003889999999927
0
LINE
8
BLACK
6
CONTINUOUS
10
189.9290259999999932
20
-107.6003889999999927
11
189.9297829999999863
21
-107.6022159999999985
0
LINE
8
BLACK
6
CONTINUOUS
10
189.9297829999999863
20
-107.6022159999999985
11
189.93374799999998
21
-107.6085159999999945
0
LINE
8
BLACK
6
CONTINUOUS
10
189.93374799999998
20
-107.6085159999999945
11
189.9813669999999775
21
-107.7037539999999893
0
LINE
8
BLACK
6
CONTINUOUS
10
189.9813669999999775
20
-107.7037539999999893
11
189.9866219999999828
21
-107.7174849999999964
0
LINE
8
BLACK
6
CONTINUOUS
10
189.9866219999999828
20
-107.7174849999999964
11
189.9868129999999837
21
-107.7201740000000001
0
LINE
8
BLACK
6
CONTINUOUS
10
189.9868129999999837
20
-107.7201740000000001
11
189.9878439999999955
21
-107.7226629999999972
0
LINE
8
BLACK
6
CONTINUOUS
10
189.9878439999999955
20
-107.7226629999999972
11
189.9892849999999953
21
-107.7372949999999889
0
LINE
8
BLACK
6
CONTINUOUS
10
189.9892849999999953
20
-107.7372949999999889
11
189.9892849999999953
21
-107.8801519999999954
0
LINE
8
BLACK
6
CONTINUOUS
10
189.9892849999999953
20
-107.8801519999999954
11
189.9878439999999955
21
-107.8947840000000014
0
LINE
8
BLACK
6
CONTINUOUS
10
189.9878439999999955
20
-107.8947840000000014
11
189.9868129999999837
21
-107.897272000000001
0
LINE
8
BLACK
6
CONTINUOUS
10
189.9868129999999837
20
-107.897272000000001
11
189.9866219999999828
21
-107.8999620000000021
0
LINE
8
BLACK
6
CONTINUOUS
10
189.9866219999999828
20
-107.8999620000000021
11
189.9813669999999775
21
-107.913692999999995
0
LINE
8
BLACK
6
CONTINUOUS
10
189.9813669999999775
20
-107.913692999999995
11
189.93374799999998
21
-108.0089309999999898
0
LINE
8
BLACK
6
CONTINUOUS
10
189.93374799999998
20
-108.0089309999999898
11
189.9297829999999863
21
-108.0152299999999883
0
LINE
8
BLACK
6
CONTINUOUS
10
189.9297829999999863
20
-108.0152299999999883
11
189.9290259999999932
21
-108.0170579999999916
0
LINE
8
BLACK
6
CONTINUOUS
10
189.9290259999999932
20
-108.0170579999999916
11
189.9273369999999943
21
-108.0191140000000019
0
LINE
8
BLACK
6
CONTINUOUS
10
189.9273369999999943
20
-108.0191140000000019
11
189.9259160000000008
21
-108.0213739999999945
0
LINE
8
BLACK
6
CONTINUOUS
10
189.9259160000000008
20
-108.0213739999999945
11
189.9244170000000054
21
-108.0226729999999975
0
LINE
8
BLACK
6
CONTINUOUS
10
189.9244170000000054
20
-108.0226729999999975
11
189.9196989999999801
21
-108.0284229999999894
0
LINE
8
BLACK
6
CONTINUOUS
10
189.9196989999999801
20
-108.0284229999999894
11
189.8720799999999826
21
-108.0760420000000011
0
LINE
8
BLACK
6
CONTINUOUS
10
189.8720799999999826
20
-108.0760420000000011
11
189.8663300000000049
21
-108.0807599999999979
0
LINE
8
BLACK
6
CONTINUOUS
10
189.8663300000000049
20
-108.0807599999999979
11
189.8650309999999877
21
-108.0822589999999934
0
LINE
8
BLACK
6
CONTINUOUS
10
189.8650309999999877
20
-108.0822589999999934
11
189.8627709999999809
21
-108.0836800000000011
0
LINE
8
BLACK
6
CONTINUOUS
10
189.8627709999999809
20
-108.0836800000000011
11
189.8623809999999992
21
-108.083999999999989
0
LINE
8
BLACK
6
CONTINUOUS
10
189.8623809999999992
20
-108.083999999999989
11
190.2593430000000012
21
-108.083999999999989
0
LINE
8
BLACK
6
CONTINUOUS
10
190.2593430000000012
20
-108.083999999999989
11
190.4621819999999843
21
-107.475482999999997
0
LINE
8
BLACK
6
CONTINUOUS
10
190.4621819999999843
20
-107.475482999999997
11
190.4681759999999997
21
-107.462057999999999
0
LINE
8
BLACK
6
CONTINUOUS
10
190.4681759999999997
20
-107.462057999999999
11
190.4873499999999922
21
-107.4399509999999935
0
LINE
8
BLACK
6
CONTINUOUS
10
190.4873499999999922
20
-107.4399509999999935
11
190.5135229999999922
21
-107.4268639999999948
0
LINE
8
BLACK
6
CONTINUOUS
10
190.5135229999999922
20
-107.4268639999999948
11
190.542712999999992
21
-107.4247889999999899
0
LINE
8
BLACK
6
CONTINUOUS
10
190.542712999999992
20
-107.4247889999999899
11
190.5704749999999876
21
-107.4340429999999884
0
LINE
8
BLACK
6
CONTINUOUS
10
190.5704749999999876
20
-107.4340429999999884
11
190.5925829999999905
21
-107.4532169999999951
0
LINE
8
BLACK
6
CONTINUOUS
10
190.5925829999999905
20
-107.4532169999999951
11
190.6056689999999776
21
-107.4793909999999926
0
LINE
8
BLACK
6
CONTINUOUS
10
190.6056689999999776
20
-107.4793909999999926
11
190.6077439999999967
21
-107.5085809999999924
0
LINE
8
BLACK
6
CONTINUOUS
10
190.6077439999999967
20
-107.5085809999999924
11
190.6044839999999851
21
-107.52291799999999
0
LINE
8
BLACK
6
CONTINUOUS
10
190.6044839999999851
20
-107.52291799999999
11
190.4174569999999846
21
-108.083999999999989
0
LINE
8
BLACK
6
CONTINUOUS
10
190.4174569999999846
20
-108.083999999999989
11
190.6964279999999974
21
-108.083999999999989
0
LINE
8
BLACK
6
CONTINUOUS
10
190.6964279999999974
20
-108.083999999999989
11
190.6964279999999974
21
-107.8801519999999954
0
LINE
8
BLACK
6
CONTINUOUS
10
190.6964279999999974
20
-107.8801519999999954
11
190.6978689999999972
21
-107.8655199999999894
0
LINE
8
BLACK
6
CONTINUOUS
10
190.6978689999999972
20
-107.8655199999999894
11
190.709068000000002
21
-107.838483999999994
0
LINE
8
BLACK
6
CONTINUOUS
10
190.709068000000002
20
-107.838483999999994
11
190.7297599999999989
21
-107.8177919999999972
0
LINE
8
BLACK
6
CONTINUOUS
10
190.7297599999999989
20
-107.8177919999999972
11
190.75679599999998
21
-107.8065929999999923
0
LINE
8
BLACK
6
CONTINUOUS
10
190.75679599999998
20
-107.8065929999999923
11
190.786059999999992
21
-107.8065929999999923
0
LINE
8
BLACK
6
CONTINUOUS
10
190.786059999999992
20
-107.8065929999999923
11
190.8130960000000016
21
-107.8177919999999972
0
LINE
8
BLACK
6
CONTINUOUS
10
190.8130960000000016
20
-107.8177919999999972
11
190.8337879999999984
21
-107.838483999999994
0
LINE
8
BLACK
6
CONTINUOUS
10
190.8337879999999984
20
-107.838483999999994
11
190.8449870000000033
21
-107.8655199999999894
0
LINE
8
BLACK
6
CONTINUOUS
10
190.8449870000000033
20
-107.8655199999999894
11
190.8464280000000031
21
-107.8801519999999954
0
LINE
8
BLACK
6
CONTINUOUS
10
190.8464280000000031
20
-107.8801519999999954
11
190.8464280000000031
21
-108.083999999999989
0
LINE
8
BLACK
6
CONTINUOUS
10
190.8464280000000031
20
-108.083999999999989
11
197.039999999999992
21
-108.083999999999989
0
LINE
8
BLACK
6
CONTINUOUS
10
197.039999999999992
20
-108.083999999999989
11
197.1615829999999789
21
-108.083999999999989
0
LINE
8
BLACK
6
CONTINUOUS
10
197.1615829999999789
20
-108.083999999999989
11
197.4026690000000031
21
-108.0522599999999898
0
LINE
8
BLACK
6
CONTINUOUS
10
197.4026690000000031
20
-108.0522599999999898
11
197.6375500000000045
21
-107.9893239999999963
0
LINE
8
BLACK
6
CONTINUOUS
10
197.6375500000000045
20
-107.9893239999999963
11
197.8622059999999863
21
-107.8962679999999921
0
LINE
8
BLACK
6
CONTINUOUS
10
197.8622059999999863
20
-107.8962679999999921
11
198.0727939999999876
21
-107.774684999999991
0
LINE
8
BLACK
6
CONTINUOUS
10
198.0727939999999876
20
-107.774684999999991
11
198.2657109999999818
21
-107.6266549999999995
0
LINE
8
BLACK
6
CONTINUOUS
10
198.2657109999999818
20
-107.6266549999999995
11
198.4376549999999781
21
-107.454710999999989
0
LINE
8
BLACK
6
CONTINUOUS
10
198.4376549999999781
20
-107.454710999999989
11
198.5856849999999838
21
-107.2617939999999948
0
LINE
8
BLACK
6
CONTINUOUS
10
198.5856849999999838
20
-107.2617939999999948
11
198.7072679999999991
21
-107.0512059999999934
0
LINE
8
BLACK
6
CONTINUOUS
10
198.7072679999999991
20
-107.0512059999999934
11
198.8003239999999892
21
-106.8265499999999975
0
LINE
8
BLACK
6
CONTINUOUS
10
198.8003239999999892
20
-106.8265499999999975
11
198.8632599999999968
21
-106.591668999999996
0
LINE
8
BLACK
6
CONTINUOUS
10
198.8632599999999968
20
-106.591668999999996
11
198.8949999999999818
21
-106.3505830000000003
0
LINE
8
BLACK
6
CONTINUOUS
10
198.8949999999999818
20
-106.3505830000000003
11
198.8949999999999818
21
-106.2289999999999992
0
LINE
8
BLACK
6
CONTINUOUS
10
198.8949999999999818
20
-106.2289999999999992
11
198.8949999999999818
21
-89.083999999999989
0
LINE
8
BLACK
6
CONTINUOUS
10
198.8949999999999818
20
-89.083999999999989
11
198.8949999999999818
21
-88.9624170000000021
0
LINE
8
BLACK
6
CONTINUOUS
10
198.8949999999999818
20
-88.9624170000000021
11
198.8632599999999968
21
-88.7213309999999922
0
LINE
8
BLACK
6
CONTINUOUS
10
198.8632599999999968
20
-88.7213309999999922
11
198.8003239999999892
21
-88.4864499999999907
0
LINE
8
BLACK
6
CONTINUOUS
10
198.8003239999999892
20
-88.4864499999999907
11
198.7072679999999991
21
-88.2617939999999948
0
LINE
8
BLACK
6
CONTINUOUS
10
198.7072679999999991
20
-88.2617939999999948
11
198.5856849999999838
21
-88.0512059999999934
0
LINE
8
BLACK
6
CONTINUOUS
10
198.5856849999999838
20
-88.0512059999999934
11
198.4376549999999781
21
-87.8582889999999992
0
LINE
8
BLACK
6
CONTINUOUS
10
198.4376549999999781
20
-87.8582889999999992
11
198.2657109999999818
21
-87.6863450000000029
0
LINE
8
BLACK
6
CONTINUOUS
10
198.2657109999999818
20
-87.6863450000000029
11
198.0727939999999876
21
-87.5383149999999972
0
LINE
8
BLACK
6
CONTINUOUS
10
198.0727939999999876
20
-87.5383149999999972
11
197.8622059999999863
21
-87.4167319999999961
0
LINE
8
BLACK
6
CONTINUOUS
10
197.8622059999999863
20
-87.4167319999999961
11
197.6375500000000045
21
-87.3236759999999919
0
LINE
8
BLACK
6
CONTINUOUS
10
197.6375500000000045
20
-87.3236759999999919
11
197.4026690000000031
21
-87.2607399999999984
0
LINE
8
BLACK
6
CONTINUOUS
10
197.4026690000000031
20
-87.2607399999999984
11
197.1615829999999789
21
-87.2289999999999992
0
LINE
8
BLACK
6
CONTINUOUS
10
197.1615829999999789
20
-87.2289999999999992
11
197.039999999999992
21
-87.2289999999999992
0
LINE
8
BLACK
6
CONTINUOUS
10
197.039999999999992
20
-87.2289999999999992
11
194.5919659999999851
21
-87.2289999999999992
0
LINE
8
BLACK
6
CONTINUOUS
10
194.5919659999999851
20
-87.2289999999999992
11
194.5832999999999799
21
-87.2376659999999902
0
LINE
8
BLACK
6
CONTINUOUS
10
194.5832999999999799
20
-87.2376659999999902
11
194.5346999999999866
21
-87.2376659999999902
0
LINE
8
BLACK
6
CONTINUOUS
10
194.5346999999999866
20
-87.2376659999999902
11
194.5260339999999815
21
-87.2289999999999992
0
LINE
8
BLACK
6
CONTINUOUS
10
194.5260339999999815
20
-87.2289999999999992
11
185.5929029999999784
21
-87.2289999999999992
0
LINE
8
BLACK
6
CONTINUOUS
10
185.5929029999999784
20
-87.2289999999999992
11
185.5840829999999926
21
-87.2377549999999928
0
LINE
8
BLACK
6
CONTINUOUS
10
185.5840829999999926
20
-87.2377549999999928
11
185.5354839999999967
21
-87.23757599999999
0
LINE
8
BLACK
6
CONTINUOUS
10
185.5354839999999967
20
-87.23757599999999
11
185.5269710000000032
21
-87.2289999999999992
0
LINE
8
BLACK
6
CONTINUOUS
10
185.5269710000000032
20
-87.2289999999999992
11
183.0699999999999932
21
-87.2289999999999992
0
LINE
8
BLACK
6
CONTINUOUS
10
183.0699999999999932
20
-87.2289999999999992
11
183.050865999999985
21
-87.2251940000000019
0
LINE
8
BLACK
6
CONTINUOUS
10
183.050865999999985
20
-87.2251940000000019
11
183.0506719999999916
21
-87.2249999999999943
0
LINE
8
BLACK
6
CONTINUOUS
10
183.0506719999999916
20
-87.2249999999999943
11
182.9484169999999779
21
-87.2249999999999943
0
LINE
8
BLACK
6
CONTINUOUS
10
149.313416999999987
20
-87.2249999999999943
11
149.0723309999999913
21
-87.2567399999999935
0
LINE
8
BLACK
6
CONTINUOUS
10
149.0723309999999913
20
-87.2567399999999935
11
148.8374499999999898
21
-87.3196760000000012
0
LINE
8
BLACK
6
CONTINUOUS
10
148.8374499999999898
20
-87.3196760000000012
11
148.6127939999999796
21
-87.4127319999999912
0
LINE
8
BLACK
6
CONTINUOUS
10
148.6127939999999796
20
-87.4127319999999912
11
148.4022060000000067
21
-87.5343149999999923
0
LINE
8
BLACK
6
CONTINUOUS
10
148.4022060000000067
20
-87.5343149999999923
11
148.2092889999999841
21
-87.682344999999998
0
LINE
8
BLACK
6
CONTINUOUS
10
148.2092889999999841
20
-87.682344999999998
11
148.0373449999999877
21
-87.8542889999999943
0
LINE
8
BLACK
6
CONTINUOUS
10
148.0373449999999877
20
-87.8542889999999943
11
147.8893149999999821
21
-88.0472060000000027
0
LINE
8
BLACK
6
CONTINUOUS
10
147.8893149999999821
20
-88.0472060000000027
11
147.7677319999999952
21
-88.2577939999999899
0
LINE
8
BLACK
6
CONTINUOUS
10
147.7677319999999952
20
-88.2577939999999899
11
147.6746760000000052
21
-88.48245
0
LINE
8
BLACK
6
CONTINUOUS
10
147.6746760000000052
20
-88.48245
11
147.6117399999999975
21
-88.7173310000000015
0
LINE
8
BLACK
6
CONTINUOUS
10
147.6117399999999975
20
-88.7173310000000015
11
147.5799999999999841
21
-88.9584169999999972
0
LINE
8
BLACK
6
CONTINUOUS
10
147.5799999999999841
20
-88.9584169999999972
11
147.5799999999999841
21
-89.0799999999999983
0
LINE
8
BLACK
6
CONTINUOUS
10
147.5799999999999841
20
-89.0799999999999983
11
147.5795059999999808
21
-89.0815180000000026
0
LINE
8
BLACK
6
CONTINUOUS
10
147.5795059999999808
20
-89.0815180000000026
11
147.5799999999999841
21
-89.083999999999989
0
LINE
8
BLACK
6
CONTINUOUS
10
147.5799999999999841
20
-89.083999999999989
11
147.5799999999999841
21
-106.2289999999999992
0
LINE
8
BLACK
6
CONTINUOUS
10
147.5799999999999841
20
-106.2289999999999992
11
147.5799999999999841
21
-106.3505830000000003
0
LINE
8
BLACK
6
CONTINUOUS
10
147.5799999999999841
20
-106.3505830000000003
11
147.6117399999999975
21
-106.591668999999996
0
LINE
8
BLACK
6
CONTINUOUS
10
147.6117399999999975
20
-106.591668999999996
11
147.6746760000000052
21
-106.8265499999999975
0
LINE
8
BLACK
6
CONTINUOUS
10
147.6746760000000052
20
-106.8265499999999975
11
147.7677319999999952
21
-107.0512059999999934
0
LINE
8
BLACK
6
CONTINUOUS
10
147.7677319999999952
20
-107.0512059999999934
11
147.8893149999999821
21
-107.2617939999999948
0
LINE
8
BLACK
6
CONTINUOUS
10
147.8893149999999821
20
-107.2617939999999948
11
148.0373449999999877
21
-107.454710999999989
0
LINE
8
BLACK
6
CONTINUOUS
10
148.0373449999999877
20
-107.454710999999989
11
148.2092889999999841
21
-107.6266549999999995
0
LINE
8
BLACK
6
CONTINUOUS
10
148.2092889999999841
20
-107.6266549999999995
11
148.4022060000000067
21
-107.774684999999991
0
LINE
8
BLACK
6
CONTINUOUS
10
148.4022060000000067
20
-107.774684999999991
11
148.6127939999999796
21
-107.8962679999999921
0
LINE
8
BLACK
6
CONTINUOUS
10
148.6127939999999796
20
-107.8962679999999921
11
148.8374499999999898
21
-107.9893239999999963
0
LINE
8
BLACK
6
CONTINUOUS
10
148.8374499999999898
20
-107.9893239999999963
11
149.0723309999999913
21
-108.0522599999999898
0
LINE
8
BLACK
6
CONTINUOUS
10
149.0723309999999913
20
-108.0522599999999898
11
149.313416999999987
21
-108.083999999999989
0
LINE
8
BLACK
6
CONTINUOUS
10
149.313416999999987
20
-108.083999999999989
11
149.4350000000000023
21
-108.083999999999989
0
LINE
8
BLACK
6
CONTINUOUS
10
149.4350000000000023
20
-108.083999999999989
11
149.6288089999999897
21
-108.083999999999989
0
LINE
8
BLACK
6
CONTINUOUS
10
149.6288089999999897
20
-108.083999999999989
11
149.6288089999999897
21
-107.4118189999999942
0
LINE
8
BLACK
6
CONTINUOUS
10
149.6288089999999897
20
-107.4118189999999942
11
149.4180949999999939
21
-107.4118189999999942
0
LINE
8
BLACK
6
CONTINUOUS
10
149.4180949999999939
20
-107.4118189999999942
11
149.4034629999999879
21
-107.4103779999999944
0
LINE
8
BLACK
6
CONTINUOUS
10
149.4034629999999879
20
-107.4103779999999944
11
149.3764270000000067
21
-107.3991789999999895
0
LINE
8
BLACK
6
CONTINUOUS
10
149.3764270000000067
20
-107.3991789999999895
11
149.3557349999999815
21
-107.3784869999999927
0
LINE
8
BLACK
6
CONTINUOUS
10
149.3557349999999815
20
-107.3784869999999927
11
149.3445360000000051
21
-107.3514509999999973
0
LINE
8
BLACK
6
CONTINUOUS
10
149.3445360000000051
20
-107.3514509999999973
11
149.3445360000000051
21
-107.3221869999999996
0
LINE
8
BLACK
6
CONTINUOUS
10
149.3445360000000051
20
-107.3221869999999996
11
149.3557349999999815
21
-107.2951509999999899
0
LINE
8
BLACK
6
CONTINUOUS
10
149.3557349999999815
20
-107.2951509999999899
11
149.3764270000000067
21
-107.2744589999999931
0
LINE
8
BLACK
6
CONTINUOUS
10
149.3764270000000067
20
-107.2744589999999931
11
149.4034629999999879
21
-107.2632599999999883
0
LINE
8
BLACK
6
CONTINUOUS
10
149.4034629999999879
20
-107.2632599999999883
11
149.4180949999999939
21
-107.2618189999999885
0
LINE
8
BLACK
6
CONTINUOUS
10
149.4180949999999939
20
-107.2618189999999885
11
149.9895229999999913
21
-107.2618189999999885
0
LINE
8
BLACK
6
CONTINUOUS
10
149.9895229999999913
20
-107.2618189999999885
11
150.0041549999999972
21
-107.2632599999999883
0
LINE
8
BLACK
6
CONTINUOUS
10
150.0041549999999972
20
-107.2632599999999883
11
150.0311910000000069
21
-107.2744589999999931
0
LINE
8
BLACK
6
CONTINUOUS
10
150.0311910000000069
20
-107.2744589999999931
11
150.0518830000000037
21
-107.2951509999999899
0
LINE
8
BLACK
6
CONTINUOUS
10
150.0518830000000037
20
-107.2951509999999899
11
150.0630819999999801
21
-107.3221869999999996
0
LINE
8
BLACK
6
CONTINUOUS
10
150.0630819999999801
20
-107.3221869999999996
11
150.0630819999999801
21
-107.3514509999999973
0
LINE
8
BLACK
6
CONTINUOUS
10
150.0630819999999801
20
-107.3514509999999973
11
150.0518830000000037
21
-107.3784869999999927
0
LINE
8
BLACK
6
CONTINUOUS
10
150.0518830000000037
20
-107.3784869999999927
11
150.0311910000000069
21
-107.3991789999999895
0
LINE
8
BLACK
6
CONTINUOUS
10
150.0311910000000069
20
-107.3991789999999895
11
150.0041549999999972
21
-107.4103779999999944
0
LINE
8
BLACK
6
CONTINUOUS
10
150.0041549999999972
20
-107.4103779999999944
11
149.9895229999999913
21
-107.4118189999999942
0
LINE
8
BLACK
6
CONTINUOUS
10
149.9895229999999913
20
-107.4118189999999942
11
149.7788089999999954
21
-107.4118189999999942
0
LINE
8
BLACK
6
CONTINUOUS
10
149.7788089999999954
20
-107.4118189999999942
11
149.7788089999999954
21
-108.083999999999989
0
LINE
8
BLACK
6
CONTINUOUS
10
149.7788089999999954
20
-108.083999999999989
11
150.247856999999982
21
-108.083999999999989
0
LINE
8
BLACK
6
CONTINUOUS
10
150.247856999999982
20
-108.083999999999989
11
150.247856999999982
21
-107.3368189999999913
0
LINE
8
BLACK
6
CONTINUOUS
10
150.247856999999982
20
-107.3368189999999913
11
150.2492979999999818
21
-107.3221869999999996
0
LINE
8
BLACK
6
CONTINUOUS
10
150.2492979999999818
20
-107.3221869999999996
11
150.2604969999999867
21
-107.2951509999999899
0
LINE
8
BLACK
6
CONTINUOUS
10
150.2604969999999867
20
-107.2951509999999899
11
150.2811889999999835
21
-107.2744589999999931
0
LINE
8
BLACK
6
CONTINUOUS
10
150.2811889999999835
20
-107.2744589999999931
11
150.3082249999999931
21
-107.2632599999999883
0
LINE
8
BLACK
6
CONTINUOUS
10
150.3082249999999931
20
-107.2632599999999883
11
150.3228569999999991
21
-107.2618189999999885
0
LINE
8
BLACK
6
CONTINUOUS
10
150.3228569999999991
20
-107.2618189999999885
11
150.7038090000000068
21
-107.2618189999999885
0
LINE
8
BLACK
6
CONTINUOUS
10
150.7038090000000068
20
-107.2618189999999885
11
150.7184409999999843
21
-107.2632599999999883
0
LINE
8
BLACK
6
CONTINUOUS
10
150.7184409999999843
20
-107.2632599999999883
11
150.7209299999999814
21
-107.2642910000000001
0
LINE
8
BLACK
6
CONTINUOUS
10
150.7209299999999814
20
-107.2642910000000001
11
150.7236179999999877
21
-107.264482000000001
0
LINE
8
BLACK
6
CONTINUOUS
10
150.7236179999999877
20
-107.264482000000001
11
150.7373499999999922
21
-107.2697369999999921
0
LINE
8
BLACK
6
CONTINUOUS
10
150.7373499999999922
20
-107.2697369999999921
11
150.832587999999987
21
-107.3173559999999895
0
LINE
8
BLACK
6
CONTINUOUS
10
150.832587999999987
20
-107.3173559999999895
11
150.8388869999999997
21
-107.3213200000000001
0
LINE
8
BLACK
6
CONTINUOUS
10
150.8388869999999997
20
-107.3213200000000001
11
150.8407149999999888
21
-107.3220779999999905
0
LINE
8
BLACK
6
CONTINUOUS
10
150.8407149999999888
20
-107.3220779999999905
11
150.842770999999999
21
-107.323765999999992
0
LINE
8
BLACK
6
CONTINUOUS
10
150.842770999999999
20
-107.323765999999992
11
150.8450310000000059
21
-107.3251879999999971
0
LINE
8
BLACK
6
CONTINUOUS
10
150.8450310000000059
20
-107.3251879999999971
11
150.8463299999999947
21
-107.3266859999999951
0
LINE
8
BLACK
6
CONTINUOUS
10
150.8463299999999947
20
-107.3266859999999951
11
150.8520800000000008
21
-107.3314049999999895
0
LINE
8
BLACK
6
CONTINUOUS
10
150.8520800000000008
20
-107.3314049999999895
11
150.8996989999999983
21
-107.3790240000000011
0
LINE
8
BLACK
6
CONTINUOUS
10
150.8996989999999983
20
-107.3790240000000011
11
150.9044169999999951
21
-107.3847729999999956
0
LINE
8
BLACK
6
CONTINUOUS
10
150.9044169999999951
20
-107.3847729999999956
11
150.9059159999999906
21
-107.3860729999999961
0
LINE
8
BLACK
6
CONTINUOUS
10
150.9059159999999906
20
-107.3860729999999961
11
150.9073369999999841
21
-107.3883319999999912
0
LINE
8
BLACK
6
CONTINUOUS
10
150.9073369999999841
20
-107.3883319999999912
11
150.909025999999983
21
-107.390388999999999
0
LINE
8
BLACK
6
CONTINUOUS
10
150.909025999999983
20
-107.390388999999999
11
150.9097830000000044
21
-107.3922159999999906
0
LINE
8
BLACK
6
CONTINUOUS
10
150.9097830000000044
20
-107.3922159999999906
11
150.9137479999999982
21
-107.3985160000000008
0
LINE
8
BLACK
6
CONTINUOUS
10
150.9137479999999982
20
-107.3985160000000008
11
150.9613669999999956
21
-107.4937539999999956
0
LINE
8
BLACK
6
CONTINUOUS
10
150.9613669999999956
20
-107.4937539999999956
11
150.966622000000001
21
-107.5074849999999884
0
LINE
8
BLACK
6
CONTINUOUS
10
150.966622000000001
20
-107.5074849999999884
11
150.9668130000000019
21
-107.5101739999999921
0
LINE
8
BLACK
6
CONTINUOUS
10
150.9668130000000019
20
-107.5101739999999921
11
150.9678439999999853
21
-107.5126629999999892
0
LINE
8
BLACK
6
CONTINUOUS
10
150.9678439999999853
20
-107.5126629999999892
11
150.9692849999999851
21
-107.5272949999999952
0
LINE
8
BLACK
6
CONTINUOUS
10
150.9692849999999851
20
-107.5272949999999952
11
150.9692849999999851
21
-107.6701520000000016
0
LINE
8
BLACK
6
CONTINUOUS
10
150.9692849999999851
20
-107.6701520000000016
11
150.9678439999999853
21
-107.6847839999999934
0
LINE
8
BLACK
6
CONTINUOUS
10
150.9678439999999853
20
-107.6847839999999934
11
150.9668130000000019
21
-107.687271999999993
0
LINE
8
BLACK
6
CONTINUOUS
10
150.9668130000000019
20
-107.687271999999993
11
150.966622000000001
21
-107.6899619999999942
0
LINE
8
BLACK
6
CONTINUOUS
10
150.966622000000001
20
-107.6899619999999942
11
150.9613669999999956
21
-107.7036930000000012
0
LINE
8
BLACK
6
CONTINUOUS
10
150.9613669999999956
20
-107.7036930000000012
11
150.9137479999999982
21
-107.7989309999999961
0
LINE
8
BLACK
6
CONTINUOUS
10
150.9137479999999982
20
-107.7989309999999961
11
150.9097830000000044
21
-107.8052299999999946
0
LINE
8
BLACK
6
CONTINUOUS
10
150.9097830000000044
20
-107.8052299999999946
11
150.909025999999983
21
-107.8070579999999978
0
LINE
8
BLACK
6
CONTINUOUS
10
150.909025999999983
20
-107.8070579999999978
11
150.9073369999999841
21
-107.8091139999999939
0
LINE
8
BLACK
6
CONTINUOUS
10
150.9073369999999841
20
-107.8091139999999939
11
150.9059159999999906
21
-107.8113740000000007
0
LINE
8
BLACK
6
CONTINUOUS
10
150.9059159999999906
20
-107.8113740000000007
11
150.9044169999999951
21
-107.8126729999999895
0
LINE
8
BLACK
6
CONTINUOUS
10
150.9044169999999951
20
-107.8126729999999895
11
150.8996989999999983
21
-107.8184229999999957
0
LINE
8
BLACK
6
CONTINUOUS
10
150.8996989999999983
20
-107.8184229999999957
11
150.8520800000000008
21
-107.8660419999999931
0
LINE
8
BLACK
6
CONTINUOUS
10
150.8520800000000008
20
-107.8660419999999931
11
150.8463299999999947
21
-107.87075999999999
0
LINE
8
BLACK
6
CONTINUOUS
10
150.8463299999999947
20
-107.87075999999999
11
150.8450310000000059
21
-107.8722589999999997
0
LINE
8
BLACK
6
CONTINUOUS
10
150.8450310000000059
20
-107.8722589999999997
11
150.842770999999999
21
-107.8736799999999931
0
LINE
8
BLACK
6
CONTINUOUS
10
150.842770999999999
20
-107.8736799999999931
11
150.8407149999999888
21
-107.8753689999999921
0
LINE
8
BLACK
6
CONTINUOUS
10
150.8407149999999888
20
-107.8753689999999921
11
150.8388869999999997
21
-107.8761259999999993
0
LINE
8
BLACK
6
CONTINUOUS
10
150.8388869999999997
20
-107.8761259999999993
11
150.832587999999987
21
-107.8800909999999931
0
LINE
8
BLACK
6
CONTINUOUS
10
150.832587999999987
20
-107.8800909999999931
11
150.7373499999999922
21
-107.9277099999999905
0
LINE
8
BLACK
6
CONTINUOUS
10
150.7373499999999922
20
-107.9277099999999905
11
150.7236179999999877
21
-107.9329649999999958
0
LINE
8
BLACK
6
CONTINUOUS
10
150.7236179999999877
20
-107.9329649999999958
11
150.7209299999999814
21
-107.9331549999999993
0
LINE
8
BLACK
6
CONTINUOUS
10
150.7209299999999814
20
-107.9331549999999993
11
150.7184409999999843
21
-107.9341869999999943
0
LINE
8
BLACK
6
CONTINUOUS
10
150.7184409999999843
20
-107.9341869999999943
11
150.7038090000000068
21
-107.9356279999999941
0
LINE
8
BLACK
6
CONTINUOUS
10
150.7038090000000068
20
-107.9356279999999941
11
150.3978569999999877
21
-107.9356279999999941
0
LINE
8
BLACK
6
CONTINUOUS
10
150.3978569999999877
20
-107.9356279999999941
11
150.3978569999999877
21
-108.083999999999989
0
LINE
8
BLACK
6
CONTINUOUS
10
150.3978569999999877
20
-108.083999999999989
11
151.4859519999999975
21
-108.083999999999989
0
LINE
8
BLACK
6
CONTINUOUS
10
151.4859519999999975
20
-108.083999999999989
11
151.4859519999999975
21
-107.56550399999999
0
LINE
8
BLACK
6
CONTINUOUS
10
151.4859519999999975
20
-107.56550399999999
11
151.4235089999999957
21
-107.6279469999999918
0
LINE
8
BLACK
6
CONTINUOUS
10
151.4235089999999957
20
-107.6279469999999918
11
151.4177589999999896
21
-107.6326649999999887
0
LINE
8
BLACK
6
CONTINUOUS
10
151.4177589999999896
20
-107.6326649999999887
11
151.4164600000000007
21
-107.6341639999999984
0
LINE
8
BLACK
6
CONTINUOUS
10
151.4164600000000007
20
-107.6341639999999984
11
151.4141999999999939
21
-107.6355849999999919
0
LINE
8
BLACK
6
CONTINUOUS
10
151.4141999999999939
20
-107.6355849999999919
11
151.4121439999999836
21
-107.6372739999999908
0
LINE
8
BLACK
6
CONTINUOUS
10
151.4121439999999836
20
-107.6372739999999908
11
151.4103159999999946
21
-107.638030999999998
0
LINE
8
BLACK
6
CONTINUOUS
10
151.4103159999999946
20
-107.638030999999998
11
151.4040169999999819
21
-107.6419959999999918
0
LINE
8
BLACK
6
CONTINUOUS
10
151.4040169999999819
20
-107.6419959999999918
11
151.308778999999987
21
-107.6896149999999892
0
LINE
8
BLACK
6
CONTINUOUS
10
151.308778999999987
20
-107.6896149999999892
11
151.2950469999999825
21
-107.6948699999999945
0
LINE
8
BLACK
6
CONTINUOUS
10
151.2950469999999825
20
-107.6948699999999945
11
151.2658569999999827
21
-107.696944000000002
0
LINE
8
BLACK
6
CONTINUOUS
10
151.2658569999999827
20
-107.696944000000002
11
151.2380959999999845
21
-107.6876899999999893
0
LINE
8
BLACK
6
CONTINUOUS
10
151.2380959999999845
20
-107.6876899999999893
11
151.2159879999999816
21
-107.6685169999999943
0
LINE
8
BLACK
6
CONTINUOUS
10
151.2159879999999816
20
-107.6685169999999943
11
151.2029009999999971
21
-107.6423419999999993
0
LINE
8
BLACK
6
CONTINUOUS
10
151.2029009999999971
20
-107.6423419999999993
11
151.2008270000000039
21
-107.6131519999999995
0
LINE
8
BLACK
6
CONTINUOUS
10
151.2008270000000039
20
-107.6131519999999995
11
151.2100810000000024
21
-107.5853910000000013
0
LINE
8
BLACK
6
CONTINUOUS
10
151.2100810000000024
20
-107.5853910000000013
11
151.2292539999999974
21
-107.5632829999999984
0
LINE
8
BLACK
6
CONTINUOUS
10
151.2292539999999974
20
-107.5632829999999984
11
151.2416969999999878
21
-107.5554509999999908
0
LINE
8
BLACK
6
CONTINUOUS
10
151.2416969999999878
20
-107.5554509999999908
11
151.3260489999999834
21
-107.513274999999993
0
LINE
8
BLACK
6
CONTINUOUS
10
151.3260489999999834
20
-107.513274999999993
11
151.4074279999999817
21
-107.4318959999999947
0
LINE
8
BLACK
6
CONTINUOUS
10
151.4074279999999817
20
-107.4318959999999947
11
151.4985479999999995
21
-107.2952159999999964
0
LINE
8
BLACK
6
CONTINUOUS
10
151.4985479999999995
20
-107.2952159999999964
11
151.498581999999999
21
-107.2951729999999912
0
LINE
8
BLACK
6
CONTINUOUS
10
151.498581999999999
20
-107.2951729999999912
11
151.4985920000000021
21
-107.2951509999999899
0
LINE
8
BLACK
6
CONTINUOUS
10
151.4985920000000021
20
-107.2951509999999899
11
151.4986429999999871
21
-107.2950989999999933
0
LINE
8
BLACK
6
CONTINUOUS
10
151.4986429999999871
20
-107.2950989999999933
11
151.5078639999999837
21
-107.2838409999999953
0
LINE
8
BLACK
6
CONTINUOUS
10
151.5078639999999837
20
-107.2838409999999953
11
151.5140329999999835
21
-107.2797089999999969
0
LINE
8
BLACK
6
CONTINUOUS
10
151.5140329999999835
20
-107.2797089999999969
11
151.519283999999999
21
-107.2744589999999931
0
LINE
8
BLACK
6
CONTINUOUS
10
151.519283999999999
20
-107.2744589999999931
11
151.5260729999999967
21
-107.2716459999999898
0
LINE
8
BLACK
6
CONTINUOUS
10
151.5260729999999967
20
-107.2716459999999898
11
151.5321789999999851
21
-107.267557999999994
0
LINE
8
BLACK
6
CONTINUOUS
10
151.5321789999999851
20
-107.267557999999994
11
151.5394589999999937
21
-107.2661009999999919
0
LINE
8
BLACK
6
CONTINUOUS
10
151.5394589999999937
20
-107.2661009999999919
11
151.5463199999999802
21
-107.2632599999999883
0
LINE
8
BLACK
6
CONTINUOUS
10
151.5463199999999802
20
-107.2632599999999883
11
151.5536679999999876
21
-107.2632599999999883
0
LINE
8
BLACK
6
CONTINUOUS
10
151.5536679999999876
20
-107.2632599999999883
11
151.5608729999999866
21
-107.2618189999999885
0
LINE
8
BLACK
6
CONTINUOUS
10
151.5608729999999866
20
-107.2618189999999885
11
151.5681569999999851
21
-107.2632599999999883
0
LINE
8
BLACK
6
CONTINUOUS
10
151.5681569999999851
20
-107.2632599999999883
11
151.5755839999999921
21
-107.2632599999999883
0
LINE
8
BLACK
6
CONTINUOUS
10
151.5755839999999921
20
-107.2632599999999883
11
151.5823719999999923
21
-107.2660719999999941
0
LINE
8
BLACK
6
CONTINUOUS
10
151.5823719999999923
20
-107.2660719999999941
11
151.5895809999999813
21
-107.2674979999999891
0
LINE
8
BLACK
6
CONTINUOUS
10
151.5895809999999813
20
-107.2674979999999891
11
151.5957599999999843
21
-107.271616999999992
0
LINE
8
BLACK
6
CONTINUOUS
10
151.5957599999999843
20
-107.271616999999992
11
151.6026200000000017
21
-107.2744589999999931
0
LINE
8
BLACK
6
CONTINUOUS
10
151.6026200000000017
20
-107.2744589999999931
11
151.6078129999999931
21
-107.2796519999999987
0
LINE
8
BLACK
6
CONTINUOUS
10
151.6078129999999931
20
-107.2796519999999987
11
151.6139299999999821
21
-107.2837299999999914
0
LINE
8
BLACK
6
CONTINUOUS
10
151.6139299999999821
20
-107.2837299999999914
11
151.6180630000000065
21
-107.2899019999999979
0
LINE
8
BLACK
6
CONTINUOUS
10
151.6180630000000065
20
-107.2899019999999979
11
151.6233119999999985
21
-107.2951509999999899
0
LINE
8
BLACK
6
CONTINUOUS
10
151.6233119999999985
20
-107.2951509999999899
11
151.6261230000000069
21
-107.3019379999999927
0
LINE
8
BLACK
6
CONTINUOUS
10
151.6261230000000069
20
-107.3019379999999927
11
151.6302129999999977
21
-107.3080449999999928
0
LINE
8
BLACK
6
CONTINUOUS
10
151.6302129999999977
20
-107.3080449999999928
11
151.631668999999988
21
-107.3153259999999989
0
LINE
8
BLACK
6
CONTINUOUS
10
151.631668999999988
20
-107.3153259999999989
11
151.6345110000000034
21
-107.3221869999999996
0
LINE
8
BLACK
6
CONTINUOUS
10
151.6345110000000034
20
-107.3221869999999996
11
151.6359359999999867
21
-107.3366630000000015
0
LINE
8
BLACK
6
CONTINUOUS
10
151.6359359999999867
20
-107.3366630000000015
11
151.6359520000000032
21
-107.3367399999999918
0
LINE
8
BLACK
6
CONTINUOUS
10
151.6359520000000032
20
-107.3367399999999918
11
151.6359459999999899
21
-107.3367659999999972
0
LINE
8
BLACK
6
CONTINUOUS
10
151.6359459999999899
20
-107.3367659999999972
11
151.6359520000000032
21
-107.3368189999999913
0
LINE
8
BLACK
6
CONTINUOUS
10
151.6359520000000032
20
-107.3368189999999913
11
151.6359520000000032
21
-108.083999999999989
0
LINE
8
BLACK
6
CONTINUOUS
10
151.6359520000000032
20
-108.083999999999989
11
152.8788089999999897
21
-108.083999999999989
0
LINE
8
BLACK
6
CONTINUOUS
10
152.8788089999999897
20
-108.083999999999989
11
152.8788089999999897
21
-107.591819000000001
0
LINE
8
BLACK
6
CONTINUOUS
10
152.8788089999999897
20
-107.591819000000001
11
152.6680949999999939
21
-107.591819000000001
0
LINE
8
BLACK
6
CONTINUOUS
10
152.6680949999999939
20
-107.591819000000001
11
152.6534629999999879
21
-107.5903780000000012
0
LINE
8
BLACK
6
CONTINUOUS
10
152.6534629999999879
20
-107.5903780000000012
11
152.6264270000000067
21
-107.5791789999999963
0
LINE
8
BLACK
6
CONTINUOUS
10
152.6264270000000067
20
-107.5791789999999963
11
152.6057349999999815
21
-107.5584869999999995
0
LINE
8
BLACK
6
CONTINUOUS
10
152.6057349999999815
20
-107.5584869999999995
11
152.5945360000000051
21
-107.5314509999999899
0
LINE
8
BLACK
6
CONTINUOUS
10
152.5945360000000051
20
-107.5314509999999899
11
152.5945360000000051
21
-107.5021869999999922
0
LINE
8
BLACK
6
CONTINUOUS
10
152.5945360000000051
20
-107.5021869999999922
11
152.6057349999999815
21
-107.4751509999999968
0
LINE
8
BLACK
6
CONTINUOUS
10
152.6057349999999815
20
-107.4751509999999968
11
152.6264270000000067
21
-107.4544589999999999
0
LINE
8
BLACK
6
CONTINUOUS
10
152.6264270000000067
20
-107.4544589999999999
11
152.6534629999999879
21
-107.4432599999999951
0
LINE
8
BLACK
6
CONTINUOUS
10
152.6534629999999879
20
-107.4432599999999951
11
152.6680949999999939
21
-107.4418189999999953
0
LINE
8
BLACK
6
CONTINUOUS
10
152.6680949999999939
20
-107.4418189999999953
11
153.2395229999999913
21
-107.4418189999999953
0
LINE
8
BLACK
6
CONTINUOUS
10
153.2395229999999913
20
-107.4418189999999953
11
153.2541549999999972
21
-107.4432599999999951
0
LINE
8
BLACK
6
CONTINUOUS
10
153.2541549999999972
20
-107.4432599999999951
11
153.2811910000000069
21
-107.4544589999999999
0
LINE
8
BLACK
6
CONTINUOUS
10
153.2811910000000069
20
-107.4544589999999999
11
153.3018830000000037
21
-107.4751509999999968
0
LINE
8
BLACK
6
CONTINUOUS
10
153.3018830000000037
20
-107.4751509999999968
11
153.3130819999999801
21
-107.5021869999999922
0
LINE
8
BLACK
6
CONTINUOUS
10
153.3130819999999801
20
-107.5021869999999922
11
153.3130819999999801
21
-107.5314509999999899
0
LINE
8
BLACK
6
CONTINUOUS
10
153.3130819999999801
20
-107.5314509999999899
11
153.3018830000000037
21
-107.5584869999999995
0
LINE
8
BLACK
6
CONTINUOUS
10
153.3018830000000037
20
-107.5584869999999995
11
153.2811910000000069
21
-107.5791789999999963
0
LINE
8
BLACK
6
CONTINUOUS
10
153.2811910000000069
20
-107.5791789999999963
11
153.2541549999999972
21
-107.5903780000000012
0
LINE
8
BLACK
6
CONTINUOUS
10
153.2541549999999972
20
-107.5903780000000012
11
153.2395229999999913
21
-107.591819000000001
0
LINE
8
BLACK
6
CONTINUOUS
10
153.2395229999999913
20
-107.591819000000001
11
153.0288089999999954
21
-107.591819000000001
0
LINE
8
BLACK
6
CONTINUOUS
10
153.0288089999999954
20
-107.591819000000001
11
153.0288089999999954
21
-108.083999999999989
0
LINE
8
BLACK
6
CONTINUOUS
10
153.0288089999999954
20
-108.083999999999989
11
153.497856999999982
21
-108.083999999999989
0
LINE
8
BLACK
6
CONTINUOUS
10
153.497856999999982
20
-108.083999999999989
11
153.497856999999982
21
-107.5168189999999981
0
LINE
8
BLACK
6
CONTINUOUS
10
153.497856999999982
20
-107.5168189999999981
11
153.4992979999999818
21
-107.5021869999999922
0
LINE
8
BLACK
6
CONTINUOUS
10
153.4992979999999818
20
-107.5021869999999922
11
153.5104969999999867
21
-107.4751509999999968
0
LINE
8
BLACK
6
CONTINUOUS
10
153.5104969999999867
20
-107.4751509999999968
11
153.5311889999999835
21
-107.4544589999999999
0
LINE
8
BLACK
6
CONTINUOUS
10
153.5311889999999835
20
-107.4544589999999999
11
153.5582249999999931
21
-107.4432599999999951
0
LINE
8
BLACK
6
CONTINUOUS
10
153.5582249999999931
20
-107.4432599999999951
11
153.5728569999999991
21
-107.4418189999999953
0
LINE
8
BLACK
6
CONTINUOUS
10
153.5728569999999991
20
-107.4418189999999953
11
153.9538090000000068
21
-107.4418189999999953
0
LINE
8
BLACK
6
CONTINUOUS
10
153.9538090000000068
20
-107.4418189999999953
11
153.9684409999999843
21
-107.4432599999999951
0
LINE
8
BLACK
6
CONTINUOUS
10
153.9684409999999843
20
-107.4432599999999951
11
153.9709299999999814
21
-107.4442909999999927
0
LINE
8
BLACK
6
CONTINUOUS
10
153.9709299999999814
20
-107.4442909999999927
11
153.9736179999999877
21
-107.4444819999999936
0
LINE
8
BLACK
6
CONTINUOUS
10
153.9736179999999877
20
-107.4444819999999936
11
153.9873499999999922
21
-107.4497369999999989
0
LINE
8
BLACK
6
CONTINUOUS
10
153.9873499999999922
20
-107.4497369999999989
11
154.082587999999987
21
-107.4973559999999964
0
LINE
8
BLACK
6
CONTINUOUS
10
154.082587999999987
20
-107.4973559999999964
11
154.0888869999999997
21
-107.5013199999999927
0
LINE
8
BLACK
6
CONTINUOUS
10
154.0888869999999997
20
-107.5013199999999927
11
154.0907149999999888
21
-107.5020779999999974
0
LINE
8
BLACK
6
CONTINUOUS
10
154.0907149999999888
20
-107.5020779999999974
11
154.092770999999999
21
-107.5037659999999988
0
LINE
8
BLACK
6
CONTINUOUS
10
154.092770999999999
20
-107.5037659999999988
11
154.0950310000000059
21
-107.5051879999999898
0
LINE
8
BLACK
6
CONTINUOUS
10
154.0950310000000059
20
-107.5051879999999898
11
154.0963299999999947
21
-107.506686000000002
0
LINE
8
BLACK
6
CONTINUOUS
10
154.0963299999999947
20
-107.506686000000002
11
154.1020800000000008
21
-107.5114049999999963
0
LINE
8
BLACK
6
CONTINUOUS
10
154.1020800000000008
20
-107.5114049999999963
11
154.1496989999999983
21
-107.5590239999999937
0
LINE
8
BLACK
6
CONTINUOUS
10
154.1496989999999983
20
-107.5590239999999937
11
154.1544169999999951
21
-107.5647729999999882
0
LINE
8
BLACK
6
CONTINUOUS
10
154.1544169999999951
20
-107.5647729999999882
11
154.1559159999999906
21
-107.5660729999999887
0
LINE
8
BLACK
6
CONTINUOUS
10
154.1559159999999906
20
-107.5660729999999887
11
154.1573369999999841
21
-107.5683319999999981
0
LINE
8
BLACK
6
CONTINUOUS
10
154.1573369999999841
20
-107.5683319999999981
11
154.159025999999983
21
-107.5703889999999916
0
LINE
8
BLACK
6
CONTINUOUS
10
154.159025999999983
20
-107.5703889999999916
11
154.1597830000000044
21
-107.5722159999999974
0
LINE
8
BLACK
6
CONTINUOUS
10
154.1597830000000044
20
-107.5722159999999974
11
154.1637479999999982
21
-107.5785159999999934
0
LINE
8
BLACK
6
CONTINUOUS
10
154.1637479999999982
20
-107.5785159999999934
11
154.2113669999999956
21
-107.6737539999999882
0
LINE
8
BLACK
6
CONTINUOUS
10
154.2113669999999956
20
-107.6737539999999882
11
154.216622000000001
21
-107.6874849999999952
0
LINE
8
BLACK
6
CONTINUOUS
10
154.216622000000001
20
-107.6874849999999952
11
154.2168130000000019
21
-107.690173999999999
0
LINE
8
BLACK
6
CONTINUOUS
10
154.2168130000000019
20
-107.690173999999999
11
154.2178439999999853
21
-107.692662999999996
0
LINE
8
BLACK
6
CONTINUOUS
10
154.2178439999999853
20
-107.692662999999996
11
154.2192849999999851
21
-107.707295000000002
0
LINE
8
BLACK
6
CONTINUOUS
10
154.2192849999999851
20
-107.707295000000002
11
154.2192849999999851
21
-107.8501519999999942
0
LINE
8
BLACK
6
CONTINUOUS
10
154.2192849999999851
20
-107.8501519999999942
11
154.2178439999999853
21
-107.8647840000000002
0
LINE
8
BLACK
6
CONTINUOUS
10
154.2178439999999853
20
-107.8647840000000002
11
154.2168130000000019
21
-107.8672719999999998
0
LINE
8
BLACK
6
CONTINUOUS
10
154.2168130000000019
20
-107.8672719999999998
11
154.216622000000001
21
-107.869962000000001
0
LINE
8
BLACK
6
CONTINUOUS
10
154.216622000000001
20
-107.869962000000001
11
154.2113669999999956
21
-107.8836929999999938
0
LINE
8
BLACK
6
CONTINUOUS
10
154.2113669999999956
20
-107.8836929999999938
11
154.1637479999999982
21
-107.9789309999999887
0
LINE
8
BLACK
6
CONTINUOUS
10
154.1637479999999982
20
-107.9789309999999887
11
154.1597830000000044
21
-107.9852300000000014
0
LINE
8
BLACK
6
CONTINUOUS
10
154.1597830000000044
20
-107.9852300000000014
11
154.159025999999983
21
-107.9870579999999904
0
LINE
8
BLACK
6
CONTINUOUS
10
154.159025999999983
20
-107.9870579999999904
11
154.1573369999999841
21
-107.9891140000000007
0
LINE
8
BLACK
6
CONTINUOUS
10
154.1573369999999841
20
-107.9891140000000007
11
154.1559159999999906
21
-107.9913739999999933
0
LINE
8
BLACK
6
CONTINUOUS
10
154.1559159999999906
20
-107.9913739999999933
11
154.1544169999999951
21
-107.9926729999999964
0
LINE
8
BLACK
6
CONTINUOUS
10
154.1544169999999951
20
-107.9926729999999964
11
154.1496989999999983
21
-107.9984229999999883
0
LINE
8
BLACK
6
CONTINUOUS
10
154.1496989999999983
20
-107.9984229999999883
11
154.1020800000000008
21
-108.0460419999999999
0
LINE
8
BLACK
6
CONTINUOUS
10
154.1020800000000008
20
-108.0460419999999999
11
154.0963299999999947
21
-108.0507599999999968
0
LINE
8
BLACK
6
CONTINUOUS
10
154.0963299999999947
20
-108.0507599999999968
11
154.0950310000000059
21
-108.0522589999999923
0
LINE
8
BLACK
6
CONTINUOUS
10
154.0950310000000059
20
-108.0522589999999923
11
154.092770999999999
21
-108.0536799999999999
0
LINE
8
BLACK
6
CONTINUOUS
10
154.092770999999999
20
-108.0536799999999999
11
154.0907149999999888
21
-108.0553689999999989
0
LINE
8
BLACK
6
CONTINUOUS
10
154.0907149999999888
20
-108.0553689999999989
11
154.0888869999999997
21
-108.0561259999999919
0
LINE
8
BLACK
6
CONTINUOUS
10
154.0888869999999997
20
-108.0561259999999919
11
154.082587999999987
21
-108.0600909999999999
0
LINE
8
BLACK
6
CONTINUOUS
10
154.082587999999987
20
-108.0600909999999999
11
154.0347699999999804
21
-108.083999999999989
0
LINE
8
BLACK
6
CONTINUOUS
10
154.0347699999999804
20
-108.083999999999989
11
154.8043710000000033
21
-108.083999999999989
0
LINE
8
BLACK
6
CONTINUOUS
10
154.8043710000000033
20
-108.083999999999989
11
154.983493999999979
21
-107.9048760000000016
0
LINE
8
BLACK
6
CONTINUOUS
10
154.983493999999979
20
-107.9048760000000016
11
155.021665999999982
21
-107.7903629999999993
0
LINE
8
BLACK
6
CONTINUOUS
10
155.021665999999982
20
-107.7903629999999993
11
155.021665999999982
21
-107.7249999999999943
0
LINE
8
BLACK
6
CONTINUOUS
10
155.021665999999982
20
-107.7249999999999943
11
154.9874079999999879
21
-107.6564839999999919
0
LINE
8
BLACK
6
CONTINUOUS
10
154.9874079999999879
20
-107.6564839999999919
11
154.9570009999999911
21
-107.6260769999999951
0
LINE
8
BLACK
6
CONTINUOUS
10
154.9570009999999911
20
-107.6260769999999951
11
154.8884850000000029
21
-107.591819000000001
0
LINE
8
BLACK
6
CONTINUOUS
10
154.8884850000000029
20
-107.591819000000001
11
154.6858000000000004
21
-107.591819000000001
0
LINE
8
BLACK
6
CONTINUOUS
10
154.6858000000000004
20
-107.591819000000001
11
154.6172839999999837
21
-107.6260769999999951
0
LINE
8
BLACK
6
CONTINUOUS
10
154.6172839999999837
20
-107.6260769999999951
11
154.5782710000000009
21
-107.6650899999999922
0
LINE
8
BLACK
6
CONTINUOUS
10
154.5782710000000009
20
-107.6650899999999922
11
154.5669059999999888
21
-107.6744169999999912
0
LINE
8
BLACK
6
CONTINUOUS
10
154.5669059999999888
20
-107.6744169999999912
11
154.5398689999999817
21
-107.685615999999996
0
LINE
8
BLACK
6
CONTINUOUS
10
154.5398689999999817
20
-107.685615999999996
11
154.5106069999999931
21
-107.685615999999996
0
LINE
8
BLACK
6
CONTINUOUS
10
154.5106069999999931
20
-107.685615999999996
11
154.4835699999999861
21
-107.6744169999999912
0
LINE
8
BLACK
6
CONTINUOUS
10
154.4835699999999861
20
-107.6744169999999912
11
154.4628779999999892
21
-107.6537249999999943
0
LINE
8
BLACK
6
CONTINUOUS
10
154.4628779999999892
20
-107.6537249999999943
11
154.4516789999999844
21
-107.6266880000000015
0
LINE
8
BLACK
6
CONTINUOUS
10
154.4516789999999844
20
-107.6266880000000015
11
154.4516789999999844
21
-107.5974259999999987
0
LINE
8
BLACK
6
CONTINUOUS
10
154.4516789999999844
20
-107.5974259999999987
11
154.4628779999999892
21
-107.5703889999999916
0
LINE
8
BLACK
6
CONTINUOUS
10
154.4628779999999892
20
-107.5703889999999916
11
154.4722050000000024
21
-107.5590239999999937
0
LINE
8
BLACK
6
CONTINUOUS
10
154.4722050000000024
20
-107.5590239999999937
11
154.5198239999999998
21
-107.5114049999999963
0
LINE
8
BLACK
6
CONTINUOUS
10
154.5198239999999998
20
-107.5114049999999963
11
154.5255729999999801
21
-107.506686000000002
0
LINE
8
BLACK
6
CONTINUOUS
10
154.5255729999999801
20
-107.506686000000002
11
154.5268729999999948
21
-107.5051879999999898
0
LINE
8
BLACK
6
CONTINUOUS
10
154.5268729999999948
20
-107.5051879999999898
11
154.5291320000000042
21
-107.5037659999999988
0
LINE
8
BLACK
6
CONTINUOUS
10
154.5291320000000042
20
-107.5037659999999988
11
154.5311889999999835
21
-107.5020779999999974
0
LINE
8
BLACK
6
CONTINUOUS
10
154.5311889999999835
20
-107.5020779999999974
11
154.5330160000000035
21
-107.5013199999999927
0
LINE
8
BLACK
6
CONTINUOUS
10
154.5330160000000035
20
-107.5013199999999927
11
154.5393159999999853
21
-107.4973559999999964
0
LINE
8
BLACK
6
CONTINUOUS
10
154.5393159999999853
20
-107.4973559999999964
11
154.6345539999999801
21
-107.4497369999999989
0
LINE
8
BLACK
6
CONTINUOUS
10
154.6345539999999801
20
-107.4497369999999989
11
154.6482849999999871
21
-107.4444819999999936
0
LINE
8
BLACK
6
CONTINUOUS
10
154.6482849999999871
20
-107.4444819999999936
11
154.6509739999999908
21
-107.4442899999999952
0
LINE
8
BLACK
6
CONTINUOUS
10
154.6509739999999908
20
-107.4442899999999952
11
154.6534629999999879
21
-107.4432599999999951
0
LINE
8
BLACK
6
CONTINUOUS
10
154.6534629999999879
20
-107.4432599999999951
11
154.6680949999999939
21
-107.4418189999999953
0
LINE
8
BLACK
6
CONTINUOUS
10
154.6680949999999939
20
-107.4418189999999953
11
154.906189999999981
21
-107.4418189999999953
0
LINE
8
BLACK
6
CONTINUOUS
10
154.906189999999981
20
-107.4418189999999953
11
154.9208219999999869
21
-107.4432599999999951
0
LINE
8
BLACK
6
CONTINUOUS
10
154.9208219999999869
20
-107.4432599999999951
11
154.923310999999984
21
-107.4442909999999927
0
LINE
8
BLACK
6
CONTINUOUS
10
154.923310999999984
20
-107.4442909999999927
11
154.9259989999999902
21
-107.4444819999999936
0
LINE
8
BLACK
6
CONTINUOUS
10
154.9259989999999902
20
-107.4444819999999936
11
154.9397309999999948
21
-107.4497369999999989
0
LINE
8
BLACK
6
CONTINUOUS
10
154.9397309999999948
20
-107.4497369999999989
11
155.0349689999999896
21
-107.4973559999999964
0
LINE
8
BLACK
6
CONTINUOUS
10
155.0349689999999896
20
-107.4973559999999964
11
155.0412680000000023
21
-107.5013199999999927
0
LINE
8
BLACK
6
CONTINUOUS
10
155.0412680000000023
20
-107.5013199999999927
11
155.0430959999999914
21
-107.5020779999999974
0
LINE
8
BLACK
6
CONTINUOUS
10
155.0430959999999914
20
-107.5020779999999974
11
155.0451520000000016
21
-107.5037659999999988
0
LINE
8
BLACK
6
CONTINUOUS
10
155.0451520000000016
20
-107.5037659999999988
11
155.04741199999998
21
-107.5051879999999898
0
LINE
8
BLACK
6
CONTINUOUS
10
155.04741199999998
20
-107.5051879999999898
11
155.0487109999999973
21
-107.506686000000002
0
LINE
8
BLACK
6
CONTINUOUS
10
155.0487109999999973
20
-107.506686000000002
11
155.0544610000000034
21
-107.5114049999999963
0
LINE
8
BLACK
6
CONTINUOUS
10
155.0544610000000034
20
-107.5114049999999963
11
155.1020800000000008
21
-107.5590239999999937
0
LINE
8
BLACK
6
CONTINUOUS
10
155.1020800000000008
20
-107.5590239999999937
11
155.1067979999999977
21
-107.5647729999999882
0
LINE
8
BLACK
6
CONTINUOUS
10
155.1067979999999977
20
-107.5647729999999882
11
155.1082969999999932
21
-107.5660729999999887
0
LINE
8
BLACK
6
CONTINUOUS
10
155.1082969999999932
20
-107.5660729999999887
11
155.1097179999999867
21
-107.5683319999999981
0
LINE
8
BLACK
6
CONTINUOUS
10
155.1097179999999867
20
-107.5683319999999981
11
155.1114069999999856
21
-107.5703889999999916
0
LINE
8
BLACK
6
CONTINUOUS
10
155.1114069999999856
20
-107.5703889999999916
11
155.112164000000007
21
-107.5722159999999974
0
LINE
8
BLACK
6
CONTINUOUS
10
155.112164000000007
20
-107.5722159999999974
11
155.1161290000000008
21
-107.5785159999999934
0
LINE
8
BLACK
6
CONTINUOUS
10
155.1161290000000008
20
-107.5785159999999934
11
155.1637479999999982
21
-107.6737539999999882
0
LINE
8
BLACK
6
CONTINUOUS
10
155.1637479999999982
20
-107.6737539999999882
11
155.1690030000000036
21
-107.6874849999999952
0
LINE
8
BLACK
6
CONTINUOUS
10
155.1690030000000036
20
-107.6874849999999952
11
155.1691940000000045
21
-107.690173999999999
0
LINE
8
BLACK
6
CONTINUOUS
10
155.1691940000000045
20
-107.690173999999999
11
155.1702249999999879
21
-107.692662999999996
0
LINE
8
BLACK
6
CONTINUOUS
10
155.1702249999999879
20
-107.692662999999996
11
155.1716659999999877
21
-107.707295000000002
0
LINE
8
BLACK
6
CONTINUOUS
10
155.1716659999999877
20
-107.707295000000002
11
155.1716659999999877
21
-107.8025329999999968
0
LINE
8
BLACK
6
CONTINUOUS
10
155.1716659999999877
20
-107.8025329999999968
11
155.1709359999999833
21
-107.809939
0
LINE
8
BLACK
6
CONTINUOUS
10
155.1709359999999833
20
-107.809939
11
155.1710769999999968
21
-107.8119140000000016
0
LINE
8
BLACK
6
CONTINUOUS
10
155.1710769999999968
20
-107.8119140000000016
11
155.1704859999999826
21
-107.814510999999996
0
LINE
8
BLACK
6
CONTINUOUS
10
155.1704859999999826
20
-107.814510999999996
11
155.1702249999999879
21
-107.8171649999999886
0
LINE
8
BLACK
6
CONTINUOUS
10
155.1702249999999879
20
-107.8171649999999886
11
155.1694659999999999
21
-107.818995000000001
0
LINE
8
BLACK
6
CONTINUOUS
10
155.1694659999999999
20
-107.818995000000001
11
155.1678169999999852
21
-107.8262509999999992
0
LINE
8
BLACK
6
CONTINUOUS
10
155.1678169999999852
20
-107.8262509999999992
11
155.1201979999999878
21
-107.9691069999999939
0
LINE
8
BLACK
6
CONTINUOUS
10
155.1201979999999878
20
-107.9691069999999939
11
155.1142040000000009
21
-107.9825329999999894
0
LINE
8
BLACK
6
CONTINUOUS
10
155.1142040000000009
20
-107.9825329999999894
11
155.1124389999999948
21
-107.9845669999999984
0
LINE
8
BLACK
6
CONTINUOUS
10
155.1124389999999948
20
-107.9845669999999984
11
155.1114079999999831
21
-107.9870579999999904
0
LINE
8
BLACK
6
CONTINUOUS
10
155.1114079999999831
20
-107.9870579999999904
11
155.1020800000000008
21
-107.9984229999999883
0
LINE
8
BLACK
6
CONTINUOUS
10
155.1020800000000008
20
-107.9984229999999883
11
155.0165030000000002
21
-108.083999999999989
0
LINE
8
BLACK
6
CONTINUOUS
10
155.0165030000000002
20
-108.083999999999989
11
163.4050000000000011
21
-108.083999999999989
0
LINE
8
BLACK
6
CONTINUOUS
10
163.4050000000000011
20
-108.083999999999989
11
163.526582999999988
21
-108.083999999999989
0
LINE
8
BLACK
6
CONTINUOUS
10
163.526582999999988
20
-108.083999999999989
11
163.7676689999999837
21
-108.0522599999999898
0
LINE
8
BLACK
6
CONTINUOUS
10
163.7676689999999837
20
-108.0522599999999898
11
164.0025499999999852
21
-107.9893239999999963
0
LINE
8
BLACK
6
CONTINUOUS
10
164.0025499999999852
20
-107.9893239999999963
11
164.2272059999999954
21
-107.8962679999999921
0
LINE
8
BLACK
6
CONTINUOUS
10
164.2272059999999954
20
-107.8962679999999921
11
164.4377939999999967
21
-107.774684999999991
0
LINE
8
BLACK
6
CONTINUOUS
10
164.4377939999999967
20
-107.774684999999991
11
164.6307109999999909
21
-107.6266549999999995
0
LINE
8
BLACK
6
CONTINUOUS
10
164.6307109999999909
20
-107.6266549999999995
11
164.8026549999999872
21
-107.454710999999989
0
LINE
8
BLACK
6
CONTINUOUS
10
164.8026549999999872
20
-107.454710999999989
11
164.9506849999999929
21
-107.2617939999999948
0
LINE
8
BLACK
6
CONTINUOUS
10
164.9506849999999929
20
-107.2617939999999948
11
165.0722679999999798
21
-107.0512059999999934
0
LINE
8
BLACK
6
CONTINUOUS
10
165.0722679999999798
20
-107.0512059999999934
11
165.1653239999999983
21
-106.8265499999999975
0
LINE
8
BLACK
6
CONTINUOUS
10
165.1653239999999983
20
-106.8265499999999975
11
165.2282600000000059
21
-106.591668999999996
0
LINE
8
BLACK
6
CONTINUOUS
10
165.2282600000000059
20
-106.591668999999996
11
165.2599999999999909
21
-106.3505830000000003
0
LINE
8
BLACK
6
CONTINUOUS
10
165.2599999999999909
20
-106.3505830000000003
11
165.2599999999999909
21
-106.2289999999999992
0
LINE
8
BLACK
6
CONTINUOUS
10
165.2599999999999909
20
-106.2289999999999992
11
165.2599999999999909
21
-89.083999999999989
0
LINE
8
BLACK
6
CONTINUOUS
10
165.2599999999999909
20
-89.083999999999989
11
165.2599999999999909
21
-88.9624170000000021
0
LINE
8
BLACK
6
CONTINUOUS
10
165.2599999999999909
20
-88.9624170000000021
11
165.2282600000000059
21
-88.7213309999999922
0
LINE
8
BLACK
6
CONTINUOUS
10
165.2282600000000059
20
-88.7213309999999922
11
165.1653239999999983
21
-88.4864499999999907
0
LINE
8
BLACK
6
CONTINUOUS
10
165.1653239999999983
20
-88.4864499999999907
11
165.0722679999999798
21
-88.2617939999999948
0
LINE
8
BLACK
6
CONTINUOUS
10
165.0722679999999798
20
-88.2617939999999948
11
164.9506849999999929
21
-88.0512059999999934
0
LINE
8
BLACK
6
CONTINUOUS
10
164.9506849999999929
20
-88.0512059999999934
11
164.8026549999999872
21
-87.8582889999999992
0
LINE
8
BLACK
6
CONTINUOUS
10
164.8026549999999872
20
-87.8582889999999992
11
164.6307109999999909
21
-87.6863450000000029
0
LINE
8
BLACK
6
CONTINUOUS
10
164.6307109999999909
20
-87.6863450000000029
11
164.4377939999999967
21
-87.5383149999999972
0
LINE
8
BLACK
6
CONTINUOUS
10
164.4377939999999967
20
-87.5383149999999972
11
164.2272059999999954
21
-87.4167319999999961
0
LINE
8
BLACK
6
CONTINUOUS
10
164.2272059999999954
20
-87.4167319999999961
11
164.0025499999999852
21
-87.3236759999999919
0
LINE
8
BLACK
6
CONTINUOUS
10
164.0025499999999852
20
-87.3236759999999919
11
163.7676689999999837
21
-87.2607399999999984
0
LINE
8
BLACK
6
CONTINUOUS
10
163.7676689999999837
20
-87.2607399999999984
11
163.526582999999988
21
-87.2289999999999992
0
LINE
8
BLACK
6
CONTINUOUS
10
163.526582999999988
20
-87.2289999999999992
11
163.4050000000000011
21
-87.2289999999999992
0
LINE
8
BLACK
6
CONTINUOUS
10
163.4050000000000011
20
-87.2289999999999992
11
160.9569659999999942
21
-87.2289999999999992
0
LINE
8
BLACK
6
CONTINUOUS
10
160.9569659999999942
20
-87.2289999999999992
11
160.948299999999989
21
-87.2376659999999902
0
LINE
8
BLACK
6
CONTINUOUS
10
160.948299999999989
20
-87.2376659999999902
11
160.8996999999999957
21
-87.2376659999999902
0
LINE
8
BLACK
6
CONTINUOUS
10
160.8996999999999957
20
-87.2376659999999902
11
160.8910339999999906
21
-87.2289999999999992
0
LINE
8
BLACK
6
CONTINUOUS
10
160.8910339999999906
20
-87.2289999999999992
11
151.9579029999999875
21
-87.2289999999999992
0
LINE
8
BLACK
6
CONTINUOUS
10
151.9579029999999875
20
-87.2289999999999992
11
151.9490830000000017
21
-87.2377549999999928
0
LINE
8
BLACK
6
CONTINUOUS
10
151.9490830000000017
20
-87.2377549999999928
11
151.9004840000000058
21
-87.23757599999999
0
LINE
8
BLACK
6
CONTINUOUS
10
151.9004840000000058
20
-87.23757599999999
11
151.8919709999999839
21
-87.2289999999999992
0
LINE
8
BLACK
6
CONTINUOUS
10
151.8919709999999839
20
-87.2289999999999992
11
149.4350000000000023
21
-87.2289999999999992
0
LINE
8
BLACK
6
CONTINUOUS
10
149.4350000000000023
20
-87.2289999999999992
11
149.4158659999999941
21
-87.2251940000000019
0
LINE
8
BLACK
6
CONTINUOUS
10
149.4158659999999941
20
-87.2251940000000019
11
149.4156720000000007
21
-87.2249999999999943
0
LINE
8
BLACK
6
CONTINUOUS
10
149.4156720000000007
20
-87.2249999999999943
11
149.313416999999987
21
-87.2249999999999943
0
LINE
8
BLACK
6
CONTINUOUS
10
189.4178569999999979
20
-107.9956279999999964
11
189.7061039999999821
21
-107.9956279999999964
0
LINE
8
BLACK
6
CONTINUOUS
10
189.7061039999999821
20
-107.9956279999999964
11
189.7746199999999988
21
-107.9613699999999881
0
LINE
8
BLACK
6
CONTINUOUS
10
189.7746199999999988
20
-107.9613699999999881
11
189.8050269999999955
21
-107.9309629999999913
0
LINE
8
BLACK
6
CONTINUOUS
10
189.8050269999999955
20
-107.9309629999999913
11
189.8392849999999896
21
-107.8624469999999889
0
LINE
8
BLACK
6
CONTINUOUS
10
189.8392849999999896
20
-107.8624469999999889
11
189.8392849999999896
21
-107.7549999999999955
0
LINE
8
BLACK
6
CONTINUOUS
10
189.8392849999999896
20
-107.7549999999999955
11
189.8050269999999955
21
-107.686483999999993
0
LINE
8
BLACK
6
CONTINUOUS
10
189.8050269999999955
20
-107.686483999999993
11
189.7746199999999988
21
-107.6560769999999962
0
LINE
8
BLACK
6
CONTINUOUS
10
189.7746199999999988
20
-107.6560769999999962
11
189.7061039999999821
21
-107.6218190000000021
0
LINE
8
BLACK
6
CONTINUOUS
10
189.7061039999999821
20
-107.6218190000000021
11
189.4178569999999979
21
-107.6218190000000021
0
LINE
8
BLACK
6
CONTINUOUS
10
189.4178569999999979
20
-107.6218190000000021
11
189.4178569999999979
21
-107.9956279999999964
0
LINE
8
BLACK
6
CONTINUOUS
10
153.6478569999999877
20
-107.9656279999999953
11
153.9361040000000003
21
-107.9656279999999953
0
LINE
8
BLACK
6
CONTINUOUS
10
153.9361040000000003
20
-107.9656279999999953
11
154.0046199999999885
21
-107.9313700000000011
0
LINE
8
BLACK
6
CONTINUOUS
10
154.0046199999999885
20
-107.9313700000000011
11
154.0350269999999853
21
-107.9009629999999902
0
LINE
8
BLACK
6
CONTINUOUS
10
154.0350269999999853
20
-107.9009629999999902
11
154.0692849999999794
21
-107.8324470000000019
0
LINE
8
BLACK
6
CONTINUOUS
10
154.0692849999999794
20
-107.8324470000000019
11
154.0692849999999794
21
-107.7249999999999943
0
LINE
8
BLACK
6
CONTINUOUS
10
154.0692849999999794
20
-107.7249999999999943
11
154.0350269999999853
21
-107.6564839999999919
0
LINE
8
BLACK
6
CONTINUOUS
10
154.0350269999999853
20
-107.6564839999999919
11
154.0046199999999885
21
-107.6260769999999951
0
LINE
8
BLACK
6
CONTINUOUS
10
154.0046199999999885
20
-107.6260769999999951
11
153.9361040000000003
21
-107.591819000000001
0
LINE
8
BLACK
6
CONTINUOUS
10
153.9361040000000003
20
-107.591819000000001
11
153.6478569999999877
21
-107.591819000000001
0
LINE
8
BLACK
6
CONTINUOUS
10
153.6478569999999877
20
-107.591819000000001
11
153.6478569999999877
21
-107.9656279999999953
0
LINE
8
BLACK
6
CONTINUOUS
10
185.3678569999999866
20
-107.8956280000000021
11
185.6561039999999991
21
-107.8956280000000021
0
LINE
8
BLACK
6
CONTINUOUS
10
185.6561039999999991
20
-107.8956280000000021
11
185.7246199999999874
21
-107.8613699999999938
0
LINE
8
BLACK
6
CONTINUOUS
10
185.7246199999999874
20
-107.8613699999999938
11
185.7550269999999841
21
-107.830962999999997
0
LINE
8
BLACK
6
CONTINUOUS
10
185.7550269999999841
20
-107.830962999999997
11
185.7892849999999783
21
-107.7624469999999945
0
LINE
8
BLACK
6
CONTINUOUS
10
185.7892849999999783
20
-107.7624469999999945
11
185.7892849999999783
21
-107.6550000000000011
0
LINE
8
BLACK
6
CONTINUOUS
10
185.7892849999999783
20
-107.6550000000000011
11
185.7550269999999841
21
-107.5864839999999987
0
LINE
8
BLACK
6
CONTINUOUS
10
185.7550269999999841
20
-107.5864839999999987
11
185.7246199999999874
21
-107.5560770000000019
0
LINE
8
BLACK
6
CONTINUOUS
10
185.7246199999999874
20
-107.5560770000000019
11
185.6561039999999991
21
-107.5218189999999936
0
LINE
8
BLACK
6
CONTINUOUS
10
185.6561039999999991
20
-107.5218189999999936
11
185.3678569999999866
21
-107.5218189999999936
0
LINE
8
BLACK
6
CONTINUOUS
10
185.3678569999999866
20
-107.5218189999999936
11
185.3678569999999866
21
-107.8956280000000021
0
LINE
8
BLACK
6
CONTINUOUS
10
150.3978569999999877
20
-107.7856279999999884
11
150.6861040000000003
21
-107.7856279999999884
0
LINE
8
BLACK
6
CONTINUOUS
10
150.6861040000000003
20
-107.7856279999999884
11
150.7546199999999885
21
-107.7513699999999943
0
LINE
8
BLACK
6
CONTINUOUS
10
150.7546199999999885
20
-107.7513699999999943
11
150.7850269999999853
21
-107.7209629999999976
0
LINE
8
BLACK
6
CONTINUOUS
10
150.7850269999999853
20
-107.7209629999999976
11
150.8192849999999794
21
-107.6524469999999951
0
LINE
8
BLACK
6
CONTINUOUS
10
150.8192849999999794
20
-107.6524469999999951
11
150.8192849999999794
21
-107.5450000000000017
0
LINE
8
BLACK
6
CONTINUOUS
10
150.8192849999999794
20
-107.5450000000000017
11
150.7850269999999853
21
-107.4764839999999992
0
LINE
8
BLACK
6
CONTINUOUS
10
150.7850269999999853
20
-107.4764839999999992
11
150.7546199999999885
21
-107.4460769999999883
0
LINE
8
BLACK
6
CONTINUOUS
10
150.7546199999999885
20
-107.4460769999999883
11
150.6861040000000003
21
-107.4118189999999942
0
LINE
8
BLACK
6
CONTINUOUS
10
150.6861040000000003
20
-107.4118189999999942
11
150.3978569999999877
21
-107.4118189999999942
0
LINE
8
BLACK
6
CONTINUOUS
10
150.3978569999999877
20
-107.4118189999999942
11
150.3978569999999877
21
-107.7856279999999884
0
LINE
8
BLACK
6
CONTINUOUS
10
170.8125
20
-104.487600999999998
11
170.8340979999999831
21
-104.3697449999999947
0
LINE
8
BLACK
6
CONTINUOUS
10
170.8340979999999831
20
-104.3697449999999947
11
170.9257089999999835
21
-104.0757579999999933
0
LINE
8
BLACK
6
CONTINUOUS
10
170.9257089999999835
20
-104.0757579999999933
11
171.0520870000000002
21
-103.7949559999999991
0
LINE
8
BLACK
6
CONTINUOUS
10
171.0520870000000002
20
-103.7949559999999991
11
171.2113909999999919
21
-103.5314350000000019
0
LINE
8
BLACK
6
CONTINUOUS
10
171.2113909999999919
20
-103.5314350000000019
11
171.401297999999997
21
-103.2890369999999933
0
LINE
8
BLACK
6
CONTINUOUS
10
171.401297999999997
20
-103.2890369999999933
11
171.6190369999999916
21
-103.0712979999999988
0
LINE
8
BLACK
6
CONTINUOUS
10
171.6190369999999916
20
-103.0712979999999988
11
171.8614350000000002
21
-102.8813909999999936
0
LINE
8
BLACK
6
CONTINUOUS
10
171.8614350000000002
20
-102.8813909999999936
11
172.1249559999999974
21
-102.7220870000000019
0
LINE
8
BLACK
6
CONTINUOUS
10
172.1249559999999974
20
-102.7220870000000019
11
172.4057579999999916
21
-102.5957089999999994
0
LINE
8
BLACK
6
CONTINUOUS
10
172.4057579999999916
20
-102.5957089999999994
11
172.6997449999999787
21
-102.504097999999999
0
LINE
8
BLACK
6
CONTINUOUS
10
172.6997449999999787
20
-102.504097999999999
11
173.0026309999999796
21
-102.4485919999999908
0
LINE
8
BLACK
6
CONTINUOUS
10
173.0026309999999796
20
-102.4485919999999908
11
173.3100000000000023
21
-102.4299999999999926
0
LINE
8
BLACK
6
CONTINUOUS
10
173.3100000000000023
20
-102.4299999999999926
11
173.6173689999999965
21
-102.4485919999999908
0
LINE
8
BLACK
6
CONTINUOUS
10
173.6173689999999965
20
-102.4485919999999908
11
173.9202549999999974
21
-102.504097999999999
0
LINE
8
BLACK
6
CONTINUOUS
10
173.9202549999999974
20
-102.504097999999999
11
174.2142419999999845
21
-102.5957089999999994
0
LINE
8
BLACK
6
CONTINUOUS
10
174.2142419999999845
20
-102.5957089999999994
11
174.4950439999999787
21
-102.7220870000000019
0
LINE
8
BLACK
6
CONTINUOUS
10
174.4950439999999787
20
-102.7220870000000019
11
174.7585650000000044
21
-102.8813909999999936
0
LINE
8
BLACK
6
CONTINUOUS
10
174.7585650000000044
20
-102.8813909999999936
11
175.0009629999999845
21
-103.0712979999999988
0
LINE
8
BLACK
6
CONTINUOUS
10
175.0009629999999845
20
-103.0712979999999988
11
175.2187019999999791
21
-103.2890369999999933
0
LINE
8
BLACK
6
CONTINUOUS
10
175.2187019999999791
20
-103.2890369999999933
11
175.4086089999999842
21
-103.5314350000000019
0
LINE
8
BLACK
6
CONTINUOUS
10
175.4086089999999842
20
-103.5314350000000019
11
175.5679130000000043
21
-103.7949559999999991
0
LINE
8
BLACK
6
CONTINUOUS
10
175.5679130000000043
20
-103.7949559999999991
11
175.6942909999999927
21
-104.0757579999999933
0
LINE
8
BLACK
6
CONTINUOUS
10
175.6942909999999927
20
-104.0757579999999933
11
175.7724999999999795
21
-104.3267359999999968
0
LINE
8
BLACK
6
CONTINUOUS
10
175.7724999999999795
20
-104.3267359999999968
11
175.7724999999999795
21
-95.6332629999999995
0
LINE
8
BLACK
6
CONTINUOUS
10
175.7724999999999795
20
-95.6332629999999995
11
175.6942909999999927
21
-95.8842420000000004
0
LINE
8
BLACK
6
CONTINUOUS
10
175.6942909999999927
20
-95.8842420000000004
11
175.5679130000000043
21
-96.1650439999999946
0
LINE
8
BLACK
6
CONTINUOUS
10
175.5679130000000043
20
-96.1650439999999946
11
175.4086089999999842
21
-96.4285649999999919
0
LINE
8
BLACK
6
CONTINUOUS
10
175.4086089999999842
20
-96.4285649999999919
11
175.2187019999999791
21
-96.6709630000000004
0
LINE
8
BLACK
6
CONTINUOUS
10
175.2187019999999791
20
-96.6709630000000004
11
175.0009629999999845
21
-96.888701999999995
0
LINE
8
BLACK
6
CONTINUOUS
10
175.0009629999999845
20
-96.888701999999995
11
174.7585650000000044
21
-97.0786090000000002
0
LINE
8
BLACK
6
CONTINUOUS
10
174.7585650000000044
20
-97.0786090000000002
11
174.4950439999999787
21
-97.2379129999999918
0
LINE
8
BLACK
6
CONTINUOUS
10
174.4950439999999787
20
-97.2379129999999918
11
174.2142419999999845
21
-97.3642909999999944
0
LINE
8
BLACK
6
CONTINUOUS
10
174.2142419999999845
20
-97.3642909999999944
11
173.9202549999999974
21
-97.4559019999999947
0
LINE
8
BLACK
6
CONTINUOUS
10
173.9202549999999974
20
-97.4559019999999947
11
173.6173689999999965
21
-97.5114079999999888
0
LINE
8
BLACK
6
CONTINUOUS
10
173.6173689999999965
20
-97.5114079999999888
11
173.3100000000000023
21
-97.5300000000000011
0
LINE
8
BLACK
6
CONTINUOUS
10
173.3100000000000023
20
-97.5300000000000011
11
173.0026309999999796
21
-97.5114079999999888
0
LINE
8
BLACK
6
CONTINUOUS
10
173.0026309999999796
20
-97.5114079999999888
11
172.6997449999999787
21
-97.4559019999999947
0
LINE
8
BLACK
6
CONTINUOUS
10
172.6997449999999787
20
-97.4559019999999947
11
172.4057579999999916
21
-97.3642909999999944
0
LINE
8
BLACK
6
CONTINUOUS
10
172.4057579999999916
20
-97.3642909999999944
11
172.1249559999999974
21
-97.2379129999999918
0
LINE
8
BLACK
6
CONTINUOUS
10
172.1249559999999974
20
-97.2379129999999918
11
171.8614350000000002
21
-97.0786090000000002
0
LINE
8
BLACK
6
CONTINUOUS
10
171.8614350000000002
20
-97.0786090000000002
11
171.6190369999999916
21
-96.888701999999995
0
LINE
8
BLACK
6
CONTINUOUS
10
171.6190369999999916
20
-96.888701999999995
11
171.401297999999997
21
-96.6709630000000004
0
LINE
8
BLACK
6
CONTINUOUS
10
171.401297999999997
20
-96.6709630000000004
11
171.2113909999999919
21
-96.4285649999999919
0
LINE
8
BLACK
6
CONTINUOUS
10
171.2113909999999919
20
-96.4285649999999919
11
171.0520870000000002
21
-96.1650439999999946
0
LINE
8
BLACK
6
CONTINUOUS
10
171.0520870000000002
20
-96.1650439999999946
11
170.9257089999999835
21
-95.8842420000000004
0
LINE
8
BLACK
6
CONTINUOUS
10
170.9257089999999835
20
-95.8842420000000004
11
170.8340979999999831
21
-95.5902549999999991
0
LINE
8
BLACK
6
CONTINUOUS
10
170.8340979999999831
20
-95.5902549999999991
11
170.8125
21
-95.4723979999999983
0
LINE
8
BLACK
6
CONTINUOUS
10
170.8125
20
-95.4723979999999983
11
170.8125
21
-104.487600999999998
0
LINE
8
BLACK
6
CONTINUOUS
10
201.5805000000000007
20
-87.9874999999999972
11
201.5805000000000007
21
-102.3874999999999886
0
LINE
8
BLACK
6
CONTINUOUS
10
201.5805000000000007
20
-102.3874999999999886
11
215.9804999999999779
21
-102.3874999999999886
0
LINE
8
BLACK
6
CONTINUOUS
10
215.9804999999999779
20
-102.3874999999999886
11
215.9804999999999779
21
-87.9874999999999972
0
LINE
8
BLACK
6
CONTINUOUS
10
215.9804999999999779
20
-87.9874999999999972
11
201.5805000000000007
21
-87.9874999999999972
0
LINE
8
BLACK
6
CONTINUOUS
10
186.0637239999999792
20
-85.7325000000000017
11
186.0637239999999792
21
-85.7325280000000021
0
LINE
8
BLACK
6
CONTINUOUS
10
186.0637239999999792
20
-85.7325280000000021
11
186.0062800000000038
21
-85.7325230000000005
0
LINE
8
BLACK
6
CONTINUOUS
10
186.0062800000000038
20
-85.7325230000000005
11
185.8953009999999892
21
-85.762242999999998
0
LINE
8
BLACK
6
CONTINUOUS
10
185.8953009999999892
20
-85.762242999999998
11
185.7957909999999799
21
-85.819665999999998
0
LINE
8
BLACK
6
CONTINUOUS
10
185.7957909999999799
20
-85.819665999999998
11
185.7145270000000039
21
-85.9008809999999983
0
LINE
8
BLACK
6
CONTINUOUS
10
185.7145270000000039
20
-85.9008809999999983
11
185.6570439999999849
21
-86.0003569999999939
0
LINE
8
BLACK
6
CONTINUOUS
10
185.6570439999999849
20
-86.0003569999999939
11
185.627256999999986
21
-86.1113179999999971
0
LINE
8
BLACK
6
CONTINUOUS
10
185.627256999999986
20
-86.1113179999999971
11
185.6272280000000023
21
-86.1687629999999984
0
LINE
8
BLACK
6
CONTINUOUS
10
185.6272280000000023
20
-86.1687629999999984
11
185.6272029999999802
21
-86.1688369999999964
0
LINE
8
BLACK
6
CONTINUOUS
10
185.6272029999999802
20
-86.1688369999999964
11
185.6272280000000023
21
-86.1689619999999934
0
LINE
8
BLACK
6
CONTINUOUS
10
185.6272280000000023
20
-86.1689619999999934
11
185.6236849999999947
21
-87.1289999999999907
0
LINE
8
BLACK
6
CONTINUOUS
10
185.6236849999999947
20
-87.1289999999999907
11
194.4954999999999927
21
-87.1289999999999907
0
LINE
8
BLACK
6
CONTINUOUS
10
194.4954999999999927
20
-87.1289999999999907
11
194.4954999999999927
21
-86.1689999999999969
0
LINE
8
BLACK
6
CONTINUOUS
10
194.4954999999999927
20
-86.1689999999999969
11
194.4954899999999895
21
-86.1115479999999991
0
LINE
8
BLACK
6
CONTINUOUS
10
194.4954899999999895
20
-86.1115479999999991
11
194.4657289999999819
21
-86.0005379999999917
0
LINE
8
BLACK
6
CONTINUOUS
10
194.4657289999999819
20
-86.0005379999999917
11
194.4082579999999894
21
-85.9010099999999994
0
LINE
8
BLACK
6
CONTINUOUS
10
194.4082579999999894
20
-85.9010099999999994
11
194.326989999999995
21
-85.8197419999999909
0
LINE
8
BLACK
6
CONTINUOUS
10
194.326989999999995
20
-85.8197419999999909
11
194.2274620000000027
21
-85.7622709999999984
0
LINE
8
BLACK
6
CONTINUOUS
10
194.2274620000000027
20
-85.7622709999999984
11
194.1164519999999811
21
-85.7325099999999907
0
LINE
8
BLACK
6
CONTINUOUS
10
194.1164519999999811
20
-85.7325099999999907
11
194.0589870000000019
21
-85.7325000000000017
0
LINE
8
BLACK
6
CONTINUOUS
10
194.0589870000000019
20
-85.7325000000000017
11
186.0637279999999976
21
-85.7325000000000017
0
LINE
8
BLACK
6
CONTINUOUS
10
186.0637279999999976
20
-85.7325000000000017
11
186.0637250000000051
21
-85.73249899999999
0
LINE
8
BLACK
6
CONTINUOUS
10
186.0637250000000051
20
-85.73249899999999
11
186.0637239999999792
21
-85.7325000000000017
0
LINE
8
BLACK
6
CONTINUOUS
10
152.4287239999999883
20
-85.7325000000000017
11
152.4287239999999883
21
-85.7325280000000021
0
LINE
8
BLACK
6
CONTINUOUS
10
152.4287239999999883
20
-85.7325280000000021
11
152.3712799999999845
21
-85.7325230000000005
0
LINE
8
BLACK
6
CONTINUOUS
10
152.3712799999999845
20
-85.7325230000000005
11
152.2603009999999983
21
-85.762242999999998
0
LINE
8
BLACK
6
CONTINUOUS
10
152.2603009999999983
20
-85.762242999999998
11
152.160790999999989
21
-85.819665999999998
0
LINE
8
BLACK
6
CONTINUOUS
10
152.160790999999989
20
-85.819665999999998
11
152.0795269999999846
21
-85.9008809999999983
0
LINE
8
BLACK
6
CONTINUOUS
10
152.0795269999999846
20
-85.9008809999999983
11
152.022043999999994
21
-86.0003569999999939
0
LINE
8
BLACK
6
CONTINUOUS
10
152.022043999999994
20
-86.0003569999999939
11
151.9922569999999951
21
-86.1113179999999971
0
LINE
8
BLACK
6
CONTINUOUS
10
151.9922569999999951
20
-86.1113179999999971
11
151.992227999999983
21
-86.1687629999999984
0
LINE
8
BLACK
6
CONTINUOUS
10
151.992227999999983
20
-86.1687629999999984
11
151.9922029999999893
21
-86.1688369999999964
0
LINE
8
BLACK
6
CONTINUOUS
10
151.9922029999999893
20
-86.1688369999999964
11
151.992227999999983
21
-86.1689619999999934
0
LINE
8
BLACK
6
CONTINUOUS
10
151.992227999999983
20
-86.1689619999999934
11
151.9886850000000038
21
-87.1289999999999907
0
LINE
8
BLACK
6
CONTINUOUS
10
151.9886850000000038
20
-87.1289999999999907
11
160.8605000000000018
21
-87.1289999999999907
0
LINE
8
BLACK
6
CONTINUOUS
10
160.8605000000000018
20
-87.1289999999999907
11
160.8605000000000018
21
-86.1689999999999969
0
LINE
8
BLACK
6
CONTINUOUS
10
160.8605000000000018
20
-86.1689999999999969
11
160.8604899999999986
21
-86.1115479999999991
0
LINE
8
BLACK
6
CONTINUOUS
10
160.8604899999999986
20
-86.1115479999999991
11
160.8307289999999909
21
-86.0005379999999917
0
LINE
8
BLACK
6
CONTINUOUS
10
160.8307289999999909
20
-86.0005379999999917
11
160.7732579999999984
21
-85.9010099999999994
0
LINE
8
BLACK
6
CONTINUOUS
10
160.7732579999999984
20
-85.9010099999999994
11
160.6919900000000041
21
-85.8197419999999909
0
LINE
8
BLACK
6
CONTINUOUS
10
160.6919900000000041
20
-85.8197419999999909
11
160.5924619999999834
21
-85.7622709999999984
0
LINE
8
BLACK
6
CONTINUOUS
10
160.5924619999999834
20
-85.7622709999999984
11
160.4814519999999902
21
-85.7325099999999907
0
LINE
8
BLACK
6
CONTINUOUS
10
160.4814519999999902
20
-85.7325099999999907
11
160.4239869999999826
21
-85.7325000000000017
0
LINE
8
BLACK
6
CONTINUOUS
10
160.4239869999999826
20
-85.7325000000000017
11
152.4287280000000067
21
-85.7325000000000017
0
LINE
8
BLACK
6
CONTINUOUS
10
152.4287280000000067
20
-85.7325000000000017
11
152.4287249999999858
21
-85.73249899999999
0
LINE
8
BLACK
6
CONTINUOUS
10
152.4287249999999858
20
-85.73249899999999
11
152.4287239999999883
21
-85.7325000000000017
0
LINE
8
BLACK
6
CONTINUOUS
10
147.3397899999999936
20
-85.7124999999999915
11
147.3397899999999936
21
-85.9531059999999911
0
LINE
8
BLACK
6
CONTINUOUS
10
147.3397899999999936
20
-85.9531059999999911
11
147.3675409999999886
21
-86.0086069999999978
0
LINE
8
BLACK
6
CONTINUOUS
10
147.3675409999999886
20
-86.0086069999999978
11
147.3925529999999924
21
-86.0336199999999991
0
LINE
8
BLACK
6
CONTINUOUS
10
147.3925529999999924
20
-86.0336199999999991
11
147.4480559999999798
21
-86.0613709999999941
0
LINE
8
BLACK
6
CONTINUOUS
10
147.4480559999999798
20
-86.0613709999999941
11
147.5718849999999804
21
-86.0613709999999941
0
LINE
8
BLACK
6
CONTINUOUS
10
147.5718849999999804
20
-86.0613709999999941
11
147.6273860000000013
21
-86.0336199999999991
0
LINE
8
BLACK
6
CONTINUOUS
10
147.6273860000000013
20
-86.0336199999999991
11
147.6523990000000026
21
-86.0086079999999953
0
LINE
8
BLACK
6
CONTINUOUS
10
147.6523990000000026
20
-86.0086079999999953
11
147.6801499999999976
21
-85.9531059999999911
0
LINE
8
BLACK
6
CONTINUOUS
10
147.6801499999999976
20
-85.9531059999999911
11
147.6801499999999976
21
-85.7124999999999915
0
LINE
8
BLACK
6
CONTINUOUS
10
147.6801499999999976
20
-85.7124999999999915
11
147.3397899999999936
21
-85.7124999999999915
0
LINE
8
BLACK
6
CONTINUOUS
10
180.9747899999999845
20
-85.7124999999999915
11
180.9747899999999845
21
-85.9531059999999911
0
LINE
8
BLACK
6
CONTINUOUS
10
180.9747899999999845
20
-85.9531059999999911
11
181.0025409999999795
21
-86.0086069999999978
0
LINE
8
BLACK
6
CONTINUOUS
10
181.0025409999999795
20
-86.0086069999999978
11
181.0275529999999833
21
-86.0336199999999991
0
LINE
8
BLACK
6
CONTINUOUS
10
181.0275529999999833
20
-86.0336199999999991
11
181.0830559999999991
21
-86.0613709999999941
0
LINE
8
BLACK
6
CONTINUOUS
10
181.0830559999999991
20
-86.0613709999999941
11
181.2068849999999998
21
-86.0613709999999941
0
LINE
8
BLACK
6
CONTINUOUS
10
181.2068849999999998
20
-86.0613709999999941
11
181.2623859999999922
21
-86.0336199999999991
0
LINE
8
BLACK
6
CONTINUOUS
10
181.2623859999999922
20
-86.0336199999999991
11
181.2873989999999935
21
-86.0086079999999953
0
LINE
8
BLACK
6
CONTINUOUS
10
181.2873989999999935
20
-86.0086079999999953
11
181.3151499999999885
21
-85.9531059999999911
0
LINE
8
BLACK
6
CONTINUOUS
10
181.3151499999999885
20
-85.9531059999999911
11
181.3151499999999885
21
-85.7124999999999915
0
LINE
8
BLACK
6
CONTINUOUS
10
181.3151499999999885
20
-85.7124999999999915
11
180.9747899999999845
21
-85.7124999999999915
0
LINE
8
BLACK
6
CONTINUOUS
10
178.2824819999999875
20
-119.2137089999999944
11
178.3163409999999942
21
-119.5142239999999987
0
LINE
8
BLACK
6
CONTINUOUS
10
178.3163409999999942
20
-119.5142239999999987
11
178.3836359999999956
21
-119.8090589999999906
0
LINE
8
BLACK
6
CONTINUOUS
10
178.3836359999999956
20
-119.8090589999999906
11
178.4835180000000037
21
-120.0945059999999955
0
LINE
8
BLACK
6
CONTINUOUS
10
178.4835180000000037
20
-120.0945059999999955
11
178.6147320000000036
21
-120.366973999999999
0
LINE
8
BLACK
6
CONTINUOUS
10
178.6147320000000036
20
-120.366973999999999
11
178.7756269999999859
21
-120.623037999999994
0
LINE
8
BLACK
6
CONTINUOUS
10
178.7756269999999859
20
-120.623037999999994
11
178.9641809999999964
21
-120.8594769999999983
0
LINE
8
BLACK
6
CONTINUOUS
10
178.9641809999999964
20
-120.8594769999999983
11
179.178022999999996
21
-121.0733189999999979
0
LINE
8
BLACK
6
CONTINUOUS
10
179.178022999999996
20
-121.0733189999999979
11
179.4144619999999861
21
-121.2618729999999942
0
LINE
8
BLACK
6
CONTINUOUS
10
179.4144619999999861
20
-121.2618729999999942
11
179.6705259999999953
21
-121.4227679999999907
0
LINE
8
BLACK
6
CONTINUOUS
10
179.6705259999999953
20
-121.4227679999999907
11
179.7011169999999822
21
-121.4375
0
LINE
8
BLACK
6
CONTINUOUS
10
179.7011169999999822
20
-121.4375
11
182.248882999999978
21
-121.4375
0
LINE
8
BLACK
6
CONTINUOUS
10
182.248882999999978
20
-121.4375
11
182.2794739999999933
21
-121.4227679999999907
0
LINE
8
BLACK
6
CONTINUOUS
10
182.2794739999999933
20
-121.4227679999999907
11
182.5355380000000025
21
-121.2618729999999942
0
LINE
8
BLACK
6
CONTINUOUS
10
182.5355380000000025
20
-121.2618729999999942
11
182.7719769999999926
21
-121.0733189999999979
0
LINE
8
BLACK
6
CONTINUOUS
10
182.7719769999999926
20
-121.0733189999999979
11
182.9858189999999922
21
-120.8594769999999983
0
LINE
8
BLACK
6
CONTINUOUS
10
182.9858189999999922
20
-120.8594769999999983
11
183.1743730000000028
21
-120.623037999999994
0
LINE
8
BLACK
6
CONTINUOUS
10
183.1743730000000028
20
-120.623037999999994
11
183.335267999999985
21
-120.366973999999999
0
LINE
8
BLACK
6
CONTINUOUS
10
183.335267999999985
20
-120.366973999999999
11
183.466481999999985
21
-120.0945059999999955
0
LINE
8
BLACK
6
CONTINUOUS
10
183.466481999999985
20
-120.0945059999999955
11
183.566363999999993
21
-119.8090589999999906
0
LINE
8
BLACK
6
CONTINUOUS
10
183.566363999999993
20
-119.8090589999999906
11
183.6336589999999944
21
-119.5142239999999987
0
LINE
8
BLACK
6
CONTINUOUS
10
183.6336589999999944
20
-119.5142239999999987
11
183.6675180000000012
21
-119.2137089999999944
0
LINE
8
BLACK
6
CONTINUOUS
10
183.6675180000000012
20
-119.2137089999999944
11
183.6675180000000012
21
-118.9112909999999914
0
LINE
8
BLACK
6
CONTINUOUS
10
183.6675180000000012
20
-118.9112909999999914
11
183.6336589999999944
21
-118.6107760000000013
0
LINE
8
BLACK
6
CONTINUOUS
10
183.6336589999999944
20
-118.6107760000000013
11
183.566363999999993
21
-118.3159409999999951
0
LINE
8
BLACK
6
CONTINUOUS
10
183.566363999999993
20
-118.3159409999999951
11
183.466481999999985
21
-118.0304939999999903
0
LINE
8
BLACK
6
CONTINUOUS
10
183.466481999999985
20
-118.0304939999999903
11
183.335267999999985
21
-117.758026000000001
0
LINE
8
BLACK
6
CONTINUOUS
10
183.335267999999985
20
-117.758026000000001
11
183.1743730000000028
21
-117.5019619999999918
0
LINE
8
BLACK
6
CONTINUOUS
10
183.1743730000000028
20
-117.5019619999999918
11
182.9858189999999922
21
-117.2655230000000017
0
LINE
8
BLACK
6
CONTINUOUS
10
182.9858189999999922
20
-117.2655230000000017
11
182.7719769999999926
21
-117.0516809999999879
0
LINE
8
BLACK
6
CONTINUOUS
10
182.7719769999999926
20
-117.0516809999999879
11
182.5355380000000025
21
-116.8631269999999915
0
LINE
8
BLACK
6
CONTINUOUS
10
182.5355380000000025
20
-116.8631269999999915
11
182.2794739999999933
21
-116.7022319999999951
0
LINE
8
BLACK
6
CONTINUOUS
10
182.2794739999999933
20
-116.7022319999999951
11
182.0070059999999899
21
-116.5710179999999951
0
LINE
8
BLACK
6
CONTINUOUS
10
182.0070059999999899
20
-116.5710179999999951
11
181.721558999999985
21
-116.4711360000000013
0
LINE
8
BLACK
6
CONTINUOUS
10
181.721558999999985
20
-116.4711360000000013
11
181.4267239999999788
21
-116.4038409999999999
0
LINE
8
BLACK
6
CONTINUOUS
10
181.4267239999999788
20
-116.4038409999999999
11
181.1262089999999887
21
-116.3699819999999931
0
LINE
8
BLACK
6
CONTINUOUS
10
181.1262089999999887
20
-116.3699819999999931
11
180.8237909999999999
21
-116.3699819999999931
0
LINE
8
BLACK
6
CONTINUOUS
10
180.8237909999999999
20
-116.3699819999999931
11
180.5232759999999814
21
-116.4038409999999999
0
LINE
8
BLACK
6
CONTINUOUS
10
180.5232759999999814
20
-116.4038409999999999
11
180.2284410000000037
21
-116.4711360000000013
0
LINE
8
BLACK
6
CONTINUOUS
10
180.2284410000000037
20
-116.4711360000000013
11
179.9429939999999988
21
-116.5710179999999951
0
LINE
8
BLACK
6
CONTINUOUS
10
179.9429939999999988
20
-116.5710179999999951
11
179.6705259999999953
21
-116.7022319999999951
0
LINE
8
BLACK
6
CONTINUOUS
10
179.6705259999999953
20
-116.7022319999999951
11
179.4144619999999861
21
-116.8631269999999915
0
LINE
8
BLACK
6
CONTINUOUS
10
179.4144619999999861
20
-116.8631269999999915
11
179.178022999999996
21
-117.0516809999999879
0
LINE
8
BLACK
6
CONTINUOUS
10
179.178022999999996
20
-117.0516809999999879
11
178.9641809999999964
21
-117.2655230000000017
0
LINE
8
BLACK
6
CONTINUOUS
10
178.9641809999999964
20
-117.2655230000000017
11
178.7756269999999859
21
-117.5019619999999918
0
LINE
8
BLACK
6
CONTINUOUS
10
178.7756269999999859
20
-117.5019619999999918
11
178.6147320000000036
21
-117.758026000000001
0
LINE
8
BLACK
6
CONTINUOUS
10
178.6147320000000036
20
-117.758026000000001
11
178.4835180000000037
21
-118.0304939999999903
0
LINE
8
BLACK
6
CONTINUOUS
10
178.4835180000000037
20
-118.0304939999999903
11
178.3836359999999956
21
-118.3159409999999951
0
LINE
8
BLACK
6
CONTINUOUS
10
178.3836359999999956
20
-118.3159409999999951
11
178.3163409999999942
21
-118.6107760000000013
0
LINE
8
BLACK
6
CONTINUOUS
10
178.3163409999999942
20
-118.6107760000000013
11
178.2824819999999875
21
-118.9112909999999914
0
LINE
8
BLACK
6
CONTINUOUS
10
178.2824819999999875
20
-118.9112909999999914
11
178.2824819999999875
21
-119.2137089999999944
0
LINE
8
BLACK
6
CONTINUOUS
10
87.8473669999999913
20
-158.3526799999999923
11
87.852302999999992
21
-158.3523299999999949
0
LINE
8
BLACK
6
CONTINUOUS
10
87.852302999999992
20
-158.3523299999999949
11
87.8587969999999956
21
-158.3538059999999916
0
LINE
8
BLACK
6
CONTINUOUS
10
87.8587969999999956
20
-158.3538059999999916
11
87.8654310000000009
21
-158.3544599999999889
0
LINE
8
BLACK
6
CONTINUOUS
10
87.8654310000000009
20
-158.3544599999999889
11
87.8700049999999919
21
-158.3563539999999819
0
LINE
8
BLACK
6
CONTINUOUS
10
87.8700049999999919
20
-158.3563539999999819
11
87.8881449999999944
21
-158.360478999999998
0
LINE
8
BLACK
6
CONTINUOUS
10
87.8881449999999944
20
-158.360478999999998
11
88.3167159999999996
21
-158.5033359999999902
0
LINE
8
BLACK
6
CONTINUOUS
10
88.3167159999999996
20
-158.5033359999999902
11
88.3502790000000005
21
-158.518320999999986
0
LINE
8
BLACK
6
CONTINUOUS
10
88.3502790000000005
20
-158.518320999999986
11
88.4055469999999985
21
-158.5662539999999865
0
LINE
8
BLACK
6
CONTINUOUS
10
88.4055469999999985
20
-158.5662539999999865
11
88.4382650000000012
21
-158.6316909999999893
0
LINE
8
BLACK
6
CONTINUOUS
10
88.4382650000000012
20
-158.6316909999999893
11
88.443450999999996
21
-158.7046650000000056
0
LINE
8
BLACK
6
CONTINUOUS
10
88.443450999999996
20
-158.7046650000000056
11
88.4203159999999997
21
-158.7740689999999972
0
LINE
8
BLACK
6
CONTINUOUS
10
88.4203159999999997
20
-158.7740689999999972
11
88.3723829999999992
21
-158.8293369999999811
0
LINE
8
BLACK
6
CONTINUOUS
10
88.3723829999999992
20
-158.8293369999999811
11
88.3069469999999939
21
-158.8620559999999955
0
LINE
8
BLACK
6
CONTINUOUS
10
88.3069469999999939
20
-158.8620559999999955
11
88.2339719999999943
21
-158.8672409999999786
0
LINE
8
BLACK
6
CONTINUOUS
10
88.2339719999999943
20
-158.8672409999999786
11
88.1981309999999894
21
-158.859092000000004
0
LINE
8
BLACK
6
CONTINUOUS
10
88.1981309999999894
20
-158.859092000000004
11
87.7984249999999946
21
-158.7258569999999906
0
LINE
8
BLACK
6
CONTINUOUS
10
87.7984249999999946
20
-158.7258569999999906
11
87.1588289999999972
21
-158.7258569999999906
0
LINE
8
BLACK
6
CONTINUOUS
10
87.1588289999999972
20
-158.7258569999999906
11
86.9399200000000008
21
-158.8353099999999927
0
LINE
8
BLACK
6
CONTINUOUS
10
86.9399200000000008
20
-158.8353099999999927
11
86.8400919999999985
21
-158.9351389999999924
0
LINE
8
BLACK
6
CONTINUOUS
10
86.8400919999999985
20
-158.9351389999999924
11
86.730637999999999
21
-159.1540479999999889
0
LINE
8
BLACK
6
CONTINUOUS
10
86.730637999999999
20
-159.1540479999999889
11
86.730637999999999
21
-159.3512369999999976
0
LINE
8
BLACK
6
CONTINUOUS
10
86.730637999999999
20
-159.3512369999999976
11
86.8400919999999985
21
-159.5701449999999966
0
LINE
8
BLACK
6
CONTINUOUS
10
86.8400919999999985
20
-159.5701449999999966
11
86.9399200000000008
21
-159.6699739999999963
0
LINE
8
BLACK
6
CONTINUOUS
10
86.9399200000000008
20
-159.6699739999999963
11
87.1800069999999891
21
-159.790017000000006
0
LINE
8
BLACK
6
CONTINUOUS
10
87.1800069999999891
20
-159.790017000000006
11
87.7314709999999991
21
-159.92788299999998
0
LINE
8
BLACK
6
CONTINUOUS
10
87.7314709999999991
20
-159.92788299999998
11
87.7341720000000009
21
-159.9288479999999879
0
LINE
8
BLACK
6
CONTINUOUS
10
87.7341720000000009
20
-159.9288479999999879
11
87.7355189999999965
21
-159.9289440000000013
0
LINE
8
BLACK
6
CONTINUOUS
10
87.7355189999999965
20
-159.9289440000000013
11
87.7507299999999901
21
-159.9347640000000013
0
LINE
8
BLACK
6
CONTINUOUS
10
87.7507299999999901
20
-159.9347640000000013
11
87.7660839999999922
21
-159.9402509999999893
0
LINE
8
BLACK
6
CONTINUOUS
10
87.7660839999999922
20
-159.9402509999999893
11
87.7671689999999955
21
-159.9410550000000057
0
LINE
8
BLACK
6
CONTINUOUS
10
87.7671689999999955
20
-159.9410550000000057
11
87.7698469999999986
21
-159.9420800000000042
0
LINE
8
BLACK
6
CONTINUOUS
10
87.7698469999999986
20
-159.9420800000000042
11
88.0555619999999948
21
-160.0849369999999965
0
LINE
8
BLACK
6
CONTINUOUS
10
88.0555619999999948
20
-160.0849369999999965
11
88.0713039999999978
21
-160.0948459999999898
0
LINE
8
BLACK
6
CONTINUOUS
10
88.0713039999999978
20
-160.0948459999999898
11
88.0758799999999979
21
-160.0967420000000061
0
LINE
8
BLACK
6
CONTINUOUS
10
88.0758799999999979
20
-160.0967420000000061
11
88.0810319999999933
21
-160.1009699999999896
0
LINE
8
BLACK
6
CONTINUOUS
10
88.0810319999999933
20
-160.1009699999999896
11
88.0866680000000031
21
-160.1045179999999846
0
LINE
8
BLACK
6
CONTINUOUS
10
88.0866680000000031
20
-160.1045179999999846
11
88.0899099999999891
21
-160.108255999999983
0
LINE
8
BLACK
6
CONTINUOUS
10
88.0899099999999891
20
-160.108255999999983
11
88.1042929999999984
21
-160.1200599999999952
0
LINE
8
BLACK
6
CONTINUOUS
10
88.1042929999999984
20
-160.1200599999999952
11
88.2471499999999907
21
-160.2629179999999849
0
LINE
8
BLACK
6
CONTINUOUS
10
88.2471499999999907
20
-160.2629179999999849
11
88.2589509999999962
21
-160.2772980000000018
0
LINE
8
BLACK
6
CONTINUOUS
10
88.2589509999999962
20
-160.2772980000000018
11
88.2626909999999896
21
-160.280541999999997
0
LINE
8
BLACK
6
CONTINUOUS
10
88.2626909999999896
20
-160.280541999999997
11
88.2662409999999937
21
-160.2861809999999991
0
LINE
8
BLACK
6
CONTINUOUS
10
88.2662409999999937
20
-160.2861809999999991
11
88.2704669999999965
21
-160.2913309999999854
0
LINE
8
BLACK
6
CONTINUOUS
10
88.2704669999999965
20
-160.2913309999999854
11
88.2723599999999919
21
-160.2959019999999839
0
LINE
8
BLACK
6
CONTINUOUS
10
88.2723599999999919
20
-160.2959019999999839
11
88.2822719999999919
21
-160.3116469999999936
0
LINE
8
BLACK
6
CONTINUOUS
10
88.2822719999999919
20
-160.3116469999999936
11
88.4251289999999983
21
-160.5973610000000065
0
LINE
8
BLACK
6
CONTINUOUS
10
88.4251289999999983
20
-160.5973610000000065
11
88.4382650000000012
21
-160.6316899999999919
0
LINE
8
BLACK
6
CONTINUOUS
10
88.4382650000000012
20
-160.6316899999999919
11
88.4387419999999906
21
-160.6384099999999933
0
LINE
8
BLACK
6
CONTINUOUS
10
88.4387419999999906
20
-160.6384099999999933
11
88.4413210000000021
21
-160.6446349999999939
0
LINE
8
BLACK
6
CONTINUOUS
10
88.4413210000000021
20
-160.6446349999999939
11
88.4449240000000003
21
-160.6812139999999829
0
LINE
8
BLACK
6
CONTINUOUS
10
88.4449240000000003
20
-160.6812139999999829
11
88.4449240000000003
21
-160.9669279999999958
0
LINE
8
BLACK
6
CONTINUOUS
10
88.4449240000000003
20
-160.9669279999999958
11
88.4413210000000021
21
-161.0035069999999848
0
LINE
8
BLACK
6
CONTINUOUS
10
88.4413210000000021
20
-161.0035069999999848
11
88.4387419999999906
21
-161.0097309999999879
0
LINE
8
BLACK
6
CONTINUOUS
10
88.4387419999999906
20
-161.0097309999999879
11
88.4382650000000012
21
-161.0164519999999868
0
LINE
8
BLACK
6
CONTINUOUS
10
88.4382650000000012
20
-161.0164519999999868
11
88.4251289999999983
21
-161.0507810000000006
0
LINE
8
BLACK
6
CONTINUOUS
10
88.4251289999999983
20
-161.0507810000000006
11
88.2822719999999919
21
-161.3364949999999851
0
LINE
8
BLACK
6
CONTINUOUS
10
88.2822719999999919
20
-161.3364949999999851
11
88.2723599999999919
21
-161.3522389999999973
0
LINE
8
BLACK
6
CONTINUOUS
10
88.2723599999999919
20
-161.3522389999999973
11
88.2704669999999965
21
-161.3568109999999933
0
LINE
8
BLACK
6
CONTINUOUS
10
88.2704669999999965
20
-161.3568109999999933
11
88.2662409999999937
21
-161.3619599999999821
0
LINE
8
BLACK
6
CONTINUOUS
10
88.2662409999999937
20
-161.3619599999999821
11
88.2626909999999896
21
-161.3675999999999817
0
LINE
8
BLACK
6
CONTINUOUS
10
88.2626909999999896
20
-161.3675999999999817
11
88.2589509999999962
21
-161.3708429999999794
0
LINE
8
BLACK
6
CONTINUOUS
10
88.2589509999999962
20
-161.3708429999999794
11
88.2471499999999907
21
-161.3852239999999938
0
LINE
8
BLACK
6
CONTINUOUS
10
88.2471499999999907
20
-161.3852239999999938
11
88.1042929999999984
21
-161.5280819999999835
0
LINE
8
BLACK
6
CONTINUOUS
10
88.1042929999999984
20
-161.5280819999999835
11
88.0899099999999891
21
-161.5398849999999982
0
LINE
8
BLACK
6
CONTINUOUS
10
88.0899099999999891
20
-161.5398849999999982
11
88.0866680000000031
21
-161.5436239999999941
0
LINE
8
BLACK
6
CONTINUOUS
10
88.0866680000000031
20
-161.5436239999999941
11
88.0810319999999933
21
-161.5471709999999916
0
LINE
8
BLACK
6
CONTINUOUS
10
88.0810319999999933
20
-161.5471709999999916
11
88.0758799999999979
21
-161.551400000000001
0
LINE
8
BLACK
6
CONTINUOUS
10
88.0758799999999979
20
-161.551400000000001
11
88.0713039999999978
21
-161.5532949999999914
0
LINE
8
BLACK
6
CONTINUOUS
10
88.0713039999999978
20
-161.5532949999999914
11
88.0555619999999948
21
-161.5632049999999822
0
LINE
8
BLACK
6
CONTINUOUS
10
88.0555619999999948
20
-161.5632049999999822
11
87.7698469999999986
21
-161.7060620000000029
0
LINE
8
BLACK
6
CONTINUOUS
10
87.7698469999999986
20
-161.7060620000000029
11
87.7355189999999965
21
-161.7191980000000058
0
LINE
8
BLACK
6
CONTINUOUS
10
87.7355189999999965
20
-161.7191980000000058
11
87.7287979999999976
21
-161.7196749999999952
0
LINE
8
BLACK
6
CONTINUOUS
10
87.7287979999999976
20
-161.7196749999999952
11
87.7225739999999945
21
-161.7222539999999924
0
LINE
8
BLACK
6
CONTINUOUS
10
87.7225739999999945
20
-161.7222539999999924
11
87.6859949999999913
21
-161.7258569999999906
0
LINE
8
BLACK
6
CONTINUOUS
10
87.6859949999999913
20
-161.7258569999999906
11
86.9717100000000016
21
-161.7258569999999906
0
LINE
8
BLACK
6
CONTINUOUS
10
86.9717100000000016
20
-161.7258569999999906
11
86.9531939999999963
21
-161.7240329999999915
0
LINE
8
BLACK
6
CONTINUOUS
10
86.9531939999999963
20
-161.7240329999999915
11
86.9482579999999956
21
-161.7243839999999864
0
LINE
8
BLACK
6
CONTINUOUS
10
86.9482579999999956
20
-161.7243839999999864
11
86.9417619999999971
21
-161.7229069999999922
0
LINE
8
BLACK
6
CONTINUOUS
10
86.9417619999999971
20
-161.7229069999999922
11
86.9351309999999984
21
-161.7222539999999924
0
LINE
8
BLACK
6
CONTINUOUS
10
86.9351309999999984
20
-161.7222539999999924
11
86.9305559999999957
21
-161.720359000000002
0
LINE
8
BLACK
6
CONTINUOUS
10
86.9305559999999957
20
-161.720359000000002
11
86.9124169999999907
21
-161.7162349999999833
0
LINE
8
BLACK
6
CONTINUOUS
10
86.9124169999999907
20
-161.7162349999999833
11
86.4838450000000023
21
-161.5733779999999911
0
LINE
8
BLACK
6
CONTINUOUS
10
86.4838450000000023
20
-161.5733779999999911
11
86.4502829999999989
21
-161.5583929999999953
0
LINE
8
BLACK
6
CONTINUOUS
10
86.4502829999999989
20
-161.5583929999999953
11
86.3950139999999891
21
-161.5104599999999948
0
LINE
8
BLACK
6
CONTINUOUS
10
86.3950139999999891
20
-161.5104599999999948
11
86.3622960000000006
21
-161.445022999999992
0
LINE
8
BLACK
6
CONTINUOUS
10
86.3622960000000006
20
-161.445022999999992
11
86.3571109999999891
21
-161.3720490000000041
0
LINE
8
BLACK
6
CONTINUOUS
10
86.3571109999999891
20
-161.3720490000000041
11
86.3802450000000022
21
-161.3026449999999841
0
LINE
8
BLACK
6
CONTINUOUS
10
86.3802450000000022
20
-161.3026449999999841
11
86.4281780000000026
21
-161.2473760000000027
0
LINE
8
BLACK
6
CONTINUOUS
10
86.4281780000000026
20
-161.2473760000000027
11
86.4936149999999913
21
-161.2146579999999858
0
LINE
8
BLACK
6
CONTINUOUS
10
86.4936149999999913
20
-161.2146579999999858
11
86.5665889999999933
21
-161.2094730000000027
0
LINE
8
BLACK
6
CONTINUOUS
10
86.5665889999999933
20
-161.2094730000000027
11
86.6024309999999957
21
-161.2176220000000058
0
LINE
8
BLACK
6
CONTINUOUS
10
86.6024309999999957
20
-161.2176220000000058
11
87.002135999999993
21
-161.3508569999999906
0
LINE
8
BLACK
6
CONTINUOUS
10
87.002135999999993
20
-161.3508569999999906
11
87.6417330000000021
21
-161.3508569999999906
0
LINE
8
BLACK
6
CONTINUOUS
10
87.6417330000000021
20
-161.3508569999999906
11
87.8606410000000011
21
-161.2414029999999912
0
LINE
8
BLACK
6
CONTINUOUS
10
87.8606410000000011
20
-161.2414029999999912
11
87.9604679999999917
21
-161.1415749999999889
0
LINE
8
BLACK
6
CONTINUOUS
10
87.9604679999999917
20
-161.1415749999999889
11
88.0699240000000003
21
-160.922664999999995
0
LINE
8
BLACK
6
CONTINUOUS
10
88.0699240000000003
20
-160.922664999999995
11
88.0699240000000003
21
-160.7254769999999837
0
LINE
8
BLACK
6
CONTINUOUS
10
88.0699240000000003
20
-160.7254769999999837
11
87.9604679999999917
21
-160.5065659999999923
0
LINE
8
BLACK
6
CONTINUOUS
10
87.9604679999999917
20
-160.5065659999999923
11
87.8606410000000011
21
-160.4067379999999901
0
LINE
8
BLACK
6
CONTINUOUS
10
87.8606410000000011
20
-160.4067379999999901
11
87.6205539999999985
21
-160.2866949999999804
0
LINE
8
BLACK
6
CONTINUOUS
10
87.6205539999999985
20
-160.2866949999999804
11
87.0690919999999977
21
-160.1488300000000038
0
LINE
8
BLACK
6
CONTINUOUS
10
87.0690919999999977
20
-160.1488300000000038
11
87.0663899999999984
21
-160.1478639999999984
0
LINE
8
BLACK
6
CONTINUOUS
10
87.0663899999999984
20
-160.1478639999999984
11
87.0650430000000028
21
-160.1477689999999825
0
LINE
8
BLACK
6
CONTINUOUS
10
87.0650430000000028
20
-160.1477689999999825
11
87.0498389999999915
21
-160.1419510000000059
0
LINE
8
BLACK
6
CONTINUOUS
10
87.0498389999999915
20
-160.1419510000000059
11
87.0344789999999904
21
-160.136462999999992
0
LINE
8
BLACK
6
CONTINUOUS
10
87.0344789999999904
20
-160.136462999999992
11
87.0333909999999946
21
-160.1356569999999806
0
LINE
8
BLACK
6
CONTINUOUS
10
87.0333909999999946
20
-160.1356569999999806
11
87.0307150000000007
21
-160.1346329999999796
0
LINE
8
BLACK
6
CONTINUOUS
10
87.0307150000000007
20
-160.1346329999999796
11
86.7449999999999903
21
-159.9917759999999873
0
LINE
8
BLACK
6
CONTINUOUS
10
86.7449999999999903
20
-159.9917759999999873
11
86.7292569999999898
21
-159.9818659999999966
0
LINE
8
BLACK
6
CONTINUOUS
10
86.7292569999999898
20
-159.9818659999999966
11
86.7246820000000014
21
-159.9799710000000061
0
LINE
8
BLACK
6
CONTINUOUS
10
86.7246820000000014
20
-159.9799710000000061
11
86.7195289999999943
21
-159.9757419999999968
0
LINE
8
BLACK
6
CONTINUOUS
10
86.7195289999999943
20
-159.9757419999999968
11
86.7138939999999963
21
-159.9721949999999993
0
LINE
8
BLACK
6
CONTINUOUS
10
86.7138939999999963
20
-159.9721949999999993
11
86.7106509999999986
21
-159.9684560000000033
0
LINE
8
BLACK
6
CONTINUOUS
10
86.7106509999999986
20
-159.9684560000000033
11
86.6962690000000009
21
-159.9566529999999887
0
LINE
8
BLACK
6
CONTINUOUS
10
86.6962690000000009
20
-159.9566529999999887
11
86.5534119999999945
21
-159.8137969999999939
0
LINE
8
BLACK
6
CONTINUOUS
10
86.5534119999999945
20
-159.8137969999999939
11
86.5416099999999915
21
-159.7994159999999795
0
LINE
8
BLACK
6
CONTINUOUS
10
86.5416099999999915
20
-159.7994159999999795
11
86.5378709999999955
21
-159.7961729999999818
0
LINE
8
BLACK
6
CONTINUOUS
10
86.5378709999999955
20
-159.7961729999999818
11
86.5343209999999914
21
-159.7905329999999822
0
LINE
8
BLACK
6
CONTINUOUS
10
86.5343209999999914
20
-159.7905329999999822
11
86.5300950000000029
21
-159.7853839999999934
0
LINE
8
BLACK
6
CONTINUOUS
10
86.5300950000000029
20
-159.7853839999999934
11
86.5281999999999982
21
-159.7808109999999999
0
LINE
8
BLACK
6
CONTINUOUS
10
86.5281999999999982
20
-159.7808109999999999
11
86.5182899999999933
21
-159.7650669999999877
0
LINE
8
BLACK
6
CONTINUOUS
10
86.5182899999999933
20
-159.7650669999999877
11
86.375433000000001
21
-159.4793530000000032
0
LINE
8
BLACK
6
CONTINUOUS
10
86.375433000000001
20
-159.4793530000000032
11
86.3622969999999981
21
-159.4450239999999894
0
LINE
8
BLACK
6
CONTINUOUS
10
86.3622969999999981
20
-159.4450239999999894
11
86.361818999999997
21
-159.4383029999999906
0
LINE
8
BLACK
6
CONTINUOUS
10
86.361818999999997
20
-159.4383029999999906
11
86.3592409999999973
21
-159.4320789999999874
0
LINE
8
BLACK
6
CONTINUOUS
10
86.3592409999999973
20
-159.4320789999999874
11
86.355637999999999
21
-159.3954999999999984
0
LINE
8
BLACK
6
CONTINUOUS
10
86.355637999999999
20
-159.3954999999999984
11
86.355637999999999
21
-159.109784999999988
0
LINE
8
BLACK
6
CONTINUOUS
10
86.355637999999999
20
-159.109784999999988
11
86.3592409999999973
21
-159.073205999999999
0
LINE
8
BLACK
6
CONTINUOUS
10
86.3592409999999973
20
-159.073205999999999
11
86.361818999999997
21
-159.0669809999999984
0
LINE
8
BLACK
6
CONTINUOUS
10
86.361818999999997
20
-159.0669809999999984
11
86.3622969999999981
21
-159.060260999999997
0
LINE
8
BLACK
6
CONTINUOUS
10
86.3622969999999981
20
-159.060260999999997
11
86.375433000000001
21
-159.0259319999999832
0
LINE
8
BLACK
6
CONTINUOUS
10
86.375433000000001
20
-159.0259319999999832
11
86.5182899999999933
21
-158.7402179999999987
0
LINE
8
BLACK
6
CONTINUOUS
10
86.5182899999999933
20
-158.7402179999999987
11
86.5281999999999982
21
-158.724472999999989
0
LINE
8
BLACK
6
CONTINUOUS
10
86.5281999999999982
20
-158.724472999999989
11
86.5300950000000029
21
-158.719900999999993
0
LINE
8
BLACK
6
CONTINUOUS
10
86.5300950000000029
20
-158.719900999999993
11
86.5343209999999914
21
-158.7147510000000068
0
LINE
8
BLACK
6
CONTINUOUS
10
86.5343209999999914
20
-158.7147510000000068
11
86.5378709999999955
21
-158.7091120000000046
0
LINE
8
BLACK
6
CONTINUOUS
10
86.5378709999999955
20
-158.7091120000000046
11
86.5416099999999915
21
-158.7058679999999811
0
LINE
8
BLACK
6
CONTINUOUS
10
86.5416099999999915
20
-158.7058679999999811
11
86.5534119999999945
21
-158.6914879999999926
0
LINE
8
BLACK
6
CONTINUOUS
10
86.5534119999999945
20
-158.6914879999999926
11
86.6962690000000009
21
-158.5486319999999978
0
LINE
8
BLACK
6
CONTINUOUS
10
86.6962690000000009
20
-158.5486319999999978
11
86.7106509999999986
21
-158.5368279999999856
0
LINE
8
BLACK
6
CONTINUOUS
10
86.7106509999999986
20
-158.5368279999999856
11
86.7138939999999963
21
-158.5330899999999872
0
LINE
8
BLACK
6
CONTINUOUS
10
86.7138939999999963
20
-158.5330899999999872
11
86.7195289999999943
21
-158.5295419999999922
0
LINE
8
BLACK
6
CONTINUOUS
10
86.7195289999999943
20
-158.5295419999999922
11
86.7246820000000014
21
-158.5253139999999803
0
LINE
8
BLACK
6
CONTINUOUS
10
86.7246820000000014
20
-158.5253139999999803
11
86.7292569999999898
21
-158.5234179999999924
0
LINE
8
BLACK
6
CONTINUOUS
10
86.7292569999999898
20
-158.5234179999999924
11
86.7449999999999903
21
-158.5135089999999991
0
LINE
8
BLACK
6
CONTINUOUS
10
86.7449999999999903
20
-158.5135089999999991
11
87.0307150000000007
21
-158.3706520000000069
0
LINE
8
BLACK
6
CONTINUOUS
10
87.0307150000000007
20
-158.3706520000000069
11
87.0650430000000028
21
-158.3575160000000039
0
LINE
8
BLACK
6
CONTINUOUS
10
87.0650430000000028
20
-158.3575160000000039
11
87.07176299999999
21
-158.3570379999999886
0
LINE
8
BLACK
6
CONTINUOUS
10
87.07176299999999
20
-158.3570379999999886
11
87.0779879999999906
21
-158.3544599999999889
0
LINE
8
BLACK
6
CONTINUOUS
10
87.0779879999999906
20
-158.3544599999999889
11
87.1145669999999939
21
-158.3508569999999906
0
LINE
8
BLACK
6
CONTINUOUS
10
87.1145669999999939
20
-158.3508569999999906
11
87.8288519999999977
21
-158.3508569999999906
0
LINE
8
BLACK
6
CONTINUOUS
10
87.8288519999999977
20
-158.3508569999999906
11
87.8473669999999913
21
-158.3526799999999923
0
LINE
8
BLACK
6
CONTINUOUS
10
254.5348669999999913
20
-158.3526799999999923
11
254.5398029999999778
21
-158.3523299999999949
0
LINE
8
BLACK
6
CONTINUOUS
10
254.5398029999999778
20
-158.3523299999999949
11
254.5462969999999814
21
-158.3538059999999916
0
LINE
8
BLACK
6
CONTINUOUS
10
254.5462969999999814
20
-158.3538059999999916
11
254.5529310000000009
21
-158.3544599999999889
0
LINE
8
BLACK
6
CONTINUOUS
10
254.5529310000000009
20
-158.3544599999999889
11
254.5575049999999919
21
-158.3563539999999819
0
LINE
8
BLACK
6
CONTINUOUS
10
254.5575049999999919
20
-158.3563539999999819
11
254.5756449999999802
21
-158.360478999999998
0
LINE
8
BLACK
6
CONTINUOUS
10
254.5756449999999802
20
-158.360478999999998
11
255.0042159999999853
21
-158.5033359999999902
0
LINE
8
BLACK
6
CONTINUOUS
10
255.0042159999999853
20
-158.5033359999999902
11
255.0377790000000005
21
-158.518320999999986
0
LINE
8
BLACK
6
CONTINUOUS
10
255.0377790000000005
20
-158.518320999999986
11
255.0930469999999843
21
-158.5662539999999865
0
LINE
8
BLACK
6
CONTINUOUS
10
255.0930469999999843
20
-158.5662539999999865
11
255.1257650000000012
21
-158.6316909999999893
0
LINE
8
BLACK
6
CONTINUOUS
10
255.1257650000000012
20
-158.6316909999999893
11
255.1309509999999818
21
-158.7046650000000056
0
LINE
8
BLACK
6
CONTINUOUS
10
255.1309509999999818
20
-158.7046650000000056
11
255.1078159999999855
21
-158.7740689999999972
0
LINE
8
BLACK
6
CONTINUOUS
10
255.1078159999999855
20
-158.7740689999999972
11
255.059882999999985
21
-158.8293369999999811
0
LINE
8
BLACK
6
CONTINUOUS
10
255.059882999999985
20
-158.8293369999999811
11
254.9944469999999797
21
-158.8620559999999955
0
LINE
8
BLACK
6
CONTINUOUS
10
254.9944469999999797
20
-158.8620559999999955
11
254.9214719999999943
21
-158.8672409999999786
0
LINE
8
BLACK
6
CONTINUOUS
10
254.9214719999999943
20
-158.8672409999999786
11
254.8856309999999894
21
-158.859092000000004
0
LINE
8
BLACK
6
CONTINUOUS
10
254.8856309999999894
20
-158.859092000000004
11
254.4859249999999804
21
-158.7258569999999906
0
LINE
8
BLACK
6
CONTINUOUS
10
254.4859249999999804
20
-158.7258569999999906
11
253.8463289999999972
21
-158.7258569999999906
0
LINE
8
BLACK
6
CONTINUOUS
10
253.8463289999999972
20
-158.7258569999999906
11
253.6274200000000008
21
-158.8353099999999927
0
LINE
8
BLACK
6
CONTINUOUS
10
253.6274200000000008
20
-158.8353099999999927
11
253.5275919999999985
21
-158.9351389999999924
0
LINE
8
BLACK
6
CONTINUOUS
10
253.5275919999999985
20
-158.9351389999999924
11
253.418137999999999
21
-159.1540479999999889
0
LINE
8
BLACK
6
CONTINUOUS
10
253.418137999999999
20
-159.1540479999999889
11
253.418137999999999
21
-159.3512369999999976
0
LINE
8
BLACK
6
CONTINUOUS
10
253.418137999999999
20
-159.3512369999999976
11
253.5275919999999985
21
-159.5701449999999966
0
LINE
8
BLACK
6
CONTINUOUS
10
253.5275919999999985
20
-159.5701449999999966
11
253.6274200000000008
21
-159.6699739999999963
0
LINE
8
BLACK
6
CONTINUOUS
10
253.6274200000000008
20
-159.6699739999999963
11
253.8675069999999891
21
-159.790017000000006
0
LINE
8
BLACK
6
CONTINUOUS
10
253.8675069999999891
20
-159.790017000000006
11
254.4189709999999991
21
-159.92788299999998
0
LINE
8
BLACK
6
CONTINUOUS
10
254.4189709999999991
20
-159.92788299999998
11
254.4216720000000009
21
-159.9288479999999879
0
LINE
8
BLACK
6
CONTINUOUS
10
254.4216720000000009
20
-159.9288479999999879
11
254.4230189999999823
21
-159.9289440000000013
0
LINE
8
BLACK
6
CONTINUOUS
10
254.4230189999999823
20
-159.9289440000000013
11
254.4382299999999759
21
-159.9347640000000013
0
LINE
8
BLACK
6
CONTINUOUS
10
254.4382299999999759
20
-159.9347640000000013
11
254.453583999999978
21
-159.9402509999999893
0
LINE
8
BLACK
6
CONTINUOUS
10
254.453583999999978
20
-159.9402509999999893
11
254.4546689999999955
21
-159.9410550000000057
0
LINE
8
BLACK
6
CONTINUOUS
10
254.4546689999999955
20
-159.9410550000000057
11
254.4573469999999986
21
-159.9420800000000042
0
LINE
8
BLACK
6
CONTINUOUS
10
254.4573469999999986
20
-159.9420800000000042
11
254.7430619999999806
21
-160.0849369999999965
0
LINE
8
BLACK
6
CONTINUOUS
10
254.7430619999999806
20
-160.0849369999999965
11
254.7588039999999978
21
-160.0948459999999898
0
LINE
8
BLACK
6
CONTINUOUS
10
254.7588039999999978
20
-160.0948459999999898
11
254.7633799999999837
21
-160.0967420000000061
0
LINE
8
BLACK
6
CONTINUOUS
10
254.7633799999999837
20
-160.0967420000000061
11
254.7685319999999933
21
-160.1009699999999896
0
LINE
8
BLACK
6
CONTINUOUS
10
254.7685319999999933
20
-160.1009699999999896
11
254.7741679999999747
21
-160.1045179999999846
0
LINE
8
BLACK
6
CONTINUOUS
10
254.7741679999999747
20
-160.1045179999999846
11
254.7774099999999748
21
-160.108255999999983
0
LINE
8
BLACK
6
CONTINUOUS
10
254.7774099999999748
20
-160.108255999999983
11
254.7917929999999842
21
-160.1200599999999952
0
LINE
8
BLACK
6
CONTINUOUS
10
254.7917929999999842
20
-160.1200599999999952
11
254.9346499999999764
21
-160.2629179999999849
0
LINE
8
BLACK
6
CONTINUOUS
10
254.9346499999999764
20
-160.2629179999999849
11
254.9464509999999962
21
-160.2772980000000018
0
LINE
8
BLACK
6
CONTINUOUS
10
254.9464509999999962
20
-160.2772980000000018
11
254.9501909999999896
21
-160.280541999999997
0
LINE
8
BLACK
6
CONTINUOUS
10
254.9501909999999896
20
-160.280541999999997
11
254.9537409999999795
21
-160.2861809999999991
0
LINE
8
BLACK
6
CONTINUOUS
10
254.9537409999999795
20
-160.2861809999999991
11
254.9579669999999965
21
-160.2913309999999854
0
LINE
8
BLACK
6
CONTINUOUS
10
254.9579669999999965
20
-160.2913309999999854
11
254.9598599999999919
21
-160.2959019999999839
0
LINE
8
BLACK
6
CONTINUOUS
10
254.9598599999999919
20
-160.2959019999999839
11
254.9697719999999777
21
-160.3116469999999936
0
LINE
8
BLACK
6
CONTINUOUS
10
254.9697719999999777
20
-160.3116469999999936
11
255.1126289999999983
21
-160.5973610000000065
0
LINE
8
BLACK
6
CONTINUOUS
10
255.1126289999999983
20
-160.5973610000000065
11
255.1257650000000012
21
-160.6316899999999919
0
LINE
8
BLACK
6
CONTINUOUS
10
255.1257650000000012
20
-160.6316899999999919
11
255.1262419999999906
21
-160.6384099999999933
0
LINE
8
BLACK
6
CONTINUOUS
10
255.1262419999999906
20
-160.6384099999999933
11
255.1288209999999879
21
-160.6446349999999939
0
LINE
8
BLACK
6
CONTINUOUS
10
255.1288209999999879
20
-160.6446349999999939
11
255.1324239999999861
21
-160.6812139999999829
0
LINE
8
BLACK
6
CONTINUOUS
10
255.1324239999999861
20
-160.6812139999999829
11
255.1324239999999861
21
-160.9669279999999958
0
LINE
8
BLACK
6
CONTINUOUS
10
255.1324239999999861
20
-160.9669279999999958
11
255.1288209999999879
21
-161.0035069999999848
0
LINE
8
BLACK
6
CONTINUOUS
10
255.1288209999999879
20
-161.0035069999999848
11
255.1262419999999906
21
-161.0097309999999879
0
LINE
8
BLACK
6
CONTINUOUS
10
255.1262419999999906
20
-161.0097309999999879
11
255.1257650000000012
21
-161.0164519999999868
0
LINE
8
BLACK
6
CONTINUOUS
10
255.1257650000000012
20
-161.0164519999999868
11
255.1126289999999983
21
-161.0507810000000006
0
LINE
8
BLACK
6
CONTINUOUS
10
255.1126289999999983
20
-161.0507810000000006
11
254.9697719999999777
21
-161.3364949999999851
0
LINE
8
BLACK
6
CONTINUOUS
10
254.9697719999999777
20
-161.3364949999999851
11
254.9598599999999919
21
-161.3522389999999973
0
LINE
8
BLACK
6
CONTINUOUS
10
254.9598599999999919
20
-161.3522389999999973
11
254.9579669999999965
21
-161.3568109999999933
0
LINE
8
BLACK
6
CONTINUOUS
10
254.9579669999999965
20
-161.3568109999999933
11
254.9537409999999795
21
-161.3619599999999821
0
LINE
8
BLACK
6
CONTINUOUS
10
254.9537409999999795
20
-161.3619599999999821
11
254.9501909999999896
21
-161.3675999999999817
0
LINE
8
BLACK
6
CONTINUOUS
10
254.9501909999999896
20
-161.3675999999999817
11
254.9464509999999962
21
-161.3708429999999794
0
LINE
8
BLACK
6
CONTINUOUS
10
254.9464509999999962
20
-161.3708429999999794
11
254.9346499999999764
21
-161.3852239999999938
0
LINE
8
BLACK
6
CONTINUOUS
10
254.9346499999999764
20
-161.3852239999999938
11
254.7917929999999842
21
-161.5280819999999835
0
LINE
8
BLACK
6
CONTINUOUS
10
254.7917929999999842
20
-161.5280819999999835
11
254.7774099999999748
21
-161.5398849999999982
0
LINE
8
BLACK
6
CONTINUOUS
10
254.7774099999999748
20
-161.5398849999999982
11
254.7741679999999747
21
-161.5436239999999941
0
LINE
8
BLACK
6
CONTINUOUS
10
254.7741679999999747
20
-161.5436239999999941
11
254.7685319999999933
21
-161.5471709999999916
0
LINE
8
BLACK
6
CONTINUOUS
10
254.7685319999999933
20
-161.5471709999999916
11
254.7633799999999837
21
-161.551400000000001
0
LINE
8
BLACK
6
CONTINUOUS
10
254.7633799999999837
20
-161.551400000000001
11
254.7588039999999978
21
-161.5532949999999914
0
LINE
8
BLACK
6
CONTINUOUS
10
254.7588039999999978
20
-161.5532949999999914
11
254.7430619999999806
21
-161.5632049999999822
0
LINE
8
BLACK
6
CONTINUOUS
10
254.7430619999999806
20
-161.5632049999999822
11
254.4573469999999986
21
-161.7060620000000029
0
LINE
8
BLACK
6
CONTINUOUS
10
254.4573469999999986
20
-161.7060620000000029
11
254.4230189999999823
21
-161.7191980000000058
0
LINE
8
BLACK
6
CONTINUOUS
10
254.4230189999999823
20
-161.7191980000000058
11
254.4162979999999834
21
-161.7196749999999952
0
LINE
8
BLACK
6
CONTINUOUS
10
254.4162979999999834
20
-161.7196749999999952
11
254.4100739999999803
21
-161.7222539999999924
0
LINE
8
BLACK
6
CONTINUOUS
10
254.4100739999999803
20
-161.7222539999999924
11
254.3734949999999913
21
-161.7258569999999906
0
LINE
8
BLACK
6
CONTINUOUS
10
254.3734949999999913
20
-161.7258569999999906
11
253.6592100000000016
21
-161.7258569999999906
0
LINE
8
BLACK
6
CONTINUOUS
10
253.6592100000000016
20
-161.7258569999999906
11
253.6406939999999963
21
-161.7240329999999915
0
LINE
8
BLACK
6
CONTINUOUS
10
253.6406939999999963
20
-161.7240329999999915
11
253.6357579999999814
21
-161.7243839999999864
0
LINE
8
BLACK
6
CONTINUOUS
10
253.6357579999999814
20
-161.7243839999999864
11
253.6292619999999829
21
-161.7229069999999922
0
LINE
8
BLACK
6
CONTINUOUS
10
253.6292619999999829
20
-161.7229069999999922
11
253.6226309999999842
21
-161.7222539999999924
0
LINE
8
BLACK
6
CONTINUOUS
10
253.6226309999999842
20
-161.7222539999999924
11
253.6180559999999957
21
-161.720359000000002
0
LINE
8
BLACK
6
CONTINUOUS
10
253.6180559999999957
20
-161.720359000000002
11
253.5999169999999765
21
-161.7162349999999833
0
LINE
8
BLACK
6
CONTINUOUS
10
253.5999169999999765
20
-161.7162349999999833
11
253.1713450000000023
21
-161.5733779999999911
0
LINE
8
BLACK
6
CONTINUOUS
10
253.1713450000000023
20
-161.5733779999999911
11
253.1377829999999847
21
-161.5583929999999953
0
LINE
8
BLACK
6
CONTINUOUS
10
253.1377829999999847
20
-161.5583929999999953
11
253.0825139999999749
21
-161.5104599999999948
0
LINE
8
BLACK
6
CONTINUOUS
10
253.0825139999999749
20
-161.5104599999999948
11
253.0497959999999864
21
-161.445022999999992
0
LINE
8
BLACK
6
CONTINUOUS
10
253.0497959999999864
20
-161.445022999999992
11
253.0446109999999749
21
-161.3720490000000041
0
LINE
8
BLACK
6
CONTINUOUS
10
253.0446109999999749
20
-161.3720490000000041
11
253.0677450000000022
21
-161.3026449999999841
0
LINE
8
BLACK
6
CONTINUOUS
10
253.0677450000000022
20
-161.3026449999999841
11
253.1156780000000026
21
-161.2473760000000027
0
LINE
8
BLACK
6
CONTINUOUS
10
253.1156780000000026
20
-161.2473760000000027
11
253.181114999999977
21
-161.2146579999999858
0
LINE
8
BLACK
6
CONTINUOUS
10
253.181114999999977
20
-161.2146579999999858
11
253.2540889999999933
21
-161.2094730000000027
0
LINE
8
BLACK
6
CONTINUOUS
10
253.2540889999999933
20
-161.2094730000000027
11
253.2899309999999957
21
-161.2176220000000058
0
LINE
8
BLACK
6
CONTINUOUS
10
253.2899309999999957
20
-161.2176220000000058
11
253.6896359999999788
21
-161.3508569999999906
0
LINE
8
BLACK
6
CONTINUOUS
10
253.6896359999999788
20
-161.3508569999999906
11
254.3292329999999879
21
-161.3508569999999906
0
LINE
8
BLACK
6
CONTINUOUS
10
254.3292329999999879
20
-161.3508569999999906
11
254.5481409999999869
21
-161.2414029999999912
0
LINE
8
BLACK
6
CONTINUOUS
10
254.5481409999999869
20
-161.2414029999999912
11
254.6479679999999917
21
-161.1415749999999889
0
LINE
8
BLACK
6
CONTINUOUS
10
254.6479679999999917
20
-161.1415749999999889
11
254.7574239999999861
21
-160.922664999999995
0
LINE
8
BLACK
6
CONTINUOUS
10
254.7574239999999861
20
-160.922664999999995
11
254.7574239999999861
21
-160.7254769999999837
0
LINE
8
BLACK
6
CONTINUOUS
10
254.7574239999999861
20
-160.7254769999999837
11
254.6479679999999917
21
-160.5065659999999923
0
LINE
8
BLACK
6
CONTINUOUS
10
254.6479679999999917
20
-160.5065659999999923
11
254.5481409999999869
21
-160.4067379999999901
0
LINE
8
BLACK
6
CONTINUOUS
10
254.5481409999999869
20
-160.4067379999999901
11
254.3080539999999985
21
-160.2866949999999804
0
LINE
8
BLACK
6
CONTINUOUS
10
254.3080539999999985
20
-160.2866949999999804
11
253.7565919999999835
21
-160.1488300000000038
0
LINE
8
BLACK
6
CONTINUOUS
10
253.7565919999999835
20
-160.1488300000000038
11
253.7538899999999842
21
-160.1478639999999984
0
LINE
8
BLACK
6
CONTINUOUS
10
253.7538899999999842
20
-160.1478639999999984
11
253.7525429999999744
21
-160.1477689999999825
0
LINE
8
BLACK
6
CONTINUOUS
10
253.7525429999999744
20
-160.1477689999999825
11
253.7373389999999915
21
-160.1419510000000059
0
LINE
8
BLACK
6
CONTINUOUS
10
253.7373389999999915
20
-160.1419510000000059
11
253.7219789999999762
21
-160.136462999999992
0
LINE
8
BLACK
6
CONTINUOUS
10
253.7219789999999762
20
-160.136462999999992
11
253.7208909999999946
21
-160.1356569999999806
0
LINE
8
BLACK
6
CONTINUOUS
10
253.7208909999999946
20
-160.1356569999999806
11
253.7182149999999865
21
-160.1346329999999796
0
LINE
8
BLACK
6
CONTINUOUS
10
253.7182149999999865
20
-160.1346329999999796
11
253.4324999999999761
21
-159.9917759999999873
0
LINE
8
BLACK
6
CONTINUOUS
10
253.4324999999999761
20
-159.9917759999999873
11
253.4167569999999898
21
-159.9818659999999966
0
LINE
8
BLACK
6
CONTINUOUS
10
253.4167569999999898
20
-159.9818659999999966
11
253.4121820000000014
21
-159.9799710000000061
0
LINE
8
BLACK
6
CONTINUOUS
10
253.4121820000000014
20
-159.9799710000000061
11
253.4070289999999943
21
-159.9757419999999968
0
LINE
8
BLACK
6
CONTINUOUS
10
253.4070289999999943
20
-159.9757419999999968
11
253.401393999999982
21
-159.9721949999999993
0
LINE
8
BLACK
6
CONTINUOUS
10
253.401393999999982
20
-159.9721949999999993
11
253.3981509999999844
21
-159.9684560000000033
0
LINE
8
BLACK
6
CONTINUOUS
10
253.3981509999999844
20
-159.9684560000000033
11
253.3837690000000009
21
-159.9566529999999887
0
LINE
8
BLACK
6
CONTINUOUS
10
253.3837690000000009
20
-159.9566529999999887
11
253.2409119999999803
21
-159.8137969999999939
0
LINE
8
BLACK
6
CONTINUOUS
10
253.2409119999999803
20
-159.8137969999999939
11
253.2291099999999915
21
-159.7994159999999795
0
LINE
8
BLACK
6
CONTINUOUS
10
253.2291099999999915
20
-159.7994159999999795
11
253.2253709999999955
21
-159.7961729999999818
0
LINE
8
BLACK
6
CONTINUOUS
10
253.2253709999999955
20
-159.7961729999999818
11
253.2218209999999772
21
-159.7905329999999822
0
LINE
8
BLACK
6
CONTINUOUS
10
253.2218209999999772
20
-159.7905329999999822
11
253.2175949999999887
21
-159.7853839999999934
0
LINE
8
BLACK
6
CONTINUOUS
10
253.2175949999999887
20
-159.7853839999999934
11
253.2156999999999982
21
-159.7808109999999999
0
LINE
8
BLACK
6
CONTINUOUS
10
253.2156999999999982
20
-159.7808109999999999
11
253.205789999999979
21
-159.7650669999999877
0
LINE
8
BLACK
6
CONTINUOUS
10
253.205789999999979
20
-159.7650669999999877
11
253.0629329999999868
21
-159.4793530000000032
0
LINE
8
BLACK
6
CONTINUOUS
10
253.0629329999999868
20
-159.4793530000000032
11
253.0497969999999839
21
-159.4450239999999894
0
LINE
8
BLACK
6
CONTINUOUS
10
253.0497969999999839
20
-159.4450239999999894
11
253.049318999999997
21
-159.4383029999999906
0
LINE
8
BLACK
6
CONTINUOUS
10
253.049318999999997
20
-159.4383029999999906
11
253.0467409999999973
21
-159.4320789999999874
0
LINE
8
BLACK
6
CONTINUOUS
10
253.0467409999999973
20
-159.4320789999999874
11
253.043137999999999
21
-159.3954999999999984
0
LINE
8
BLACK
6
CONTINUOUS
10
253.043137999999999
20
-159.3954999999999984
11
253.043137999999999
21
-159.109784999999988
0
LINE
8
BLACK
6
CONTINUOUS
10
253.043137999999999
20
-159.109784999999988
11
253.0467409999999973
21
-159.073205999999999
0
LINE
8
BLACK
6
CONTINUOUS
10
253.0467409999999973
20
-159.073205999999999
11
253.049318999999997
21
-159.0669809999999984
0
LINE
8
BLACK
6
CONTINUOUS
10
253.049318999999997
20
-159.0669809999999984
11
253.0497969999999839
21
-159.060260999999997
0
LINE
8
BLACK
6
CONTINUOUS
10
253.0497969999999839
20
-159.060260999999997
11
253.0629329999999868
21
-159.0259319999999832
0
LINE
8
BLACK
6
CONTINUOUS
10
253.0629329999999868
20
-159.0259319999999832
11
253.205789999999979
21
-158.7402179999999987
0
LINE
8
BLACK
6
CONTINUOUS
10
253.205789999999979
20
-158.7402179999999987
11
253.2156999999999982
21
-158.724472999999989
0
LINE
8
BLACK
6
CONTINUOUS
10
253.2156999999999982
20
-158.724472999999989
11
253.2175949999999887
21
-158.719900999999993
0
LINE
8
BLACK
6
CONTINUOUS
10
253.2175949999999887
20
-158.719900999999993
11
253.2218209999999772
21
-158.7147510000000068
0
LINE
8
BLACK
6
CONTINUOUS
10
253.2218209999999772
20
-158.7147510000000068
11
253.2253709999999955
21
-158.7091120000000046
0
LINE
8
BLACK
6
CONTINUOUS
10
253.2253709999999955
20
-158.7091120000000046
11
253.2291099999999915
21
-158.7058679999999811
0
LINE
8
BLACK
6
CONTINUOUS
10
253.2291099999999915
20
-158.7058679999999811
11
253.2409119999999803
21
-158.6914879999999926
0
LINE
8
BLACK
6
CONTINUOUS
10
253.2409119999999803
20
-158.6914879999999926
11
253.3837690000000009
21
-158.5486319999999978
0
LINE
8
BLACK
6
CONTINUOUS
10
253.3837690000000009
20
-158.5486319999999978
11
253.3981509999999844
21
-158.5368279999999856
0
LINE
8
BLACK
6
CONTINUOUS
10
253.3981509999999844
20
-158.5368279999999856
11
253.401393999999982
21
-158.5330899999999872
0
LINE
8
BLACK
6
CONTINUOUS
10
253.401393999999982
20
-158.5330899999999872
11
253.4070289999999943
21
-158.5295419999999922
0
LINE
8
BLACK
6
CONTINUOUS
10
253.4070289999999943
20
-158.5295419999999922
11
253.4121820000000014
21
-158.5253139999999803
0
LINE
8
BLACK
6
CONTINUOUS
10
253.4121820000000014
20
-158.5253139999999803
11
253.4167569999999898
21
-158.5234179999999924
0
LINE
8
BLACK
6
CONTINUOUS
10
253.4167569999999898
20
-158.5234179999999924
11
253.4324999999999761
21
-158.5135089999999991
0
LINE
8
BLACK
6
CONTINUOUS
10
253.4324999999999761
20
-158.5135089999999991
11
253.7182149999999865
21
-158.3706520000000069
0
LINE
8
BLACK
6
CONTINUOUS
10
253.7182149999999865
20
-158.3706520000000069
11
253.7525429999999744
21
-158.3575160000000039
0
LINE
8
BLACK
6
CONTINUOUS
10
253.7525429999999744
20
-158.3575160000000039
11
253.7592629999999758
21
-158.3570379999999886
0
LINE
8
BLACK
6
CONTINUOUS
10
253.7592629999999758
20
-158.3570379999999886
11
253.7654879999999764
21
-158.3544599999999889
0
LINE
8
BLACK
6
CONTINUOUS
10
253.7654879999999764
20
-158.3544599999999889
11
253.8020669999999939
21
-158.3508569999999906
0
LINE
8
BLACK
6
CONTINUOUS
10
253.8020669999999939
20
-158.3508569999999906
11
254.5163519999999835
21
-158.3508569999999906
0
LINE
8
BLACK
6
CONTINUOUS
10
254.5163519999999835
20
-158.3508569999999906
11
254.5348669999999913
21
-158.3526799999999923
0
LINE
8
BLACK
6
CONTINUOUS
10
90.7225739999999945
20
-158.3544599999999889
11
90.7287979999999976
21
-158.3570379999999886
0
LINE
8
BLACK
6
CONTINUOUS
10
90.7287979999999976
20
-158.3570379999999886
11
90.7355189999999965
21
-158.3575160000000039
0
LINE
8
BLACK
6
CONTINUOUS
10
90.7355189999999965
20
-158.3575160000000039
11
90.7698469999999986
21
-158.3706520000000069
0
LINE
8
BLACK
6
CONTINUOUS
10
90.7698469999999986
20
-158.3706520000000069
11
91.0555619999999948
21
-158.5135089999999991
0
LINE
8
BLACK
6
CONTINUOUS
10
91.0555619999999948
20
-158.5135089999999991
11
91.0713039999999978
21
-158.5234179999999924
0
LINE
8
BLACK
6
CONTINUOUS
10
91.0713039999999978
20
-158.5234179999999924
11
91.0758799999999979
21
-158.5253139999999803
0
LINE
8
BLACK
6
CONTINUOUS
10
91.0758799999999979
20
-158.5253139999999803
11
91.0810329999999908
21
-158.5295419999999922
0
LINE
8
BLACK
6
CONTINUOUS
10
91.0810329999999908
20
-158.5295419999999922
11
91.0866679999999889
21
-158.5330899999999872
0
LINE
8
BLACK
6
CONTINUOUS
10
91.0866679999999889
20
-158.5330899999999872
11
91.0899089999999916
21
-158.5368259999999907
0
LINE
8
BLACK
6
CONTINUOUS
10
91.0899089999999916
20
-158.5368259999999907
11
91.1042929999999984
21
-158.5486310000000003
0
LINE
8
BLACK
6
CONTINUOUS
10
91.1042929999999984
20
-158.5486310000000003
11
91.2471489999999932
21
-158.6914879999999926
0
LINE
8
BLACK
6
CONTINUOUS
10
91.2471489999999932
20
-158.6914879999999926
11
91.2589519999999936
21
-158.7058700000000044
0
LINE
8
BLACK
6
CONTINUOUS
10
91.2589519999999936
20
-158.7058700000000044
11
91.2626909999999896
21
-158.7091130000000021
0
LINE
8
BLACK
6
CONTINUOUS
10
91.2626909999999896
20
-158.7091130000000021
11
91.2662389999999988
21
-158.7147489999999834
0
LINE
8
BLACK
6
CONTINUOUS
10
91.2662389999999988
20
-158.7147489999999834
11
91.2704669999999965
21
-158.719900999999993
0
LINE
8
BLACK
6
CONTINUOUS
10
91.2704669999999965
20
-158.719900999999993
11
91.2723609999999894
21
-158.724474999999984
0
LINE
8
BLACK
6
CONTINUOUS
10
91.2723609999999894
20
-158.724474999999984
11
91.2822719999999919
21
-158.7402179999999987
0
LINE
8
BLACK
6
CONTINUOUS
10
91.2822719999999919
20
-158.7402179999999987
11
91.4251289999999983
21
-159.0259319999999832
0
LINE
8
BLACK
6
CONTINUOUS
10
91.4251289999999983
20
-159.0259319999999832
11
91.4382650000000012
21
-159.060260999999997
0
LINE
8
BLACK
6
CONTINUOUS
10
91.4382650000000012
20
-159.060260999999997
11
91.4387419999999906
21
-159.0669809999999984
0
LINE
8
BLACK
6
CONTINUOUS
10
91.4387419999999906
20
-159.0669809999999984
11
91.4413210000000021
21
-159.073205999999999
0
LINE
8
BLACK
6
CONTINUOUS
10
91.4413210000000021
20
-159.073205999999999
11
91.4449240000000003
21
-159.109784999999988
0
LINE
8
BLACK
6
CONTINUOUS
10
91.4449240000000003
20
-159.109784999999988
11
91.4449240000000003
21
-159.5383569999999906
0
LINE
8
BLACK
6
CONTINUOUS
10
91.4449240000000003
20
-159.5383569999999906
11
91.4413210000000021
21
-159.5749359999999797
0
LINE
8
BLACK
6
CONTINUOUS
10
91.4413210000000021
20
-159.5749359999999797
11
91.4387419999999906
21
-159.5811599999999828
0
LINE
8
BLACK
6
CONTINUOUS
10
91.4387419999999906
20
-159.5811599999999828
11
91.4382650000000012
21
-159.5878809999999817
0
LINE
8
BLACK
6
CONTINUOUS
10
91.4382650000000012
20
-159.5878809999999817
11
91.4251289999999983
21
-159.6222099999999955
0
LINE
8
BLACK
6
CONTINUOUS
10
91.4251289999999983
20
-159.6222099999999955
11
91.2822719999999919
21
-159.90792399999998
0
LINE
8
BLACK
6
CONTINUOUS
10
91.2822719999999919
20
-159.90792399999998
11
91.2723609999999894
21
-159.9236659999999972
0
LINE
8
BLACK
6
CONTINUOUS
10
91.2723609999999894
20
-159.9236659999999972
11
91.2704669999999965
21
-159.9282409999999857
0
LINE
8
BLACK
6
CONTINUOUS
10
91.2704669999999965
20
-159.9282409999999857
11
91.2662389999999988
21
-159.9333919999999978
0
LINE
8
BLACK
6
CONTINUOUS
10
91.2662389999999988
20
-159.9333919999999978
11
91.2626909999999896
21
-159.939029000000005
0
LINE
8
BLACK
6
CONTINUOUS
10
91.2626909999999896
20
-159.939029000000005
11
91.2589519999999936
21
-159.9422710000000052
0
LINE
8
BLACK
6
CONTINUOUS
10
91.2589519999999936
20
-159.9422710000000052
11
91.2471489999999932
21
-159.9566539999999861
0
LINE
8
BLACK
6
CONTINUOUS
10
91.2471489999999932
20
-159.9566539999999861
11
91.1042929999999984
21
-160.0995110000000068
0
LINE
8
BLACK
6
CONTINUOUS
10
91.1042929999999984
20
-160.0995110000000068
11
91.0899089999999916
21
-160.1113149999999905
0
LINE
8
BLACK
6
CONTINUOUS
10
91.0899089999999916
20
-160.1113149999999905
11
91.0866679999999889
21
-160.1150519999999915
0
LINE
8
BLACK
6
CONTINUOUS
10
91.0866679999999889
20
-160.1150519999999915
11
91.0810329999999908
21
-160.118598999999989
0
LINE
8
BLACK
6
CONTINUOUS
10
91.0810329999999908
20
-160.118598999999989
11
91.0758799999999979
21
-160.1228279999999984
0
LINE
8
BLACK
6
CONTINUOUS
10
91.0758799999999979
20
-160.1228279999999984
11
91.0713039999999978
21
-160.1247229999999888
0
LINE
8
BLACK
6
CONTINUOUS
10
91.0713039999999978
20
-160.1247229999999888
11
91.0555619999999948
21
-160.1346329999999796
0
LINE
8
BLACK
6
CONTINUOUS
10
91.0555619999999948
20
-160.1346329999999796
11
90.7698469999999986
21
-160.2774900000000002
0
LINE
8
BLACK
6
CONTINUOUS
10
90.7698469999999986
20
-160.2774900000000002
11
90.7355189999999965
21
-160.2906260000000032
0
LINE
8
BLACK
6
CONTINUOUS
10
90.7355189999999965
20
-160.2906260000000032
11
90.7287979999999976
21
-160.2911029999999926
0
LINE
8
BLACK
6
CONTINUOUS
10
90.7287979999999976
20
-160.2911029999999926
11
90.7225739999999945
21
-160.2936819999999898
0
LINE
8
BLACK
6
CONTINUOUS
10
90.7225739999999945
20
-160.2936819999999898
11
90.6859949999999913
21
-160.297284999999988
0
LINE
8
BLACK
6
CONTINUOUS
10
90.6859949999999913
20
-160.297284999999988
11
89.730637999999999
21
-160.297284999999988
0
LINE
8
BLACK
6
CONTINUOUS
10
89.730637999999999
20
-160.297284999999988
11
89.730637999999999
21
-161.5383569999999906
0
LINE
8
BLACK
6
CONTINUOUS
10
89.730637999999999
20
-161.5383569999999906
11
89.7270350000000008
21
-161.5749359999999797
0
LINE
8
BLACK
6
CONTINUOUS
10
89.7270350000000008
20
-161.5749359999999797
11
89.6990389999999991
21
-161.6425260000000037
0
LINE
8
BLACK
6
CONTINUOUS
10
89.6990389999999991
20
-161.6425260000000037
11
89.6473069999999979
21
-161.6942579999999907
0
LINE
8
BLACK
6
CONTINUOUS
10
89.6473069999999979
20
-161.6942579999999907
11
89.5797170000000023
21
-161.7222539999999924
0
LINE
8
BLACK
6
CONTINUOUS
10
89.5797170000000023
20
-161.7222539999999924
11
89.5065589999999958
21
-161.7222539999999924
0
LINE
8
BLACK
6
CONTINUOUS
10
89.5065589999999958
20
-161.7222539999999924
11
89.4389690000000002
21
-161.6942579999999907
0
LINE
8
BLACK
6
CONTINUOUS
10
89.4389690000000002
20
-161.6942579999999907
11
89.3872369999999989
21
-161.6425260000000037
0
LINE
8
BLACK
6
CONTINUOUS
10
89.3872369999999989
20
-161.6425260000000037
11
89.3592409999999973
21
-161.5749359999999797
0
LINE
8
BLACK
6
CONTINUOUS
10
89.3592409999999973
20
-161.5749359999999797
11
89.355637999999999
21
-161.5383569999999906
0
LINE
8
BLACK
6
CONTINUOUS
10
89.355637999999999
20
-161.5383569999999906
11
89.355637999999999
21
-158.5383569999999906
0
LINE
8
BLACK
6
CONTINUOUS
10
89.355637999999999
20
-158.5383569999999906
11
89.3592409999999973
21
-158.5017780000000016
0
LINE
8
BLACK
6
CONTINUOUS
10
89.3592409999999973
20
-158.5017780000000016
11
89.3872369999999989
21
-158.434188000000006
0
LINE
8
BLACK
6
CONTINUOUS
10
89.3872369999999989
20
-158.434188000000006
11
89.4389690000000002
21
-158.3824559999999906
0
LINE
8
BLACK
6
CONTINUOUS
10
89.4389690000000002
20
-158.3824559999999906
11
89.5065589999999958
21
-158.3544599999999889
0
LINE
8
BLACK
6
CONTINUOUS
10
89.5065589999999958
20
-158.3544599999999889
11
89.543137999999999
21
-158.3508569999999906
0
LINE
8
BLACK
6
CONTINUOUS
10
89.543137999999999
20
-158.3508569999999906
11
90.6859949999999913
21
-158.3508569999999906
0
LINE
8
BLACK
6
CONTINUOUS
10
90.6859949999999913
20
-158.3508569999999906
11
90.7225739999999945
21
-158.3544599999999889
0
LINE
8
BLACK
6
CONTINUOUS
10
89.730637999999999
20
-159.922284999999988
11
90.6417330000000021
21
-159.922284999999988
0
LINE
8
BLACK
6
CONTINUOUS
10
90.6417330000000021
20
-159.922284999999988
11
90.8606399999999894
21
-159.8128309999999885
0
LINE
8
BLACK
6
CONTINUOUS
10
90.8606399999999894
20
-159.8128309999999885
11
90.9604689999999891
21
-159.7130029999999863
0
LINE
8
BLACK
6
CONTINUOUS
10
90.9604689999999891
20
-159.7130029999999863
11
91.0699240000000003
21
-159.4940939999999898
0
LINE
8
BLACK
6
CONTINUOUS
10
91.0699240000000003
20
-159.4940939999999898
11
91.0699240000000003
21
-159.1540479999999889
0
LINE
8
BLACK
6
CONTINUOUS
10
91.0699240000000003
20
-159.1540479999999889
11
90.9604689999999891
21
-158.9351379999999949
0
LINE
8
BLACK
6
CONTINUOUS
10
90.9604689999999891
20
-158.9351379999999949
11
90.8606399999999894
21
-158.8353099999999927
0
LINE
8
BLACK
6
CONTINUOUS
10
90.8606399999999894
20
-158.8353099999999927
11
90.6417330000000021
21
-158.7258569999999906
0
LINE
8
BLACK
6
CONTINUOUS
10
90.6417330000000021
20
-158.7258569999999906
11
89.730637999999999
21
-158.7258569999999906
0
LINE
8
BLACK
6
CONTINUOUS
10
89.730637999999999
20
-158.7258569999999906
11
89.730637999999999
21
-159.922284999999988
0
LINE
8
BLACK
6
CONTINUOUS
10
257.4100740000000087
20
-158.3544599999999889
11
257.4162979999999834
21
-158.3570379999999886
0
LINE
8
BLACK
6
CONTINUOUS
10
257.4162979999999834
20
-158.3570379999999886
11
257.4230190000000107
21
-158.3575160000000039
0
LINE
8
BLACK
6
CONTINUOUS
10
257.4230190000000107
20
-158.3575160000000039
11
257.4573469999999702
21
-158.3706520000000069
0
LINE
8
BLACK
6
CONTINUOUS
10
257.4573469999999702
20
-158.3706520000000069
11
257.743062000000009
21
-158.5135089999999991
0
LINE
8
BLACK
6
CONTINUOUS
10
257.743062000000009
20
-158.5135089999999991
11
257.7588039999999978
21
-158.5234179999999924
0
LINE
8
BLACK
6
CONTINUOUS
10
257.7588039999999978
20
-158.5234179999999924
11
257.7633799999999837
21
-158.5253139999999803
0
LINE
8
BLACK
6
CONTINUOUS
10
257.7633799999999837
20
-158.5253139999999803
11
257.7685329999999908
21
-158.5295419999999922
0
LINE
8
BLACK
6
CONTINUOUS
10
257.7685329999999908
20
-158.5295419999999922
11
257.7741679999999747
21
-158.5330899999999872
0
LINE
8
BLACK
6
CONTINUOUS
10
257.7741679999999747
20
-158.5330899999999872
11
257.7774089999999774
21
-158.5368259999999907
0
LINE
8
BLACK
6
CONTINUOUS
10
257.7774089999999774
20
-158.5368259999999907
11
257.7917929999999842
21
-158.5486310000000003
0
LINE
8
BLACK
6
CONTINUOUS
10
257.7917929999999842
20
-158.5486310000000003
11
257.934648999999979
21
-158.6914879999999926
0
LINE
8
BLACK
6
CONTINUOUS
10
257.934648999999979
20
-158.6914879999999926
11
257.9464519999999652
21
-158.7058700000000044
0
LINE
8
BLACK
6
CONTINUOUS
10
257.9464519999999652
20
-158.7058700000000044
11
257.9501909999999612
21
-158.7091130000000021
0
LINE
8
BLACK
6
CONTINUOUS
10
257.9501909999999612
20
-158.7091130000000021
11
257.9537389999999846
21
-158.7147489999999834
0
LINE
8
BLACK
6
CONTINUOUS
10
257.9537389999999846
20
-158.7147489999999834
11
257.9579669999999965
21
-158.719900999999993
0
LINE
8
BLACK
6
CONTINUOUS
10
257.9579669999999965
20
-158.719900999999993
11
257.9598609999999894
21
-158.724474999999984
0
LINE
8
BLACK
6
CONTINUOUS
10
257.9598609999999894
20
-158.724474999999984
11
257.9697719999999777
21
-158.7402179999999987
0
LINE
8
BLACK
6
CONTINUOUS
10
257.9697719999999777
20
-158.7402179999999987
11
258.1126289999999699
21
-159.0259319999999832
0
LINE
8
BLACK
6
CONTINUOUS
10
258.1126289999999699
20
-159.0259319999999832
11
258.1257650000000012
21
-159.060260999999997
0
LINE
8
BLACK
6
CONTINUOUS
10
258.1257650000000012
20
-159.060260999999997
11
258.1262419999999906
21
-159.0669809999999984
0
LINE
8
BLACK
6
CONTINUOUS
10
258.1262419999999906
20
-159.0669809999999984
11
258.1288210000000163
21
-159.073205999999999
0
LINE
8
BLACK
6
CONTINUOUS
10
258.1288210000000163
20
-159.073205999999999
11
258.1324240000000145
21
-159.109784999999988
0
LINE
8
BLACK
6
CONTINUOUS
10
258.1324240000000145
20
-159.109784999999988
11
258.1324240000000145
21
-159.5383569999999906
0
LINE
8
BLACK
6
CONTINUOUS
10
258.1324240000000145
20
-159.5383569999999906
11
258.1288210000000163
21
-159.5749359999999797
0
LINE
8
BLACK
6
CONTINUOUS
10
258.1288210000000163
20
-159.5749359999999797
11
258.1262419999999906
21
-159.5811599999999828
0
LINE
8
BLACK
6
CONTINUOUS
10
258.1262419999999906
20
-159.5811599999999828
11
258.1257650000000012
21
-159.5878809999999817
0
LINE
8
BLACK
6
CONTINUOUS
10
258.1257650000000012
20
-159.5878809999999817
11
258.1126289999999699
21
-159.6222099999999955
0
LINE
8
BLACK
6
CONTINUOUS
10
258.1126289999999699
20
-159.6222099999999955
11
257.9697719999999777
21
-159.90792399999998
0
LINE
8
BLACK
6
CONTINUOUS
10
257.9697719999999777
20
-159.90792399999998
11
257.9598609999999894
21
-159.9236659999999972
0
LINE
8
BLACK
6
CONTINUOUS
10
257.9598609999999894
20
-159.9236659999999972
11
257.9579669999999965
21
-159.9282409999999857
0
LINE
8
BLACK
6
CONTINUOUS
10
257.9579669999999965
20
-159.9282409999999857
11
257.9537389999999846
21
-159.9333919999999978
0
LINE
8
BLACK
6
CONTINUOUS
10
257.9537389999999846
20
-159.9333919999999978
11
257.9501909999999612
21
-159.939029000000005
0
LINE
8
BLACK
6
CONTINUOUS
10
257.9501909999999612
20
-159.939029000000005
11
257.9464519999999652
21
-159.9422710000000052
0
LINE
8
BLACK
6
CONTINUOUS
10
257.9464519999999652
20
-159.9422710000000052
11
257.934648999999979
21
-159.9566539999999861
0
LINE
8
BLACK
6
CONTINUOUS
10
257.934648999999979
20
-159.9566539999999861
11
257.7917929999999842
21
-160.0995110000000068
0
LINE
8
BLACK
6
CONTINUOUS
10
257.7917929999999842
20
-160.0995110000000068
11
257.7774089999999774
21
-160.1113149999999905
0
LINE
8
BLACK
6
CONTINUOUS
10
257.7774089999999774
20
-160.1113149999999905
11
257.7741679999999747
21
-160.1150519999999915
0
LINE
8
BLACK
6
CONTINUOUS
10
257.7741679999999747
20
-160.1150519999999915
11
257.7685329999999908
21
-160.118598999999989
0
LINE
8
BLACK
6
CONTINUOUS
10
257.7685329999999908
20
-160.118598999999989
11
257.7633799999999837
21
-160.1228279999999984
0
LINE
8
BLACK
6
CONTINUOUS
10
257.7633799999999837
20
-160.1228279999999984
11
257.7588039999999978
21
-160.1247229999999888
0
LINE
8
BLACK
6
CONTINUOUS
10
257.7588039999999978
20
-160.1247229999999888
11
257.743062000000009
21
-160.1346329999999796
0
LINE
8
BLACK
6
CONTINUOUS
10
257.743062000000009
20
-160.1346329999999796
11
257.4573469999999702
21
-160.2774900000000002
0
LINE
8
BLACK
6
CONTINUOUS
10
257.4573469999999702
20
-160.2774900000000002
11
257.4230190000000107
21
-160.2906260000000032
0
LINE
8
BLACK
6
CONTINUOUS
10
257.4230190000000107
20
-160.2906260000000032
11
257.4162979999999834
21
-160.2911029999999926
0
LINE
8
BLACK
6
CONTINUOUS
10
257.4162979999999834
20
-160.2911029999999926
11
257.4100740000000087
21
-160.2936819999999898
0
LINE
8
BLACK
6
CONTINUOUS
10
257.4100740000000087
20
-160.2936819999999898
11
257.3734949999999913
21
-160.297284999999988
0
LINE
8
BLACK
6
CONTINUOUS
10
257.3734949999999913
20
-160.297284999999988
11
256.418137999999999
21
-160.297284999999988
0
LINE
8
BLACK
6
CONTINUOUS
10
256.418137999999999
20
-160.297284999999988
11
256.418137999999999
21
-161.5383569999999906
0
LINE
8
BLACK
6
CONTINUOUS
10
256.418137999999999
20
-161.5383569999999906
11
256.4145350000000008
21
-161.5749359999999797
0
LINE
8
BLACK
6
CONTINUOUS
10
256.4145350000000008
20
-161.5749359999999797
11
256.3865389999999707
21
-161.6425260000000037
0
LINE
8
BLACK
6
CONTINUOUS
10
256.3865389999999707
20
-161.6425260000000037
11
256.3348070000000121
21
-161.6942579999999907
0
LINE
8
BLACK
6
CONTINUOUS
10
256.3348070000000121
20
-161.6942579999999907
11
256.2672170000000165
21
-161.7222539999999924
0
LINE
8
BLACK
6
CONTINUOUS
10
256.2672170000000165
20
-161.7222539999999924
11
256.1940589999999816
21
-161.7222539999999924
0
LINE
8
BLACK
6
CONTINUOUS
10
256.1940589999999816
20
-161.7222539999999924
11
256.126468999999986
21
-161.6942579999999907
0
LINE
8
BLACK
6
CONTINUOUS
10
256.126468999999986
20
-161.6942579999999907
11
256.0747369999999705
21
-161.6425260000000037
0
LINE
8
BLACK
6
CONTINUOUS
10
256.0747369999999705
20
-161.6425260000000037
11
256.0467409999999973
21
-161.5749359999999797
0
LINE
8
BLACK
6
CONTINUOUS
10
256.0467409999999973
20
-161.5749359999999797
11
256.043137999999999
21
-161.5383569999999906
0
LINE
8
BLACK
6
CONTINUOUS
10
256.043137999999999
20
-161.5383569999999906
11
256.043137999999999
21
-158.5383569999999906
0
LINE
8
BLACK
6
CONTINUOUS
10
256.043137999999999
20
-158.5383569999999906
11
256.0467409999999973
21
-158.5017780000000016
0
LINE
8
BLACK
6
CONTINUOUS
10
256.0467409999999973
20
-158.5017780000000016
11
256.0747369999999705
21
-158.434188000000006
0
LINE
8
BLACK
6
CONTINUOUS
10
256.0747369999999705
20
-158.434188000000006
11
256.126468999999986
21
-158.3824559999999906
0
LINE
8
BLACK
6
CONTINUOUS
10
256.126468999999986
20
-158.3824559999999906
11
256.1940589999999816
21
-158.3544599999999889
0
LINE
8
BLACK
6
CONTINUOUS
10
256.1940589999999816
20
-158.3544599999999889
11
256.230637999999999
21
-158.3508569999999906
0
LINE
8
BLACK
6
CONTINUOUS
10
256.230637999999999
20
-158.3508569999999906
11
257.3734949999999913
21
-158.3508569999999906
0
LINE
8
BLACK
6
CONTINUOUS
10
257.3734949999999913
20
-158.3508569999999906
11
257.4100740000000087
21
-158.3544599999999889
0
LINE
8
BLACK
6
CONTINUOUS
10
256.418137999999999
20
-159.922284999999988
11
257.3292329999999879
21
-159.922284999999988
0
LINE
8
BLACK
6
CONTINUOUS
10
257.3292329999999879
20
-159.922284999999988
11
257.5481399999999894
21
-159.8128309999999885
0
LINE
8
BLACK
6
CONTINUOUS
10
257.5481399999999894
20
-159.8128309999999885
11
257.6479689999999891
21
-159.7130029999999863
0
LINE
8
BLACK
6
CONTINUOUS
10
257.6479689999999891
20
-159.7130029999999863
11
257.7574240000000145
21
-159.4940939999999898
0
LINE
8
BLACK
6
CONTINUOUS
10
257.7574240000000145
20
-159.4940939999999898
11
257.7574240000000145
21
-159.1540479999999889
0
LINE
8
BLACK
6
CONTINUOUS
10
257.7574240000000145
20
-159.1540479999999889
11
257.6479689999999891
21
-158.9351379999999949
0
LINE
8
BLACK
6
CONTINUOUS
10
257.6479689999999891
20
-158.9351379999999949
11
257.5481399999999894
21
-158.8353099999999927
0
LINE
8
BLACK
6
CONTINUOUS
10
257.5481399999999894
20
-158.8353099999999927
11
257.3292329999999879
21
-158.7258569999999906
0
LINE
8
BLACK
6
CONTINUOUS
10
257.3292329999999879
20
-158.7258569999999906
11
256.418137999999999
21
-158.7258569999999906
0
LINE
8
BLACK
6
CONTINUOUS
10
256.418137999999999
20
-158.7258569999999906
11
256.418137999999999
21
-159.922284999999988
0
LINE
8
BLACK
6
CONTINUOUS
10
242.935260999999997
20
-153.3305809999999951
11
242.9372290000000021
21
-153.3304499999999848
0
LINE
8
BLACK
6
CONTINUOUS
10
242.9372290000000021
20
-153.3304499999999848
11
242.9385839999999916
21
-153.3309079999999938
0
LINE
8
BLACK
6
CONTINUOUS
10
242.9385839999999916
20
-153.3309079999999938
11
242.9421549999999854
21
-153.3312599999999861
0
LINE
8
BLACK
6
CONTINUOUS
10
242.9421549999999854
20
-153.3312599999999861
11
242.9534119999999859
21
-153.3359229999999798
0
LINE
8
BLACK
6
CONTINUOUS
10
242.9534119999999859
20
-153.3359229999999798
11
242.9649499999999875
21
-153.3398249999999905
0
LINE
8
BLACK
6
CONTINUOUS
10
242.9649499999999875
20
-153.3398249999999905
11
242.9668539999999837
21
-153.3414899999999932
0
LINE
8
BLACK
6
CONTINUOUS
10
242.9668539999999837
20
-153.3414899999999932
11
242.969190999999995
21
-153.342458999999991
0
LINE
8
BLACK
6
CONTINUOUS
10
242.969190999999995
20
-153.342458999999991
11
242.9778009999999995
21
-153.3510689999999954
0
LINE
8
BLACK
6
CONTINUOUS
10
242.9778009999999995
20
-153.3510689999999954
11
242.9869739999999751
21
-153.3590949999999964
0
LINE
8
BLACK
6
CONTINUOUS
10
242.9869739999999751
20
-153.3590949999999964
11
242.9880959999999845
21
-153.3613639999999805
0
LINE
8
BLACK
6
CONTINUOUS
10
242.9880959999999845
20
-153.3613639999999805
11
242.9898829999999919
21
-153.3631509999999878
0
LINE
8
BLACK
6
CONTINUOUS
10
242.9898829999999919
20
-153.3631509999999878
11
242.9945429999999931
21
-153.374401000000006
0
LINE
8
BLACK
6
CONTINUOUS
10
242.9945429999999931
20
-153.374401000000006
11
242.9999459999999942
21
-153.3853269999999895
0
LINE
8
BLACK
6
CONTINUOUS
10
242.9999459999999942
20
-153.3853269999999895
11
243.0001139999999964
21
-153.387849999999986
0
LINE
8
BLACK
6
CONTINUOUS
10
243.0001139999999964
20
-153.387849999999986
11
243.0010819999999967
21
-153.3901869999999974
0
LINE
8
BLACK
6
CONTINUOUS
10
243.0010819999999967
20
-153.3901869999999974
11
243.0010819999999967
21
-153.402370999999988
0
LINE
8
BLACK
6
CONTINUOUS
10
243.0010819999999967
20
-153.402370999999988
11
243.001891999999998
21
-153.4145249999999976
0
LINE
8
BLACK
6
CONTINUOUS
10
243.001891999999998
20
-153.4145249999999976
11
243.0010819999999967
21
-153.4169200000000046
0
LINE
8
BLACK
6
CONTINUOUS
10
243.0010819999999967
20
-153.4169200000000046
11
243.0010819999999967
21
-153.4194509999999809
0
LINE
8
BLACK
6
CONTINUOUS
10
243.0010819999999967
20
-153.4194509999999809
11
242.9964179999999772
21
-153.4307079999999814
0
LINE
8
BLACK
6
CONTINUOUS
10
242.9964179999999772
20
-153.4307079999999814
11
242.9925169999999923
21
-153.442245999999983
0
LINE
8
BLACK
6
CONTINUOUS
10
242.9925169999999923
20
-153.442245999999983
11
242.9904310000000009
21
-153.4451629999999795
0
LINE
8
BLACK
6
CONTINUOUS
10
242.9904310000000009
20
-153.4451629999999795
11
242.9898829999999919
21
-153.4464869999999905
0
LINE
8
BLACK
6
CONTINUOUS
10
242.9898829999999919
20
-153.4464869999999905
11
242.9884869999999921
21
-153.4478819999999928
0
LINE
8
BLACK
6
CONTINUOUS
10
242.9884869999999921
20
-153.4478819999999928
11
242.983965999999981
21
-153.4542069999999967
0
LINE
8
BLACK
6
CONTINUOUS
10
242.983965999999981
20
-153.4542069999999967
11
242.7570699999999988
21
-153.7135159999999985
0
LINE
8
BLACK
6
CONTINUOUS
10
242.7570699999999988
20
-153.7135159999999985
11
242.7705879999999752
21
-153.7186889999999835
0
LINE
8
BLACK
6
CONTINUOUS
10
242.7705879999999752
20
-153.7186889999999835
11
242.8658259999999984
21
-153.7663079999999809
0
LINE
8
BLACK
6
CONTINUOUS
10
242.8658259999999984
20
-153.7663079999999809
11
242.8721249999999827
21
-153.7702720000000056
0
LINE
8
BLACK
6
CONTINUOUS
10
242.8721249999999827
20
-153.7702720000000056
11
242.8739530000000002
21
-153.7710299999999961
0
LINE
8
BLACK
6
CONTINUOUS
10
242.8739530000000002
20
-153.7710299999999961
11
242.8760089999999821
21
-153.7727179999999976
0
LINE
8
BLACK
6
CONTINUOUS
10
242.8760089999999821
20
-153.7727179999999976
11
242.8782689999999889
21
-153.7741399999999885
0
LINE
8
BLACK
6
CONTINUOUS
10
242.8782689999999889
20
-153.7741399999999885
11
242.8795679999999777
21
-153.7756379999999865
0
LINE
8
BLACK
6
CONTINUOUS
10
242.8795679999999777
20
-153.7756379999999865
11
242.8853179999999838
21
-153.7803569999999809
0
LINE
8
BLACK
6
CONTINUOUS
10
242.8853179999999838
20
-153.7803569999999809
11
242.9329369999999813
21
-153.8279760000000067
0
LINE
8
BLACK
6
CONTINUOUS
10
242.9329369999999813
20
-153.8279760000000067
11
242.9376549999999781
21
-153.8337249999999869
0
LINE
8
BLACK
6
CONTINUOUS
10
242.9376549999999781
20
-153.8337249999999869
11
242.939154000000002
21
-153.8350250000000017
0
LINE
8
BLACK
6
CONTINUOUS
10
242.939154000000002
20
-153.8350250000000017
11
242.9405749999999955
21
-153.8372839999999826
0
LINE
8
BLACK
6
CONTINUOUS
10
242.9405749999999955
20
-153.8372839999999826
11
242.9422639999999944
21
-153.8393409999999903
0
LINE
8
BLACK
6
CONTINUOUS
10
242.9422639999999944
20
-153.8393409999999903
11
242.9430209999999875
21
-153.8411679999999819
0
LINE
8
BLACK
6
CONTINUOUS
10
242.9430209999999875
20
-153.8411679999999819
11
242.9469859999999812
21
-153.8474679999999921
0
LINE
8
BLACK
6
CONTINUOUS
10
242.9469859999999812
20
-153.8474679999999921
11
242.9946049999999786
21
-153.9427059999999869
0
LINE
8
BLACK
6
CONTINUOUS
10
242.9946049999999786
20
-153.9427059999999869
11
242.999859999999984
21
-153.956436999999994
0
LINE
8
BLACK
6
CONTINUOUS
10
242.999859999999984
20
-153.956436999999994
11
243.0000509999999849
21
-153.9591259999999977
0
LINE
8
BLACK
6
CONTINUOUS
10
243.0000509999999849
20
-153.9591259999999977
11
243.0010819999999967
21
-153.9616149999999948
0
LINE
8
BLACK
6
CONTINUOUS
10
243.0010819999999967
20
-153.9616149999999948
11
243.0025229999999965
21
-153.9762470000000008
0
LINE
8
BLACK
6
CONTINUOUS
10
243.0025229999999965
20
-153.9762470000000008
11
243.0025229999999965
21
-154.2143419999999878
0
LINE
8
BLACK
6
CONTINUOUS
10
243.0025229999999965
20
-154.2143419999999878
11
243.0010819999999967
21
-154.2289739999999938
0
LINE
8
BLACK
6
CONTINUOUS
10
243.0010819999999967
20
-154.2289739999999938
11
243.0000509999999849
21
-154.2314619999999934
0
LINE
8
BLACK
6
CONTINUOUS
10
243.0000509999999849
20
-154.2314619999999934
11
242.999859999999984
21
-154.2341519999999946
0
LINE
8
BLACK
6
CONTINUOUS
10
242.999859999999984
20
-154.2341519999999946
11
242.9946049999999786
21
-154.2478830000000016
0
LINE
8
BLACK
6
CONTINUOUS
10
242.9946049999999786
20
-154.2478830000000016
11
242.9469859999999812
21
-154.3431209999999965
0
LINE
8
BLACK
6
CONTINUOUS
10
242.9469859999999812
20
-154.3431209999999965
11
242.9430219999999849
21
-154.3494169999999883
0
LINE
8
BLACK
6
CONTINUOUS
10
242.9430219999999849
20
-154.3494169999999883
11
242.9422649999999919
21
-154.3512470000000008
0
LINE
8
BLACK
6
CONTINUOUS
10
242.9422649999999919
20
-154.3512470000000008
11
242.9405749999999955
21
-154.353305000000006
0
LINE
8
BLACK
6
CONTINUOUS
10
242.9405749999999955
20
-154.353305000000006
11
242.939154000000002
21
-154.3555639999999869
0
LINE
8
BLACK
6
CONTINUOUS
10
242.939154000000002
20
-154.3555639999999869
11
242.9376549999999781
21
-154.3568630000000041
0
LINE
8
BLACK
6
CONTINUOUS
10
242.9376549999999781
20
-154.3568630000000041
11
242.9329369999999813
21
-154.3626129999999819
0
LINE
8
BLACK
6
CONTINUOUS
10
242.9329369999999813
20
-154.3626129999999819
11
242.8892759999999953
21
-154.4062729999999988
0
LINE
8
BLACK
6
CONTINUOUS
10
242.8892759999999953
20
-154.4062729999999988
11
242.8937549999999987
21
-154.4072960000000023
0
LINE
8
BLACK
6
CONTINUOUS
10
242.8937549999999987
20
-154.4072960000000023
11
243.1903639999999882
21
-154.5110839999999826
0
LINE
8
BLACK
6
CONTINUOUS
10
243.1903639999999882
20
-154.5110839999999826
11
243.4734879999999748
21
-154.6474299999999857
0
LINE
8
BLACK
6
CONTINUOUS
10
243.4734879999999748
20
-154.6474299999999857
11
243.7395649999999989
21
-154.8146169999999984
0
LINE
8
BLACK
6
CONTINUOUS
10
243.7395649999999989
20
-154.8146169999999984
11
243.9852509999999768
21
-155.0105449999999792
0
LINE
8
BLACK
6
CONTINUOUS
10
243.9852509999999768
20
-155.0105449999999792
11
244.2074549999999817
21
-155.2327489999999841
0
LINE
8
BLACK
6
CONTINUOUS
10
244.2074549999999817
20
-155.2327489999999841
11
244.4033829999999909
21
-155.4784349999999904
0
LINE
8
BLACK
6
CONTINUOUS
10
244.4033829999999909
20
-155.4784349999999904
11
244.5705699999999752
21
-155.7445119999999861
0
LINE
8
BLACK
6
CONTINUOUS
10
244.5705699999999752
20
-155.7445119999999861
11
244.7069159999999783
21
-156.0276360000000011
0
LINE
8
BLACK
6
CONTINUOUS
10
244.7069159999999783
20
-156.0276360000000011
11
244.810703999999987
21
-156.3242449999999906
0
LINE
8
BLACK
6
CONTINUOUS
10
244.810703999999987
20
-156.3242449999999906
11
244.880628999999999
21
-156.6306099999999901
0
LINE
8
BLACK
6
CONTINUOUS
10
244.880628999999999
20
-156.6306099999999901
11
244.9158139999999833
21
-156.942877999999979
0
LINE
8
BLACK
6
CONTINUOUS
10
244.9158139999999833
20
-156.942877999999979
11
244.9158139999999833
21
-157.2571219999999812
0
LINE
8
BLACK
6
CONTINUOUS
10
244.9158139999999833
20
-157.2571219999999812
11
244.880628999999999
21
-157.5693899999999985
0
LINE
8
BLACK
6
CONTINUOUS
10
244.880628999999999
20
-157.5693899999999985
11
244.810703999999987
21
-157.8757549999999981
0
LINE
8
BLACK
6
CONTINUOUS
10
244.810703999999987
20
-157.8757549999999981
11
244.7069159999999783
21
-158.1723639999999875
0
LINE
8
BLACK
6
CONTINUOUS
10
244.7069159999999783
20
-158.1723639999999875
11
244.5705699999999752
21
-158.4554880000000026
0
LINE
8
BLACK
6
CONTINUOUS
10
244.5705699999999752
20
-158.4554880000000026
11
244.4033829999999909
21
-158.7215649999999982
0
LINE
8
BLACK
6
CONTINUOUS
10
244.4033829999999909
20
-158.7215649999999982
11
244.2074549999999817
21
-158.9672510000000045
0
LINE
8
BLACK
6
CONTINUOUS
10
244.2074549999999817
20
-158.9672510000000045
11
243.9852509999999768
21
-159.1894549999999811
0
LINE
8
BLACK
6
CONTINUOUS
10
243.9852509999999768
20
-159.1894549999999811
11
243.7395649999999989
21
-159.3853829999999903
0
LINE
8
BLACK
6
CONTINUOUS
10
243.7395649999999989
20
-159.3853829999999903
11
243.4734879999999748
21
-159.5525700000000029
0
LINE
8
BLACK
6
CONTINUOUS
10
243.4734879999999748
20
-159.5525700000000029
11
243.1903639999999882
21
-159.6889160000000061
0
LINE
8
BLACK
6
CONTINUOUS
10
243.1903639999999882
20
-159.6889160000000061
11
242.8937549999999987
21
-159.7927039999999863
0
LINE
8
BLACK
6
CONTINUOUS
10
242.8937549999999987
20
-159.7927039999999863
11
242.5873899999999992
21
-159.8626289999999983
0
LINE
8
BLACK
6
CONTINUOUS
10
242.5873899999999992
20
-159.8626289999999983
11
242.2751219999999819
21
-159.8978139999999826
0
LINE
8
BLACK
6
CONTINUOUS
10
242.2751219999999819
20
-159.8978139999999826
11
241.9608779999999797
21
-159.8978139999999826
0
LINE
8
BLACK
6
CONTINUOUS
10
241.9608779999999797
20
-159.8978139999999826
11
241.6486099999999908
21
-159.8626289999999983
0
LINE
8
BLACK
6
CONTINUOUS
10
241.6486099999999908
20
-159.8626289999999983
11
241.3422449999999913
21
-159.7927039999999863
0
LINE
8
BLACK
6
CONTINUOUS
10
241.3422449999999913
20
-159.7927039999999863
11
241.0456360000000018
21
-159.6889160000000061
0
LINE
8
BLACK
6
CONTINUOUS
10
241.0456360000000018
20
-159.6889160000000061
11
240.7625119999999868
21
-159.5525700000000029
0
LINE
8
BLACK
6
CONTINUOUS
10
240.7625119999999868
20
-159.5525700000000029
11
240.4964349999999911
21
-159.3853829999999903
0
LINE
8
BLACK
6
CONTINUOUS
10
240.4964349999999911
20
-159.3853829999999903
11
240.2507489999999848
21
-159.1894549999999811
0
LINE
8
BLACK
6
CONTINUOUS
10
240.2507489999999848
20
-159.1894549999999811
11
240.0285449999999798
21
-158.9672510000000045
0
LINE
8
BLACK
6
CONTINUOUS
10
240.0285449999999798
20
-158.9672510000000045
11
239.8326169999999991
21
-158.7215649999999982
0
LINE
8
BLACK
6
CONTINUOUS
10
239.8326169999999991
20
-158.7215649999999982
11
239.6654299999999864
21
-158.4554880000000026
0
LINE
8
BLACK
6
CONTINUOUS
10
239.6654299999999864
20
-158.4554880000000026
11
239.5290839999999832
21
-158.1723639999999875
0
LINE
8
BLACK
6
CONTINUOUS
10
239.5290839999999832
20
-158.1723639999999875
11
239.425296000000003
21
-157.8757549999999981
0
LINE
8
BLACK
6
CONTINUOUS
10
239.425296000000003
20
-157.8757549999999981
11
239.355370999999991
21
-157.5693899999999985
0
LINE
8
BLACK
6
CONTINUOUS
10
239.355370999999991
20
-157.5693899999999985
11
239.3201859999999783
21
-157.2571219999999812
0
LINE
8
BLACK
6
CONTINUOUS
10
239.3201859999999783
20
-157.2571219999999812
11
239.3201859999999783
21
-156.9482459999999833
0
LINE
8
BLACK
6
CONTINUOUS
10
239.3201859999999783
20
-156.9482459999999833
11
239.3201859999999783
21
-156.942877999999979
0
LINE
8
BLACK
6
CONTINUOUS
10
239.3201859999999783
20
-156.942877999999979
11
239.355370999999991
21
-156.6306099999999901
0
LINE
8
BLACK
6
CONTINUOUS
10
239.355370999999991
20
-156.6306099999999901
11
239.425296000000003
21
-156.3242449999999906
0
LINE
8
BLACK
6
CONTINUOUS
10
239.425296000000003
20
-156.3242449999999906
11
239.5290839999999832
21
-156.0276360000000011
0
LINE
8
BLACK
6
CONTINUOUS
10
239.5290839999999832
20
-156.0276360000000011
11
239.6654299999999864
21
-155.7445119999999861
0
LINE
8
BLACK
6
CONTINUOUS
10
239.6654299999999864
20
-155.7445119999999861
11
239.8326169999999991
21
-155.4784349999999904
0
LINE
8
BLACK
6
CONTINUOUS
10
239.8326169999999991
20
-155.4784349999999904
11
240.0285449999999798
21
-155.2327489999999841
0
LINE
8
BLACK
6
CONTINUOUS
10
240.0285449999999798
20
-155.2327489999999841
11
240.2507489999999848
21
-155.0105449999999792
0
LINE
8
BLACK
6
CONTINUOUS
10
240.2507489999999848
20
-155.0105449999999792
11
240.4964349999999911
21
-154.8146169999999984
0
LINE
8
BLACK
6
CONTINUOUS
10
240.4964349999999911
20
-154.8146169999999984
11
240.7625119999999868
21
-154.6474299999999857
0
LINE
8
BLACK
6
CONTINUOUS
10
240.7625119999999868
20
-154.6474299999999857
11
241.0456360000000018
21
-154.5110839999999826
0
LINE
8
BLACK
6
CONTINUOUS
10
241.0456360000000018
20
-154.5110839999999826
11
241.285696999999999
21
-154.4270819999999844
0
LINE
8
BLACK
6
CONTINUOUS
10
241.285696999999999
20
-154.4270819999999844
11
241.2825359999999932
21
-154.4194509999999809
0
LINE
8
BLACK
6
CONTINUOUS
10
241.2825359999999932
20
-154.4194509999999809
11
241.2810949999999934
21
-154.4048190000000034
0
LINE
8
BLACK
6
CONTINUOUS
10
241.2810949999999934
20
-154.4048190000000034
11
241.2810949999999934
21
-153.4048190000000034
0
LINE
8
BLACK
6
CONTINUOUS
10
241.2810949999999934
20
-153.4048190000000034
11
241.2825359999999932
21
-153.3901869999999974
0
LINE
8
BLACK
6
CONTINUOUS
10
241.2825359999999932
20
-153.3901869999999974
11
241.2937349999999981
21
-153.3631509999999878
0
LINE
8
BLACK
6
CONTINUOUS
10
241.2937349999999981
20
-153.3631509999999878
11
241.3144269999999949
21
-153.342458999999991
0
LINE
8
BLACK
6
CONTINUOUS
10
241.3144269999999949
20
-153.342458999999991
11
241.3414629999999761
21
-153.3312599999999861
0
LINE
8
BLACK
6
CONTINUOUS
10
241.3414629999999761
20
-153.3312599999999861
11
241.370726999999988
21
-153.3312599999999861
0
LINE
8
BLACK
6
CONTINUOUS
10
241.370726999999988
20
-153.3312599999999861
11
241.3977629999999976
21
-153.342458999999991
0
LINE
8
BLACK
6
CONTINUOUS
10
241.3977629999999976
20
-153.342458999999991
11
241.4184549999999945
21
-153.3631509999999878
0
LINE
8
BLACK
6
CONTINUOUS
10
241.4184549999999945
20
-153.3631509999999878
11
241.4296539999999993
21
-153.3901869999999974
0
LINE
8
BLACK
6
CONTINUOUS
10
241.4296539999999993
20
-153.3901869999999974
11
241.4310949999999991
21
-153.4048190000000034
0
LINE
8
BLACK
6
CONTINUOUS
10
241.4310949999999991
20
-153.4048190000000034
11
241.4310949999999991
21
-153.8060089999999889
0
LINE
8
BLACK
6
CONTINUOUS
10
241.4310949999999991
20
-153.8060089999999889
11
241.8525229999999908
21
-153.8060089999999889
0
LINE
8
BLACK
6
CONTINUOUS
10
241.8525229999999908
20
-153.8060089999999889
11
241.8525229999999908
21
-153.4048190000000034
0
LINE
8
BLACK
6
CONTINUOUS
10
241.8525229999999908
20
-153.4048190000000034
11
241.8539639999999906
21
-153.3901869999999974
0
LINE
8
BLACK
6
CONTINUOUS
10
241.8539639999999906
20
-153.3901869999999974
11
241.8651629999999955
21
-153.3631509999999878
0
LINE
8
BLACK
6
CONTINUOUS
10
241.8651629999999955
20
-153.3631509999999878
11
241.8858549999999923
21
-153.342458999999991
0
LINE
8
BLACK
6
CONTINUOUS
10
241.8858549999999923
20
-153.342458999999991
11
241.9128910000000019
21
-153.3312599999999861
0
LINE
8
BLACK
6
CONTINUOUS
10
241.9128910000000019
20
-153.3312599999999861
11
241.9421549999999854
21
-153.3312599999999861
0
LINE
8
BLACK
6
CONTINUOUS
10
241.9421549999999854
20
-153.3312599999999861
11
241.969190999999995
21
-153.342458999999991
0
LINE
8
BLACK
6
CONTINUOUS
10
241.969190999999995
20
-153.342458999999991
11
241.9898829999999919
21
-153.3631509999999878
0
LINE
8
BLACK
6
CONTINUOUS
10
241.9898829999999919
20
-153.3631509999999878
11
242.0010819999999967
21
-153.3901869999999974
0
LINE
8
BLACK
6
CONTINUOUS
10
242.0010819999999967
20
-153.3901869999999974
11
242.0025229999999965
21
-153.4048190000000034
0
LINE
8
BLACK
6
CONTINUOUS
10
242.0025229999999965
20
-153.4048190000000034
11
242.0025229999999965
21
-154.3021860000000061
0
LINE
8
BLACK
6
CONTINUOUS
10
242.0025229999999965
20
-154.3021860000000061
11
242.2349169999999958
21
-154.3021860000000061
0
LINE
8
BLACK
6
CONTINUOUS
10
242.2349169999999958
20
-154.3021860000000061
11
242.2349169999999958
21
-154.2949480000000051
0
LINE
8
BLACK
6
CONTINUOUS
10
242.2349169999999958
20
-154.2949480000000051
11
242.2461160000000007
21
-154.2679119999999955
0
LINE
8
BLACK
6
CONTINUOUS
10
242.2461160000000007
20
-154.2679119999999955
11
242.266808999999995
21
-154.2472190000000012
0
LINE
8
BLACK
6
CONTINUOUS
10
242.266808999999995
20
-154.2472190000000012
11
242.2938449999999762
21
-154.2360209999999938
0
LINE
8
BLACK
6
CONTINUOUS
10
242.2938449999999762
20
-154.2360209999999938
11
242.3231079999999906
21
-154.2360209999999938
0
LINE
8
BLACK
6
CONTINUOUS
10
242.3231079999999906
20
-154.2360209999999938
11
242.3501440000000002
21
-154.2472199999999987
0
LINE
8
BLACK
6
CONTINUOUS
10
242.3501440000000002
20
-154.2472199999999987
11
242.3615099999999813
21
-154.2565479999999809
0
LINE
8
BLACK
6
CONTINUOUS
10
242.3615099999999813
20
-154.2565479999999809
11
242.4005219999999952
21
-154.2955609999999922
0
LINE
8
BLACK
6
CONTINUOUS
10
242.4005219999999952
20
-154.2955609999999922
11
242.4541059999999959
21
-154.3223529999999926
0
LINE
8
BLACK
6
CONTINUOUS
10
242.4541059999999959
20
-154.3223529999999926
11
242.5203659999999957
21
-154.3298189999999863
0
LINE
8
BLACK
6
CONTINUOUS
10
242.5203659999999957
20
-154.3298189999999863
11
242.7193419999999833
21
-154.3298189999999863
0
LINE
8
BLACK
6
CONTINUOUS
10
242.7193419999999833
20
-154.3298189999999863
11
242.7878570000000025
21
-154.2955609999999922
0
LINE
8
BLACK
6
CONTINUOUS
10
242.7878570000000025
20
-154.2955609999999922
11
242.8182639999999992
21
-154.265152999999998
0
LINE
8
BLACK
6
CONTINUOUS
10
242.8182639999999992
20
-154.265152999999998
11
242.8525229999999908
21
-154.1966369999999813
0
LINE
8
BLACK
6
CONTINUOUS
10
242.8525229999999908
20
-154.1966369999999813
11
242.8525229999999908
21
-153.9939519999999789
0
LINE
8
BLACK
6
CONTINUOUS
10
242.8525229999999908
20
-153.9939519999999789
11
242.8182649999999967
21
-153.9254359999999906
0
LINE
8
BLACK
6
CONTINUOUS
10
242.8182649999999967
20
-153.9254359999999906
11
242.7878579999999999
21
-153.8950289999999939
0
LINE
8
BLACK
6
CONTINUOUS
10
242.7878579999999999
20
-153.8950289999999939
11
242.7193419999999833
21
-153.8607709999999997
0
LINE
8
BLACK
6
CONTINUOUS
10
242.7193419999999833
20
-153.8607709999999997
11
242.5941899999999976
21
-153.8607709999999997
0
LINE
8
BLACK
6
CONTINUOUS
10
242.5941899999999976
20
-153.8607709999999997
11
242.5864509999999825
21
-153.8600079999999934
0
LINE
8
BLACK
6
CONTINUOUS
10
242.5864509999999825
20
-153.8600079999999934
11
242.5844839999999749
21
-153.8601400000000012
0
LINE
8
BLACK
6
CONTINUOUS
10
242.5844839999999749
20
-153.8601400000000012
11
242.5831279999999879
21
-153.8596809999999948
0
LINE
8
BLACK
6
CONTINUOUS
10
242.5831279999999879
20
-153.8596809999999948
11
242.5795579999999916
21
-153.8593299999999999
0
LINE
8
BLACK
6
CONTINUOUS
10
242.5795579999999916
20
-153.8593299999999999
11
242.5682999999999936
21
-153.8546659999999804
0
LINE
8
BLACK
6
CONTINUOUS
10
242.5682999999999936
20
-153.8546659999999804
11
242.5567629999999895
21
-153.8507649999999956
0
LINE
8
BLACK
6
CONTINUOUS
10
242.5567629999999895
20
-153.8507649999999956
11
242.5548579999999959
21
-153.8490989999999954
0
LINE
8
BLACK
6
CONTINUOUS
10
242.5548579999999959
20
-153.8490989999999954
11
242.552521999999982
21
-153.8481309999999951
0
LINE
8
BLACK
6
CONTINUOUS
10
242.552521999999982
20
-153.8481309999999951
11
242.54391099999998
21
-153.8395199999999932
0
LINE
8
BLACK
6
CONTINUOUS
10
242.54391099999998
20
-153.8395199999999932
11
242.5347390000000019
21
-153.8314949999999897
0
LINE
8
BLACK
6
CONTINUOUS
10
242.5347390000000019
20
-153.8314949999999897
11
242.533615999999995
21
-153.8292249999999797
0
LINE
8
BLACK
6
CONTINUOUS
10
242.533615999999995
20
-153.8292249999999797
11
242.5318299999999851
21
-153.8274389999999983
0
LINE
8
BLACK
6
CONTINUOUS
10
242.5318299999999851
20
-153.8274389999999983
11
242.5271689999999865
21
-153.8161879999999826
0
LINE
8
BLACK
6
CONTINUOUS
10
242.5271689999999865
20
-153.8161879999999826
11
242.5217669999999828
21
-153.8052629999999965
0
LINE
8
BLACK
6
CONTINUOUS
10
242.5217669999999828
20
-153.8052629999999965
11
242.5215979999999831
21
-153.8027390000000025
0
LINE
8
BLACK
6
CONTINUOUS
10
242.5215979999999831
20
-153.8027390000000025
11
242.5206309999999803
21
-153.8004029999999887
0
LINE
8
BLACK
6
CONTINUOUS
10
242.5206309999999803
20
-153.8004029999999887
11
242.5206309999999803
21
-153.7882180000000005
0
LINE
8
BLACK
6
CONTINUOUS
10
242.5206309999999803
20
-153.7882180000000005
11
242.519820999999979
21
-153.7760649999999885
0
LINE
8
BLACK
6
CONTINUOUS
10
242.519820999999979
20
-153.7760649999999885
11
242.5206309999999803
21
-153.773668999999984
0
LINE
8
BLACK
6
CONTINUOUS
10
242.5206309999999803
20
-153.773668999999984
11
242.5206309999999803
21
-153.7711390000000051
0
LINE
8
BLACK
6
CONTINUOUS
10
242.5206309999999803
20
-153.7711390000000051
11
242.5252940000000024
21
-153.7598810000000071
0
LINE
8
BLACK
6
CONTINUOUS
10
242.5252940000000024
20
-153.7598810000000071
11
242.5291959999999847
21
-153.748344000000003
0
LINE
8
BLACK
6
CONTINUOUS
10
242.5291959999999847
20
-153.748344000000003
11
242.5312809999999786
21
-153.7454259999999806
0
LINE
8
BLACK
6
CONTINUOUS
10
242.5312809999999786
20
-153.7454259999999806
11
242.5318299999999851
21
-153.7441029999999955
0
LINE
8
BLACK
6
CONTINUOUS
10
242.5318299999999851
20
-153.7441029999999955
11
242.5332249999999874
21
-153.7427069999999958
0
LINE
8
BLACK
6
CONTINUOUS
10
242.5332249999999874
20
-153.7427069999999958
11
242.537746999999996
21
-153.7363829999999894
0
LINE
8
BLACK
6
CONTINUOUS
10
242.537746999999996
20
-153.7363829999999894
11
242.7622409999999888
21
-153.479818999999992
0
LINE
8
BLACK
6
CONTINUOUS
10
242.7622409999999888
20
-153.479818999999992
11
242.3084759999999847
21
-153.479818999999992
0
LINE
8
BLACK
6
CONTINUOUS
10
242.3084759999999847
20
-153.479818999999992
11
242.2938439999999787
21
-153.4783779999999922
0
LINE
8
BLACK
6
CONTINUOUS
10
242.2938439999999787
20
-153.4783779999999922
11
242.2668079999999975
21
-153.4671789999999874
0
LINE
8
BLACK
6
CONTINUOUS
10
242.2668079999999975
20
-153.4671789999999874
11
242.2461160000000007
21
-153.4464869999999905
0
LINE
8
BLACK
6
CONTINUOUS
10
242.2461160000000007
20
-153.4464869999999905
11
242.2349169999999958
21
-153.4194509999999809
0
LINE
8
BLACK
6
CONTINUOUS
10
242.2349169999999958
20
-153.4194509999999809
11
242.2349169999999958
21
-153.3901869999999974
0
LINE
8
BLACK
6
CONTINUOUS
10
242.2349169999999958
20
-153.3901869999999974
11
242.2461160000000007
21
-153.3631509999999878
0
LINE
8
BLACK
6
CONTINUOUS
10
242.2461160000000007
20
-153.3631509999999878
11
242.2668079999999975
21
-153.342458999999991
0
LINE
8
BLACK
6
CONTINUOUS
10
242.2668079999999975
20
-153.342458999999991
11
242.2938439999999787
21
-153.3312599999999861
0
LINE
8
BLACK
6
CONTINUOUS
10
242.2938439999999787
20
-153.3312599999999861
11
242.3084759999999847
21
-153.3298189999999863
0
LINE
8
BLACK
6
CONTINUOUS
10
242.3084759999999847
20
-153.3298189999999863
11
242.9275229999999794
21
-153.3298189999999863
0
LINE
8
BLACK
6
CONTINUOUS
10
242.9275229999999794
20
-153.3298189999999863
11
242.935260999999997
21
-153.3305809999999951
0
LINE
8
BLACK
6
CONTINUOUS
10
241.4310949999999991
20
-154.3870159999999885
11
241.6486099999999908
21
-154.3373709999999903
0
LINE
8
BLACK
6
CONTINUOUS
10
241.6486099999999908
20
-154.3373709999999903
11
241.8525229999999908
21
-154.314393999999993
0
LINE
8
BLACK
6
CONTINUOUS
10
241.8525229999999908
20
-154.314393999999993
11
241.8525229999999908
21
-153.9560089999999946
0
LINE
8
BLACK
6
CONTINUOUS
10
241.8525229999999908
20
-153.9560089999999946
11
241.4310949999999991
21
-153.9560089999999946
0
LINE
8
BLACK
6
CONTINUOUS
10
241.4310949999999991
20
-153.9560089999999946
11
241.4310949999999991
21
-154.3870159999999885
0
LINE
8
BLACK
6
CONTINUOUS
10
239.4157779999999889
20
-157.2517540000000054
11
239.4497599999999977
21
-157.5533519999999896
0
LINE
8
BLACK
6
CONTINUOUS
10
239.4497599999999977
20
-157.5533519999999896
11
239.5172959999999875
21
-157.8492499999999836
0
LINE
8
BLACK
6
CONTINUOUS
10
239.5172959999999875
20
-157.8492499999999836
11
239.6175389999999936
21
-158.1357249999999794
0
LINE
8
BLACK
6
CONTINUOUS
10
239.6175389999999936
20
-158.1357249999999794
11
239.7492249999999956
21
-158.4091750000000047
0
LINE
8
BLACK
6
CONTINUOUS
10
239.7492249999999956
20
-158.4091750000000047
11
239.9107009999999889
21
-158.6661619999999857
0
LINE
8
BLACK
6
CONTINUOUS
10
239.9107009999999889
20
-158.6661619999999857
11
240.0999339999999904
21
-158.9034539999999822
0
LINE
8
BLACK
6
CONTINUOUS
10
240.0999339999999904
20
-158.9034539999999822
11
240.3145459999999787
21
-159.1180659999999989
0
LINE
8
BLACK
6
CONTINUOUS
10
240.3145459999999787
20
-159.1180659999999989
11
240.5518379999999752
21
-159.3072990000000004
0
LINE
8
BLACK
6
CONTINUOUS
10
240.5518379999999752
20
-159.3072990000000004
11
240.8088249999999846
21
-159.4687749999999937
0
LINE
8
BLACK
6
CONTINUOUS
10
240.8088249999999846
20
-159.4687749999999937
11
241.0822749999999814
21
-159.6004609999999957
0
LINE
8
BLACK
6
CONTINUOUS
10
241.0822749999999814
20
-159.6004609999999957
11
241.3687499999999773
21
-159.7007040000000018
0
LINE
8
BLACK
6
CONTINUOUS
10
241.3687499999999773
20
-159.7007040000000018
11
241.6646479999999997
21
-159.7682399999999916
0
LINE
8
BLACK
6
CONTINUOUS
10
241.6646479999999997
20
-159.7682399999999916
11
241.966245999999984
21
-159.8022220000000004
0
LINE
8
BLACK
6
CONTINUOUS
10
241.966245999999984
20
-159.8022220000000004
11
242.2697539999999776
21
-159.8022220000000004
0
LINE
8
BLACK
6
CONTINUOUS
10
242.2697539999999776
20
-159.8022220000000004
11
242.5713519999999903
21
-159.7682399999999916
0
LINE
8
BLACK
6
CONTINUOUS
10
242.5713519999999903
20
-159.7682399999999916
11
242.8672499999999843
21
-159.7007040000000018
0
LINE
8
BLACK
6
CONTINUOUS
10
242.8672499999999843
20
-159.7007040000000018
11
243.1537249999999801
21
-159.6004609999999957
0
LINE
8
BLACK
6
CONTINUOUS
10
243.1537249999999801
20
-159.6004609999999957
11
243.427174999999977
21
-159.4687749999999937
0
LINE
8
BLACK
6
CONTINUOUS
10
243.427174999999977
20
-159.4687749999999937
11
243.6841619999999864
21
-159.3072990000000004
0
LINE
8
BLACK
6
CONTINUOUS
10
243.6841619999999864
20
-159.3072990000000004
11
243.9214539999999829
21
-159.1180659999999989
0
LINE
8
BLACK
6
CONTINUOUS
10
243.9214539999999829
20
-159.1180659999999989
11
244.1360659999999996
21
-158.9034539999999822
0
LINE
8
BLACK
6
CONTINUOUS
10
244.1360659999999996
20
-158.9034539999999822
11
244.3252990000000011
21
-158.6661619999999857
0
LINE
8
BLACK
6
CONTINUOUS
10
244.3252990000000011
20
-158.6661619999999857
11
244.4867749999999944
21
-158.4091750000000047
0
LINE
8
BLACK
6
CONTINUOUS
10
244.4867749999999944
20
-158.4091750000000047
11
244.6184609999999964
21
-158.1357249999999794
0
LINE
8
BLACK
6
CONTINUOUS
10
244.6184609999999964
20
-158.1357249999999794
11
244.7187040000000025
21
-157.8492499999999836
0
LINE
8
BLACK
6
CONTINUOUS
10
244.7187040000000025
20
-157.8492499999999836
11
244.7862399999999923
21
-157.5533519999999896
0
LINE
8
BLACK
6
CONTINUOUS
10
244.7862399999999923
20
-157.5533519999999896
11
244.8202220000000011
21
-157.2517540000000054
0
LINE
8
BLACK
6
CONTINUOUS
10
244.8202220000000011
20
-157.2517540000000054
11
244.8202220000000011
21
-156.9482459999999833
0
LINE
8
BLACK
6
CONTINUOUS
10
244.8202220000000011
20
-156.9482459999999833
11
244.7862399999999923
21
-156.646647999999999
0
LINE
8
BLACK
6
CONTINUOUS
10
244.7862399999999923
20
-156.646647999999999
11
244.7187040000000025
21
-156.350750000000005
0
LINE
8
BLACK
6
CONTINUOUS
10
244.7187040000000025
20
-156.350750000000005
11
244.6184609999999964
21
-156.0642749999999808
0
LINE
8
BLACK
6
CONTINUOUS
10
244.6184609999999964
20
-156.0642749999999808
11
244.4867749999999944
21
-155.7908249999999839
0
LINE
8
BLACK
6
CONTINUOUS
10
244.4867749999999944
20
-155.7908249999999839
11
244.3252990000000011
21
-155.5338380000000029
0
LINE
8
BLACK
6
CONTINUOUS
10
244.3252990000000011
20
-155.5338380000000029
11
244.1360659999999996
21
-155.2965460000000064
0
LINE
8
BLACK
6
CONTINUOUS
10
244.1360659999999996
20
-155.2965460000000064
11
243.9214539999999829
21
-155.0819339999999897
0
LINE
8
BLACK
6
CONTINUOUS
10
243.9214539999999829
20
-155.0819339999999897
11
243.6841619999999864
21
-154.8927009999999882
0
LINE
8
BLACK
6
CONTINUOUS
10
243.6841619999999864
20
-154.8927009999999882
11
243.427174999999977
21
-154.7312249999999949
0
LINE
8
BLACK
6
CONTINUOUS
10
243.427174999999977
20
-154.7312249999999949
11
243.1537249999999801
21
-154.5995389999999929
0
LINE
8
BLACK
6
CONTINUOUS
10
243.1537249999999801
20
-154.5995389999999929
11
242.8672499999999843
21
-154.4992959999999869
0
LINE
8
BLACK
6
CONTINUOUS
10
242.8672499999999843
20
-154.4992959999999869
11
242.7618579999999895
21
-154.4752409999999827
0
LINE
8
BLACK
6
CONTINUOUS
10
242.7618579999999895
20
-154.4752409999999827
11
242.7568559999999991
21
-154.4771559999999795
0
LINE
8
BLACK
6
CONTINUOUS
10
242.7568559999999991
20
-154.4771559999999795
11
242.7541679999999928
21
-154.477345999999983
0
LINE
8
BLACK
6
CONTINUOUS
10
242.7541679999999928
20
-154.477345999999983
11
242.7516789999999958
21
-154.4783779999999922
0
LINE
8
BLACK
6
CONTINUOUS
10
242.7516789999999958
20
-154.4783779999999922
11
242.7370469999999898
21
-154.479818999999992
0
LINE
8
BLACK
6
CONTINUOUS
10
242.7370469999999898
20
-154.479818999999992
11
242.4513329999999769
21
-154.479818999999992
0
LINE
8
BLACK
6
CONTINUOUS
10
242.4513329999999769
20
-154.479818999999992
11
242.4367009999999993
21
-154.4783779999999922
0
LINE
8
BLACK
6
CONTINUOUS
10
242.4367009999999993
20
-154.4783779999999922
11
242.4342120000000023
21
-154.4773469999999804
0
LINE
8
BLACK
6
CONTINUOUS
10
242.4342120000000023
20
-154.4773469999999804
11
242.4315229999999985
21
-154.4771559999999795
0
LINE
8
BLACK
6
CONTINUOUS
10
242.4315229999999985
20
-154.4771559999999795
11
242.4177919999999915
21
-154.4719010000000026
0
LINE
8
BLACK
6
CONTINUOUS
10
242.4177919999999915
20
-154.4719010000000026
11
242.3225539999999967
21
-154.4242820000000052
0
LINE
8
BLACK
6
CONTINUOUS
10
242.3225539999999967
20
-154.4242820000000052
11
242.3162539999999865
21
-154.420316999999983
0
LINE
8
BLACK
6
CONTINUOUS
10
242.3162539999999865
20
-154.420316999999983
11
242.3144269999999949
21
-154.4195599999999899
0
LINE
8
BLACK
6
CONTINUOUS
10
242.3144269999999949
20
-154.4195599999999899
11
242.3123699999999872
21
-154.4178719999999885
0
LINE
8
BLACK
6
CONTINUOUS
10
242.3123699999999872
20
-154.4178719999999885
11
242.3101109999999778
21
-154.4164499999999975
0
LINE
8
BLACK
6
CONTINUOUS
10
242.3101109999999778
20
-154.4164499999999975
11
242.308809999999994
21
-154.4149500000000046
0
LINE
8
BLACK
6
CONTINUOUS
10
242.308809999999994
20
-154.4149500000000046
11
242.3030609999999854
21
-154.4102319999999793
0
LINE
8
BLACK
6
CONTINUOUS
10
242.3030609999999854
20
-154.4102319999999793
11
242.2932549999999878
21
-154.4004249999999843
0
LINE
8
BLACK
6
CONTINUOUS
10
242.2932549999999878
20
-154.4004249999999843
11
242.2697539999999776
21
-154.3977779999999882
0
LINE
8
BLACK
6
CONTINUOUS
10
242.2697539999999776
20
-154.3977779999999882
11
242.0025229999999965
21
-154.3977779999999882
0
LINE
8
BLACK
6
CONTINUOUS
10
242.0025229999999965
20
-154.3977779999999882
11
242.0025229999999965
21
-154.4048190000000034
0
LINE
8
BLACK
6
CONTINUOUS
10
242.0025229999999965
20
-154.4048190000000034
11
242.0010819999999967
21
-154.4194509999999809
0
LINE
8
BLACK
6
CONTINUOUS
10
242.0010819999999967
20
-154.4194509999999809
11
241.9898829999999919
21
-154.4464869999999905
0
LINE
8
BLACK
6
CONTINUOUS
10
241.9898829999999919
20
-154.4464869999999905
11
241.969190999999995
21
-154.4671789999999874
0
LINE
8
BLACK
6
CONTINUOUS
10
241.969190999999995
20
-154.4671789999999874
11
241.9421549999999854
21
-154.4783779999999922
0
LINE
8
BLACK
6
CONTINUOUS
10
241.9421549999999854
20
-154.4783779999999922
11
241.9128910000000019
21
-154.4783779999999922
0
LINE
8
BLACK
6
CONTINUOUS
10
241.9128910000000019
20
-154.4783779999999922
11
241.8858549999999923
21
-154.4671789999999874
0
LINE
8
BLACK
6
CONTINUOUS
10
241.8858549999999923
20
-154.4671789999999874
11
241.8651629999999955
21
-154.4464869999999905
0
LINE
8
BLACK
6
CONTINUOUS
10
241.8651629999999955
20
-154.4464869999999905
11
241.8539639999999906
21
-154.4194509999999809
0
LINE
8
BLACK
6
CONTINUOUS
10
241.8539639999999906
20
-154.4194509999999809
11
241.853084999999993
21
-154.4105279999999993
0
LINE
8
BLACK
6
CONTINUOUS
10
241.853084999999993
20
-154.4105279999999993
11
241.6646479999999997
21
-154.431759999999997
0
LINE
8
BLACK
6
CONTINUOUS
10
241.6646479999999997
20
-154.431759999999997
11
241.3687499999999773
21
-154.4992959999999869
0
LINE
8
BLACK
6
CONTINUOUS
10
241.3687499999999773
20
-154.4992959999999869
11
241.0822749999999814
21
-154.5995389999999929
0
LINE
8
BLACK
6
CONTINUOUS
10
241.0822749999999814
20
-154.5995389999999929
11
240.8088249999999846
21
-154.7312249999999949
0
LINE
8
BLACK
6
CONTINUOUS
10
240.8088249999999846
20
-154.7312249999999949
11
240.5518379999999752
21
-154.8927009999999882
0
LINE
8
BLACK
6
CONTINUOUS
10
240.5518379999999752
20
-154.8927009999999882
11
240.3145459999999787
21
-155.0819339999999897
0
LINE
8
BLACK
6
CONTINUOUS
10
240.3145459999999787
20
-155.0819339999999897
11
240.0999339999999904
21
-155.2965460000000064
0
LINE
8
BLACK
6
CONTINUOUS
10
240.0999339999999904
20
-155.2965460000000064
11
239.9107009999999889
21
-155.5338380000000029
0
LINE
8
BLACK
6
CONTINUOUS
10
239.9107009999999889
20
-155.5338380000000029
11
239.7492249999999956
21
-155.7908249999999839
0
LINE
8
BLACK
6
CONTINUOUS
10
239.7492249999999956
20
-155.7908249999999839
11
239.6175389999999936
21
-156.0642749999999808
0
LINE
8
BLACK
6
CONTINUOUS
10
239.6175389999999936
20
-156.0642749999999808
11
239.5172959999999875
21
-156.350750000000005
0
LINE
8
BLACK
6
CONTINUOUS
10
239.5172959999999875
20
-156.350750000000005
11
239.4497599999999977
21
-156.646647999999999
0
LINE
8
BLACK
6
CONTINUOUS
10
239.4497599999999977
20
-156.646647999999999
11
239.4157779999999889
21
-156.9482459999999833
0
LINE
8
BLACK
6
CONTINUOUS
10
239.4157779999999889
20
-156.9482459999999833
11
239.4157779999999889
21
-157.2517540000000054
0
LINE
8
BLACK
6
CONTINUOUS
10
104.1423240000000021
20
-153.3312599999999861
11
104.1497509999999949
21
-153.3312599999999861
0
LINE
8
BLACK
6
CONTINUOUS
10
104.1497509999999949
20
-153.3312599999999861
11
104.1565389999999951
21
-153.3340719999999919
0
LINE
8
BLACK
6
CONTINUOUS
10
104.1565389999999951
20
-153.3340719999999919
11
104.1637479999999982
21
-153.3354980000000012
0
LINE
8
BLACK
6
CONTINUOUS
10
104.1637479999999982
20
-153.3354980000000012
11
104.1699270000000013
21
-153.3396170000000041
0
LINE
8
BLACK
6
CONTINUOUS
10
104.1699270000000013
20
-153.3396170000000041
11
104.1767869999999903
21
-153.342458999999991
0
LINE
8
BLACK
6
CONTINUOUS
10
104.1767869999999903
20
-153.342458999999991
11
104.1819799999999958
21
-153.3476519999999823
0
LINE
8
BLACK
6
CONTINUOUS
10
104.1819799999999958
20
-153.3476519999999823
11
104.1880969999999991
21
-153.3517300000000034
0
LINE
8
BLACK
6
CONTINUOUS
10
104.1880969999999991
20
-153.3517300000000034
11
104.192229999999995
21
-153.3579019999999957
0
LINE
8
BLACK
6
CONTINUOUS
10
104.192229999999995
20
-153.3579019999999957
11
104.1974790000000013
21
-153.3631509999999878
0
LINE
8
BLACK
6
CONTINUOUS
10
104.1974790000000013
20
-153.3631509999999878
11
104.2002899999999954
21
-153.3699379999999906
0
LINE
8
BLACK
6
CONTINUOUS
10
104.2002899999999954
20
-153.3699379999999906
11
104.2043800000000005
21
-153.3760450000000048
0
LINE
8
BLACK
6
CONTINUOUS
10
104.2043800000000005
20
-153.3760450000000048
11
104.2058359999999908
21
-153.3833259999999825
0
LINE
8
BLACK
6
CONTINUOUS
10
104.2058359999999908
20
-153.3833259999999825
11
104.2086779999999919
21
-153.3901869999999974
0
LINE
8
BLACK
6
CONTINUOUS
10
104.2086779999999919
20
-153.3901869999999974
11
104.2101029999999895
21
-153.4046629999999993
0
LINE
8
BLACK
6
CONTINUOUS
10
104.2101029999999895
20
-153.4046629999999993
11
104.2101189999999917
21
-153.4047400000000039
0
LINE
8
BLACK
6
CONTINUOUS
10
104.2101189999999917
20
-153.4047400000000039
11
104.2101129999999927
21
-153.4047659999999951
0
LINE
8
BLACK
6
CONTINUOUS
10
104.2101129999999927
20
-153.4047659999999951
11
104.2101189999999917
21
-153.4048190000000034
0
LINE
8
BLACK
6
CONTINUOUS
10
104.2101189999999917
20
-153.4048190000000034
11
104.2101189999999917
21
-154.3298189999999863
0
LINE
8
BLACK
6
CONTINUOUS
10
104.2101189999999917
20
-154.3298189999999863
11
104.4208330000000018
21
-154.3298189999999863
0
LINE
8
BLACK
6
CONTINUOUS
10
104.4208330000000018
20
-154.3298189999999863
11
104.4354649999999936
21
-154.3312599999999861
0
LINE
8
BLACK
6
CONTINUOUS
10
104.4354649999999936
20
-154.3312599999999861
11
104.4625009999999889
21
-154.342458999999991
0
LINE
8
BLACK
6
CONTINUOUS
10
104.4625009999999889
20
-154.342458999999991
11
104.483193
21
-154.3631509999999878
0
LINE
8
BLACK
6
CONTINUOUS
10
104.483193
20
-154.3631509999999878
11
104.4893509999999992
21
-154.3780179999999973
0
LINE
8
BLACK
6
CONTINUOUS
10
104.4893509999999992
20
-154.3780179999999973
11
104.5488439999999883
21
-154.3847219999999822
0
LINE
8
BLACK
6
CONTINUOUS
10
104.5488439999999883
20
-154.3847219999999822
11
104.8499580000000009
21
-154.4534490000000062
0
LINE
8
BLACK
6
CONTINUOUS
10
104.8499580000000009
20
-154.4534490000000062
11
105.1414839999999913
21
-154.5554579999999874
0
LINE
8
BLACK
6
CONTINUOUS
10
105.1414839999999913
20
-154.5554579999999874
11
105.419754999999995
21
-154.6894669999999792
0
LINE
8
BLACK
6
CONTINUOUS
10
105.419754999999995
20
-154.6894669999999792
11
105.6812719999999928
21
-154.8537890000000061
0
LINE
8
BLACK
6
CONTINUOUS
10
105.6812719999999928
20
-154.8537890000000061
11
105.9227459999999894
21
-155.0463579999999979
0
LINE
8
BLACK
6
CONTINUOUS
10
105.9227459999999894
20
-155.0463579999999979
11
106.1411420000000021
21
-155.2647539999999822
0
LINE
8
BLACK
6
CONTINUOUS
10
106.1411420000000021
20
-155.2647539999999822
11
106.3337109999999939
21
-155.506227999999993
0
LINE
8
BLACK
6
CONTINUOUS
10
106.3337109999999939
20
-155.506227999999993
11
106.4980329999999924
21
-155.7677449999999908
0
LINE
8
BLACK
6
CONTINUOUS
10
106.4980329999999924
20
-155.7677449999999908
11
106.6320419999999984
21
-156.0460159999999803
0
LINE
8
BLACK
6
CONTINUOUS
10
106.6320419999999984
20
-156.0460159999999803
11
106.7340509999999938
21
-156.3375419999999849
0
LINE
8
BLACK
6
CONTINUOUS
10
106.7340509999999938
20
-156.3375419999999849
11
106.8027779999999893
21
-156.6386559999999974
0
LINE
8
BLACK
6
CONTINUOUS
10
106.8027779999999893
20
-156.6386559999999974
11
106.8373589999999922
21
-156.945571000000001
0
LINE
8
BLACK
6
CONTINUOUS
10
106.8373589999999922
20
-156.945571000000001
11
106.8373589999999922
21
-157.2544289999999876
0
LINE
8
BLACK
6
CONTINUOUS
10
106.8373589999999922
20
-157.2544289999999876
11
106.8027779999999893
21
-157.5613439999999912
0
LINE
8
BLACK
6
CONTINUOUS
10
106.8027779999999893
20
-157.5613439999999912
11
106.7340509999999938
21
-157.8624580000000037
0
LINE
8
BLACK
6
CONTINUOUS
10
106.7340509999999938
20
-157.8624580000000037
11
106.6320419999999984
21
-158.1539839999999799
0
LINE
8
BLACK
6
CONTINUOUS
10
106.6320419999999984
20
-158.1539839999999799
11
106.4980329999999924
21
-158.4322549999999978
0
LINE
8
BLACK
6
CONTINUOUS
10
106.4980329999999924
20
-158.4322549999999978
11
106.3337109999999939
21
-158.6937719999999956
0
LINE
8
BLACK
6
CONTINUOUS
10
106.3337109999999939
20
-158.6937719999999956
11
106.1411420000000021
21
-158.9352460000000065
0
LINE
8
BLACK
6
CONTINUOUS
10
106.1411420000000021
20
-158.9352460000000065
11
105.9227459999999894
21
-159.1536419999999907
0
LINE
8
BLACK
6
CONTINUOUS
10
105.9227459999999894
20
-159.1536419999999907
11
105.6812719999999928
21
-159.3462109999999825
0
LINE
8
BLACK
6
CONTINUOUS
10
105.6812719999999928
20
-159.3462109999999825
11
105.419754999999995
21
-159.510532999999981
0
LINE
8
BLACK
6
CONTINUOUS
10
105.419754999999995
20
-159.510532999999981
11
105.1414839999999913
21
-159.6445420000000013
0
LINE
8
BLACK
6
CONTINUOUS
10
105.1414839999999913
20
-159.6445420000000013
11
104.8499580000000009
21
-159.7465509999999824
0
LINE
8
BLACK
6
CONTINUOUS
10
104.8499580000000009
20
-159.7465509999999824
11
104.5488439999999883
21
-159.8152780000000064
0
LINE
8
BLACK
6
CONTINUOUS
10
104.5488439999999883
20
-159.8152780000000064
11
104.241928999999999
21
-159.8498589999999808
0
LINE
8
BLACK
6
CONTINUOUS
10
104.241928999999999
20
-159.8498589999999808
11
103.9330709999999982
21
-159.8498589999999808
0
LINE
8
BLACK
6
CONTINUOUS
10
103.9330709999999982
20
-159.8498589999999808
11
103.6261559999999946
21
-159.8152780000000064
0
LINE
8
BLACK
6
CONTINUOUS
10
103.6261559999999946
20
-159.8152780000000064
11
103.3250419999999963
21
-159.7465509999999824
0
LINE
8
BLACK
6
CONTINUOUS
10
103.3250419999999963
20
-159.7465509999999824
11
103.0335159999999917
21
-159.6445420000000013
0
LINE
8
BLACK
6
CONTINUOUS
10
103.0335159999999917
20
-159.6445420000000013
11
102.7552450000000022
21
-159.510532999999981
0
LINE
8
BLACK
6
CONTINUOUS
10
102.7552450000000022
20
-159.510532999999981
11
102.4937279999999902
21
-159.3462109999999825
0
LINE
8
BLACK
6
CONTINUOUS
10
102.4937279999999902
20
-159.3462109999999825
11
102.2522539999999935
21
-159.1536419999999907
0
LINE
8
BLACK
6
CONTINUOUS
10
102.2522539999999935
20
-159.1536419999999907
11
102.0338579999999951
21
-158.9352460000000065
0
LINE
8
BLACK
6
CONTINUOUS
10
102.0338579999999951
20
-158.9352460000000065
11
101.8412889999999891
21
-158.6937719999999956
0
LINE
8
BLACK
6
CONTINUOUS
10
101.8412889999999891
20
-158.6937719999999956
11
101.6769669999999905
21
-158.4322549999999978
0
LINE
8
BLACK
6
CONTINUOUS
10
101.6769669999999905
20
-158.4322549999999978
11
101.5429579999999987
21
-158.1539839999999799
0
LINE
8
BLACK
6
CONTINUOUS
10
101.5429579999999987
20
-158.1539839999999799
11
101.4409489999999892
21
-157.8624580000000037
0
LINE
8
BLACK
6
CONTINUOUS
10
101.4409489999999892
20
-157.8624580000000037
11
101.3722219999999936
21
-157.5613439999999912
0
LINE
8
BLACK
6
CONTINUOUS
10
101.3722219999999936
20
-157.5613439999999912
11
101.3376409999999908
21
-157.2544289999999876
0
LINE
8
BLACK
6
CONTINUOUS
10
101.3376409999999908
20
-157.2544289999999876
11
101.3376409999999908
21
-156.9509439999999927
0
LINE
8
BLACK
6
CONTINUOUS
10
101.3376409999999908
20
-156.9509439999999927
11
101.3376409999999908
21
-156.945571000000001
0
LINE
8
BLACK
6
CONTINUOUS
10
101.3376409999999908
20
-156.945571000000001
11
101.3722219999999936
21
-156.6386559999999974
0
LINE
8
BLACK
6
CONTINUOUS
10
101.3722219999999936
20
-156.6386559999999974
11
101.4409489999999892
21
-156.3375419999999849
0
LINE
8
BLACK
6
CONTINUOUS
10
101.4409489999999892
20
-156.3375419999999849
11
101.5429579999999987
21
-156.0460159999999803
0
LINE
8
BLACK
6
CONTINUOUS
10
101.5429579999999987
20
-156.0460159999999803
11
101.6769669999999905
21
-155.7677449999999908
0
LINE
8
BLACK
6
CONTINUOUS
10
101.6769669999999905
20
-155.7677449999999908
11
101.8412889999999891
21
-155.506227999999993
0
LINE
8
BLACK
6
CONTINUOUS
10
101.8412889999999891
20
-155.506227999999993
11
102.0338579999999951
21
-155.2647539999999822
0
LINE
8
BLACK
6
CONTINUOUS
10
102.0338579999999951
20
-155.2647539999999822
11
102.2522539999999935
21
-155.0463579999999979
0
LINE
8
BLACK
6
CONTINUOUS
10
102.2522539999999935
20
-155.0463579999999979
11
102.4937279999999902
21
-154.8537890000000061
0
LINE
8
BLACK
6
CONTINUOUS
10
102.4937279999999902
20
-154.8537890000000061
11
102.7552450000000022
21
-154.6894669999999792
0
LINE
8
BLACK
6
CONTINUOUS
10
102.7552450000000022
20
-154.6894669999999792
11
103.0335159999999917
21
-154.5554579999999874
0
LINE
8
BLACK
6
CONTINUOUS
10
103.0335159999999917
20
-154.5554579999999874
11
103.3250419999999963
21
-154.4534490000000062
0
LINE
8
BLACK
6
CONTINUOUS
10
103.3250419999999963
20
-154.4534490000000062
11
103.3582199999999887
21
-154.4458759999999984
0
LINE
8
BLACK
6
CONTINUOUS
10
103.3582199999999887
20
-154.4458759999999984
11
103.3472739999999988
21
-154.4194509999999809
0
LINE
8
BLACK
6
CONTINUOUS
10
103.3472739999999988
20
-154.4194509999999809
11
103.3458329999999989
21
-154.4048190000000034
0
LINE
8
BLACK
6
CONTINUOUS
10
103.3458329999999989
20
-154.4048190000000034
11
103.3458329999999989
21
-153.9560089999999946
0
LINE
8
BLACK
6
CONTINUOUS
10
103.3458329999999989
20
-153.9560089999999946
11
102.924404999999993
21
-153.9560089999999946
0
LINE
8
BLACK
6
CONTINUOUS
10
102.924404999999993
20
-153.9560089999999946
11
102.924404999999993
21
-154.4048190000000034
0
LINE
8
BLACK
6
CONTINUOUS
10
102.924404999999993
20
-154.4048190000000034
11
102.9229639999999932
21
-154.4194509999999809
0
LINE
8
BLACK
6
CONTINUOUS
10
102.9229639999999932
20
-154.4194509999999809
11
102.9117649999999884
21
-154.4464869999999905
0
LINE
8
BLACK
6
CONTINUOUS
10
102.9117649999999884
20
-154.4464869999999905
11
102.8910729999999916
21
-154.4671789999999874
0
LINE
8
BLACK
6
CONTINUOUS
10
102.8910729999999916
20
-154.4671789999999874
11
102.8640369999999962
21
-154.4783779999999922
0
LINE
8
BLACK
6
CONTINUOUS
10
102.8640369999999962
20
-154.4783779999999922
11
102.8347729999999984
21
-154.4783779999999922
0
LINE
8
BLACK
6
CONTINUOUS
10
102.8347729999999984
20
-154.4783779999999922
11
102.8077369999999888
21
-154.4671789999999874
0
LINE
8
BLACK
6
CONTINUOUS
10
102.8077369999999888
20
-154.4671789999999874
11
102.787044999999992
21
-154.4464869999999905
0
LINE
8
BLACK
6
CONTINUOUS
10
102.787044999999992
20
-154.4464869999999905
11
102.7758460000000014
21
-154.4194509999999809
0
LINE
8
BLACK
6
CONTINUOUS
10
102.7758460000000014
20
-154.4194509999999809
11
102.7744050000000016
21
-154.4048190000000034
0
LINE
8
BLACK
6
CONTINUOUS
10
102.7744050000000016
20
-154.4048190000000034
11
102.7744050000000016
21
-153.4048190000000034
0
LINE
8
BLACK
6
CONTINUOUS
10
102.7744050000000016
20
-153.4048190000000034
11
102.7758460000000014
21
-153.3901869999999974
0
LINE
8
BLACK
6
CONTINUOUS
10
102.7758460000000014
20
-153.3901869999999974
11
102.787044999999992
21
-153.3631509999999878
0
LINE
8
BLACK
6
CONTINUOUS
10
102.787044999999992
20
-153.3631509999999878
11
102.8077369999999888
21
-153.342458999999991
0
LINE
8
BLACK
6
CONTINUOUS
10
102.8077369999999888
20
-153.342458999999991
11
102.8347729999999984
21
-153.3312599999999861
0
LINE
8
BLACK
6
CONTINUOUS
10
102.8347729999999984
20
-153.3312599999999861
11
102.8640369999999962
21
-153.3312599999999861
0
LINE
8
BLACK
6
CONTINUOUS
10
102.8640369999999962
20
-153.3312599999999861
11
102.8910729999999916
21
-153.342458999999991
0
LINE
8
BLACK
6
CONTINUOUS
10
102.8910729999999916
20
-153.342458999999991
11
102.9117649999999884
21
-153.3631509999999878
0
LINE
8
BLACK
6
CONTINUOUS
10
102.9117649999999884
20
-153.3631509999999878
11
102.9229639999999932
21
-153.3901869999999974
0
LINE
8
BLACK
6
CONTINUOUS
10
102.9229639999999932
20
-153.3901869999999974
11
102.924404999999993
21
-153.4048190000000034
0
LINE
8
BLACK
6
CONTINUOUS
10
102.924404999999993
20
-153.4048190000000034
11
102.924404999999993
21
-153.8060089999999889
0
LINE
8
BLACK
6
CONTINUOUS
10
102.924404999999993
20
-153.8060089999999889
11
103.3458329999999989
21
-153.8060089999999889
0
LINE
8
BLACK
6
CONTINUOUS
10
103.3458329999999989
20
-153.8060089999999889
11
103.3458329999999989
21
-153.4048190000000034
0
LINE
8
BLACK
6
CONTINUOUS
10
103.3458329999999989
20
-153.4048190000000034
11
103.3472739999999988
21
-153.3901869999999974
0
LINE
8
BLACK
6
CONTINUOUS
10
103.3472739999999988
20
-153.3901869999999974
11
103.3584729999999894
21
-153.3631509999999878
0
LINE
8
BLACK
6
CONTINUOUS
10
103.3584729999999894
20
-153.3631509999999878
11
103.3791650000000004
21
-153.342458999999991
0
LINE
8
BLACK
6
CONTINUOUS
10
103.3791650000000004
20
-153.342458999999991
11
103.4062009999999958
21
-153.3312599999999861
0
LINE
8
BLACK
6
CONTINUOUS
10
103.4062009999999958
20
-153.3312599999999861
11
103.4354649999999936
21
-153.3312599999999861
0
LINE
8
BLACK
6
CONTINUOUS
10
103.4354649999999936
20
-153.3312599999999861
11
103.4625009999999889
21
-153.342458999999991
0
LINE
8
BLACK
6
CONTINUOUS
10
103.4625009999999889
20
-153.342458999999991
11
103.483193
21
-153.3631509999999878
0
LINE
8
BLACK
6
CONTINUOUS
10
103.483193
20
-153.3631509999999878
11
103.4943919999999906
21
-153.3901869999999974
0
LINE
8
BLACK
6
CONTINUOUS
10
103.4943919999999906
20
-153.3901869999999974
11
103.4958329999999904
21
-153.4048190000000034
0
LINE
8
BLACK
6
CONTINUOUS
10
103.4958329999999904
20
-153.4048190000000034
11
103.4958329999999904
21
-154.4048190000000034
0
LINE
8
BLACK
6
CONTINUOUS
10
103.4958329999999904
20
-154.4048190000000034
11
103.4948599999999885
21
-154.4146889999999814
0
LINE
8
BLACK
6
CONTINUOUS
10
103.4948599999999885
20
-154.4146889999999814
11
103.6261559999999946
21
-154.3847219999999822
0
LINE
8
BLACK
6
CONTINUOUS
10
103.6261559999999946
20
-154.3847219999999822
11
103.7855479999999915
21
-154.3667619999999943
0
LINE
8
BLACK
6
CONTINUOUS
10
103.7855479999999915
20
-154.3667619999999943
11
103.787044999999992
21
-154.3631509999999878
0
LINE
8
BLACK
6
CONTINUOUS
10
103.787044999999992
20
-154.3631509999999878
11
103.8077369999999888
21
-154.342458999999991
0
LINE
8
BLACK
6
CONTINUOUS
10
103.8077369999999888
20
-154.342458999999991
11
103.8347729999999984
21
-154.3312599999999861
0
LINE
8
BLACK
6
CONTINUOUS
10
103.8347729999999984
20
-154.3312599999999861
11
103.8494049999999902
21
-154.3298189999999863
0
LINE
8
BLACK
6
CONTINUOUS
10
103.8494049999999902
20
-154.3298189999999863
11
104.0601190000000003
21
-154.3298189999999863
0
LINE
8
BLACK
6
CONTINUOUS
10
104.0601190000000003
20
-154.3298189999999863
11
104.0601190000000003
21
-153.6335039999999879
0
LINE
8
BLACK
6
CONTINUOUS
10
104.0601190000000003
20
-153.6335039999999879
11
103.9976759999999985
21
-153.6959469999999897
0
LINE
8
BLACK
6
CONTINUOUS
10
103.9976759999999985
20
-153.6959469999999897
11
103.9919259999999923
21
-153.7006649999999865
0
LINE
8
BLACK
6
CONTINUOUS
10
103.9919259999999923
20
-153.7006649999999865
11
103.9906269999999893
21
-153.702163999999982
0
LINE
8
BLACK
6
CONTINUOUS
10
103.9906269999999893
20
-153.702163999999982
11
103.9883669999999967
21
-153.7035850000000039
0
LINE
8
BLACK
6
CONTINUOUS
10
103.9883669999999967
20
-153.7035850000000039
11
103.9863110000000006
21
-153.7052740000000028
0
LINE
8
BLACK
6
CONTINUOUS
10
103.9863110000000006
20
-153.7052740000000028
11
103.9844829999999973
21
-153.7060309999999959
0
LINE
8
BLACK
6
CONTINUOUS
10
103.9844829999999973
20
-153.7060309999999959
11
103.9781839999999988
21
-153.7099959999999896
0
LINE
8
BLACK
6
CONTINUOUS
10
103.9781839999999988
20
-153.7099959999999896
11
103.8829459999999898
21
-153.757614999999987
0
LINE
8
BLACK
6
CONTINUOUS
10
103.8829459999999898
20
-153.757614999999987
11
103.8692139999999995
21
-153.7628699999999924
0
LINE
8
BLACK
6
CONTINUOUS
10
103.8692139999999995
20
-153.7628699999999924
11
103.8400239999999997
21
-153.7649439999999856
0
LINE
8
BLACK
6
CONTINUOUS
10
103.8400239999999997
20
-153.7649439999999856
11
103.8122630000000015
21
-153.7556899999999871
0
LINE
8
BLACK
6
CONTINUOUS
10
103.8122630000000015
20
-153.7556899999999871
11
103.7901549999999986
21
-153.7365169999999921
0
LINE
8
BLACK
6
CONTINUOUS
10
103.7901549999999986
20
-153.7365169999999921
11
103.7770679999999999
21
-153.7103419999999971
0
LINE
8
BLACK
6
CONTINUOUS
10
103.7770679999999999
20
-153.7103419999999971
11
103.7749939999999924
21
-153.6811519999999973
0
LINE
8
BLACK
6
CONTINUOUS
10
103.7749939999999924
20
-153.6811519999999973
11
103.784247999999991
21
-153.6533909999999992
0
LINE
8
BLACK
6
CONTINUOUS
10
103.784247999999991
20
-153.6533909999999992
11
103.8034210000000002
21
-153.6312829999999963
0
LINE
8
BLACK
6
CONTINUOUS
10
103.8034210000000002
20
-153.6312829999999963
11
103.8158639999999906
21
-153.6234509999999887
0
LINE
8
BLACK
6
CONTINUOUS
10
103.8158639999999906
20
-153.6234509999999887
11
103.9002160000000003
21
-153.5812750000000051
0
LINE
8
BLACK
6
CONTINUOUS
10
103.9002160000000003
20
-153.5812750000000051
11
103.9815949999999987
21
-153.4998960000000068
0
LINE
8
BLACK
6
CONTINUOUS
10
103.9815949999999987
20
-153.4998960000000068
11
104.0727150000000023
21
-153.3632159999999942
0
LINE
8
BLACK
6
CONTINUOUS
10
104.0727150000000023
20
-153.3632159999999942
11
104.0727490000000017
21
-153.3631729999999891
0
LINE
8
BLACK
6
CONTINUOUS
10
104.0727490000000017
20
-153.3631729999999891
11
104.0727589999999907
21
-153.3631509999999878
0
LINE
8
BLACK
6
CONTINUOUS
10
104.0727589999999907
20
-153.3631509999999878
11
104.0728099999999898
21
-153.3630990000000054
0
LINE
8
BLACK
6
CONTINUOUS
10
104.0728099999999898
20
-153.3630990000000054
11
104.0820310000000006
21
-153.351840999999979
0
LINE
8
BLACK
6
CONTINUOUS
10
104.0820310000000006
20
-153.351840999999979
11
104.0882000000000005
21
-153.3477089999999805
0
LINE
8
BLACK
6
CONTINUOUS
10
104.0882000000000005
20
-153.3477089999999805
11
104.0934510000000017
21
-153.342458999999991
0
LINE
8
BLACK
6
CONTINUOUS
10
104.0934510000000017
20
-153.342458999999991
11
104.1002399999999994
21
-153.3396459999999877
0
LINE
8
BLACK
6
CONTINUOUS
10
104.1002399999999994
20
-153.3396459999999877
11
104.1063460000000021
21
-153.3355579999999918
0
LINE
8
BLACK
6
CONTINUOUS
10
104.1063460000000021
20
-153.3355579999999918
11
104.1136259999999965
21
-153.334101000000004
0
LINE
8
BLACK
6
CONTINUOUS
10
104.1136259999999965
20
-153.334101000000004
11
104.1204869999999971
21
-153.3312599999999861
0
LINE
8
BLACK
6
CONTINUOUS
10
104.1204869999999971
20
-153.3312599999999861
11
104.1278349999999904
21
-153.3312599999999861
0
LINE
8
BLACK
6
CONTINUOUS
10
104.1278349999999904
20
-153.3312599999999861
11
104.1350399999999894
21
-153.3298189999999863
0
LINE
8
BLACK
6
CONTINUOUS
10
104.1350399999999894
20
-153.3298189999999863
11
104.1423240000000021
21
-153.3312599999999861
0
LINE
8
BLACK
6
CONTINUOUS
10
101.4333079999999967
20
-157.2490559999999959
11
101.4666859999999957
21
-157.5452939999999842
0
LINE
8
BLACK
6
CONTINUOUS
10
101.4666859999999957
20
-157.5452939999999842
11
101.5330219999999883
21
-157.8359319999999855
0
LINE
8
BLACK
6
CONTINUOUS
10
101.5330219999999883
20
-157.8359319999999855
11
101.6314829999999887
21
-158.1173159999999882
0
LINE
8
BLACK
6
CONTINUOUS
10
101.6314829999999887
20
-158.1173159999999882
11
101.7608290000000011
21
-158.3859060000000056
0
LINE
8
BLACK
6
CONTINUOUS
10
101.7608290000000011
20
-158.3859060000000056
11
101.9194339999999954
21
-158.6383249999999805
0
LINE
8
BLACK
6
CONTINUOUS
10
101.9194339999999954
20
-158.6383249999999805
11
102.1053039999999896
21
-158.8713979999999992
0
LINE
8
BLACK
6
CONTINUOUS
10
102.1053039999999896
20
-158.8713979999999992
11
102.3161020000000008
21
-159.082195999999982
0
LINE
8
BLACK
6
CONTINUOUS
10
102.3161020000000008
20
-159.082195999999982
11
102.5491749999999911
21
-159.2680660000000046
0
LINE
8
BLACK
6
CONTINUOUS
10
102.5491749999999911
20
-159.2680660000000046
11
102.8015939999999944
21
-159.4266709999999989
0
LINE
8
BLACK
6
CONTINUOUS
10
102.8015939999999944
20
-159.4266709999999989
11
103.0701839999999976
21
-159.5560169999999971
0
LINE
8
BLACK
6
CONTINUOUS
10
103.0701839999999976
20
-159.5560169999999971
11
103.3515680000000003
21
-159.6544779999999832
0
LINE
8
BLACK
6
CONTINUOUS
10
103.3515680000000003
20
-159.6544779999999832
11
103.6422060000000016
21
-159.7208139999999901
0
LINE
8
BLACK
6
CONTINUOUS
10
103.6422060000000016
20
-159.7208139999999901
11
103.9384439999999898
21
-159.7541919999999891
0
LINE
8
BLACK
6
CONTINUOUS
10
103.9384439999999898
20
-159.7541919999999891
11
104.2365559999999931
21
-159.7541919999999891
0
LINE
8
BLACK
6
CONTINUOUS
10
104.2365559999999931
20
-159.7541919999999891
11
104.5327939999999955
21
-159.7208139999999901
0
LINE
8
BLACK
6
CONTINUOUS
10
104.5327939999999955
20
-159.7208139999999901
11
104.8234319999999968
21
-159.6544779999999832
0
LINE
8
BLACK
6
CONTINUOUS
10
104.8234319999999968
20
-159.6544779999999832
11
105.1048159999999996
21
-159.5560169999999971
0
LINE
8
BLACK
6
CONTINUOUS
10
105.1048159999999996
20
-159.5560169999999971
11
105.3734059999999886
21
-159.4266709999999989
0
LINE
8
BLACK
6
CONTINUOUS
10
105.3734059999999886
20
-159.4266709999999989
11
105.6258249999999919
21
-159.2680660000000046
0
LINE
8
BLACK
6
CONTINUOUS
10
105.6258249999999919
20
-159.2680660000000046
11
105.8588979999999964
21
-159.082195999999982
0
LINE
8
BLACK
6
CONTINUOUS
10
105.8588979999999964
20
-159.082195999999982
11
106.0696959999999933
21
-158.8713979999999992
0
LINE
8
BLACK
6
CONTINUOUS
10
106.0696959999999933
20
-158.8713979999999992
11
106.2555660000000017
21
-158.6383249999999805
0
LINE
8
BLACK
6
CONTINUOUS
10
106.2555660000000017
20
-158.6383249999999805
11
106.4141709999999961
21
-158.3859060000000056
0
LINE
8
BLACK
6
CONTINUOUS
10
106.4141709999999961
20
-158.3859060000000056
11
106.5435169999999943
21
-158.1173159999999882
0
LINE
8
BLACK
6
CONTINUOUS
10
106.5435169999999943
20
-158.1173159999999882
11
106.6419779999999946
21
-157.8359319999999855
0
LINE
8
BLACK
6
CONTINUOUS
10
106.6419779999999946
20
-157.8359319999999855
11
106.7083140000000014
21
-157.5452939999999842
0
LINE
8
BLACK
6
CONTINUOUS
10
106.7083140000000014
20
-157.5452939999999842
11
106.7416920000000005
21
-157.2490559999999959
0
LINE
8
BLACK
6
CONTINUOUS
10
106.7416920000000005
20
-157.2490559999999959
11
106.7416920000000005
21
-156.9509439999999927
0
LINE
8
BLACK
6
CONTINUOUS
10
106.7416920000000005
20
-156.9509439999999927
11
106.7083140000000014
21
-156.6547060000000045
0
LINE
8
BLACK
6
CONTINUOUS
10
106.7083140000000014
20
-156.6547060000000045
11
106.6419779999999946
21
-156.3640680000000032
0
LINE
8
BLACK
6
CONTINUOUS
10
106.6419779999999946
20
-156.3640680000000032
11
106.5435169999999943
21
-156.0826840000000004
0
LINE
8
BLACK
6
CONTINUOUS
10
106.5435169999999943
20
-156.0826840000000004
11
106.4141709999999961
21
-155.814093999999983
0
LINE
8
BLACK
6
CONTINUOUS
10
106.4141709999999961
20
-155.814093999999983
11
106.2555660000000017
21
-155.5616749999999797
0
LINE
8
BLACK
6
CONTINUOUS
10
106.2555660000000017
20
-155.5616749999999797
11
106.0696959999999933
21
-155.3286019999999894
0
LINE
8
BLACK
6
CONTINUOUS
10
106.0696959999999933
20
-155.3286019999999894
11
105.8588979999999964
21
-155.1178040000000067
0
LINE
8
BLACK
6
CONTINUOUS
10
105.8588979999999964
20
-155.1178040000000067
11
105.6258249999999919
21
-154.9319339999999841
0
LINE
8
BLACK
6
CONTINUOUS
10
105.6258249999999919
20
-154.9319339999999841
11
105.3734059999999886
21
-154.7733289999999897
0
LINE
8
BLACK
6
CONTINUOUS
10
105.3734059999999886
20
-154.7733289999999897
11
105.1048159999999996
21
-154.6439829999999915
0
LINE
8
BLACK
6
CONTINUOUS
10
105.1048159999999996
20
-154.6439829999999915
11
104.8234319999999968
21
-154.5455220000000054
0
LINE
8
BLACK
6
CONTINUOUS
10
104.8234319999999968
20
-154.5455220000000054
11
104.5327939999999955
21
-154.4791859999999986
0
LINE
8
BLACK
6
CONTINUOUS
10
104.5327939999999955
20
-154.4791859999999986
11
104.4547439999999909
21
-154.4703910000000064
0
LINE
8
BLACK
6
CONTINUOUS
10
104.4547439999999909
20
-154.4703910000000064
11
104.4354649999999936
21
-154.4783779999999922
0
LINE
8
BLACK
6
CONTINUOUS
10
104.4354649999999936
20
-154.4783779999999922
11
104.4208330000000018
21
-154.479818999999992
0
LINE
8
BLACK
6
CONTINUOUS
10
104.4208330000000018
20
-154.479818999999992
11
103.8494049999999902
21
-154.479818999999992
0
LINE
8
BLACK
6
CONTINUOUS
10
103.8494049999999902
20
-154.479818999999992
11
103.8347729999999984
21
-154.4783779999999922
0
LINE
8
BLACK
6
CONTINUOUS
10
103.8347729999999984
20
-154.4783779999999922
11
103.8077369999999888
21
-154.4671789999999874
0
LINE
8
BLACK
6
CONTINUOUS
10
103.8077369999999888
20
-154.4671789999999874
11
103.801764999999989
21
-154.4612070000000017
0
LINE
8
BLACK
6
CONTINUOUS
10
103.801764999999989
20
-154.4612070000000017
11
103.6422060000000016
21
-154.4791859999999986
0
LINE
8
BLACK
6
CONTINUOUS
10
103.6422060000000016
20
-154.4791859999999986
11
103.3515680000000003
21
-154.5455220000000054
0
LINE
8
BLACK
6
CONTINUOUS
10
103.3515680000000003
20
-154.5455220000000054
11
103.0701839999999976
21
-154.6439829999999915
0
LINE
8
BLACK
6
CONTINUOUS
10
103.0701839999999976
20
-154.6439829999999915
11
102.8015939999999944
21
-154.7733289999999897
0
LINE
8
BLACK
6
CONTINUOUS
10
102.8015939999999944
20
-154.7733289999999897
11
102.5491749999999911
21
-154.9319339999999841
0
LINE
8
BLACK
6
CONTINUOUS
10
102.5491749999999911
20
-154.9319339999999841
11
102.3161020000000008
21
-155.1178040000000067
0
LINE
8
BLACK
6
CONTINUOUS
10
102.3161020000000008
20
-155.1178040000000067
11
102.1053039999999896
21
-155.3286019999999894
0
LINE
8
BLACK
6
CONTINUOUS
10
102.1053039999999896
20
-155.3286019999999894
11
101.9194339999999954
21
-155.5616749999999797
0
LINE
8
BLACK
6
CONTINUOUS
10
101.9194339999999954
20
-155.5616749999999797
11
101.7608290000000011
21
-155.814093999999983
0
LINE
8
BLACK
6
CONTINUOUS
10
101.7608290000000011
20
-155.814093999999983
11
101.6314829999999887
21
-156.0826840000000004
0
LINE
8
BLACK
6
CONTINUOUS
10
101.6314829999999887
20
-156.0826840000000004
11
101.5330219999999883
21
-156.3640680000000032
0
LINE
8
BLACK
6
CONTINUOUS
10
101.5330219999999883
20
-156.3640680000000032
11
101.4666859999999957
21
-156.6547060000000045
0
LINE
8
BLACK
6
CONTINUOUS
10
101.4666859999999957
20
-156.6547060000000045
11
101.4333079999999967
21
-156.9509439999999927
0
LINE
8
BLACK
6
CONTINUOUS
10
101.4333079999999967
20
-156.9509439999999927
11
101.4333079999999967
21
-157.2490559999999959
0
LINE
8
BLACK
6
CONTINUOUS
10
105.1497509999999949
20
-153.3312599999999861
11
105.1522399999999919
21
-153.3322909999999979
0
LINE
8
BLACK
6
CONTINUOUS
10
105.1522399999999919
20
-153.3322909999999979
11
105.1549279999999982
21
-153.3324819999999988
0
LINE
8
BLACK
6
CONTINUOUS
10
105.1549279999999982
20
-153.3324819999999988
11
105.1686599999999885
21
-153.3377370000000042
0
LINE
8
BLACK
6
CONTINUOUS
10
105.1686599999999885
20
-153.3377370000000042
11
105.2638979999999975
21
-153.3853560000000016
0
LINE
8
BLACK
6
CONTINUOUS
10
105.2638979999999975
20
-153.3853560000000016
11
105.270196999999996
21
-153.3893199999999979
0
LINE
8
BLACK
6
CONTINUOUS
10
105.270196999999996
20
-153.3893199999999979
11
105.2720249999999993
21
-153.3900779999999884
0
LINE
8
BLACK
6
CONTINUOUS
10
105.2720249999999993
20
-153.3900779999999884
11
105.2740809999999954
21
-153.3917659999999898
0
LINE
8
BLACK
6
CONTINUOUS
10
105.2740809999999954
20
-153.3917659999999898
11
105.2763410000000022
21
-153.3931879999999808
0
LINE
8
BLACK
6
CONTINUOUS
10
105.2763410000000022
20
-153.3931879999999808
11
105.277639999999991
21
-153.3946860000000072
0
LINE
8
BLACK
6
CONTINUOUS
10
105.277639999999991
20
-153.3946860000000072
11
105.2833899999999971
21
-153.3994050000000016
0
LINE
8
BLACK
6
CONTINUOUS
10
105.2833899999999971
20
-153.3994050000000016
11
105.3310089999999946
21
-153.447023999999999
0
LINE
8
BLACK
6
CONTINUOUS
10
105.3310089999999946
20
-153.447023999999999
11
105.3357269999999914
21
-153.4527729999999792
0
LINE
8
BLACK
6
CONTINUOUS
10
105.3357269999999914
20
-153.4527729999999792
11
105.3372260000000011
21
-153.454072999999994
0
LINE
8
BLACK
6
CONTINUOUS
10
105.3372260000000011
20
-153.454072999999994
11
105.3386469999999946
21
-153.4563320000000033
0
LINE
8
BLACK
6
CONTINUOUS
10
105.3386469999999946
20
-153.4563320000000033
11
105.3403359999999935
21
-153.4583889999999826
0
LINE
8
BLACK
6
CONTINUOUS
10
105.3403359999999935
20
-153.4583889999999826
11
105.3410930000000008
21
-153.4602160000000026
0
LINE
8
BLACK
6
CONTINUOUS
10
105.3410930000000008
20
-153.4602160000000026
11
105.3450579999999945
21
-153.4665159999999844
0
LINE
8
BLACK
6
CONTINUOUS
10
105.3450579999999945
20
-153.4665159999999844
11
105.3926769999999919
21
-153.5617539999999792
0
LINE
8
BLACK
6
CONTINUOUS
10
105.3926769999999919
20
-153.5617539999999792
11
105.3930859999999967
21
-153.5628229999999803
0
LINE
8
BLACK
6
CONTINUOUS
10
105.3930859999999967
20
-153.5628229999999803
11
105.3934089999999912
21
-153.563258999999988
0
LINE
8
BLACK
6
CONTINUOUS
10
105.3934089999999912
20
-153.563258999999988
11
105.3956009999999992
21
-153.5693949999999859
0
LINE
8
BLACK
6
CONTINUOUS
10
105.3956009999999992
20
-153.5693949999999859
11
105.3979319999999973
21
-153.5754849999999863
0
LINE
8
BLACK
6
CONTINUOUS
10
105.3979319999999973
20
-153.5754849999999863
11
105.3979700000000008
21
-153.5760249999999871
0
LINE
8
BLACK
6
CONTINUOUS
10
105.3979700000000008
20
-153.5760249999999871
11
105.3983559999999926
21
-153.5771049999999889
0
LINE
8
BLACK
6
CONTINUOUS
10
105.3983559999999926
20
-153.5771049999999889
11
105.44597499999999
21
-153.767581000000007
0
LINE
8
BLACK
6
CONTINUOUS
10
105.44597499999999
20
-153.767581000000007
11
105.4463499999999954
21
-153.7701169999999991
0
LINE
8
BLACK
6
CONTINUOUS
10
105.4463499999999954
20
-153.7701169999999991
11
105.4467729999999932
21
-153.7711390000000051
0
LINE
8
BLACK
6
CONTINUOUS
10
105.4467729999999932
20
-153.7711390000000051
11
105.447314999999989
21
-153.7766509999999869
0
LINE
8
BLACK
6
CONTINUOUS
10
105.447314999999989
20
-153.7766509999999869
11
105.4481249999999903
21
-153.7821249999999793
0
LINE
8
BLACK
6
CONTINUOUS
10
105.4481249999999903
20
-153.7821249999999793
11
105.4479619999999898
21
-153.7832169999999792
0
LINE
8
BLACK
6
CONTINUOUS
10
105.4479619999999898
20
-153.7832169999999792
11
105.448213999999993
21
-153.7857709999999827
0
LINE
8
BLACK
6
CONTINUOUS
10
105.448213999999993
20
-153.7857709999999827
11
105.448213999999993
21
-154.0238659999999982
0
LINE
8
BLACK
6
CONTINUOUS
10
105.448213999999993
20
-154.0238659999999982
11
105.4479619999999898
21
-154.0264190000000042
0
LINE
8
BLACK
6
CONTINUOUS
10
105.4479619999999898
20
-154.0264190000000042
11
105.4481249999999903
21
-154.0275120000000015
0
LINE
8
BLACK
6
CONTINUOUS
10
105.4481249999999903
20
-154.0275120000000015
11
105.447314999999989
21
-154.0329849999999965
0
LINE
8
BLACK
6
CONTINUOUS
10
105.447314999999989
20
-154.0329849999999965
11
105.4467729999999932
21
-154.0384980000000041
0
LINE
8
BLACK
6
CONTINUOUS
10
105.4467729999999932
20
-154.0384980000000041
11
105.4463499999999954
21
-154.0395189999999843
0
LINE
8
BLACK
6
CONTINUOUS
10
105.4463499999999954
20
-154.0395189999999843
11
105.44597499999999
21
-154.0420560000000023
0
LINE
8
BLACK
6
CONTINUOUS
10
105.44597499999999
20
-154.0420560000000023
11
105.3983559999999926
21
-154.232531999999992
0
LINE
8
BLACK
6
CONTINUOUS
10
105.3983559999999926
20
-154.232531999999992
11
105.3979700000000008
21
-154.2336109999999962
0
LINE
8
BLACK
6
CONTINUOUS
10
105.3979700000000008
20
-154.2336109999999962
11
105.3979319999999973
21
-154.2341519999999946
0
LINE
8
BLACK
6
CONTINUOUS
10
105.3979319999999973
20
-154.2341519999999946
11
105.3956009999999992
21
-154.2402409999999975
0
LINE
8
BLACK
6
CONTINUOUS
10
105.3956009999999992
20
-154.2402409999999975
11
105.3934089999999912
21
-154.2463779999999929
0
LINE
8
BLACK
6
CONTINUOUS
10
105.3934089999999912
20
-154.2463779999999929
11
105.3930859999999967
21
-154.2468130000000031
0
LINE
8
BLACK
6
CONTINUOUS
10
105.3930859999999967
20
-154.2468130000000031
11
105.3926769999999919
21
-154.2478830000000016
0
LINE
8
BLACK
6
CONTINUOUS
10
105.3926769999999919
20
-154.2478830000000016
11
105.3450579999999945
21
-154.3431209999999965
0
LINE
8
BLACK
6
CONTINUOUS
10
105.3450579999999945
20
-154.3431209999999965
11
105.3410939999999982
21
-154.3494169999999883
0
LINE
8
BLACK
6
CONTINUOUS
10
105.3410939999999982
20
-154.3494169999999883
11
105.340336999999991
21
-154.3512470000000008
0
LINE
8
BLACK
6
CONTINUOUS
10
105.340336999999991
20
-154.3512470000000008
11
105.3386469999999946
21
-154.353305000000006
0
LINE
8
BLACK
6
CONTINUOUS
10
105.3386469999999946
20
-154.353305000000006
11
105.3372260000000011
21
-154.3555639999999869
0
LINE
8
BLACK
6
CONTINUOUS
10
105.3372260000000011
20
-154.3555639999999869
11
105.3357269999999914
21
-154.3568630000000041
0
LINE
8
BLACK
6
CONTINUOUS
10
105.3357269999999914
20
-154.3568630000000041
11
105.3310089999999946
21
-154.3626129999999819
0
LINE
8
BLACK
6
CONTINUOUS
10
105.3310089999999946
20
-154.3626129999999819
11
105.2833909999999946
21
-154.4102319999999793
0
LINE
8
BLACK
6
CONTINUOUS
10
105.2833909999999946
20
-154.4102319999999793
11
105.2776409999999885
21
-154.4149500000000046
0
LINE
8
BLACK
6
CONTINUOUS
10
105.2776409999999885
20
-154.4149500000000046
11
105.2763410000000022
21
-154.4164499999999975
0
LINE
8
BLACK
6
CONTINUOUS
10
105.2763410000000022
20
-154.4164499999999975
11
105.2740809999999954
21
-154.4178719999999885
0
LINE
8
BLACK
6
CONTINUOUS
10
105.2740809999999954
20
-154.4178719999999885
11
105.2720249999999993
21
-154.4195599999999899
0
LINE
8
BLACK
6
CONTINUOUS
10
105.2720249999999993
20
-154.4195599999999899
11
105.270196999999996
21
-154.420316999999983
0
LINE
8
BLACK
6
CONTINUOUS
10
105.270196999999996
20
-154.420316999999983
11
105.2638979999999975
21
-154.4242820000000052
0
LINE
8
BLACK
6
CONTINUOUS
10
105.2638979999999975
20
-154.4242820000000052
11
105.1686599999999885
21
-154.4719010000000026
0
LINE
8
BLACK
6
CONTINUOUS
10
105.1686599999999885
20
-154.4719010000000026
11
105.1549279999999982
21
-154.4771559999999795
0
LINE
8
BLACK
6
CONTINUOUS
10
105.1549279999999982
20
-154.4771559999999795
11
105.1522399999999919
21
-154.477345999999983
0
LINE
8
BLACK
6
CONTINUOUS
10
105.1522399999999919
20
-154.477345999999983
11
105.1497509999999949
21
-154.4783779999999922
0
LINE
8
BLACK
6
CONTINUOUS
10
105.1497509999999949
20
-154.4783779999999922
11
105.1351189999999889
21
-154.479818999999992
0
LINE
8
BLACK
6
CONTINUOUS
10
105.1351189999999889
20
-154.479818999999992
11
105.0398809999999941
21
-154.479818999999992
0
LINE
8
BLACK
6
CONTINUOUS
10
105.0398809999999941
20
-154.479818999999992
11
105.0252490000000023
21
-154.4783779999999922
0
LINE
8
BLACK
6
CONTINUOUS
10
105.0252490000000023
20
-154.4783779999999922
11
105.022759999999991
21
-154.4773469999999804
0
LINE
8
BLACK
6
CONTINUOUS
10
105.022759999999991
20
-154.4773469999999804
11
105.0200710000000015
21
-154.4771559999999795
0
LINE
8
BLACK
6
CONTINUOUS
10
105.0200710000000015
20
-154.4771559999999795
11
105.0063399999999945
21
-154.4719010000000026
0
LINE
8
BLACK
6
CONTINUOUS
10
105.0063399999999945
20
-154.4719010000000026
11
104.9111019999999996
21
-154.4242820000000052
0
LINE
8
BLACK
6
CONTINUOUS
10
104.9111019999999996
20
-154.4242820000000052
11
104.9048019999999894
21
-154.420316999999983
0
LINE
8
BLACK
6
CONTINUOUS
10
104.9048019999999894
20
-154.420316999999983
11
104.9029749999999979
21
-154.4195599999999899
0
LINE
8
BLACK
6
CONTINUOUS
10
104.9029749999999979
20
-154.4195599999999899
11
104.9009179999999901
21
-154.4178719999999885
0
LINE
8
BLACK
6
CONTINUOUS
10
104.9009179999999901
20
-154.4178719999999885
11
104.898658999999995
21
-154.4164499999999975
0
LINE
8
BLACK
6
CONTINUOUS
10
104.898658999999995
20
-154.4164499999999975
11
104.897357999999997
21
-154.4149500000000046
0
LINE
8
BLACK
6
CONTINUOUS
10
104.897357999999997
20
-154.4149500000000046
11
104.8916089999999883
21
-154.4102319999999793
0
LINE
8
BLACK
6
CONTINUOUS
10
104.8916089999999883
20
-154.4102319999999793
11
104.8439899999999909
21
-154.3626119999999844
0
LINE
8
BLACK
6
CONTINUOUS
10
104.8439899999999909
20
-154.3626119999999844
11
104.839271999999994
21
-154.3568630000000041
0
LINE
8
BLACK
6
CONTINUOUS
10
104.839271999999994
20
-154.3568630000000041
11
104.837773999999996
21
-154.3555639999999869
0
LINE
8
BLACK
6
CONTINUOUS
10
104.837773999999996
20
-154.3555639999999869
11
104.8363519999999909
21
-154.353305000000006
0
LINE
8
BLACK
6
CONTINUOUS
10
104.8363519999999909
20
-154.353305000000006
11
104.8346629999999919
21
-154.3512470000000008
0
LINE
8
BLACK
6
CONTINUOUS
10
104.8346629999999919
20
-154.3512470000000008
11
104.8339050000000015
21
-154.3494169999999883
0
LINE
8
BLACK
6
CONTINUOUS
10
104.8339050000000015
20
-154.3494169999999883
11
104.8299419999999884
21
-154.3431209999999965
0
LINE
8
BLACK
6
CONTINUOUS
10
104.8299419999999884
20
-154.3431209999999965
11
104.782322999999991
21
-154.2478830000000016
0
LINE
8
BLACK
6
CONTINUOUS
10
104.782322999999991
20
-154.2478830000000016
11
104.7819129999999888
21
-154.2468130000000031
0
LINE
8
BLACK
6
CONTINUOUS
10
104.7819129999999888
20
-154.2468130000000031
11
104.7815909999999917
21
-154.2463779999999929
0
LINE
8
BLACK
6
CONTINUOUS
10
104.7815909999999917
20
-154.2463779999999929
11
104.7793949999999938
21
-154.2402319999999918
0
LINE
8
BLACK
6
CONTINUOUS
10
104.7793949999999938
20
-154.2402319999999918
11
104.7770679999999999
21
-154.2341509999999971
0
LINE
8
BLACK
6
CONTINUOUS
10
104.7770679999999999
20
-154.2341509999999971
11
104.7770289999999989
21
-154.2336109999999962
0
LINE
8
BLACK
6
CONTINUOUS
10
104.7770289999999989
20
-154.2336109999999962
11
104.7766439999999903
21
-154.232531999999992
0
LINE
8
BLACK
6
CONTINUOUS
10
104.7766439999999903
20
-154.232531999999992
11
104.7290249999999929
21
-154.0420560000000023
0
LINE
8
BLACK
6
CONTINUOUS
10
104.7290249999999929
20
-154.0420560000000023
11
104.7286489999999901
21
-154.0395189999999843
0
LINE
8
BLACK
6
CONTINUOUS
10
104.7286489999999901
20
-154.0395189999999843
11
104.7282269999999897
21
-154.0384980000000041
0
LINE
8
BLACK
6
CONTINUOUS
10
104.7282269999999897
20
-154.0384980000000041
11
104.7276839999999964
21
-154.0329849999999965
0
LINE
8
BLACK
6
CONTINUOUS
10
104.7276839999999964
20
-154.0329849999999965
11
104.7268749999999926
21
-154.0275120000000015
0
LINE
8
BLACK
6
CONTINUOUS
10
104.7268749999999926
20
-154.0275120000000015
11
104.7270369999999957
21
-154.0264190000000042
0
LINE
8
BLACK
6
CONTINUOUS
10
104.7270369999999957
20
-154.0264190000000042
11
104.7267859999999899
21
-154.0238659999999982
0
LINE
8
BLACK
6
CONTINUOUS
10
104.7267859999999899
20
-154.0238659999999982
11
104.7267859999999899
21
-153.7857709999999827
0
LINE
8
BLACK
6
CONTINUOUS
10
104.7267859999999899
20
-153.7857709999999827
11
104.7270369999999957
21
-153.7832169999999792
0
LINE
8
BLACK
6
CONTINUOUS
10
104.7270369999999957
20
-153.7832169999999792
11
104.7268749999999926
21
-153.7821249999999793
0
LINE
8
BLACK
6
CONTINUOUS
10
104.7268749999999926
20
-153.7821249999999793
11
104.7276839999999964
21
-153.7766509999999869
0
LINE
8
BLACK
6
CONTINUOUS
10
104.7276839999999964
20
-153.7766509999999869
11
104.7282269999999897
21
-153.7711390000000051
0
LINE
8
BLACK
6
CONTINUOUS
10
104.7282269999999897
20
-153.7711390000000051
11
104.7286489999999901
21
-153.7701169999999991
0
LINE
8
BLACK
6
CONTINUOUS
10
104.7286489999999901
20
-153.7701169999999991
11
104.7290249999999929
21
-153.767581000000007
0
LINE
8
BLACK
6
CONTINUOUS
10
104.7290249999999929
20
-153.767581000000007
11
104.7766439999999903
21
-153.5771049999999889
0
LINE
8
BLACK
6
CONTINUOUS
10
104.7766439999999903
20
-153.5771049999999889
11
104.7770289999999989
21
-153.5760249999999871
0
LINE
8
BLACK
6
CONTINUOUS
10
104.7770289999999989
20
-153.5760249999999871
11
104.7770679999999999
21
-153.5754859999999837
0
LINE
8
BLACK
6
CONTINUOUS
10
104.7770679999999999
20
-153.5754859999999837
11
104.7793949999999938
21
-153.5694039999999916
0
LINE
8
BLACK
6
CONTINUOUS
10
104.7793949999999938
20
-153.5694039999999916
11
104.7815909999999917
21
-153.563258999999988
0
LINE
8
BLACK
6
CONTINUOUS
10
104.7815909999999917
20
-153.563258999999988
11
104.7819129999999888
21
-153.5628229999999803
0
LINE
8
BLACK
6
CONTINUOUS
10
104.7819129999999888
20
-153.5628229999999803
11
104.782322999999991
21
-153.5617539999999792
0
LINE
8
BLACK
6
CONTINUOUS
10
104.782322999999991
20
-153.5617539999999792
11
104.8299419999999884
21
-153.4665159999999844
0
LINE
8
BLACK
6
CONTINUOUS
10
104.8299419999999884
20
-153.4665159999999844
11
104.8339059999999989
21
-153.4602160000000026
0
LINE
8
BLACK
6
CONTINUOUS
10
104.8339059999999989
20
-153.4602160000000026
11
104.8346639999999894
21
-153.4583889999999826
0
LINE
8
BLACK
6
CONTINUOUS
10
104.8346639999999894
20
-153.4583889999999826
11
104.8363519999999909
21
-153.4563320000000033
0
LINE
8
BLACK
6
CONTINUOUS
10
104.8363519999999909
20
-153.4563320000000033
11
104.837773999999996
21
-153.454072999999994
0
LINE
8
BLACK
6
CONTINUOUS
10
104.837773999999996
20
-153.454072999999994
11
104.839271999999994
21
-153.4527729999999792
0
LINE
8
BLACK
6
CONTINUOUS
10
104.839271999999994
20
-153.4527729999999792
11
104.8439909999999884
21
-153.447023999999999
0
LINE
8
BLACK
6
CONTINUOUS
10
104.8439909999999884
20
-153.447023999999999
11
104.89161
21
-153.3994050000000016
0
LINE
8
BLACK
6
CONTINUOUS
10
104.89161
20
-153.3994050000000016
11
104.8973589999999945
21
-153.3946860000000072
0
LINE
8
BLACK
6
CONTINUOUS
10
104.8973589999999945
20
-153.3946860000000072
11
104.898658999999995
21
-153.3931879999999808
0
LINE
8
BLACK
6
CONTINUOUS
10
104.898658999999995
20
-153.3931879999999808
11
104.9009179999999901
21
-153.3917659999999898
0
LINE
8
BLACK
6
CONTINUOUS
10
104.9009179999999901
20
-153.3917659999999898
11
104.9029749999999979
21
-153.3900779999999884
0
LINE
8
BLACK
6
CONTINUOUS
10
104.9029749999999979
20
-153.3900779999999884
11
104.9048019999999894
21
-153.3893199999999979
0
LINE
8
BLACK
6
CONTINUOUS
10
104.9048019999999894
20
-153.3893199999999979
11
104.9111019999999996
21
-153.3853560000000016
0
LINE
8
BLACK
6
CONTINUOUS
10
104.9111019999999996
20
-153.3853560000000016
11
105.0063399999999945
21
-153.3377370000000042
0
LINE
8
BLACK
6
CONTINUOUS
10
105.0063399999999945
20
-153.3377370000000042
11
105.0200710000000015
21
-153.3324819999999988
0
LINE
8
BLACK
6
CONTINUOUS
10
105.0200710000000015
20
-153.3324819999999988
11
105.022759999999991
21
-153.3322900000000004
0
LINE
8
BLACK
6
CONTINUOUS
10
105.022759999999991
20
-153.3322900000000004
11
105.0252490000000023
21
-153.3312599999999861
0
LINE
8
BLACK
6
CONTINUOUS
10
105.0252490000000023
20
-153.3312599999999861
11
105.0398809999999941
21
-153.3298189999999863
0
LINE
8
BLACK
6
CONTINUOUS
10
105.0398809999999941
20
-153.3298189999999863
11
105.1351189999999889
21
-153.3298189999999863
0
LINE
8
BLACK
6
CONTINUOUS
10
105.1351189999999889
20
-153.3298189999999863
11
105.1497509999999949
21
-153.3312599999999861
0
LINE
8
BLACK
6
CONTINUOUS
10
104.9890699999999981
20
-153.5140769999999861
11
104.9586630000000014
21
-153.5444839999999829
0
LINE
8
BLACK
6
CONTINUOUS
10
104.9586630000000014
20
-153.5444839999999829
11
104.9201690000000013
21
-153.6214709999999855
0
LINE
8
BLACK
6
CONTINUOUS
10
104.9201690000000013
20
-153.6214709999999855
11
104.8767859999999956
21
-153.7950050000000033
0
LINE
8
BLACK
6
CONTINUOUS
10
104.8767859999999956
20
-153.7950050000000033
11
104.8767859999999956
21
-154.014632000000006
0
LINE
8
BLACK
6
CONTINUOUS
10
104.8767859999999956
20
-154.014632000000006
11
104.9201690000000013
21
-154.1881659999999954
0
LINE
8
BLACK
6
CONTINUOUS
10
104.9201690000000013
20
-154.1881659999999954
11
104.9586630000000014
21
-154.265152999999998
0
LINE
8
BLACK
6
CONTINUOUS
10
104.9586630000000014
20
-154.265152999999998
11
104.9890699999999981
21
-154.2955609999999922
0
LINE
8
BLACK
6
CONTINUOUS
10
104.9890699999999981
20
-154.2955609999999922
11
105.0575860000000006
21
-154.3298189999999863
0
LINE
8
BLACK
6
CONTINUOUS
10
105.0575860000000006
20
-154.3298189999999863
11
105.1174139999999966
21
-154.3298189999999863
0
LINE
8
BLACK
6
CONTINUOUS
10
105.1174139999999966
20
-154.3298189999999863
11
105.1859290000000016
21
-154.2955609999999922
0
LINE
8
BLACK
6
CONTINUOUS
10
105.1859290000000016
20
-154.2955609999999922
11
105.2163359999999983
21
-154.265152999999998
0
LINE
8
BLACK
6
CONTINUOUS
10
105.2163359999999983
20
-154.265152999999998
11
105.2548299999999983
21
-154.1881659999999954
0
LINE
8
BLACK
6
CONTINUOUS
10
105.2548299999999983
20
-154.1881659999999954
11
105.2982140000000015
21
-154.014632000000006
0
LINE
8
BLACK
6
CONTINUOUS
10
105.2982140000000015
20
-154.014632000000006
11
105.2982140000000015
21
-153.7950050000000033
0
LINE
8
BLACK
6
CONTINUOUS
10
105.2982140000000015
20
-153.7950050000000033
11
105.2548299999999983
21
-153.6214709999999855
0
LINE
8
BLACK
6
CONTINUOUS
10
105.2548299999999983
20
-153.6214709999999855
11
105.2163369999999958
21
-153.5444839999999829
0
LINE
8
BLACK
6
CONTINUOUS
10
105.2163369999999958
20
-153.5444839999999829
11
105.185929999999999
21
-153.5140769999999861
0
LINE
8
BLACK
6
CONTINUOUS
10
105.185929999999999
20
-153.5140769999999861
11
105.1174139999999966
21
-153.479818999999992
0
LINE
8
BLACK
6
CONTINUOUS
10
105.1174139999999966
20
-153.479818999999992
11
105.0575860000000006
21
-153.479818999999992
0
LINE
8
BLACK
6
CONTINUOUS
10
105.0575860000000006
20
-153.479818999999992
11
104.9890699999999981
21
-153.5140769999999861
0
LINE
8
BLACK
6
CONTINUOUS
10
173.6073690000000056
20
-138.6985919999999908
11
173.9102549999999781
21
-138.754097999999999
0
LINE
8
BLACK
6
CONTINUOUS
10
173.9102549999999781
20
-138.754097999999999
11
174.2042419999999936
21
-138.8457089999999994
0
LINE
8
BLACK
6
CONTINUOUS
10
174.2042419999999936
20
-138.8457089999999994
11
174.4850439999999878
21
-138.9720869999999877
0
LINE
8
BLACK
6
CONTINUOUS
10
174.4850439999999878
20
-138.9720869999999877
11
174.748564999999985
21
-139.1313910000000078
0
LINE
8
BLACK
6
CONTINUOUS
10
174.748564999999985
20
-139.1313910000000078
11
174.9909629999999936
21
-139.3212979999999845
0
LINE
8
BLACK
6
CONTINUOUS
10
174.9909629999999936
20
-139.3212979999999845
11
175.2087019999999882
21
-139.5390370000000075
0
LINE
8
BLACK
6
CONTINUOUS
10
175.2087019999999882
20
-139.5390370000000075
11
175.3986089999999933
21
-139.7814349999999877
0
LINE
8
BLACK
6
CONTINUOUS
10
175.3986089999999933
20
-139.7814349999999877
11
175.557912999999985
21
-140.0449559999999849
0
LINE
8
BLACK
6
CONTINUOUS
10
175.557912999999985
20
-140.0449559999999849
11
175.6842910000000018
21
-140.3257580000000075
0
LINE
8
BLACK
6
CONTINUOUS
10
175.6842910000000018
20
-140.3257580000000075
11
175.7759020000000021
21
-140.6197449999999947
0
LINE
8
BLACK
6
CONTINUOUS
10
175.7759020000000021
20
-140.6197449999999947
11
175.8314079999999819
21
-140.9226309999999955
0
LINE
8
BLACK
6
CONTINUOUS
10
175.8314079999999819
20
-140.9226309999999955
11
175.8499999999999943
21
-141.2299999999999898
0
LINE
8
BLACK
6
CONTINUOUS
10
175.8499999999999943
20
-141.2299999999999898
11
175.8404510000000016
21
-141.2593889999999988
0
LINE
8
BLACK
6
CONTINUOUS
10
175.8404510000000016
20
-141.2593889999999988
11
175.8154509999999959
21
-141.2775529999999833
0
LINE
8
BLACK
6
CONTINUOUS
10
175.8154509999999959
20
-141.2775529999999833
11
175.7845489999999984
21
-141.2775529999999833
0
LINE
8
BLACK
6
CONTINUOUS
10
175.7845489999999984
20
-141.2775529999999833
11
175.7595489999999927
21
-141.2593889999999988
0
LINE
8
BLACK
6
CONTINUOUS
10
175.7595489999999927
20
-141.2593889999999988
11
175.75
21
-141.2299999999999898
0
LINE
8
BLACK
6
CONTINUOUS
10
175.75
20
-141.2299999999999898
11
175.75
21
-141.0818019999999819
0
LINE
8
BLACK
6
CONTINUOUS
10
175.75
20
-141.0818019999999819
11
175.7142729999999915
21
-140.7875679999999932
0
LINE
8
BLACK
6
CONTINUOUS
10
175.7142729999999915
20
-140.7875679999999932
11
175.6433409999999924
21
-140.4997850000000028
0
LINE
8
BLACK
6
CONTINUOUS
10
175.6433409999999924
20
-140.4997850000000028
11
175.5382379999999785
21
-140.2226509999999848
0
LINE
8
BLACK
6
CONTINUOUS
10
175.5382379999999785
20
-140.2226509999999848
11
175.400496000000004
21
-139.9602059999999994
0
LINE
8
BLACK
6
CONTINUOUS
10
175.400496000000004
20
-139.9602059999999994
11
175.2321249999999964
21
-139.7162769999999909
0
LINE
8
BLACK
6
CONTINUOUS
10
175.2321249999999964
20
-139.7162769999999909
11
175.0355779999999868
21
-139.4944219999999859
0
LINE
8
BLACK
6
CONTINUOUS
10
175.0355779999999868
20
-139.4944219999999859
11
174.8137229999999818
21
-139.2978750000000048
0
LINE
8
BLACK
6
CONTINUOUS
10
174.8137229999999818
20
-139.2978750000000048
11
174.5697940000000017
21
-139.1295039999999972
0
LINE
8
BLACK
6
CONTINUOUS
10
174.5697940000000017
20
-139.1295039999999972
11
174.3073489999999879
21
-138.9917619999999943
0
LINE
8
BLACK
6
CONTINUOUS
10
174.3073489999999879
20
-138.9917619999999943
11
174.0302149999999983
21
-138.8866589999999803
0
LINE
8
BLACK
6
CONTINUOUS
10
174.0302149999999983
20
-138.8866589999999803
11
173.7424319999999796
21
-138.8157269999999812
0
LINE
8
BLACK
6
CONTINUOUS
10
173.7424319999999796
20
-138.8157269999999812
11
173.4481979999999908
21
-138.7800000000000011
0
LINE
8
BLACK
6
CONTINUOUS
10
173.4481979999999908
20
-138.7800000000000011
11
173.1518020000000035
21
-138.7800000000000011
0
LINE
8
BLACK
6
CONTINUOUS
10
173.1518020000000035
20
-138.7800000000000011
11
172.8575679999999863
21
-138.8157269999999812
0
LINE
8
BLACK
6
CONTINUOUS
10
172.8575679999999863
20
-138.8157269999999812
11
172.569784999999996
21
-138.8866589999999803
0
LINE
8
BLACK
6
CONTINUOUS
10
172.569784999999996
20
-138.8866589999999803
11
172.292650999999978
21
-138.9917619999999943
0
LINE
8
BLACK
6
CONTINUOUS
10
172.292650999999978
20
-138.9917619999999943
11
172.0302059999999926
21
-139.1295039999999972
0
LINE
8
BLACK
6
CONTINUOUS
10
172.0302059999999926
20
-139.1295039999999972
11
171.7862769999999841
21
-139.2978750000000048
0
LINE
8
BLACK
6
CONTINUOUS
10
171.7862769999999841
20
-139.2978750000000048
11
171.5644219999999791
21
-139.4944219999999859
0
LINE
8
BLACK
6
CONTINUOUS
10
171.5644219999999791
20
-139.4944219999999859
11
171.367874999999998
21
-139.7162769999999909
0
LINE
8
BLACK
6
CONTINUOUS
10
171.367874999999998
20
-139.7162769999999909
11
171.1995039999999904
21
-139.9602059999999994
0
LINE
8
BLACK
6
CONTINUOUS
10
171.1995039999999904
20
-139.9602059999999994
11
171.0617619999999874
21
-140.2226509999999848
0
LINE
8
BLACK
6
CONTINUOUS
10
171.0617619999999874
20
-140.2226509999999848
11
170.9566590000000019
21
-140.4997850000000028
0
LINE
8
BLACK
6
CONTINUOUS
10
170.9566590000000019
20
-140.4997850000000028
11
170.8857270000000028
21
-140.7875679999999932
0
LINE
8
BLACK
6
CONTINUOUS
10
170.8857270000000028
20
-140.7875679999999932
11
170.8499999999999943
21
-141.0818019999999819
0
LINE
8
BLACK
6
CONTINUOUS
10
170.8499999999999943
20
-141.0818019999999819
11
170.8499999999999943
21
-141.2299999999999898
0
LINE
8
BLACK
6
CONTINUOUS
10
170.8499999999999943
20
-141.2299999999999898
11
170.8404510000000016
21
-141.2593889999999988
0
LINE
8
BLACK
6
CONTINUOUS
10
170.8404510000000016
20
-141.2593889999999988
11
170.8154509999999959
21
-141.2775529999999833
0
LINE
8
BLACK
6
CONTINUOUS
10
170.8154509999999959
20
-141.2775529999999833
11
170.7845489999999984
21
-141.2775529999999833
0
LINE
8
BLACK
6
CONTINUOUS
10
170.7845489999999984
20
-141.2775529999999833
11
170.7595489999999927
21
-141.2593889999999988
0
LINE
8
BLACK
6
CONTINUOUS
10
170.7595489999999927
20
-141.2593889999999988
11
170.75
21
-141.2299999999999898
0
LINE
8
BLACK
6
CONTINUOUS
10
170.75
20
-141.2299999999999898
11
170.768591999999984
21
-140.9226309999999955
0
LINE
8
BLACK
6
CONTINUOUS
10
170.768591999999984
20
-140.9226309999999955
11
170.8240979999999922
21
-140.6197449999999947
0
LINE
8
BLACK
6
CONTINUOUS
10
170.8240979999999922
20
-140.6197449999999947
11
170.9157089999999926
21
-140.3257580000000075
0
LINE
8
BLACK
6
CONTINUOUS
10
170.9157089999999926
20
-140.3257580000000075
11
171.0420869999999809
21
-140.0449559999999849
0
LINE
8
BLACK
6
CONTINUOUS
10
171.0420869999999809
20
-140.0449559999999849
11
171.201391000000001
21
-139.7814349999999877
0
LINE
8
BLACK
6
CONTINUOUS
10
171.201391000000001
20
-139.7814349999999877
11
171.3912980000000061
21
-139.5390370000000075
0
LINE
8
BLACK
6
CONTINUOUS
10
171.3912980000000061
20
-139.5390370000000075
11
171.6090370000000007
21
-139.3212979999999845
0
LINE
8
BLACK
6
CONTINUOUS
10
171.6090370000000007
20
-139.3212979999999845
11
171.8514349999999808
21
-139.1313910000000078
0
LINE
8
BLACK
6
CONTINUOUS
10
171.8514349999999808
20
-139.1313910000000078
11
172.1149559999999781
21
-138.9720869999999877
0
LINE
8
BLACK
6
CONTINUOUS
10
172.1149559999999781
20
-138.9720869999999877
11
172.3957580000000007
21
-138.8457089999999994
0
LINE
8
BLACK
6
CONTINUOUS
10
172.3957580000000007
20
-138.8457089999999994
11
172.6897449999999878
21
-138.754097999999999
0
LINE
8
BLACK
6
CONTINUOUS
10
172.6897449999999878
20
-138.754097999999999
11
172.9926309999999887
21
-138.6985919999999908
0
LINE
8
BLACK
6
CONTINUOUS
10
172.9926309999999887
20
-138.6985919999999908
11
173.2999999999999829
21
-138.6800000000000068
0
LINE
8
BLACK
6
CONTINUOUS
10
173.2999999999999829
20
-138.6800000000000068
11
173.6073690000000056
21
-138.6985919999999908
0
LINE
8
BLACK
6
CONTINUOUS
10
170.8404510000000016
20
-131.2006109999999808
11
170.8499999999999943
21
-131.2299999999999898
0
LINE
8
BLACK
6
CONTINUOUS
10
170.8499999999999943
20
-131.2299999999999898
11
170.8499999999999943
21
-131.3781979999999976
0
LINE
8
BLACK
6
CONTINUOUS
10
170.8499999999999943
20
-131.3781979999999976
11
170.8857270000000028
21
-131.6724319999999864
0
LINE
8
BLACK
6
CONTINUOUS
10
170.8857270000000028
20
-131.6724319999999864
11
170.9566590000000019
21
-131.9602150000000051
0
LINE
8
BLACK
6
CONTINUOUS
10
170.9566590000000019
20
-131.9602150000000051
11
171.0617619999999874
21
-132.2373489999999947
0
LINE
8
BLACK
6
CONTINUOUS
10
171.0617619999999874
20
-132.2373489999999947
11
171.1995039999999904
21
-132.4997939999999801
0
LINE
8
BLACK
6
CONTINUOUS
10
171.1995039999999904
20
-132.4997939999999801
11
171.367874999999998
21
-132.7437229999999886
0
LINE
8
BLACK
6
CONTINUOUS
10
171.367874999999998
20
-132.7437229999999886
11
171.5644219999999791
21
-132.9655779999999936
0
LINE
8
BLACK
6
CONTINUOUS
10
171.5644219999999791
20
-132.9655779999999936
11
171.7862769999999841
21
-133.1621250000000032
0
LINE
8
BLACK
6
CONTINUOUS
10
171.7862769999999841
20
-133.1621250000000032
11
172.0302059999999926
21
-133.3304959999999824
0
LINE
8
BLACK
6
CONTINUOUS
10
172.0302059999999926
20
-133.3304959999999824
11
172.292650999999978
21
-133.4682379999999853
0
LINE
8
BLACK
6
CONTINUOUS
10
172.292650999999978
20
-133.4682379999999853
11
172.569784999999996
21
-133.5733409999999992
0
LINE
8
BLACK
6
CONTINUOUS
10
172.569784999999996
20
-133.5733409999999992
11
172.8575679999999863
21
-133.6442729999999983
0
LINE
8
BLACK
6
CONTINUOUS
10
172.8575679999999863
20
-133.6442729999999983
11
173.1518020000000035
21
-133.6800000000000068
0
LINE
8
BLACK
6
CONTINUOUS
10
173.1518020000000035
20
-133.6800000000000068
11
173.4481979999999908
21
-133.6800000000000068
0
LINE
8
BLACK
6
CONTINUOUS
10
173.4481979999999908
20
-133.6800000000000068
11
173.7424319999999796
21
-133.6442729999999983
0
LINE
8
BLACK
6
CONTINUOUS
10
173.7424319999999796
20
-133.6442729999999983
11
174.0302149999999983
21
-133.5733409999999992
0
LINE
8
BLACK
6
CONTINUOUS
10
174.0302149999999983
20
-133.5733409999999992
11
174.3073489999999879
21
-133.4682379999999853
0
LINE
8
BLACK
6
CONTINUOUS
10
174.3073489999999879
20
-133.4682379999999853
11
174.5697940000000017
21
-133.3304959999999824
0
LINE
8
BLACK
6
CONTINUOUS
10
174.5697940000000017
20
-133.3304959999999824
11
174.8137229999999818
21
-133.1621250000000032
0
LINE
8
BLACK
6
CONTINUOUS
10
174.8137229999999818
20
-133.1621250000000032
11
175.0355779999999868
21
-132.9655779999999936
0
LINE
8
BLACK
6
CONTINUOUS
10
175.0355779999999868
20
-132.9655779999999936
11
175.2321249999999964
21
-132.7437229999999886
0
LINE
8
BLACK
6
CONTINUOUS
10
175.2321249999999964
20
-132.7437229999999886
11
175.400496000000004
21
-132.4997939999999801
0
LINE
8
BLACK
6
CONTINUOUS
10
175.400496000000004
20
-132.4997939999999801
11
175.5382379999999785
21
-132.2373489999999947
0
LINE
8
BLACK
6
CONTINUOUS
10
175.5382379999999785
20
-132.2373489999999947
11
175.6433409999999924
21
-131.9602150000000051
0
LINE
8
BLACK
6
CONTINUOUS
10
175.6433409999999924
20
-131.9602150000000051
11
175.7142729999999915
21
-131.6724319999999864
0
LINE
8
BLACK
6
CONTINUOUS
10
175.7142729999999915
20
-131.6724319999999864
11
175.75
21
-131.3781979999999976
0
LINE
8
BLACK
6
CONTINUOUS
10
175.75
20
-131.3781979999999976
11
175.75
21
-131.2299999999999898
0
LINE
8
BLACK
6
CONTINUOUS
10
175.75
20
-131.2299999999999898
11
175.7595489999999927
21
-131.2006109999999808
0
LINE
8
BLACK
6
CONTINUOUS
10
175.7595489999999927
20
-131.2006109999999808
11
175.7845489999999984
21
-131.1824469999999963
0
LINE
8
BLACK
6
CONTINUOUS
10
175.7845489999999984
20
-131.1824469999999963
11
175.8154509999999959
21
-131.1824469999999963
0
LINE
8
BLACK
6
CONTINUOUS
10
175.8154509999999959
20
-131.1824469999999963
11
175.8404510000000016
21
-131.2006109999999808
0
LINE
8
BLACK
6
CONTINUOUS
10
175.8404510000000016
20
-131.2006109999999808
11
175.8499999999999943
21
-131.2299999999999898
0
LINE
8
BLACK
6
CONTINUOUS
10
175.8499999999999943
20
-131.2299999999999898
11
175.8314079999999819
21
-131.537368999999984
0
LINE
8
BLACK
6
CONTINUOUS
10
175.8314079999999819
20
-131.537368999999984
11
175.7759020000000021
21
-131.8402549999999849
0
LINE
8
BLACK
6
CONTINUOUS
10
175.7759020000000021
20
-131.8402549999999849
11
175.6842910000000018
21
-132.1342420000000004
0
LINE
8
BLACK
6
CONTINUOUS
10
175.6842910000000018
20
-132.1342420000000004
11
175.557912999999985
21
-132.4150439999999946
0
LINE
8
BLACK
6
CONTINUOUS
10
175.557912999999985
20
-132.4150439999999946
11
175.3986089999999933
21
-132.6785649999999919
0
LINE
8
BLACK
6
CONTINUOUS
10
175.3986089999999933
20
-132.6785649999999919
11
175.2087019999999882
21
-132.9209630000000004
0
LINE
8
BLACK
6
CONTINUOUS
10
175.2087019999999882
20
-132.9209630000000004
11
174.9909629999999936
21
-133.138701999999995
0
LINE
8
BLACK
6
CONTINUOUS
10
174.9909629999999936
20
-133.138701999999995
11
174.748564999999985
21
-133.3286090000000002
0
LINE
8
BLACK
6
CONTINUOUS
10
174.748564999999985
20
-133.3286090000000002
11
174.4850439999999878
21
-133.4879129999999918
0
LINE
8
BLACK
6
CONTINUOUS
10
174.4850439999999878
20
-133.4879129999999918
11
174.2042419999999936
21
-133.6142909999999802
0
LINE
8
BLACK
6
CONTINUOUS
10
174.2042419999999936
20
-133.6142909999999802
11
173.9102549999999781
21
-133.7059019999999805
0
LINE
8
BLACK
6
CONTINUOUS
10
173.9102549999999781
20
-133.7059019999999805
11
173.6073690000000056
21
-133.7614079999999888
0
LINE
8
BLACK
6
CONTINUOUS
10
173.6073690000000056
20
-133.7614079999999888
11
173.2999999999999829
21
-133.7800000000000011
0
LINE
8
BLACK
6
CONTINUOUS
10
173.2999999999999829
20
-133.7800000000000011
11
172.9926309999999887
21
-133.7614079999999888
0
LINE
8
BLACK
6
CONTINUOUS
10
172.9926309999999887
20
-133.7614079999999888
11
172.6897449999999878
21
-133.7059019999999805
0
LINE
8
BLACK
6
CONTINUOUS
10
172.6897449999999878
20
-133.7059019999999805
11
172.3957580000000007
21
-133.6142909999999802
0
LINE
8
BLACK
6
CONTINUOUS
10
172.3957580000000007
20
-133.6142909999999802
11
172.1149559999999781
21
-133.4879129999999918
0
LINE
8
BLACK
6
CONTINUOUS
10
172.1149559999999781
20
-133.4879129999999918
11
171.8514349999999808
21
-133.3286090000000002
0
LINE
8
BLACK
6
CONTINUOUS
10
171.8514349999999808
20
-133.3286090000000002
11
171.6090370000000007
21
-133.138701999999995
0
LINE
8
BLACK
6
CONTINUOUS
10
171.6090370000000007
20
-133.138701999999995
11
171.3912980000000061
21
-132.9209630000000004
0
LINE
8
BLACK
6
CONTINUOUS
10
171.3912980000000061
20
-132.9209630000000004
11
171.201391000000001
21
-132.6785649999999919
0
LINE
8
BLACK
6
CONTINUOUS
10
171.201391000000001
20
-132.6785649999999919
11
171.0420869999999809
21
-132.4150439999999946
0
LINE
8
BLACK
6
CONTINUOUS
10
171.0420869999999809
20
-132.4150439999999946
11
170.9157089999999926
21
-132.1342420000000004
0
LINE
8
BLACK
6
CONTINUOUS
10
170.9157089999999926
20
-132.1342420000000004
11
170.8240979999999922
21
-131.8402549999999849
0
LINE
8
BLACK
6
CONTINUOUS
10
170.8240979999999922
20
-131.8402549999999849
11
170.768591999999984
21
-131.537368999999984
0
LINE
8
BLACK
6
CONTINUOUS
10
170.768591999999984
20
-131.537368999999984
11
170.75
21
-131.2299999999999898
0
LINE
8
BLACK
6
CONTINUOUS
10
170.75
20
-131.2299999999999898
11
170.7595489999999927
21
-131.2006109999999808
0
LINE
8
BLACK
6
CONTINUOUS
10
170.7595489999999927
20
-131.2006109999999808
11
170.7845489999999984
21
-131.1824469999999963
0
LINE
8
BLACK
6
CONTINUOUS
10
170.7845489999999984
20
-131.1824469999999963
11
170.8154509999999959
21
-131.1824469999999963
0
LINE
8
BLACK
6
CONTINUOUS
10
170.8154509999999959
20
-131.1824469999999963
11
170.8404510000000016
21
-131.2006109999999808
0
LINE
8
BLACK
6
CONTINUOUS
10
299.9969169999999963
20
-77.1312599999999975
11
300.0239530000000059
21
-77.1424590000000023
0
LINE
8
BLACK
6
CONTINUOUS
10
300.0239530000000059
20
-77.1424590000000023
11
300.0446450000000027
21
-77.1631509999999992
0
LINE
8
BLACK
6
CONTINUOUS
10
300.0446450000000027
20
-77.1631509999999992
11
300.0558439999999791
21
-77.1901869999999946
0
LINE
8
BLACK
6
CONTINUOUS
10
300.0558439999999791
20
-77.1901869999999946
11
300.0558439999999791
21
-77.2194509999999923
0
LINE
8
BLACK
6
CONTINUOUS
10
300.0558439999999791
20
-77.2194509999999923
11
300.0446450000000027
21
-77.2464870000000019
0
LINE
8
BLACK
6
CONTINUOUS
10
300.0446450000000027
20
-77.2464870000000019
11
300.0239530000000059
21
-77.2671789999999987
0
LINE
8
BLACK
6
CONTINUOUS
10
300.0239530000000059
20
-77.2671789999999987
11
299.9969169999999963
21
-77.2783780000000036
0
LINE
8
BLACK
6
CONTINUOUS
10
299.9969169999999963
20
-77.2783780000000036
11
299.9822849999999903
21
-77.2798190000000034
0
LINE
8
BLACK
6
CONTINUOUS
10
299.9822849999999903
20
-77.2798190000000034
11
299.8095139999999788
21
-77.2798190000000034
0
LINE
8
BLACK
6
CONTINUOUS
10
299.8095139999999788
20
-77.2798190000000034
11
299.7409979999999905
21
-77.3140769999999975
0
LINE
8
BLACK
6
CONTINUOUS
10
299.7409979999999905
20
-77.3140769999999975
11
299.7072359999999662
21
-77.3478379999999959
0
LINE
8
BLACK
6
CONTINUOUS
10
299.7072359999999662
20
-77.3478379999999959
11
299.6233239999999682
21
-77.4737069999999903
0
LINE
8
BLACK
6
CONTINUOUS
10
299.6233239999999682
20
-77.4737069999999903
11
299.6048000000000116
21
-77.5478039999999993
0
LINE
8
BLACK
6
CONTINUOUS
10
299.6048000000000116
20
-77.5478039999999993
11
299.663029999999992
21
-77.5186889999999948
0
LINE
8
BLACK
6
CONTINUOUS
10
299.663029999999992
20
-77.5186889999999948
11
299.6767609999999991
21
-77.5134339999999895
0
LINE
8
BLACK
6
CONTINUOUS
10
299.6767609999999991
20
-77.5134339999999895
11
299.6794499999999744
21
-77.5132419999999911
0
LINE
8
BLACK
6
CONTINUOUS
10
299.6794499999999744
20
-77.5132419999999911
11
299.6819389999999999
21
-77.512211999999991
0
LINE
8
BLACK
6
CONTINUOUS
10
299.6819389999999999
20
-77.512211999999991
11
299.6965710000000058
21
-77.5107709999999912
0
LINE
8
BLACK
6
CONTINUOUS
10
299.6965710000000058
20
-77.5107709999999912
11
299.8870469999999955
21
-77.5107709999999912
0
LINE
8
BLACK
6
CONTINUOUS
10
299.8870469999999955
20
-77.5107709999999912
11
299.9016790000000015
21
-77.512211999999991
0
LINE
8
BLACK
6
CONTINUOUS
10
299.9016790000000015
20
-77.512211999999991
11
299.9041679999999701
21
-77.5132430000000028
0
LINE
8
BLACK
6
CONTINUOUS
10
299.9041679999999701
20
-77.5132430000000028
11
299.9068560000000048
21
-77.5134339999999895
0
LINE
8
BLACK
6
CONTINUOUS
10
299.9068560000000048
20
-77.5134339999999895
11
299.9205880000000093
21
-77.5186889999999948
0
LINE
8
BLACK
6
CONTINUOUS
10
299.9205880000000093
20
-77.5186889999999948
11
300.0158260000000041
21
-77.5663079999999923
0
LINE
8
BLACK
6
CONTINUOUS
10
300.0158260000000041
20
-77.5663079999999923
11
300.02212499999996
21
-77.5702720000000028
0
LINE
8
BLACK
6
CONTINUOUS
10
300.02212499999996
20
-77.5702720000000028
11
300.0239530000000059
21
-77.5710299999999933
0
LINE
8
BLACK
6
CONTINUOUS
10
300.0239530000000059
20
-77.5710299999999933
11
300.0260089999999877
21
-77.5727179999999947
0
LINE
8
BLACK
6
CONTINUOUS
10
300.0260089999999877
20
-77.5727179999999947
11
300.0282689999999661
21
-77.5741399999999999
0
LINE
8
BLACK
6
CONTINUOUS
10
300.0282689999999661
20
-77.5741399999999999
11
300.0295679999999834
21
-77.5756379999999979
0
LINE
8
BLACK
6
CONTINUOUS
10
300.0295679999999834
20
-77.5756379999999979
11
300.0353179999999611
21
-77.5803569999999922
0
LINE
8
BLACK
6
CONTINUOUS
10
300.0353179999999611
20
-77.5803569999999922
11
300.0829369999999585
21
-77.6279759999999897
0
LINE
8
BLACK
6
CONTINUOUS
10
300.0829369999999585
20
-77.6279759999999897
11
300.0876549999999838
21
-77.6337249999999983
0
LINE
8
BLACK
6
CONTINUOUS
10
300.0876549999999838
20
-77.6337249999999983
11
300.0891540000000077
21
-77.6350249999999988
0
LINE
8
BLACK
6
CONTINUOUS
10
300.0891540000000077
20
-77.6350249999999988
11
300.0905750000000012
21
-77.637283999999994
0
LINE
8
BLACK
6
CONTINUOUS
10
300.0905750000000012
20
-77.637283999999994
11
300.0922640000000001
21
-77.6393410000000017
0
LINE
8
BLACK
6
CONTINUOUS
10
300.0922640000000001
20
-77.6393410000000017
11
300.0930209999999647
21
-77.6411679999999933
0
LINE
8
BLACK
6
CONTINUOUS
10
300.0930209999999647
20
-77.6411679999999933
11
300.0969859999999585
21
-77.6474680000000035
0
LINE
8
BLACK
6
CONTINUOUS
10
300.0969859999999585
20
-77.6474680000000035
11
300.1446050000000128
21
-77.7427059999999983
0
LINE
8
BLACK
6
CONTINUOUS
10
300.1446050000000128
20
-77.7427059999999983
11
300.1498599999999897
21
-77.7564369999999911
0
LINE
8
BLACK
6
CONTINUOUS
10
300.1498599999999897
20
-77.7564369999999911
11
300.1500509999999622
21
-77.7591259999999949
0
LINE
8
BLACK
6
CONTINUOUS
10
300.1500509999999622
20
-77.7591259999999949
11
300.151081999999974
21
-77.7616149999999919
0
LINE
8
BLACK
6
CONTINUOUS
10
300.151081999999974
20
-77.7616149999999919
11
300.1525229999999738
21
-77.7762469999999979
0
LINE
8
BLACK
6
CONTINUOUS
10
300.1525229999999738
20
-77.7762469999999979
11
300.1525229999999738
21
-78.0143419999999992
0
LINE
8
BLACK
6
CONTINUOUS
10
300.1525229999999738
20
-78.0143419999999992
11
300.151081999999974
21
-78.028973999999991
0
LINE
8
BLACK
6
CONTINUOUS
10
300.151081999999974
20
-78.028973999999991
11
300.1500509999999622
21
-78.0314619999999906
0
LINE
8
BLACK
6
CONTINUOUS
10
300.1500509999999622
20
-78.0314619999999906
11
300.1498599999999897
21
-78.0341519999999917
0
LINE
8
BLACK
6
CONTINUOUS
10
300.1498599999999897
20
-78.0341519999999917
11
300.1446050000000128
21
-78.0478829999999988
0
LINE
8
BLACK
6
CONTINUOUS
10
300.1446050000000128
20
-78.0478829999999988
11
300.0969859999999585
21
-78.1431209999999936
0
LINE
8
BLACK
6
CONTINUOUS
10
300.0969859999999585
20
-78.1431209999999936
11
300.0930219999999622
21
-78.1494169999999997
0
LINE
8
BLACK
6
CONTINUOUS
10
300.0930219999999622
20
-78.1494169999999997
11
300.0922649999999976
21
-78.1512469999999979
0
LINE
8
BLACK
6
CONTINUOUS
10
300.0922649999999976
20
-78.1512469999999979
11
300.0905750000000012
21
-78.1533050000000031
0
LINE
8
BLACK
6
CONTINUOUS
10
300.0905750000000012
20
-78.1533050000000031
11
300.0891540000000077
21
-78.1555639999999983
0
LINE
8
BLACK
6
CONTINUOUS
10
300.0891540000000077
20
-78.1555639999999983
11
300.0876549999999838
21
-78.1568630000000013
0
LINE
8
BLACK
6
CONTINUOUS
10
300.0876549999999838
20
-78.1568630000000013
11
300.0829369999999585
21
-78.1626129999999932
0
LINE
8
BLACK
6
CONTINUOUS
10
300.0829369999999585
20
-78.1626129999999932
11
300.0353189999999586
21
-78.2102319999999906
0
LINE
8
BLACK
6
CONTINUOUS
10
300.0353189999999586
20
-78.2102319999999906
11
300.0295689999999809
21
-78.2149500000000018
0
LINE
8
BLACK
6
CONTINUOUS
10
300.0295689999999809
20
-78.2149500000000018
11
300.0282689999999661
21
-78.2164499999999947
0
LINE
8
BLACK
6
CONTINUOUS
10
300.0282689999999661
20
-78.2164499999999947
11
300.0260089999999877
21
-78.2178719999999998
0
LINE
8
BLACK
6
CONTINUOUS
10
300.0260089999999877
20
-78.2178719999999998
11
300.0239530000000059
21
-78.2195600000000013
0
LINE
8
BLACK
6
CONTINUOUS
10
300.0239530000000059
20
-78.2195600000000013
11
300.02212499999996
21
-78.2203169999999943
0
LINE
8
BLACK
6
CONTINUOUS
10
300.02212499999996
20
-78.2203169999999943
11
300.0158260000000041
21
-78.2242820000000023
0
LINE
8
BLACK
6
CONTINUOUS
10
300.0158260000000041
20
-78.2242820000000023
11
299.9916709999999966
21
-78.2363589999999931
0
LINE
8
BLACK
6
CONTINUOUS
10
299.9916709999999966
20
-78.2363589999999931
11
300.0326849999999581
21
-78.2457199999999915
0
LINE
8
BLACK
6
CONTINUOUS
10
300.0326849999999581
20
-78.2457199999999915
11
300.3250620000000026
21
-78.3480270000000019
0
LINE
8
BLACK
6
CONTINUOUS
10
300.3250620000000026
20
-78.3480270000000019
11
300.6041460000000143
21
-78.4824259999999896
0
LINE
8
BLACK
6
CONTINUOUS
10
300.6041460000000143
20
-78.4824259999999896
11
300.8664269999999874
21
-78.6472279999999984
0
LINE
8
BLACK
6
CONTINUOUS
10
300.8664269999999874
20
-78.6472279999999984
11
301.1086070000000063
21
-78.8403599999999898
0
LINE
8
BLACK
6
CONTINUOUS
10
301.1086070000000063
20
-78.8403599999999898
11
301.327639999999974
21
-79.059393
0
LINE
8
BLACK
6
CONTINUOUS
10
301.327639999999974
20
-79.059393
11
301.5207719999999654
21
-79.3015729999999905
0
LINE
8
BLACK
6
CONTINUOUS
10
301.5207719999999654
20
-79.3015729999999905
11
301.6855739999999741
21
-79.5638539999999921
0
LINE
8
BLACK
6
CONTINUOUS
10
301.6855739999999741
20
-79.5638539999999921
11
301.8199730000000045
21
-79.8429379999999895
0
LINE
8
BLACK
6
CONTINUOUS
10
301.8199730000000045
20
-79.8429379999999895
11
301.9222800000000007
21
-80.1353149999999914
0
LINE
8
BLACK
6
CONTINUOUS
10
301.9222800000000007
20
-80.1353149999999914
11
301.9912079999999719
21
-80.4373080000000016
0
LINE
8
BLACK
6
CONTINUOUS
10
301.9912079999999719
20
-80.4373080000000016
11
302.025890000000004
21
-80.74512
0
LINE
8
BLACK
6
CONTINUOUS
10
302.025890000000004
20
-80.74512
11
302.025890000000004
21
-81.0548799999999972
0
LINE
8
BLACK
6
CONTINUOUS
10
302.025890000000004
20
-81.0548799999999972
11
301.9912079999999719
21
-81.3626919999999956
0
LINE
8
BLACK
6
CONTINUOUS
10
301.9912079999999719
20
-81.3626919999999956
11
301.9222800000000007
21
-81.6646849999999915
0
LINE
8
BLACK
6
CONTINUOUS
10
301.9222800000000007
20
-81.6646849999999915
11
301.8199730000000045
21
-81.9570619999999934
0
LINE
8
BLACK
6
CONTINUOUS
10
301.8199730000000045
20
-81.9570619999999934
11
301.6855739999999741
21
-82.2361459999999909
0
LINE
8
BLACK
6
CONTINUOUS
10
301.6855739999999741
20
-82.2361459999999909
11
301.5207719999999654
21
-82.4984269999999924
0
LINE
8
BLACK
6
CONTINUOUS
10
301.5207719999999654
20
-82.4984269999999924
11
301.327639999999974
21
-82.7406069999999971
0
LINE
8
BLACK
6
CONTINUOUS
10
301.327639999999974
20
-82.7406069999999971
11
301.1086070000000063
21
-82.9596399999999932
0
LINE
8
BLACK
6
CONTINUOUS
10
301.1086070000000063
20
-82.9596399999999932
11
300.8664269999999874
21
-83.1527719999999988
0
LINE
8
BLACK
6
CONTINUOUS
10
300.8664269999999874
20
-83.1527719999999988
11
300.6041460000000143
21
-83.3175739999999934
0
LINE
8
BLACK
6
CONTINUOUS
10
300.6041460000000143
20
-83.3175739999999934
11
300.3250620000000026
21
-83.4519729999999953
0
LINE
8
BLACK
6
CONTINUOUS
10
300.3250620000000026
20
-83.4519729999999953
11
300.0326849999999581
21
-83.5542799999999914
0
LINE
8
BLACK
6
CONTINUOUS
10
300.0326849999999581
20
-83.5542799999999914
11
299.7306919999999764
21
-83.6232079999999911
0
LINE
8
BLACK
6
CONTINUOUS
10
299.7306919999999764
20
-83.6232079999999911
11
299.4228799999999637
21
-83.6578899999999948
0
LINE
8
BLACK
6
CONTINUOUS
10
299.4228799999999637
20
-83.6578899999999948
11
299.1131199999999808
21
-83.6578899999999948
0
LINE
8
BLACK
6
CONTINUOUS
10
299.1131199999999808
20
-83.6578899999999948
11
298.8053079999999682
21
-83.6232079999999911
0
LINE
8
BLACK
6
CONTINUOUS
10
298.8053079999999682
20
-83.6232079999999911
11
298.5033149999999864
21
-83.5542799999999914
0
LINE
8
BLACK
6
CONTINUOUS
10
298.5033149999999864
20
-83.5542799999999914
11
298.2109379999999987
21
-83.4519729999999953
0
LINE
8
BLACK
6
CONTINUOUS
10
298.2109379999999987
20
-83.4519729999999953
11
297.9318539999999871
21
-83.3175739999999934
0
LINE
8
BLACK
6
CONTINUOUS
10
297.9318539999999871
20
-83.3175739999999934
11
297.669573000000014
21
-83.1527719999999988
0
LINE
8
BLACK
6
CONTINUOUS
10
297.669573000000014
20
-83.1527719999999988
11
297.427392999999995
21
-82.9596399999999932
0
LINE
8
BLACK
6
CONTINUOUS
10
297.427392999999995
20
-82.9596399999999932
11
297.2083599999999706
21
-82.7406069999999971
0
LINE
8
BLACK
6
CONTINUOUS
10
297.2083599999999706
20
-82.7406069999999971
11
297.0152279999999791
21
-82.4984269999999924
0
LINE
8
BLACK
6
CONTINUOUS
10
297.0152279999999791
20
-82.4984269999999924
11
296.8504259999999704
21
-82.2361459999999909
0
LINE
8
BLACK
6
CONTINUOUS
10
296.8504259999999704
20
-82.2361459999999909
11
296.7160269999999969
21
-81.9570619999999934
0
LINE
8
BLACK
6
CONTINUOUS
10
296.7160269999999969
20
-81.9570619999999934
11
296.6137200000000007
21
-81.6646849999999915
0
LINE
8
BLACK
6
CONTINUOUS
10
296.6137200000000007
20
-81.6646849999999915
11
296.5447919999999726
21
-81.3626919999999956
0
LINE
8
BLACK
6
CONTINUOUS
10
296.5447919999999726
20
-81.3626919999999956
11
296.5101099999999974
21
-81.0548799999999972
0
LINE
8
BLACK
6
CONTINUOUS
10
296.5101099999999974
20
-81.0548799999999972
11
296.5101099999999974
21
-80.7504919999999942
0
LINE
8
BLACK
6
CONTINUOUS
10
296.5101099999999974
20
-80.7504919999999942
11
296.5101099999999974
21
-80.74512
0
LINE
8
BLACK
6
CONTINUOUS
10
296.5101099999999974
20
-80.74512
11
296.5447919999999726
21
-80.4373080000000016
0
LINE
8
BLACK
6
CONTINUOUS
10
296.5447919999999726
20
-80.4373080000000016
11
296.6137200000000007
21
-80.1353149999999914
0
LINE
8
BLACK
6
CONTINUOUS
10
296.6137200000000007
20
-80.1353149999999914
11
296.7160269999999969
21
-79.8429379999999895
0
LINE
8
BLACK
6
CONTINUOUS
10
296.7160269999999969
20
-79.8429379999999895
11
296.8504259999999704
21
-79.5638539999999921
0
LINE
8
BLACK
6
CONTINUOUS
10
296.8504259999999704
20
-79.5638539999999921
11
297.0152279999999791
21
-79.3015729999999905
0
LINE
8
BLACK
6
CONTINUOUS
10
297.0152279999999791
20
-79.3015729999999905
11
297.2083599999999706
21
-79.059393
0
LINE
8
BLACK
6
CONTINUOUS
10
297.2083599999999706
20
-79.059393
11
297.427392999999995
21
-78.8403599999999898
0
LINE
8
BLACK
6
CONTINUOUS
10
297.427392999999995
20
-78.8403599999999898
11
297.669573000000014
21
-78.6472279999999984
0
LINE
8
BLACK
6
CONTINUOUS
10
297.669573000000014
20
-78.6472279999999984
11
297.9318539999999871
21
-78.4824259999999896
0
LINE
8
BLACK
6
CONTINUOUS
10
297.9318539999999871
20
-78.4824259999999896
11
298.2109379999999987
21
-78.3480270000000019
0
LINE
8
BLACK
6
CONTINUOUS
10
298.2109379999999987
20
-78.3480270000000019
11
298.4586099999999647
21
-78.2613619999999912
0
LINE
8
BLACK
6
CONTINUOUS
10
298.4586099999999647
20
-78.2613619999999912
11
298.4437350000000038
21
-78.2464870000000019
0
LINE
8
BLACK
6
CONTINUOUS
10
298.4437350000000038
20
-78.2464870000000019
11
298.4325359999999705
21
-78.2194509999999923
0
LINE
8
BLACK
6
CONTINUOUS
10
298.4325359999999705
20
-78.2194509999999923
11
298.4310949999999707
21
-78.2048190000000005
0
LINE
8
BLACK
6
CONTINUOUS
10
298.4310949999999707
20
-78.2048190000000005
11
298.4310949999999707
21
-77.2048190000000005
0
LINE
8
BLACK
6
CONTINUOUS
10
298.4310949999999707
20
-77.2048190000000005
11
298.4325359999999705
21
-77.1901869999999946
0
LINE
8
BLACK
6
CONTINUOUS
10
298.4325359999999705
20
-77.1901869999999946
11
298.4437350000000038
21
-77.1631509999999992
0
LINE
8
BLACK
6
CONTINUOUS
10
298.4437350000000038
20
-77.1631509999999992
11
298.4644270000000006
21
-77.1424590000000023
0
LINE
8
BLACK
6
CONTINUOUS
10
298.4644270000000006
20
-77.1424590000000023
11
298.4914630000000102
21
-77.1312599999999975
0
LINE
8
BLACK
6
CONTINUOUS
10
298.4914630000000102
20
-77.1312599999999975
11
298.5207269999999653
21
-77.1312599999999975
0
LINE
8
BLACK
6
CONTINUOUS
10
298.5207269999999653
20
-77.1312599999999975
11
298.5477629999999749
21
-77.1424590000000023
0
LINE
8
BLACK
6
CONTINUOUS
10
298.5477629999999749
20
-77.1424590000000023
11
298.5684549999999717
21
-77.1631509999999992
0
LINE
8
BLACK
6
CONTINUOUS
10
298.5684549999999717
20
-77.1631509999999992
11
298.579654000000005
21
-77.1901869999999946
0
LINE
8
BLACK
6
CONTINUOUS
10
298.579654000000005
20
-77.1901869999999946
11
298.5810950000000048
21
-77.2048190000000005
0
LINE
8
BLACK
6
CONTINUOUS
10
298.5810950000000048
20
-77.2048190000000005
11
298.5810950000000048
21
-77.6060090000000002
0
LINE
8
BLACK
6
CONTINUOUS
10
298.5810950000000048
20
-77.6060090000000002
11
299.0025229999999965
21
-77.6060090000000002
0
LINE
8
BLACK
6
CONTINUOUS
10
299.0025229999999965
20
-77.6060090000000002
11
299.0025229999999965
21
-77.2048190000000005
0
LINE
8
BLACK
6
CONTINUOUS
10
299.0025229999999965
20
-77.2048190000000005
11
299.0039639999999963
21
-77.1901869999999946
0
LINE
8
BLACK
6
CONTINUOUS
10
299.0039639999999963
20
-77.1901869999999946
11
299.0151629999999727
21
-77.1631509999999992
0
LINE
8
BLACK
6
CONTINUOUS
10
299.0151629999999727
20
-77.1631509999999992
11
299.0358549999999696
21
-77.1424590000000023
0
LINE
8
BLACK
6
CONTINUOUS
10
299.0358549999999696
20
-77.1424590000000023
11
299.0628909999999792
21
-77.1312599999999975
0
LINE
8
BLACK
6
CONTINUOUS
10
299.0628909999999792
20
-77.1312599999999975
11
299.0921549999999911
21
-77.1312599999999975
0
LINE
8
BLACK
6
CONTINUOUS
10
299.0921549999999911
20
-77.1312599999999975
11
299.1191910000000007
21
-77.1424590000000023
0
LINE
8
BLACK
6
CONTINUOUS
10
299.1191910000000007
20
-77.1424590000000023
11
299.1398829999999975
21
-77.1631509999999992
0
LINE
8
BLACK
6
CONTINUOUS
10
299.1398829999999975
20
-77.1631509999999992
11
299.151081999999974
21
-77.1901869999999946
0
LINE
8
BLACK
6
CONTINUOUS
10
299.151081999999974
20
-77.1901869999999946
11
299.1525229999999738
21
-77.2048190000000005
0
LINE
8
BLACK
6
CONTINUOUS
10
299.1525229999999738
20
-77.2048190000000005
11
299.1525229999999738
21
-78.1421100000000024
0
LINE
8
BLACK
6
CONTINUOUS
10
299.1525229999999738
20
-78.1421100000000024
11
299.4228799999999637
21
-78.1421100000000024
0
LINE
8
BLACK
6
CONTINUOUS
10
299.4228799999999637
20
-78.1421100000000024
11
299.4907349999999724
21
-78.149754999999999
0
LINE
8
BLACK
6
CONTINUOUS
10
299.4907349999999724
20
-78.149754999999999
11
299.4905949999999848
21
-78.1494169999999997
0
LINE
8
BLACK
6
CONTINUOUS
10
299.4905949999999848
20
-78.1494169999999997
11
299.486631999999986
21
-78.1431209999999936
0
LINE
8
BLACK
6
CONTINUOUS
10
299.486631999999986
20
-78.1431209999999936
11
299.4390129999999886
21
-78.0478829999999988
0
LINE
8
BLACK
6
CONTINUOUS
10
299.4390129999999886
20
-78.0478829999999988
11
299.4337580000000116
21
-78.0341509999999943
0
LINE
8
BLACK
6
CONTINUOUS
10
299.4337580000000116
20
-78.0341509999999943
11
299.4335669999999823
21
-78.0314630000000022
0
LINE
8
BLACK
6
CONTINUOUS
10
299.4335669999999823
20
-78.0314630000000022
11
299.4325359999999705
21
-78.028973999999991
0
LINE
8
BLACK
6
CONTINUOUS
10
299.4325359999999705
20
-78.028973999999991
11
299.4310949999999707
21
-78.0143419999999992
0
LINE
8
BLACK
6
CONTINUOUS
10
299.4310949999999707
20
-78.0143419999999992
11
299.4310949999999707
21
-77.6333899999999915
0
LINE
8
BLACK
6
CONTINUOUS
10
299.4310949999999707
20
-77.6333899999999915
11
299.4313459999999623
21
-77.6308360000000022
0
LINE
8
BLACK
6
CONTINUOUS
10
299.4313459999999623
20
-77.6308360000000022
11
299.4311839999999734
21
-77.6297440000000023
0
LINE
8
BLACK
6
CONTINUOUS
10
299.4311839999999734
20
-77.6297440000000023
11
299.4319929999999772
21
-77.6242699999999957
0
LINE
8
BLACK
6
CONTINUOUS
10
299.4319929999999772
20
-77.6242699999999957
11
299.4325359999999705
21
-77.6187579999999997
0
LINE
8
BLACK
6
CONTINUOUS
10
299.4325359999999705
20
-77.6187579999999997
11
299.4329579999999851
21
-77.6177359999999936
0
LINE
8
BLACK
6
CONTINUOUS
10
299.4329579999999851
20
-77.6177359999999936
11
299.4333340000000021
21
-77.6152000000000015
0
LINE
8
BLACK
6
CONTINUOUS
10
299.4333340000000021
20
-77.6152000000000015
11
299.4809529999999995
21
-77.4247239999999977
0
LINE
8
BLACK
6
CONTINUOUS
10
299.4809529999999995
20
-77.4247239999999977
11
299.4840330000000108
21
-77.4161009999999976
0
LINE
8
BLACK
6
CONTINUOUS
10
299.4840330000000108
20
-77.4161009999999976
11
299.4843930000000114
21
-77.4142849999999925
0
LINE
8
BLACK
6
CONTINUOUS
10
299.4843930000000114
20
-77.4142849999999925
11
299.4852710000000116
21
-77.4126369999999895
0
LINE
8
BLACK
6
CONTINUOUS
10
299.4852710000000116
20
-77.4126369999999895
11
299.4858999999999583
21
-77.4108779999999967
0
LINE
8
BLACK
6
CONTINUOUS
10
299.4858999999999583
20
-77.4108779999999967
11
299.4870029999999588
21
-77.4093889999999902
0
LINE
8
BLACK
6
CONTINUOUS
10
299.4870029999999588
20
-77.4093889999999902
11
299.4913099999999986
21
-77.4013109999999926
0
LINE
8
BLACK
6
CONTINUOUS
10
299.4913099999999986
20
-77.4013109999999926
11
299.5865479999999934
21
-77.2584540000000004
0
LINE
8
BLACK
6
CONTINUOUS
10
299.5865479999999934
20
-77.2584540000000004
11
299.5865819999999644
21
-77.2584109999999953
0
LINE
8
BLACK
6
CONTINUOUS
10
299.5865819999999644
20
-77.2584109999999953
11
299.586591999999996
21
-77.258388999999994
0
LINE
8
BLACK
6
CONTINUOUS
10
299.586591999999996
20
-77.258388999999994
11
299.5910799999999767
21
-77.2529200000000031
0
LINE
8
BLACK
6
CONTINUOUS
10
299.5910799999999767
20
-77.2529200000000031
11
299.5958640000000059
21
-77.2470789999999994
0
LINE
8
BLACK
6
CONTINUOUS
10
299.5958640000000059
20
-77.2470789999999994
11
299.5958850000000098
21
-77.2470639999999946
0
LINE
8
BLACK
6
CONTINUOUS
10
299.5958850000000098
20
-77.2470639999999946
11
299.5959189999999808
21
-77.2470239999999961
0
LINE
8
BLACK
6
CONTINUOUS
10
299.5959189999999808
20
-77.2470239999999961
11
299.6435379999999782
21
-77.1994049999999987
0
LINE
8
BLACK
6
CONTINUOUS
10
299.6435379999999782
20
-77.1994049999999987
11
299.6492869999999584
21
-77.1946859999999901
0
LINE
8
BLACK
6
CONTINUOUS
10
299.6492869999999584
20
-77.1946859999999901
11
299.6505869999999732
21
-77.1931879999999921
0
LINE
8
BLACK
6
CONTINUOUS
10
299.6505869999999732
20
-77.1931879999999921
11
299.6528460000000109
21
-77.1917660000000012
0
LINE
8
BLACK
6
CONTINUOUS
10
299.6528460000000109
20
-77.1917660000000012
11
299.6549029999999902
21
-77.1900779999999997
0
LINE
8
BLACK
6
CONTINUOUS
10
299.6549029999999902
20
-77.1900779999999997
11
299.6567299999999818
21
-77.189319999999995
0
LINE
8
BLACK
6
CONTINUOUS
10
299.6567299999999818
20
-77.189319999999995
11
299.663029999999992
21
-77.1853559999999987
0
LINE
8
BLACK
6
CONTINUOUS
10
299.663029999999992
20
-77.1853559999999987
11
299.7582679999999868
21
-77.1377370000000013
0
LINE
8
BLACK
6
CONTINUOUS
10
299.7582679999999868
20
-77.1377370000000013
11
299.7719989999999939
21
-77.132481999999996
0
LINE
8
BLACK
6
CONTINUOUS
10
299.7719989999999939
20
-77.132481999999996
11
299.7746879999999692
21
-77.1322899999999976
0
LINE
8
BLACK
6
CONTINUOUS
10
299.7746879999999692
20
-77.1322899999999976
11
299.7771769999999947
21
-77.1312599999999975
0
LINE
8
BLACK
6
CONTINUOUS
10
299.7771769999999947
20
-77.1312599999999975
11
299.7918090000000007
21
-77.1298189999999977
0
LINE
8
BLACK
6
CONTINUOUS
10
299.7918090000000007
20
-77.1298189999999977
11
299.9822849999999903
21
-77.1298189999999977
0
LINE
8
BLACK
6
CONTINUOUS
10
299.9822849999999903
20
-77.1298189999999977
11
299.9969169999999963
21
-77.1312599999999975
0
LINE
8
BLACK
6
CONTINUOUS
10
298.5810950000000048
20
-78.2048190000000005
11
298.579654000000005
21
-78.2194509999999923
0
LINE
8
BLACK
6
CONTINUOUS
10
298.579654000000005
20
-78.2194509999999923
11
298.5756069999999909
21
-78.2292190000000005
0
LINE
8
BLACK
6
CONTINUOUS
10
298.5756069999999909
20
-78.2292190000000005
11
298.8053079999999682
21
-78.1767919999999918
0
LINE
8
BLACK
6
CONTINUOUS
10
298.8053079999999682
20
-78.1767919999999918
11
299.0025229999999965
21
-78.15457099999999
0
LINE
8
BLACK
6
CONTINUOUS
10
299.0025229999999965
20
-78.15457099999999
11
299.0025229999999965
21
-77.7560089999999917
0
LINE
8
BLACK
6
CONTINUOUS
10
299.0025229999999965
20
-77.7560089999999917
11
298.5810950000000048
21
-77.7560089999999917
0
LINE
8
BLACK
6
CONTINUOUS
10
298.5810950000000048
20
-77.7560089999999917
11
298.5810950000000048
21
-78.2048190000000005
0
LINE
8
BLACK
6
CONTINUOUS
10
299.6457599999999957
20
-77.695028999999991
11
299.6153529999999705
21
-77.725436000000002
0
LINE
8
BLACK
6
CONTINUOUS
10
299.6153529999999705
20
-77.725436000000002
11
299.5810950000000048
21
-77.7939519999999902
0
LINE
8
BLACK
6
CONTINUOUS
10
299.5810950000000048
20
-77.7939519999999902
11
299.5810950000000048
21
-77.9966369999999927
0
LINE
8
BLACK
6
CONTINUOUS
10
299.5810950000000048
20
-77.9966369999999927
11
299.6153529999999705
21
-78.0651529999999951
0
LINE
8
BLACK
6
CONTINUOUS
10
299.6153529999999705
20
-78.0651529999999951
11
299.6457599999999957
21
-78.0955610000000036
0
LINE
8
BLACK
6
CONTINUOUS
10
299.6457599999999957
20
-78.0955610000000036
11
299.7142759999999839
21
-78.1298189999999977
0
LINE
8
BLACK
6
CONTINUOUS
10
299.7142759999999839
20
-78.1298189999999977
11
299.8693419999999605
21
-78.1298189999999977
0
LINE
8
BLACK
6
CONTINUOUS
10
299.8693419999999605
20
-78.1298189999999977
11
299.9378570000000082
21
-78.0955610000000036
0
LINE
8
BLACK
6
CONTINUOUS
10
299.9378570000000082
20
-78.0955610000000036
11
299.9682639999999765
21
-78.0651529999999951
0
LINE
8
BLACK
6
CONTINUOUS
10
299.9682639999999765
20
-78.0651529999999951
11
300.0025229999999965
21
-77.9966369999999927
0
LINE
8
BLACK
6
CONTINUOUS
10
300.0025229999999965
20
-77.9966369999999927
11
300.0025229999999965
21
-77.7939519999999902
0
LINE
8
BLACK
6
CONTINUOUS
10
300.0025229999999965
20
-77.7939519999999902
11
299.968264999999974
21
-77.725436000000002
0
LINE
8
BLACK
6
CONTINUOUS
10
299.968264999999974
20
-77.725436000000002
11
299.9378580000000056
21
-77.695028999999991
0
LINE
8
BLACK
6
CONTINUOUS
10
299.9378580000000056
20
-77.695028999999991
11
299.8693419999999605
21
-77.6607709999999969
0
LINE
8
BLACK
6
CONTINUOUS
10
299.8693419999999605
20
-77.6607709999999969
11
299.7142759999999839
21
-77.6607709999999969
0
LINE
8
BLACK
6
CONTINUOUS
10
299.7142759999999839
20
-77.6607709999999969
11
299.6457599999999957
21
-77.695028999999991
0
LINE
8
BLACK
6
CONTINUOUS
10
296.6057639999999651
20
-81.049508000000003
11
296.6392429999999649
21
-81.3466439999999977
0
LINE
8
BLACK
6
CONTINUOUS
10
296.6392429999999649
20
-81.3466439999999977
11
296.7057800000000043
21
-81.6381629999999916
0
LINE
8
BLACK
6
CONTINUOUS
10
296.7057800000000043
20
-81.6381629999999916
11
296.804538999999977
21
-81.9203990000000033
0
LINE
8
BLACK
6
CONTINUOUS
10
296.804538999999977
20
-81.9203990000000033
11
296.9342770000000087
21
-82.1898029999999977
0
LINE
8
BLACK
6
CONTINUOUS
10
296.9342770000000087
20
-82.1898029999999977
11
297.0933630000000107
21
-82.4429870000000022
0
LINE
8
BLACK
6
CONTINUOUS
10
297.0933630000000107
20
-82.4429870000000022
11
297.2797969999999737
21
-82.6767669999999981
0
LINE
8
BLACK
6
CONTINUOUS
10
297.2797969999999737
20
-82.6767669999999981
11
297.4912329999999656
21
-82.8882029999999901
0
LINE
8
BLACK
6
CONTINUOUS
10
297.4912329999999656
20
-82.8882029999999901
11
297.7250129999999899
21
-83.0746369999999956
0
LINE
8
BLACK
6
CONTINUOUS
10
297.7250129999999899
20
-83.0746369999999956
11
297.978196999999966
21
-83.2337229999999977
0
LINE
8
BLACK
6
CONTINUOUS
10
297.978196999999966
20
-83.2337229999999977
11
298.2476009999999746
21
-83.3634610000000009
0
LINE
8
BLACK
6
CONTINUOUS
10
298.2476009999999746
20
-83.3634610000000009
11
298.5298369999999863
21
-83.4622200000000021
0
LINE
8
BLACK
6
CONTINUOUS
10
298.5298369999999863
20
-83.4622200000000021
11
298.8213559999999802
21
-83.5287569999999988
0
LINE
8
BLACK
6
CONTINUOUS
10
298.8213559999999802
20
-83.5287569999999988
11
299.1184920000000034
21
-83.5622359999999986
0
LINE
8
BLACK
6
CONTINUOUS
10
299.1184920000000034
20
-83.5622359999999986
11
299.417507999999998
21
-83.5622359999999986
0
LINE
8
BLACK
6
CONTINUOUS
10
299.417507999999998
20
-83.5622359999999986
11
299.7146439999999643
21
-83.5287569999999988
0
LINE
8
BLACK
6
CONTINUOUS
10
299.7146439999999643
20
-83.5287569999999988
11
300.0061629999999582
21
-83.4622200000000021
0
LINE
8
BLACK
6
CONTINUOUS
10
300.0061629999999582
20
-83.4622200000000021
11
300.2883989999999699
21
-83.3634610000000009
0
LINE
8
BLACK
6
CONTINUOUS
10
300.2883989999999699
20
-83.3634610000000009
11
300.5578029999999785
21
-83.2337229999999977
0
LINE
8
BLACK
6
CONTINUOUS
10
300.5578029999999785
20
-83.2337229999999977
11
300.8109870000000114
21
-83.0746369999999956
0
LINE
8
BLACK
6
CONTINUOUS
10
300.8109870000000114
20
-83.0746369999999956
11
301.0447669999999789
21
-82.8882029999999901
0
LINE
8
BLACK
6
CONTINUOUS
10
301.0447669999999789
20
-82.8882029999999901
11
301.2562029999999709
21
-82.6767669999999981
0
LINE
8
BLACK
6
CONTINUOUS
10
301.2562029999999709
20
-82.6767669999999981
11
301.4426369999999906
21
-82.4429870000000022
0
LINE
8
BLACK
6
CONTINUOUS
10
301.4426369999999906
20
-82.4429870000000022
11
301.6017229999999927
21
-82.1898029999999977
0
LINE
8
BLACK
6
CONTINUOUS
10
301.6017229999999927
20
-82.1898029999999977
11
301.7314609999999675
21
-81.9203990000000033
0
LINE
8
BLACK
6
CONTINUOUS
10
301.7314609999999675
20
-81.9203990000000033
11
301.8302199999999971
21
-81.6381629999999916
0
LINE
8
BLACK
6
CONTINUOUS
10
301.8302199999999971
20
-81.6381629999999916
11
301.8967569999999796
21
-81.3466439999999977
0
LINE
8
BLACK
6
CONTINUOUS
10
301.8967569999999796
20
-81.3466439999999977
11
301.9302359999999794
21
-81.049508000000003
0
LINE
8
BLACK
6
CONTINUOUS
10
301.9302359999999794
20
-81.049508000000003
11
301.9302359999999794
21
-80.7504919999999942
0
LINE
8
BLACK
6
CONTINUOUS
10
301.9302359999999794
20
-80.7504919999999942
11
301.8967569999999796
21
-80.4533559999999994
0
LINE
8
BLACK
6
CONTINUOUS
10
301.8967569999999796
20
-80.4533559999999994
11
301.8302199999999971
21
-80.1618369999999913
0
LINE
8
BLACK
6
CONTINUOUS
10
301.8302199999999971
20
-80.1618369999999913
11
301.7314609999999675
21
-79.8796009999999939
0
LINE
8
BLACK
6
CONTINUOUS
10
301.7314609999999675
20
-79.8796009999999939
11
301.6017229999999927
21
-79.6101969999999994
0
LINE
8
BLACK
6
CONTINUOUS
10
301.6017229999999927
20
-79.6101969999999994
11
301.4426369999999906
21
-79.3570129999999949
0
LINE
8
BLACK
6
CONTINUOUS
10
301.4426369999999906
20
-79.3570129999999949
11
301.2562029999999709
21
-79.123232999999999
0
LINE
8
BLACK
6
CONTINUOUS
10
301.2562029999999709
20
-79.123232999999999
11
301.0447669999999789
21
-78.9117969999999929
0
LINE
8
BLACK
6
CONTINUOUS
10
301.0447669999999789
20
-78.9117969999999929
11
300.8109870000000114
21
-78.7253630000000015
0
LINE
8
BLACK
6
CONTINUOUS
10
300.8109870000000114
20
-78.7253630000000015
11
300.5578029999999785
21
-78.5662769999999995
0
LINE
8
BLACK
6
CONTINUOUS
10
300.5578029999999785
20
-78.5662769999999995
11
300.2883989999999699
21
-78.4365389999999962
0
LINE
8
BLACK
6
CONTINUOUS
10
300.2883989999999699
20
-78.4365389999999962
11
300.0061629999999582
21
-78.3377799999999951
0
LINE
8
BLACK
6
CONTINUOUS
10
300.0061629999999582
20
-78.3377799999999951
11
299.7522179999999707
21
-78.2798190000000034
0
LINE
8
BLACK
6
CONTINUOUS
10
299.7522179999999707
20
-78.2798190000000034
11
299.6965710000000058
21
-78.2798190000000034
0
LINE
8
BLACK
6
CONTINUOUS
10
299.6965710000000058
20
-78.2798190000000034
11
299.6819389999999999
21
-78.2783779999999894
0
LINE
8
BLACK
6
CONTINUOUS
10
299.6819389999999999
20
-78.2783779999999894
11
299.6794499999999744
21
-78.2773469999999918
0
LINE
8
BLACK
6
CONTINUOUS
10
299.6794499999999744
20
-78.2773469999999918
11
299.6767609999999991
21
-78.2771559999999909
0
LINE
8
BLACK
6
CONTINUOUS
10
299.6767609999999991
20
-78.2771559999999909
11
299.663029999999992
21
-78.2719009999999997
0
LINE
8
BLACK
6
CONTINUOUS
10
299.663029999999992
20
-78.2719009999999997
11
299.646316000000013
21
-78.263543999999996
0
LINE
8
BLACK
6
CONTINUOUS
10
299.646316000000013
20
-78.263543999999996
11
299.417507999999998
21
-78.2377639999999985
0
LINE
8
BLACK
6
CONTINUOUS
10
299.417507999999998
20
-78.2377639999999985
11
299.1434959999999705
21
-78.2377639999999985
0
LINE
8
BLACK
6
CONTINUOUS
10
299.1434959999999705
20
-78.2377639999999985
11
299.1398829999999975
21
-78.2464870000000019
0
LINE
8
BLACK
6
CONTINUOUS
10
299.1398829999999975
20
-78.2464870000000019
11
299.1191910000000007
21
-78.2671789999999987
0
LINE
8
BLACK
6
CONTINUOUS
10
299.1191910000000007
20
-78.2671789999999987
11
299.0921549999999911
21
-78.2783779999999894
0
LINE
8
BLACK
6
CONTINUOUS
10
299.0921549999999911
20
-78.2783779999999894
11
299.0628909999999792
21
-78.2783779999999894
0
LINE
8
BLACK
6
CONTINUOUS
10
299.0628909999999792
20
-78.2783779999999894
11
299.0358549999999696
21
-78.2671789999999987
0
LINE
8
BLACK
6
CONTINUOUS
10
299.0358549999999696
20
-78.2671789999999987
11
299.017786000000001
21
-78.2491100000000017
0
LINE
8
BLACK
6
CONTINUOUS
10
299.017786000000001
20
-78.2491100000000017
11
298.8213559999999802
21
-78.2712429999999983
0
LINE
8
BLACK
6
CONTINUOUS
10
298.8213559999999802
20
-78.2712429999999983
11
298.5298369999999863
21
-78.3377799999999951
0
LINE
8
BLACK
6
CONTINUOUS
10
298.5298369999999863
20
-78.3377799999999951
11
298.2476009999999746
21
-78.4365389999999962
0
LINE
8
BLACK
6
CONTINUOUS
10
298.2476009999999746
20
-78.4365389999999962
11
297.978196999999966
21
-78.5662769999999995
0
LINE
8
BLACK
6
CONTINUOUS
10
297.978196999999966
20
-78.5662769999999995
11
297.7250129999999899
21
-78.7253630000000015
0
LINE
8
BLACK
6
CONTINUOUS
10
297.7250129999999899
20
-78.7253630000000015
11
297.4912329999999656
21
-78.9117969999999929
0
LINE
8
BLACK
6
CONTINUOUS
10
297.4912329999999656
20
-78.9117969999999929
11
297.2797969999999737
21
-79.123232999999999
0
LINE
8
BLACK
6
CONTINUOUS
10
297.2797969999999737
20
-79.123232999999999
11
297.0933630000000107
21
-79.3570129999999949
0
LINE
8
BLACK
6
CONTINUOUS
10
297.0933630000000107
20
-79.3570129999999949
11
296.9342770000000087
21
-79.6101969999999994
0
LINE
8
BLACK
6
CONTINUOUS
10
296.9342770000000087
20
-79.6101969999999994
11
296.804538999999977
21
-79.8796009999999939
0
LINE
8
BLACK
6
CONTINUOUS
10
296.804538999999977
20
-79.8796009999999939
11
296.7057800000000043
21
-80.1618369999999913
0
LINE
8
BLACK
6
CONTINUOUS
10
296.7057800000000043
20
-80.1618369999999913
11
296.6392429999999649
21
-80.4533559999999994
0
LINE
8
BLACK
6
CONTINUOUS
10
296.6392429999999649
20
-80.4533559999999994
11
296.6057639999999651
21
-80.7504919999999942
0
LINE
8
BLACK
6
CONTINUOUS
10
296.6057639999999651
20
-80.7504919999999942
11
296.6057639999999651
21
-81.049508000000003
0
LINE
8
BLACK
6
CONTINUOUS
10
48.0473700000000008
20
-77.1312599999999975
11
48.0498589999999979
21
-77.1322909999999951
0
LINE
8
BLACK
6
CONTINUOUS
10
48.0498589999999979
20
-77.1322909999999951
11
48.052546999999997
21
-77.132481999999996
0
LINE
8
BLACK
6
CONTINUOUS
10
48.052546999999997
20
-77.132481999999996
11
48.0662789999999944
21
-77.1377370000000013
0
LINE
8
BLACK
6
CONTINUOUS
10
48.0662789999999944
20
-77.1377370000000013
11
48.1615169999999964
21
-77.1853559999999987
0
LINE
8
BLACK
6
CONTINUOUS
10
48.1615169999999964
20
-77.1853559999999987
11
48.1678159999999949
21
-77.189319999999995
0
LINE
8
BLACK
6
CONTINUOUS
10
48.1678159999999949
20
-77.189319999999995
11
48.1696439999999981
21
-77.1900779999999997
0
LINE
8
BLACK
6
CONTINUOUS
10
48.1696439999999981
20
-77.1900779999999997
11
48.1717000000000013
21
-77.1917660000000012
0
LINE
8
BLACK
6
CONTINUOUS
10
48.1717000000000013
20
-77.1917660000000012
11
48.173960000000001
21
-77.1931879999999921
0
LINE
8
BLACK
6
CONTINUOUS
10
48.173960000000001
20
-77.1931879999999921
11
48.1752589999999969
21
-77.1946859999999901
0
LINE
8
BLACK
6
CONTINUOUS
10
48.1752589999999969
20
-77.1946859999999901
11
48.181008999999996
21
-77.1994049999999987
0
LINE
8
BLACK
6
CONTINUOUS
10
48.181008999999996
20
-77.1994049999999987
11
48.2286280000000005
21
-77.2470239999999961
0
LINE
8
BLACK
6
CONTINUOUS
10
48.2286280000000005
20
-77.2470239999999961
11
48.2333459999999974
21
-77.2527729999999906
0
LINE
8
BLACK
6
CONTINUOUS
10
48.2333459999999974
20
-77.2527729999999906
11
48.234845
21
-77.2540729999999911
0
LINE
8
BLACK
6
CONTINUOUS
10
48.234845
20
-77.2540729999999911
11
48.2362660000000005
21
-77.2563320000000004
0
LINE
8
BLACK
6
CONTINUOUS
10
48.2362660000000005
20
-77.2563320000000004
11
48.2379549999999995
21
-77.258388999999994
0
LINE
8
BLACK
6
CONTINUOUS
10
48.2379549999999995
20
-77.258388999999994
11
48.2387119999999996
21
-77.2602159999999998
0
LINE
8
BLACK
6
CONTINUOUS
10
48.2387119999999996
20
-77.2602159999999998
11
48.2426770000000005
21
-77.2665159999999958
0
LINE
8
BLACK
6
CONTINUOUS
10
48.2426770000000005
20
-77.2665159999999958
11
48.2902959999999979
21
-77.3617539999999906
0
LINE
8
BLACK
6
CONTINUOUS
10
48.2902959999999979
20
-77.3617539999999906
11
48.2955509999999961
21
-77.3754849999999976
0
LINE
8
BLACK
6
CONTINUOUS
10
48.2955509999999961
20
-77.3754849999999976
11
48.2957419999999971
21
-77.3781740000000013
0
LINE
8
BLACK
6
CONTINUOUS
10
48.2957419999999971
20
-77.3781740000000013
11
48.2967729999999946
21
-77.3806629999999984
0
LINE
8
BLACK
6
CONTINUOUS
10
48.2967729999999946
20
-77.3806629999999984
11
48.2982139999999944
21
-77.3952949999999902
0
LINE
8
BLACK
6
CONTINUOUS
10
48.2982139999999944
20
-77.3952949999999902
11
48.2982139999999944
21
-77.4905329999999992
0
LINE
8
BLACK
6
CONTINUOUS
10
48.2982139999999944
20
-77.4905329999999992
11
48.2974839999999972
21
-77.4979390000000024
0
LINE
8
BLACK
6
CONTINUOUS
10
48.2974839999999972
20
-77.4979390000000024
11
48.2976249999999965
21
-77.4999139999999898
0
LINE
8
BLACK
6
CONTINUOUS
10
48.2976249999999965
20
-77.4999139999999898
11
48.2970339999999965
21
-77.5025109999999984
0
LINE
8
BLACK
6
CONTINUOUS
10
48.2970339999999965
20
-77.5025109999999984
11
48.2967729999999946
21
-77.505164999999991
0
LINE
8
BLACK
6
CONTINUOUS
10
48.2967729999999946
20
-77.505164999999991
11
48.2960139999999996
21
-77.5069950000000034
0
LINE
8
BLACK
6
CONTINUOUS
10
48.2960139999999996
20
-77.5069950000000034
11
48.2943649999999991
21
-77.5142510000000016
0
LINE
8
BLACK
6
CONTINUOUS
10
48.2943649999999991
20
-77.5142510000000016
11
48.2467459999999946
21
-77.6571069999999963
0
LINE
8
BLACK
6
CONTINUOUS
10
48.2467459999999946
20
-77.6571069999999963
11
48.2407520000000005
21
-77.6705329999999918
0
LINE
8
BLACK
6
CONTINUOUS
10
48.2407520000000005
20
-77.6705329999999918
11
48.2389869999999945
21
-77.6725670000000008
0
LINE
8
BLACK
6
CONTINUOUS
10
48.2389869999999945
20
-77.6725670000000008
11
48.2379559999999969
21
-77.6750579999999928
0
LINE
8
BLACK
6
CONTINUOUS
10
48.2379559999999969
20
-77.6750579999999928
11
48.2286280000000005
21
-77.6864229999999907
0
LINE
8
BLACK
6
CONTINUOUS
10
48.2286280000000005
20
-77.6864229999999907
11
47.7852329999999981
21
-78.1298189999999977
0
LINE
8
BLACK
6
CONTINUOUS
10
47.7852329999999981
20
-78.1298189999999977
11
48.2232139999999987
21
-78.1298189999999977
0
LINE
8
BLACK
6
CONTINUOUS
10
48.2232139999999987
20
-78.1298189999999977
11
48.2378459999999976
21
-78.1312599999999975
0
LINE
8
BLACK
6
CONTINUOUS
10
48.2378459999999976
20
-78.1312599999999975
11
48.2648820000000001
21
-78.1424590000000023
0
LINE
8
BLACK
6
CONTINUOUS
10
48.2648820000000001
20
-78.1424590000000023
11
48.2855739999999969
21
-78.1631509999999992
0
LINE
8
BLACK
6
CONTINUOUS
10
48.2855739999999969
20
-78.1631509999999992
11
48.2967729999999946
21
-78.1901869999999946
0
LINE
8
BLACK
6
CONTINUOUS
10
48.2967729999999946
20
-78.1901869999999946
11
48.2967729999999946
21
-78.2194509999999923
0
LINE
8
BLACK
6
CONTINUOUS
10
48.2967729999999946
20
-78.2194509999999923
11
48.2855739999999969
21
-78.2464870000000019
0
LINE
8
BLACK
6
CONTINUOUS
10
48.2855739999999969
20
-78.2464870000000019
11
48.2648820000000001
21
-78.2671789999999987
0
LINE
8
BLACK
6
CONTINUOUS
10
48.2648820000000001
20
-78.2671789999999987
11
48.2378459999999976
21
-78.2783779999999894
0
LINE
8
BLACK
6
CONTINUOUS
10
48.2378459999999976
20
-78.2783779999999894
11
48.2232139999999987
21
-78.2798190000000034
0
LINE
8
BLACK
6
CONTINUOUS
10
48.2232139999999987
20
-78.2798190000000034
11
47.6305289999999957
21
-78.2798190000000034
0
LINE
8
BLACK
6
CONTINUOUS
10
47.6305289999999957
20
-78.2798190000000034
11
47.6885459999999952
21
-78.2930609999999945
0
LINE
8
BLACK
6
CONTINUOUS
10
47.6885459999999952
20
-78.2930609999999945
11
47.9757079999999974
21
-78.393542999999994
0
LINE
8
BLACK
6
CONTINUOUS
10
47.9757079999999974
20
-78.393542999999994
11
48.2498140000000006
21
-78.5255459999999914
0
LINE
8
BLACK
6
CONTINUOUS
10
48.2498140000000006
20
-78.5255459999999914
11
48.5074169999999967
21
-78.6874090000000024
0
LINE
8
BLACK
6
CONTINUOUS
10
48.5074169999999967
20
-78.6874090000000024
11
48.745277999999999
21
-78.8770959999999945
0
LINE
8
BLACK
6
CONTINUOUS
10
48.745277999999999
20
-78.8770959999999945
11
48.9604039999999969
21
-79.0922219999999925
0
LINE
8
BLACK
6
CONTINUOUS
10
48.9604039999999969
20
-79.0922219999999925
11
49.1500909999999962
21
-79.3300830000000019
0
LINE
8
BLACK
6
CONTINUOUS
10
49.1500909999999962
20
-79.3300830000000019
11
49.3119540000000001
21
-79.5876859999999908
0
LINE
8
BLACK
6
CONTINUOUS
10
49.3119540000000001
20
-79.5876859999999908
11
49.4439569999999975
21
-79.8617919999999941
0
LINE
8
BLACK
6
CONTINUOUS
10
49.4439569999999975
20
-79.8617919999999941
11
49.544438999999997
21
-80.1489540000000034
0
LINE
8
BLACK
6
CONTINUOUS
10
49.544438999999997
20
-80.1489540000000034
11
49.6121379999999945
21
-80.4455609999999979
0
LINE
8
BLACK
6
CONTINUOUS
10
49.6121379999999945
20
-80.4455609999999979
11
49.6462009999999978
21
-80.7478830000000016
0
LINE
8
BLACK
6
CONTINUOUS
10
49.6462009999999978
20
-80.7478830000000016
11
49.6462009999999978
21
-81.0521169999999955
0
LINE
8
BLACK
6
CONTINUOUS
10
49.6462009999999978
20
-81.0521169999999955
11
49.6121379999999945
21
-81.3544389999999993
0
LINE
8
BLACK
6
CONTINUOUS
10
49.6121379999999945
20
-81.3544389999999993
11
49.544438999999997
21
-81.6510459999999938
0
LINE
8
BLACK
6
CONTINUOUS
10
49.544438999999997
20
-81.6510459999999938
11
49.4439569999999975
21
-81.938208000000003
0
LINE
8
BLACK
6
CONTINUOUS
10
49.4439569999999975
20
-81.938208000000003
11
49.3119540000000001
21
-82.2123139999999921
0
LINE
8
BLACK
6
CONTINUOUS
10
49.3119540000000001
20
-82.2123139999999921
11
49.1500909999999962
21
-82.4699169999999953
0
LINE
8
BLACK
6
CONTINUOUS
10
49.1500909999999962
20
-82.4699169999999953
11
48.9604039999999969
21
-82.7077779999999905
0
LINE
8
BLACK
6
CONTINUOUS
10
48.9604039999999969
20
-82.7077779999999905
11
48.745277999999999
21
-82.9229040000000026
0
LINE
8
BLACK
6
CONTINUOUS
10
48.745277999999999
20
-82.9229040000000026
11
48.5074169999999967
21
-83.1125909999999948
0
LINE
8
BLACK
6
CONTINUOUS
10
48.5074169999999967
20
-83.1125909999999948
11
48.2498140000000006
21
-83.2744539999999915
0
LINE
8
BLACK
6
CONTINUOUS
10
48.2498140000000006
20
-83.2744539999999915
11
47.9757079999999974
21
-83.4064570000000032
0
LINE
8
BLACK
6
CONTINUOUS
10
47.9757079999999974
20
-83.4064570000000032
11
47.6885459999999952
21
-83.5069390000000027
0
LINE
8
BLACK
6
CONTINUOUS
10
47.6885459999999952
20
-83.5069390000000027
11
47.3919390000000007
21
-83.5746379999999931
0
LINE
8
BLACK
6
CONTINUOUS
10
47.3919390000000007
20
-83.5746379999999931
11
47.0896169999999969
21
-83.6087009999999964
0
LINE
8
BLACK
6
CONTINUOUS
10
47.0896169999999969
20
-83.6087009999999964
11
46.7853829999999959
21
-83.6087009999999964
0
LINE
8
BLACK
6
CONTINUOUS
10
46.7853829999999959
20
-83.6087009999999964
11
46.4830609999999993
21
-83.5746379999999931
0
LINE
8
BLACK
6
CONTINUOUS
10
46.4830609999999993
20
-83.5746379999999931
11
46.1864539999999977
21
-83.5069390000000027
0
LINE
8
BLACK
6
CONTINUOUS
10
46.1864539999999977
20
-83.5069390000000027
11
45.8992919999999955
21
-83.4064570000000032
0
LINE
8
BLACK
6
CONTINUOUS
10
45.8992919999999955
20
-83.4064570000000032
11
45.6251859999999994
21
-83.2744539999999915
0
LINE
8
BLACK
6
CONTINUOUS
10
45.6251859999999994
20
-83.2744539999999915
11
45.3675829999999962
21
-83.1125909999999948
0
LINE
8
BLACK
6
CONTINUOUS
10
45.3675829999999962
20
-83.1125909999999948
11
45.129722000000001
21
-82.9229040000000026
0
LINE
8
BLACK
6
CONTINUOUS
10
45.129722000000001
20
-82.9229040000000026
11
44.914595999999996
21
-82.7077779999999905
0
LINE
8
BLACK
6
CONTINUOUS
10
44.914595999999996
20
-82.7077779999999905
11
44.7249089999999967
21
-82.4699169999999953
0
LINE
8
BLACK
6
CONTINUOUS
10
44.7249089999999967
20
-82.4699169999999953
11
44.5630459999999999
21
-82.2123139999999921
0
LINE
8
BLACK
6
CONTINUOUS
10
44.5630459999999999
20
-82.2123139999999921
11
44.4310429999999954
21
-81.938208000000003
0
LINE
8
BLACK
6
CONTINUOUS
10
44.4310429999999954
20
-81.938208000000003
11
44.3305609999999959
21
-81.6510459999999938
0
LINE
8
BLACK
6
CONTINUOUS
10
44.3305609999999959
20
-81.6510459999999938
11
44.2628619999999984
21
-81.3544389999999993
0
LINE
8
BLACK
6
CONTINUOUS
10
44.2628619999999984
20
-81.3544389999999993
11
44.2287989999999951
21
-81.0521169999999955
0
LINE
8
BLACK
6
CONTINUOUS
10
44.2287989999999951
20
-81.0521169999999955
11
44.2287989999999951
21
-80.7532589999999999
0
LINE
8
BLACK
6
CONTINUOUS
10
44.2287989999999951
20
-80.7532589999999999
11
44.2287989999999951
21
-80.7478830000000016
0
LINE
8
BLACK
6
CONTINUOUS
10
44.2287989999999951
20
-80.7478830000000016
11
44.2628619999999984
21
-80.4455609999999979
0
LINE
8
BLACK
6
CONTINUOUS
10
44.2628619999999984
20
-80.4455609999999979
11
44.3305609999999959
21
-80.1489540000000034
0
LINE
8
BLACK
6
CONTINUOUS
10
44.3305609999999959
20
-80.1489540000000034
11
44.4310429999999954
21
-79.8617919999999941
0
LINE
8
BLACK
6
CONTINUOUS
10
44.4310429999999954
20
-79.8617919999999941
11
44.5630459999999999
21
-79.5876859999999908
0
LINE
8
BLACK
6
CONTINUOUS
10
44.5630459999999999
20
-79.5876859999999908
11
44.7249089999999967
21
-79.3300830000000019
0
LINE
8
BLACK
6
CONTINUOUS
10
44.7249089999999967
20
-79.3300830000000019
11
44.914595999999996
21
-79.0922219999999925
0
LINE
8
BLACK
6
CONTINUOUS
10
44.914595999999996
20
-79.0922219999999925
11
45.129722000000001
21
-78.8770959999999945
0
LINE
8
BLACK
6
CONTINUOUS
10
45.129722000000001
20
-78.8770959999999945
11
45.3675829999999962
21
-78.6874090000000024
0
LINE
8
BLACK
6
CONTINUOUS
10
45.3675829999999962
20
-78.6874090000000024
11
45.6251859999999994
21
-78.5255459999999914
0
LINE
8
BLACK
6
CONTINUOUS
10
45.6251859999999994
20
-78.5255459999999914
11
45.8992919999999955
21
-78.393542999999994
0
LINE
8
BLACK
6
CONTINUOUS
10
45.8992919999999955
20
-78.393542999999994
11
46.1864539999999977
21
-78.2930609999999945
0
LINE
8
BLACK
6
CONTINUOUS
10
46.1864539999999977
20
-78.2930609999999945
11
46.2542759999999973
21
-78.2775800000000004
0
LINE
8
BLACK
6
CONTINUOUS
10
46.2542759999999973
20
-78.2775800000000004
11
46.2291649999999947
21
-78.2671789999999987
0
LINE
8
BLACK
6
CONTINUOUS
10
46.2291649999999947
20
-78.2671789999999987
11
46.2084729999999979
21
-78.2464870000000019
0
LINE
8
BLACK
6
CONTINUOUS
10
46.2084729999999979
20
-78.2464870000000019
11
46.1972740000000002
21
-78.2194509999999923
0
LINE
8
BLACK
6
CONTINUOUS
10
46.1972740000000002
20
-78.2194509999999923
11
46.1958330000000004
21
-78.2048190000000005
0
LINE
8
BLACK
6
CONTINUOUS
10
46.1958330000000004
20
-78.2048190000000005
11
46.1958330000000004
21
-77.7560089999999917
0
LINE
8
BLACK
6
CONTINUOUS
10
46.1958330000000004
20
-77.7560089999999917
11
45.7744049999999945
21
-77.7560089999999917
0
LINE
8
BLACK
6
CONTINUOUS
10
45.7744049999999945
20
-77.7560089999999917
11
45.7744049999999945
21
-78.2048190000000005
0
LINE
8
BLACK
6
CONTINUOUS
10
45.7744049999999945
20
-78.2048190000000005
11
45.7729639999999947
21
-78.2194509999999923
0
LINE
8
BLACK
6
CONTINUOUS
10
45.7729639999999947
20
-78.2194509999999923
11
45.7617649999999969
21
-78.2464870000000019
0
LINE
8
BLACK
6
CONTINUOUS
10
45.7617649999999969
20
-78.2464870000000019
11
45.7410730000000001
21
-78.2671789999999987
0
LINE
8
BLACK
6
CONTINUOUS
10
45.7410730000000001
20
-78.2671789999999987
11
45.7140369999999976
21
-78.2783779999999894
0
LINE
8
BLACK
6
CONTINUOUS
10
45.7140369999999976
20
-78.2783779999999894
11
45.6847729999999999
21
-78.2783779999999894
0
LINE
8
BLACK
6
CONTINUOUS
10
45.6847729999999999
20
-78.2783779999999894
11
45.6577369999999974
21
-78.2671789999999987
0
LINE
8
BLACK
6
CONTINUOUS
10
45.6577369999999974
20
-78.2671789999999987
11
45.6370450000000005
21
-78.2464870000000019
0
LINE
8
BLACK
6
CONTINUOUS
10
45.6370450000000005
20
-78.2464870000000019
11
45.6258459999999957
21
-78.2194509999999923
0
LINE
8
BLACK
6
CONTINUOUS
10
45.6258459999999957
20
-78.2194509999999923
11
45.6244049999999959
21
-78.2048190000000005
0
LINE
8
BLACK
6
CONTINUOUS
10
45.6244049999999959
20
-78.2048190000000005
11
45.6244049999999959
21
-77.2048190000000005
0
LINE
8
BLACK
6
CONTINUOUS
10
45.6244049999999959
20
-77.2048190000000005
11
45.6258459999999957
21
-77.1901869999999946
0
LINE
8
BLACK
6
CONTINUOUS
10
45.6258459999999957
20
-77.1901869999999946
11
45.6370450000000005
21
-77.1631509999999992
0
LINE
8
BLACK
6
CONTINUOUS
10
45.6370450000000005
20
-77.1631509999999992
11
45.6577369999999974
21
-77.1424590000000023
0
LINE
8
BLACK
6
CONTINUOUS
10
45.6577369999999974
20
-77.1424590000000023
11
45.6847729999999999
21
-77.1312599999999975
0
LINE
8
BLACK
6
CONTINUOUS
10
45.6847729999999999
20
-77.1312599999999975
11
45.7140369999999976
21
-77.1312599999999975
0
LINE
8
BLACK
6
CONTINUOUS
10
45.7140369999999976
20
-77.1312599999999975
11
45.7410730000000001
21
-77.1424590000000023
0
LINE
8
BLACK
6
CONTINUOUS
10
45.7410730000000001
20
-77.1424590000000023
11
45.7617649999999969
21
-77.1631509999999992
0
LINE
8
BLACK
6
CONTINUOUS
10
45.7617649999999969
20
-77.1631509999999992
11
45.7729639999999947
21
-77.1901869999999946
0
LINE
8
BLACK
6
CONTINUOUS
10
45.7729639999999947
20
-77.1901869999999946
11
45.7744049999999945
21
-77.2048190000000005
0
LINE
8
BLACK
6
CONTINUOUS
10
45.7744049999999945
20
-77.2048190000000005
11
45.7744049999999945
21
-77.6060090000000002
0
LINE
8
BLACK
6
CONTINUOUS
10
45.7744049999999945
20
-77.6060090000000002
11
46.1958330000000004
21
-77.6060090000000002
0
LINE
8
BLACK
6
CONTINUOUS
10
46.1958330000000004
20
-77.6060090000000002
11
46.1958330000000004
21
-77.2048190000000005
0
LINE
8
BLACK
6
CONTINUOUS
10
46.1958330000000004
20
-77.2048190000000005
11
46.1972740000000002
21
-77.1901869999999946
0
LINE
8
BLACK
6
CONTINUOUS
10
46.1972740000000002
20
-77.1901869999999946
11
46.2084729999999979
21
-77.1631509999999992
0
LINE
8
BLACK
6
CONTINUOUS
10
46.2084729999999979
20
-77.1631509999999992
11
46.2291649999999947
21
-77.1424590000000023
0
LINE
8
BLACK
6
CONTINUOUS
10
46.2291649999999947
20
-77.1424590000000023
11
46.2562009999999972
21
-77.1312599999999975
0
LINE
8
BLACK
6
CONTINUOUS
10
46.2562009999999972
20
-77.1312599999999975
11
46.285464999999995
21
-77.1312599999999975
0
LINE
8
BLACK
6
CONTINUOUS
10
46.285464999999995
20
-77.1312599999999975
11
46.3125009999999975
21
-77.1424590000000023
0
LINE
8
BLACK
6
CONTINUOUS
10
46.3125009999999975
20
-77.1424590000000023
11
46.3331930000000014
21
-77.1631509999999992
0
LINE
8
BLACK
6
CONTINUOUS
10
46.3331930000000014
20
-77.1631509999999992
11
46.3443919999999991
21
-77.1901869999999946
0
LINE
8
BLACK
6
CONTINUOUS
10
46.3443919999999991
20
-77.1901869999999946
11
46.3458329999999989
21
-77.2048190000000005
0
LINE
8
BLACK
6
CONTINUOUS
10
46.3458329999999989
20
-77.2048190000000005
11
46.3458329999999989
21
-78.2048190000000005
0
LINE
8
BLACK
6
CONTINUOUS
10
46.3458329999999989
20
-78.2048190000000005
11
46.3443919999999991
21
-78.2194509999999923
0
LINE
8
BLACK
6
CONTINUOUS
10
46.3443919999999991
20
-78.2194509999999923
11
46.3331930000000014
21
-78.2464870000000019
0
LINE
8
BLACK
6
CONTINUOUS
10
46.3331930000000014
20
-78.2464870000000019
11
46.3162419999999955
21
-78.2634369999999961
0
LINE
8
BLACK
6
CONTINUOUS
10
46.3162419999999955
20
-78.2634369999999961
11
46.4830609999999993
21
-78.2253619999999898
0
LINE
8
BLACK
6
CONTINUOUS
10
46.4830609999999993
20
-78.2253619999999898
11
46.6258459999999957
21
-78.2092739999999935
0
LINE
8
BLACK
6
CONTINUOUS
10
46.6258459999999957
20
-78.2092739999999935
11
46.6258459999999957
21
-78.1901869999999946
0
LINE
8
BLACK
6
CONTINUOUS
10
46.6258459999999957
20
-78.1901869999999946
11
46.6370450000000005
21
-78.1631509999999992
0
LINE
8
BLACK
6
CONTINUOUS
10
46.6370450000000005
20
-78.1631509999999992
11
46.6577369999999974
21
-78.1424590000000023
0
LINE
8
BLACK
6
CONTINUOUS
10
46.6577369999999974
20
-78.1424590000000023
11
46.6847729999999999
21
-78.1312599999999975
0
LINE
8
BLACK
6
CONTINUOUS
10
46.6847729999999999
20
-78.1312599999999975
11
46.6994049999999987
21
-78.1298189999999977
0
LINE
8
BLACK
6
CONTINUOUS
10
46.6994049999999987
20
-78.1298189999999977
11
46.9101189999999946
21
-78.1298189999999977
0
LINE
8
BLACK
6
CONTINUOUS
10
46.9101189999999946
20
-78.1298189999999977
11
46.9101189999999946
21
-77.4335039999999992
0
LINE
8
BLACK
6
CONTINUOUS
10
46.9101189999999946
20
-77.4335039999999992
11
46.8476759999999999
21
-77.495947000000001
0
LINE
8
BLACK
6
CONTINUOUS
10
46.8476759999999999
20
-77.495947000000001
11
46.8419260000000008
21
-77.5006649999999979
0
LINE
8
BLACK
6
CONTINUOUS
10
46.8419260000000008
20
-77.5006649999999979
11
46.8406269999999978
21
-77.5021639999999934
0
LINE
8
BLACK
6
CONTINUOUS
10
46.8406269999999978
20
-77.5021639999999934
11
46.8383669999999981
21
-77.5035850000000011
0
LINE
8
BLACK
6
CONTINUOUS
10
46.8383669999999981
20
-77.5035850000000011
11
46.8363109999999949
21
-77.505274
0
LINE
8
BLACK
6
CONTINUOUS
10
46.8363109999999949
20
-77.505274
11
46.8344829999999988
21
-77.506030999999993
0
LINE
8
BLACK
6
CONTINUOUS
10
46.8344829999999988
20
-77.506030999999993
11
46.8281840000000003
21
-77.509996000000001
0
LINE
8
BLACK
6
CONTINUOUS
10
46.8281840000000003
20
-77.509996000000001
11
46.7329459999999983
21
-77.5576149999999984
0
LINE
8
BLACK
6
CONTINUOUS
10
46.7329459999999983
20
-77.5576149999999984
11
46.7192140000000009
21
-77.5628699999999895
0
LINE
8
BLACK
6
CONTINUOUS
10
46.7192140000000009
20
-77.5628699999999895
11
46.6900240000000011
21
-77.564943999999997
0
LINE
8
BLACK
6
CONTINUOUS
10
46.6900240000000011
20
-77.564943999999997
11
46.6622629999999958
21
-77.5556899999999985
0
LINE
8
BLACK
6
CONTINUOUS
10
46.6622629999999958
20
-77.5556899999999985
11
46.640155
21
-77.5365170000000035
0
LINE
8
BLACK
6
CONTINUOUS
10
46.640155
20
-77.5365170000000035
11
46.6270680000000013
21
-77.5103419999999943
0
LINE
8
BLACK
6
CONTINUOUS
10
46.6270680000000013
20
-77.5103419999999943
11
46.6249940000000009
21
-77.4811519999999945
0
LINE
8
BLACK
6
CONTINUOUS
10
46.6249940000000009
20
-77.4811519999999945
11
46.6342479999999995
21
-77.4533909999999963
0
LINE
8
BLACK
6
CONTINUOUS
10
46.6342479999999995
20
-77.4533909999999963
11
46.6534209999999945
21
-77.4312829999999934
0
LINE
8
BLACK
6
CONTINUOUS
10
46.6534209999999945
20
-77.4312829999999934
11
46.6658639999999991
21
-77.423451
0
LINE
8
BLACK
6
CONTINUOUS
10
46.6658639999999991
20
-77.423451
11
46.7502159999999947
21
-77.3812750000000023
0
LINE
8
BLACK
6
CONTINUOUS
10
46.7502159999999947
20
-77.3812750000000023
11
46.8315950000000001
21
-77.2998959999999897
0
LINE
8
BLACK
6
CONTINUOUS
10
46.8315950000000001
20
-77.2998959999999897
11
46.9227149999999966
21
-77.1632159999999914
0
LINE
8
BLACK
6
CONTINUOUS
10
46.9227149999999966
20
-77.1632159999999914
11
46.922748999999996
21
-77.1631730000000005
0
LINE
8
BLACK
6
CONTINUOUS
10
46.922748999999996
20
-77.1631730000000005
11
46.9227589999999992
21
-77.1631509999999992
0
LINE
8
BLACK
6
CONTINUOUS
10
46.9227589999999992
20
-77.1631509999999992
11
46.9228099999999984
21
-77.1630990000000025
0
LINE
8
BLACK
6
CONTINUOUS
10
46.9228099999999984
20
-77.1630990000000025
11
46.9320309999999949
21
-77.1518409999999903
0
LINE
8
BLACK
6
CONTINUOUS
10
46.9320309999999949
20
-77.1518409999999903
11
46.9381999999999948
21
-77.1477089999999919
0
LINE
8
BLACK
6
CONTINUOUS
10
46.9381999999999948
20
-77.1477089999999919
11
46.943450999999996
21
-77.1424590000000023
0
LINE
8
BLACK
6
CONTINUOUS
10
46.943450999999996
20
-77.1424590000000023
11
46.9502400000000009
21
-77.139645999999999
0
LINE
8
BLACK
6
CONTINUOUS
10
46.9502400000000009
20
-77.139645999999999
11
46.9563459999999964
21
-77.1355580000000032
0
LINE
8
BLACK
6
CONTINUOUS
10
46.9563459999999964
20
-77.1355580000000032
11
46.9636259999999979
21
-77.1341010000000011
0
LINE
8
BLACK
6
CONTINUOUS
10
46.9636259999999979
20
-77.1341010000000011
11
46.9704869999999985
21
-77.1312599999999975
0
LINE
8
BLACK
6
CONTINUOUS
10
46.9704869999999985
20
-77.1312599999999975
11
46.9778349999999989
21
-77.1312599999999975
0
LINE
8
BLACK
6
CONTINUOUS
10
46.9778349999999989
20
-77.1312599999999975
11
46.9850399999999979
21
-77.1298189999999977
0
LINE
8
BLACK
6
CONTINUOUS
10
46.9850399999999979
20
-77.1298189999999977
11
46.9923239999999964
21
-77.1312599999999975
0
LINE
8
BLACK
6
CONTINUOUS
10
46.9923239999999964
20
-77.1312599999999975
11
46.9997509999999963
21
-77.1312599999999975
0
LINE
8
BLACK
6
CONTINUOUS
10
46.9997509999999963
20
-77.1312599999999975
11
47.0065389999999965
21
-77.1340720000000033
0
LINE
8
BLACK
6
CONTINUOUS
10
47.0065389999999965
20
-77.1340720000000033
11
47.0137479999999996
21
-77.1354979999999983
0
LINE
8
BLACK
6
CONTINUOUS
10
47.0137479999999996
20
-77.1354979999999983
11
47.0199269999999956
21
-77.1396170000000012
0
LINE
8
BLACK
6
CONTINUOUS
10
47.0199269999999956
20
-77.1396170000000012
11
47.0267869999999988
21
-77.1424590000000023
0
LINE
8
BLACK
6
CONTINUOUS
10
47.0267869999999988
20
-77.1424590000000023
11
47.0319799999999972
21
-77.1476519999999937
0
LINE
8
BLACK
6
CONTINUOUS
10
47.0319799999999972
20
-77.1476519999999937
11
47.0380970000000005
21
-77.1517300000000006
0
LINE
8
BLACK
6
CONTINUOUS
10
47.0380970000000005
20
-77.1517300000000006
11
47.0422299999999964
21
-77.1579019999999929
0
LINE
8
BLACK
6
CONTINUOUS
10
47.0422299999999964
20
-77.1579019999999929
11
47.0474789999999956
21
-77.1631509999999992
0
LINE
8
BLACK
6
CONTINUOUS
10
47.0474789999999956
20
-77.1631509999999992
11
47.0502899999999968
21
-77.1699380000000019
0
LINE
8
BLACK
6
CONTINUOUS
10
47.0502899999999968
20
-77.1699380000000019
11
47.0543799999999948
21
-77.176045000000002
0
LINE
8
BLACK
6
CONTINUOUS
10
47.0543799999999948
20
-77.176045000000002
11
47.0558359999999993
21
-77.1833259999999939
0
LINE
8
BLACK
6
CONTINUOUS
10
47.0558359999999993
20
-77.1833259999999939
11
47.0586780000000005
21
-77.1901869999999946
0
LINE
8
BLACK
6
CONTINUOUS
10
47.0586780000000005
20
-77.1901869999999946
11
47.060102999999998
21
-77.2046629999999965
0
LINE
8
BLACK
6
CONTINUOUS
10
47.060102999999998
20
-77.2046629999999965
11
47.0601190000000003
21
-77.204740000000001
0
LINE
8
BLACK
6
CONTINUOUS
10
47.0601190000000003
20
-77.204740000000001
11
47.0601130000000012
21
-77.2047659999999922
0
LINE
8
BLACK
6
CONTINUOUS
10
47.0601130000000012
20
-77.2047659999999922
11
47.0601190000000003
21
-77.2048190000000005
0
LINE
8
BLACK
6
CONTINUOUS
10
47.0601190000000003
20
-77.2048190000000005
11
47.0601190000000003
21
-78.1298189999999977
0
LINE
8
BLACK
6
CONTINUOUS
10
47.0601190000000003
20
-78.1298189999999977
11
47.2708329999999961
21
-78.1298189999999977
0
LINE
8
BLACK
6
CONTINUOUS
10
47.2708329999999961
20
-78.1298189999999977
11
47.285464999999995
21
-78.1312599999999975
0
LINE
8
BLACK
6
CONTINUOUS
10
47.285464999999995
20
-78.1312599999999975
11
47.3125009999999975
21
-78.1424590000000023
0
LINE
8
BLACK
6
CONTINUOUS
10
47.3125009999999975
20
-78.1424590000000023
11
47.3331930000000014
21
-78.1631509999999992
0
LINE
8
BLACK
6
CONTINUOUS
10
47.3331930000000014
20
-78.1631509999999992
11
47.3443919999999991
21
-78.1901869999999946
0
LINE
8
BLACK
6
CONTINUOUS
10
47.3443919999999991
20
-78.1901869999999946
11
47.3443919999999991
21
-78.2194509999999923
0
LINE
8
BLACK
6
CONTINUOUS
10
47.3443919999999991
20
-78.2194509999999923
11
47.3441720000000004
21
-78.2199799999999925
0
LINE
8
BLACK
6
CONTINUOUS
10
47.3441720000000004
20
-78.2199799999999925
11
47.3919390000000007
21
-78.2253619999999898
0
LINE
8
BLACK
6
CONTINUOUS
10
47.3919390000000007
20
-78.2253619999999898
11
47.5587569999999999
21
-78.2634369999999961
0
LINE
8
BLACK
6
CONTINUOUS
10
47.5587569999999999
20
-78.2634369999999961
11
47.5418069999999986
21
-78.2464870000000019
0
LINE
8
BLACK
6
CONTINUOUS
10
47.5418069999999986
20
-78.2464870000000019
11
47.5306080000000009
21
-78.2194509999999923
0
LINE
8
BLACK
6
CONTINUOUS
10
47.5306080000000009
20
-78.2194509999999923
11
47.5306080000000009
21
-78.1901869999999946
0
LINE
8
BLACK
6
CONTINUOUS
10
47.5306080000000009
20
-78.1901869999999946
11
47.5418069999999986
21
-78.1631509999999992
0
LINE
8
BLACK
6
CONTINUOUS
10
47.5418069999999986
20
-78.1631509999999992
11
47.5511339999999976
21
-78.1517860000000013
0
LINE
8
BLACK
6
CONTINUOUS
10
47.5511339999999976
20
-78.1517860000000013
11
48.110042
21
-77.5928759999999897
0
LINE
8
BLACK
6
CONTINUOUS
10
48.110042
20
-77.5928759999999897
11
48.1482139999999958
21
-77.4783630000000016
0
LINE
8
BLACK
6
CONTINUOUS
10
48.1482139999999958
20
-77.4783630000000016
11
48.1482139999999958
21
-77.4129999999999967
0
LINE
8
BLACK
6
CONTINUOUS
10
48.1482139999999958
20
-77.4129999999999967
11
48.1139559999999946
21
-77.3444839999999942
0
LINE
8
BLACK
6
CONTINUOUS
10
48.1139559999999946
20
-77.3444839999999942
11
48.0835489999999979
21
-77.3140769999999975
0
LINE
8
BLACK
6
CONTINUOUS
10
48.0835489999999979
20
-77.3140769999999975
11
48.0150329999999954
21
-77.2798190000000034
0
LINE
8
BLACK
6
CONTINUOUS
10
48.0150329999999954
20
-77.2798190000000034
11
47.8123480000000001
21
-77.2798190000000034
0
LINE
8
BLACK
6
CONTINUOUS
10
47.8123480000000001
20
-77.2798190000000034
11
47.7438319999999976
21
-77.3140769999999975
0
LINE
8
BLACK
6
CONTINUOUS
10
47.7438319999999976
20
-77.3140769999999975
11
47.7048190000000005
21
-77.3530899999999946
0
LINE
8
BLACK
6
CONTINUOUS
10
47.7048190000000005
20
-77.3530899999999946
11
47.6934539999999956
21
-77.3624169999999935
0
LINE
8
BLACK
6
CONTINUOUS
10
47.6934539999999956
20
-77.3624169999999935
11
47.6664169999999956
21
-77.3736159999999984
0
LINE
8
BLACK
6
CONTINUOUS
10
47.6664169999999956
20
-77.3736159999999984
11
47.6371549999999999
21
-77.3736159999999984
0
LINE
8
BLACK
6
CONTINUOUS
10
47.6371549999999999
20
-77.3736159999999984
11
47.6101179999999999
21
-77.3624169999999935
0
LINE
8
BLACK
6
CONTINUOUS
10
47.6101179999999999
20
-77.3624169999999935
11
47.589425999999996
21
-77.3417249999999967
0
LINE
8
BLACK
6
CONTINUOUS
10
47.589425999999996
20
-77.3417249999999967
11
47.5782269999999983
21
-77.3146879999999896
0
LINE
8
BLACK
6
CONTINUOUS
10
47.5782269999999983
20
-77.3146879999999896
11
47.5782269999999983
21
-77.2854260000000011
0
LINE
8
BLACK
6
CONTINUOUS
10
47.5782269999999983
20
-77.2854260000000011
11
47.589425999999996
21
-77.258388999999994
0
LINE
8
BLACK
6
CONTINUOUS
10
47.589425999999996
20
-77.258388999999994
11
47.598752999999995
21
-77.2470239999999961
0
LINE
8
BLACK
6
CONTINUOUS
10
47.598752999999995
20
-77.2470239999999961
11
47.6463719999999995
21
-77.1994049999999987
0
LINE
8
BLACK
6
CONTINUOUS
10
47.6463719999999995
20
-77.1994049999999987
11
47.6521210000000011
21
-77.1946859999999901
0
LINE
8
BLACK
6
CONTINUOUS
10
47.6521210000000011
20
-77.1946859999999901
11
47.6534209999999945
21
-77.1931879999999921
0
LINE
8
BLACK
6
CONTINUOUS
10
47.6534209999999945
20
-77.1931879999999921
11
47.6556799999999967
21
-77.1917660000000012
0
LINE
8
BLACK
6
CONTINUOUS
10
47.6556799999999967
20
-77.1917660000000012
11
47.6577369999999974
21
-77.1900779999999997
0
LINE
8
BLACK
6
CONTINUOUS
10
47.6577369999999974
20
-77.1900779999999997
11
47.659563999999996
21
-77.189319999999995
0
LINE
8
BLACK
6
CONTINUOUS
10
47.659563999999996
20
-77.189319999999995
11
47.6658639999999991
21
-77.1853559999999987
0
LINE
8
BLACK
6
CONTINUOUS
10
47.6658639999999991
20
-77.1853559999999987
11
47.7611020000000011
21
-77.1377370000000013
0
LINE
8
BLACK
6
CONTINUOUS
10
47.7611020000000011
20
-77.1377370000000013
11
47.774833000000001
21
-77.132481999999996
0
LINE
8
BLACK
6
CONTINUOUS
10
47.774833000000001
20
-77.132481999999996
11
47.7775219999999976
21
-77.1322899999999976
0
LINE
8
BLACK
6
CONTINUOUS
10
47.7775219999999976
20
-77.1322899999999976
11
47.7800109999999947
21
-77.1312599999999975
0
LINE
8
BLACK
6
CONTINUOUS
10
47.7800109999999947
20
-77.1312599999999975
11
47.7946430000000007
21
-77.1298189999999977
0
LINE
8
BLACK
6
CONTINUOUS
10
47.7946430000000007
20
-77.1298189999999977
11
48.0327379999999948
21
-77.1298189999999977
0
LINE
8
BLACK
6
CONTINUOUS
10
48.0327379999999948
20
-77.1298189999999977
11
48.0473700000000008
21
-77.1312599999999975
0
LINE
8
BLACK
6
CONTINUOUS
10
44.3245310000000003
20
-81.0467409999999973
11
44.3573909999999998
21
-81.3383779999999916
0
LINE
8
BLACK
6
CONTINUOUS
10
44.3573909999999998
20
-81.3383779999999916
11
44.4226969999999994
21
-81.6245019999999926
0
LINE
8
BLACK
6
CONTINUOUS
10
44.4226969999999994
20
-81.6245019999999926
11
44.5196279999999973
21
-81.9015150000000034
0
LINE
8
BLACK
6
CONTINUOUS
10
44.5196279999999973
20
-81.9015150000000034
11
44.6469649999999945
21
-82.1659339999999929
0
LINE
8
BLACK
6
CONTINUOUS
10
44.6469649999999945
20
-82.1659339999999929
11
44.8031069999999971
21
-82.4144330000000025
0
LINE
8
BLACK
6
CONTINUOUS
10
44.8031069999999971
20
-82.4144330000000025
11
44.9860899999999972
21
-82.6438859999999949
0
LINE
8
BLACK
6
CONTINUOUS
10
44.9860899999999972
20
-82.6438859999999949
11
45.1936139999999966
21
-82.8514100000000013
0
LINE
8
BLACK
6
CONTINUOUS
10
45.1936139999999966
20
-82.8514100000000013
11
45.4230669999999961
21
-83.0343929999999943
0
LINE
8
BLACK
6
CONTINUOUS
10
45.4230669999999961
20
-83.0343929999999943
11
45.6715659999999986
21
-83.190534999999997
0
LINE
8
BLACK
6
CONTINUOUS
10
45.6715659999999986
20
-83.190534999999997
11
45.9359849999999952
21
-83.3178719999999942
0
LINE
8
BLACK
6
CONTINUOUS
10
45.9359849999999952
20
-83.3178719999999942
11
46.2129979999999989
21
-83.414802999999992
0
LINE
8
BLACK
6
CONTINUOUS
10
46.2129979999999989
20
-83.414802999999992
11
46.4991219999999998
21
-83.4801089999999988
0
LINE
8
BLACK
6
CONTINUOUS
10
46.4991219999999998
20
-83.4801089999999988
11
46.7907590000000013
21
-83.5129689999999982
0
LINE
8
BLACK
6
CONTINUOUS
10
46.7907590000000013
20
-83.5129689999999982
11
47.0842409999999987
21
-83.5129689999999982
0
LINE
8
BLACK
6
CONTINUOUS
10
47.0842409999999987
20
-83.5129689999999982
11
47.3758780000000002
21
-83.4801089999999988
0
LINE
8
BLACK
6
CONTINUOUS
10
47.3758780000000002
20
-83.4801089999999988
11
47.6620020000000011
21
-83.414802999999992
0
LINE
8
BLACK
6
CONTINUOUS
10
47.6620020000000011
20
-83.414802999999992
11
47.9390149999999977
21
-83.3178719999999942
0
LINE
8
BLACK
6
CONTINUOUS
10
47.9390149999999977
20
-83.3178719999999942
11
48.2034339999999943
21
-83.190534999999997
0
LINE
8
BLACK
6
CONTINUOUS
10
48.2034339999999943
20
-83.190534999999997
11
48.4519329999999968
21
-83.0343929999999943
0
LINE
8
BLACK
6
CONTINUOUS
10
48.4519329999999968
20
-83.0343929999999943
11
48.6813859999999963
21
-82.8514100000000013
0
LINE
8
BLACK
6
CONTINUOUS
10
48.6813859999999963
20
-82.8514100000000013
11
48.8889099999999956
21
-82.6438859999999949
0
LINE
8
BLACK
6
CONTINUOUS
10
48.8889099999999956
20
-82.6438859999999949
11
49.0718929999999958
21
-82.4144330000000025
0
LINE
8
BLACK
6
CONTINUOUS
10
49.0718929999999958
20
-82.4144330000000025
11
49.2280349999999984
21
-82.1659339999999929
0
LINE
8
BLACK
6
CONTINUOUS
10
49.2280349999999984
20
-82.1659339999999929
11
49.3553719999999956
21
-81.9015150000000034
0
LINE
8
BLACK
6
CONTINUOUS
10
49.3553719999999956
20
-81.9015150000000034
11
49.4523030000000006
21
-81.6245019999999926
0
LINE
8
BLACK
6
CONTINUOUS
10
49.4523030000000006
20
-81.6245019999999926
11
49.5176090000000002
21
-81.3383779999999916
0
LINE
8
BLACK
6
CONTINUOUS
10
49.5176090000000002
20
-81.3383779999999916
11
49.5504689999999997
21
-81.0467409999999973
0
LINE
8
BLACK
6
CONTINUOUS
10
49.5504689999999997
20
-81.0467409999999973
11
49.5504689999999997
21
-80.7532589999999999
0
LINE
8
BLACK
6
CONTINUOUS
10
49.5504689999999997
20
-80.7532589999999999
11
49.5176090000000002
21
-80.4616219999999913
0
LINE
8
BLACK
6
CONTINUOUS
10
49.5176090000000002
20
-80.4616219999999913
11
49.4523030000000006
21
-80.1754979999999904
0
LINE
8
BLACK
6
CONTINUOUS
10
49.4523030000000006
20
-80.1754979999999904
11
49.3553719999999956
21
-79.8984849999999938
0
LINE
8
BLACK
6
CONTINUOUS
10
49.3553719999999956
20
-79.8984849999999938
11
49.2280349999999984
21
-79.63406599999999
0
LINE
8
BLACK
6
CONTINUOUS
10
49.2280349999999984
20
-79.63406599999999
11
49.0718929999999958
21
-79.3855669999999947
0
LINE
8
BLACK
6
CONTINUOUS
10
49.0718929999999958
20
-79.3855669999999947
11
48.8889099999999956
21
-79.1561140000000023
0
LINE
8
BLACK
6
CONTINUOUS
10
48.8889099999999956
20
-79.1561140000000023
11
48.6813859999999963
21
-78.9485899999999958
0
LINE
8
BLACK
6
CONTINUOUS
10
48.6813859999999963
20
-78.9485899999999958
11
48.4519329999999968
21
-78.7656070000000028
0
LINE
8
BLACK
6
CONTINUOUS
10
48.4519329999999968
20
-78.7656070000000028
11
48.2034339999999943
21
-78.6094650000000001
0
LINE
8
BLACK
6
CONTINUOUS
10
48.2034339999999943
20
-78.6094650000000001
11
47.9390149999999977
21
-78.482128000000003
0
LINE
8
BLACK
6
CONTINUOUS
10
47.9390149999999977
20
-78.482128000000003
11
47.6620020000000011
21
-78.3851969999999909
0
LINE
8
BLACK
6
CONTINUOUS
10
47.6620020000000011
20
-78.3851969999999909
11
47.3758780000000002
21
-78.3198909999999984
0
LINE
8
BLACK
6
CONTINUOUS
10
47.3758780000000002
20
-78.3198909999999984
11
47.0842409999999987
21
-78.2870309999999989
0
LINE
8
BLACK
6
CONTINUOUS
10
47.0842409999999987
20
-78.2870309999999989
11
46.7907590000000013
21
-78.2870309999999989
0
LINE
8
BLACK
6
CONTINUOUS
10
46.7907590000000013
20
-78.2870309999999989
11
46.4991219999999998
21
-78.3198909999999984
0
LINE
8
BLACK
6
CONTINUOUS
10
46.4991219999999998
20
-78.3198909999999984
11
46.2129979999999989
21
-78.3851969999999909
0
LINE
8
BLACK
6
CONTINUOUS
10
46.2129979999999989
20
-78.3851969999999909
11
45.9359849999999952
21
-78.482128000000003
0
LINE
8
BLACK
6
CONTINUOUS
10
45.9359849999999952
20
-78.482128000000003
11
45.6715659999999986
21
-78.6094650000000001
0
LINE
8
BLACK
6
CONTINUOUS
10
45.6715659999999986
20
-78.6094650000000001
11
45.4230669999999961
21
-78.7656070000000028
0
LINE
8
BLACK
6
CONTINUOUS
10
45.4230669999999961
20
-78.7656070000000028
11
45.1936139999999966
21
-78.9485899999999958
0
LINE
8
BLACK
6
CONTINUOUS
10
45.1936139999999966
20
-78.9485899999999958
11
44.9860899999999972
21
-79.1561140000000023
0
LINE
8
BLACK
6
CONTINUOUS
10
44.9860899999999972
20
-79.1561140000000023
11
44.8031069999999971
21
-79.3855669999999947
0
LINE
8
BLACK
6
CONTINUOUS
10
44.8031069999999971
20
-79.3855669999999947
11
44.6469649999999945
21
-79.63406599999999
0
LINE
8
BLACK
6
CONTINUOUS
10
44.6469649999999945
20
-79.63406599999999
11
44.5196279999999973
21
-79.8984849999999938
0
LINE
8
BLACK
6
CONTINUOUS
10
44.5196279999999973
20
-79.8984849999999938
11
44.4226969999999994
21
-80.1754979999999904
0
LINE
8
BLACK
6
CONTINUOUS
10
44.4226969999999994
20
-80.1754979999999904
11
44.3573909999999998
21
-80.4616219999999913
0
LINE
8
BLACK
6
CONTINUOUS
10
44.3573909999999998
20
-80.4616219999999913
11
44.3245310000000003
21
-80.7532589999999999
0
LINE
8
BLACK
6
CONTINUOUS
10
44.3245310000000003
20
-80.7532589999999999
11
44.3245310000000003
21
-81.0467409999999973
0
LINE
8
BLACK
6
CONTINUOUS
10
233.1240139999999883
20
-72.3687599999999946
11
233.1314409999999953
21
-72.3687599999999946
0
LINE
8
BLACK
6
CONTINUOUS
10
233.1314409999999953
20
-72.3687599999999946
11
233.1382289999999955
21
-72.3715720000000005
0
LINE
8
BLACK
6
CONTINUOUS
10
233.1382289999999955
20
-72.3715720000000005
11
233.1454379999999844
21
-72.3729979999999955
0
LINE
8
BLACK
6
CONTINUOUS
10
233.1454379999999844
20
-72.3729979999999955
11
233.1516169999999875
21
-72.3771169999999984
0
LINE
8
BLACK
6
CONTINUOUS
10
233.1516169999999875
20
-72.3771169999999984
11
233.1584769999999764
21
-72.3799589999999995
0
LINE
8
BLACK
6
CONTINUOUS
10
233.1584769999999764
20
-72.3799589999999995
11
233.1636699999999962
21
-72.3851519999999908
0
LINE
8
BLACK
6
CONTINUOUS
10
233.1636699999999962
20
-72.3851519999999908
11
233.1697869999999853
21
-72.3892299999999977
0
LINE
8
BLACK
6
CONTINUOUS
10
233.1697869999999853
20
-72.3892299999999977
11
233.1739199999999812
21
-72.39540199999999
0
LINE
8
BLACK
6
CONTINUOUS
10
233.1739199999999812
20
-72.39540199999999
11
233.1791690000000017
21
-72.4006509999999963
0
LINE
8
BLACK
6
CONTINUOUS
10
233.1791690000000017
20
-72.4006509999999963
11
233.1819799999999816
21
-72.4074379999999991
0
LINE
8
BLACK
6
CONTINUOUS
10
233.1819799999999816
20
-72.4074379999999991
11
233.1860700000000008
21
-72.4135449999999992
0
LINE
8
BLACK
6
CONTINUOUS
10
233.1860700000000008
20
-72.4135449999999992
11
233.1875259999999912
21
-72.420825999999991
0
LINE
8
BLACK
6
CONTINUOUS
10
233.1875259999999912
20
-72.420825999999991
11
233.1903679999999781
21
-72.4276869999999917
0
LINE
8
BLACK
6
CONTINUOUS
10
233.1903679999999781
20
-72.4276869999999917
11
233.1917929999999899
21
-72.4421629999999936
0
LINE
8
BLACK
6
CONTINUOUS
10
233.1917929999999899
20
-72.4421629999999936
11
233.1918089999999779
21
-72.4422399999999982
0
LINE
8
BLACK
6
CONTINUOUS
10
233.1918089999999779
20
-72.4422399999999982
11
233.1918029999999931
21
-72.4422660000000036
0
LINE
8
BLACK
6
CONTINUOUS
10
233.1918029999999931
20
-72.4422660000000036
11
233.1918089999999779
21
-72.4423189999999977
0
LINE
8
BLACK
6
CONTINUOUS
10
233.1918089999999779
20
-72.4423189999999977
11
233.1918089999999779
21
-73.3673189999999948
0
LINE
8
BLACK
6
CONTINUOUS
10
233.1918089999999779
20
-73.3673189999999948
11
233.4025230000000022
21
-73.3673189999999948
0
LINE
8
BLACK
6
CONTINUOUS
10
233.4025230000000022
20
-73.3673189999999948
11
233.4171549999999797
21
-73.3687599999999946
0
LINE
8
BLACK
6
CONTINUOUS
10
233.4171549999999797
20
-73.3687599999999946
11
233.4441909999999893
21
-73.3799589999999995
0
LINE
8
BLACK
6
CONTINUOUS
10
233.4441909999999893
20
-73.3799589999999995
11
233.4648829999999862
21
-73.4006509999999963
0
LINE
8
BLACK
6
CONTINUOUS
10
233.4648829999999862
20
-73.4006509999999963
11
233.476081999999991
21
-73.4276869999999917
0
LINE
8
BLACK
6
CONTINUOUS
10
233.476081999999991
20
-73.4276869999999917
11
233.476081999999991
21
-73.4569510000000037
0
LINE
8
BLACK
6
CONTINUOUS
10
233.476081999999991
20
-73.4569510000000037
11
233.4648829999999862
21
-73.4839869999999991
0
LINE
8
BLACK
6
CONTINUOUS
10
233.4648829999999862
20
-73.4839869999999991
11
233.4527679999999918
21
-73.4961009999999959
0
LINE
8
BLACK
6
CONTINUOUS
10
233.4527679999999918
20
-73.4961009999999959
11
233.6574389999999823
21
-73.5677179999999993
0
LINE
8
BLACK
6
CONTINUOUS
10
233.6574389999999823
20
-73.5677179999999993
11
233.9384699999999953
21
-73.7030560000000037
0
LINE
8
BLACK
6
CONTINUOUS
10
233.9384699999999953
20
-73.7030560000000037
11
234.2025809999999808
21
-73.8690079999999938
0
LINE
8
BLACK
6
CONTINUOUS
10
234.2025809999999808
20
-73.8690079999999938
11
234.4464509999999962
21
-74.063486999999995
0
LINE
8
BLACK
6
CONTINUOUS
10
234.4464509999999962
20
-74.063486999999995
11
234.6670129999999972
21
-74.284048999999996
0
LINE
8
BLACK
6
CONTINUOUS
10
234.6670129999999972
20
-74.284048999999996
11
234.8614919999999984
21
-74.5279189999999971
0
LINE
8
BLACK
6
CONTINUOUS
10
234.8614919999999984
20
-74.5279189999999971
11
235.0274440000000027
21
-74.7920299999999969
0
LINE
8
BLACK
6
CONTINUOUS
10
235.0274440000000027
20
-74.7920299999999969
11
235.1627819999999929
21
-75.0730609999999956
0
LINE
8
BLACK
6
CONTINUOUS
10
235.1627819999999929
20
-75.0730609999999956
11
235.2658029999999769
21
-75.367479000000003
0
LINE
8
BLACK
6
CONTINUOUS
10
235.2658029999999769
20
-75.367479000000003
11
235.3352119999999843
21
-75.6715789999999942
0
LINE
8
BLACK
6
CONTINUOUS
10
235.3352119999999843
20
-75.6715789999999942
11
235.3701360000000022
21
-75.9815389999999979
0
LINE
8
BLACK
6
CONTINUOUS
10
235.3701360000000022
20
-75.9815389999999979
11
235.3701360000000022
21
-76.2934609999999935
0
LINE
8
BLACK
6
CONTINUOUS
10
235.3701360000000022
20
-76.2934609999999935
11
235.3352119999999843
21
-76.6034209999999973
0
LINE
8
BLACK
6
CONTINUOUS
10
235.3352119999999843
20
-76.6034209999999973
11
235.2658029999999769
21
-76.9075210000000027
0
LINE
8
BLACK
6
CONTINUOUS
10
235.2658029999999769
20
-76.9075210000000027
11
235.1627819999999929
21
-77.2019389999999959
0
LINE
8
BLACK
6
CONTINUOUS
10
235.1627819999999929
20
-77.2019389999999959
11
235.0274440000000027
21
-77.4829699999999946
0
LINE
8
BLACK
6
CONTINUOUS
10
235.0274440000000027
20
-77.4829699999999946
11
234.8614919999999984
21
-77.7470809999999943
0
LINE
8
BLACK
6
CONTINUOUS
10
234.8614919999999984
20
-77.7470809999999943
11
234.6670129999999972
21
-77.9909509999999955
0
LINE
8
BLACK
6
CONTINUOUS
10
234.6670129999999972
20
-77.9909509999999955
11
234.4464509999999962
21
-78.2115129999999965
0
LINE
8
BLACK
6
CONTINUOUS
10
234.4464509999999962
20
-78.2115129999999965
11
234.2025809999999808
21
-78.4059919999999977
0
LINE
8
BLACK
6
CONTINUOUS
10
234.2025809999999808
20
-78.4059919999999977
11
233.9384699999999953
21
-78.571944000000002
0
LINE
8
BLACK
6
CONTINUOUS
10
233.9384699999999953
20
-78.571944000000002
11
233.6574389999999823
21
-78.7072819999999922
0
LINE
8
BLACK
6
CONTINUOUS
10
233.6574389999999823
20
-78.7072819999999922
11
233.3630210000000034
21
-78.8103029999999904
0
LINE
8
BLACK
6
CONTINUOUS
10
233.3630210000000034
20
-78.8103029999999904
11
233.058920999999998
21
-78.8797119999999978
0
LINE
8
BLACK
6
CONTINUOUS
10
233.058920999999998
20
-78.8797119999999978
11
232.74896099999998
21
-78.9146360000000016
0
LINE
8
BLACK
6
CONTINUOUS
10
232.74896099999998
20
-78.9146360000000016
11
232.4370389999999986
21
-78.9146360000000016
0
LINE
8
BLACK
6
CONTINUOUS
10
232.4370389999999986
20
-78.9146360000000016
11
232.1270789999999806
21
-78.8797119999999978
0
LINE
8
BLACK
6
CONTINUOUS
10
232.1270789999999806
20
-78.8797119999999978
11
231.8229790000000037
21
-78.8103029999999904
0
LINE
8
BLACK
6
CONTINUOUS
10
231.8229790000000037
20
-78.8103029999999904
11
231.5285609999999963
21
-78.7072819999999922
0
LINE
8
BLACK
6
CONTINUOUS
10
231.5285609999999963
20
-78.7072819999999922
11
231.2475299999999834
21
-78.571944000000002
0
LINE
8
BLACK
6
CONTINUOUS
10
231.2475299999999834
20
-78.571944000000002
11
230.9834189999999978
21
-78.4059919999999977
0
LINE
8
BLACK
6
CONTINUOUS
10
230.9834189999999978
20
-78.4059919999999977
11
230.7395489999999825
21
-78.2115129999999965
0
LINE
8
BLACK
6
CONTINUOUS
10
230.7395489999999825
20
-78.2115129999999965
11
230.5189869999999814
21
-77.9909509999999955
0
LINE
8
BLACK
6
CONTINUOUS
10
230.5189869999999814
20
-77.9909509999999955
11
230.3245079999999803
21
-77.7470809999999943
0
LINE
8
BLACK
6
CONTINUOUS
10
230.3245079999999803
20
-77.7470809999999943
11
230.1585559999999759
21
-77.4829699999999946
0
LINE
8
BLACK
6
CONTINUOUS
10
230.1585559999999759
20
-77.4829699999999946
11
230.0232179999999858
21
-77.2019389999999959
0
LINE
8
BLACK
6
CONTINUOUS
10
230.0232179999999858
20
-77.2019389999999959
11
229.9201970000000017
21
-76.9075210000000027
0
LINE
8
BLACK
6
CONTINUOUS
10
229.9201970000000017
20
-76.9075210000000027
11
229.8507879999999943
21
-76.6034209999999973
0
LINE
8
BLACK
6
CONTINUOUS
10
229.8507879999999943
20
-76.6034209999999973
11
229.8158639999999764
21
-76.2934609999999935
0
LINE
8
BLACK
6
CONTINUOUS
10
229.8158639999999764
20
-76.2934609999999935
11
229.8158639999999764
21
-75.9869099999999946
0
LINE
8
BLACK
6
CONTINUOUS
10
229.8158639999999764
20
-75.9869099999999946
11
229.8158639999999764
21
-75.9815389999999979
0
LINE
8
BLACK
6
CONTINUOUS
10
229.8158639999999764
20
-75.9815389999999979
11
229.8507879999999943
21
-75.6715789999999942
0
LINE
8
BLACK
6
CONTINUOUS
10
229.8507879999999943
20
-75.6715789999999942
11
229.9201970000000017
21
-75.367479000000003
0
LINE
8
BLACK
6
CONTINUOUS
10
229.9201970000000017
20
-75.367479000000003
11
230.0232179999999858
21
-75.0730609999999956
0
LINE
8
BLACK
6
CONTINUOUS
10
230.0232179999999858
20
-75.0730609999999956
11
230.1585559999999759
21
-74.7920299999999969
0
LINE
8
BLACK
6
CONTINUOUS
10
230.1585559999999759
20
-74.7920299999999969
11
230.3245079999999803
21
-74.5279189999999971
0
LINE
8
BLACK
6
CONTINUOUS
10
230.3245079999999803
20
-74.5279189999999971
11
230.5189869999999814
21
-74.284048999999996
0
LINE
8
BLACK
6
CONTINUOUS
10
230.5189869999999814
20
-74.284048999999996
11
230.7395489999999825
21
-74.063486999999995
0
LINE
8
BLACK
6
CONTINUOUS
10
230.7395489999999825
20
-74.063486999999995
11
230.9834189999999978
21
-73.8690079999999938
0
LINE
8
BLACK
6
CONTINUOUS
10
230.9834189999999978
20
-73.8690079999999938
11
231.2475299999999834
21
-73.7030560000000037
0
LINE
8
BLACK
6
CONTINUOUS
10
231.2475299999999834
20
-73.7030560000000037
11
231.5285609999999963
21
-73.5677179999999993
0
LINE
8
BLACK
6
CONTINUOUS
10
231.5285609999999963
20
-73.5677179999999993
11
231.768622999999991
21
-73.4837160000000011
0
LINE
8
BLACK
6
CONTINUOUS
10
231.768622999999991
20
-73.4837160000000011
11
231.7575359999999876
21
-73.4569510000000037
0
LINE
8
BLACK
6
CONTINUOUS
10
231.7575359999999876
20
-73.4569510000000037
11
231.7560949999999877
21
-73.4423189999999977
0
LINE
8
BLACK
6
CONTINUOUS
10
231.7560949999999877
20
-73.4423189999999977
11
231.7560949999999877
21
-72.4423189999999977
0
LINE
8
BLACK
6
CONTINUOUS
10
231.7560949999999877
20
-72.4423189999999977
11
231.7575359999999876
21
-72.4276869999999917
0
LINE
8
BLACK
6
CONTINUOUS
10
231.7575359999999876
20
-72.4276869999999917
11
231.7687349999999924
21
-72.4006509999999963
0
LINE
8
BLACK
6
CONTINUOUS
10
231.7687349999999924
20
-72.4006509999999963
11
231.7894269999999892
21
-72.3799589999999995
0
LINE
8
BLACK
6
CONTINUOUS
10
231.7894269999999892
20
-72.3799589999999995
11
231.8164629999999988
21
-72.3687599999999946
0
LINE
8
BLACK
6
CONTINUOUS
10
231.8164629999999988
20
-72.3687599999999946
11
231.8457269999999824
21
-72.3687599999999946
0
LINE
8
BLACK
6
CONTINUOUS
10
231.8457269999999824
20
-72.3687599999999946
11
231.872762999999992
21
-72.3799589999999995
0
LINE
8
BLACK
6
CONTINUOUS
10
231.872762999999992
20
-72.3799589999999995
11
231.8934549999999888
21
-72.4006509999999963
0
LINE
8
BLACK
6
CONTINUOUS
10
231.8934549999999888
20
-72.4006509999999963
11
231.9046539999999936
21
-72.4276869999999917
0
LINE
8
BLACK
6
CONTINUOUS
10
231.9046539999999936
20
-72.4276869999999917
11
231.9060949999999934
21
-72.4423189999999977
0
LINE
8
BLACK
6
CONTINUOUS
10
231.9060949999999934
20
-72.4423189999999977
11
231.9060949999999934
21
-72.8435089999999974
0
LINE
8
BLACK
6
CONTINUOUS
10
231.9060949999999934
20
-72.8435089999999974
11
232.3275229999999851
21
-72.8435089999999974
0
LINE
8
BLACK
6
CONTINUOUS
10
232.3275229999999851
20
-72.8435089999999974
11
232.3275229999999851
21
-72.4423189999999977
0
LINE
8
BLACK
6
CONTINUOUS
10
232.3275229999999851
20
-72.4423189999999977
11
232.3289639999999849
21
-72.4276869999999917
0
LINE
8
BLACK
6
CONTINUOUS
10
232.3289639999999849
20
-72.4276869999999917
11
232.3401629999999898
21
-72.4006509999999963
0
LINE
8
BLACK
6
CONTINUOUS
10
232.3401629999999898
20
-72.4006509999999963
11
232.3608549999999866
21
-72.3799589999999995
0
LINE
8
BLACK
6
CONTINUOUS
10
232.3608549999999866
20
-72.3799589999999995
11
232.3878909999999962
21
-72.3687599999999946
0
LINE
8
BLACK
6
CONTINUOUS
10
232.3878909999999962
20
-72.3687599999999946
11
232.4171549999999797
21
-72.3687599999999946
0
LINE
8
BLACK
6
CONTINUOUS
10
232.4171549999999797
20
-72.3687599999999946
11
232.4441909999999893
21
-72.3799589999999995
0
LINE
8
BLACK
6
CONTINUOUS
10
232.4441909999999893
20
-72.3799589999999995
11
232.4648829999999862
21
-72.4006509999999963
0
LINE
8
BLACK
6
CONTINUOUS
10
232.4648829999999862
20
-72.4006509999999963
11
232.476081999999991
21
-72.4276869999999917
0
LINE
8
BLACK
6
CONTINUOUS
10
232.476081999999991
20
-72.4276869999999917
11
232.4775229999999908
21
-72.4423189999999977
0
LINE
8
BLACK
6
CONTINUOUS
10
232.4775229999999908
20
-72.4423189999999977
11
232.4775229999999908
21
-73.3603639999999899
0
LINE
8
BLACK
6
CONTINUOUS
10
232.4775229999999908
20
-73.3603639999999899
11
232.74896099999998
21
-73.3603639999999899
0
LINE
8
BLACK
6
CONTINUOUS
10
232.74896099999998
20
-73.3603639999999899
11
232.8202059999999847
21
-73.3683910000000026
0
LINE
8
BLACK
6
CONTINUOUS
10
232.8202059999999847
20
-73.3683910000000026
11
232.8310949999999764
21
-73.3673189999999948
0
LINE
8
BLACK
6
CONTINUOUS
10
232.8310949999999764
20
-73.3673189999999948
11
233.0418090000000007
21
-73.3673189999999948
0
LINE
8
BLACK
6
CONTINUOUS
10
233.0418090000000007
20
-73.3673189999999948
11
233.0418090000000007
21
-72.6710039999999964
0
LINE
8
BLACK
6
CONTINUOUS
10
233.0418090000000007
20
-72.6710039999999964
11
232.9793659999999988
21
-72.7334469999999982
0
LINE
8
BLACK
6
CONTINUOUS
10
232.9793659999999988
20
-72.7334469999999982
11
232.9736159999999927
21
-72.7381649999999951
0
LINE
8
BLACK
6
CONTINUOUS
10
232.9736159999999927
20
-72.7381649999999951
11
232.9723169999999755
21
-72.7396639999999906
0
LINE
8
BLACK
6
CONTINUOUS
10
232.9723169999999755
20
-72.7396639999999906
11
232.9700569999999971
21
-72.7410849999999982
0
LINE
8
BLACK
6
CONTINUOUS
10
232.9700569999999971
20
-72.7410849999999982
11
232.9680009999999868
21
-72.7427739999999972
0
LINE
8
BLACK
6
CONTINUOUS
10
232.9680009999999868
20
-72.7427739999999972
11
232.9661729999999977
21
-72.7435309999999902
0
LINE
8
BLACK
6
CONTINUOUS
10
232.9661729999999977
20
-72.7435309999999902
11
232.959873999999985
21
-72.7474959999999982
0
LINE
8
BLACK
6
CONTINUOUS
10
232.959873999999985
20
-72.7474959999999982
11
232.8646359999999902
21
-72.7951149999999956
0
LINE
8
BLACK
6
CONTINUOUS
10
232.8646359999999902
20
-72.7951149999999956
11
232.8509039999999857
21
-72.8003700000000009
0
LINE
8
BLACK
6
CONTINUOUS
10
232.8509039999999857
20
-72.8003700000000009
11
232.8217139999999858
21
-72.8024439999999942
0
LINE
8
BLACK
6
CONTINUOUS
10
232.8217139999999858
20
-72.8024439999999942
11
232.7939529999999877
21
-72.7931899999999956
0
LINE
8
BLACK
6
CONTINUOUS
10
232.7939529999999877
20
-72.7931899999999956
11
232.7718449999999848
21
-72.7740170000000006
0
LINE
8
BLACK
6
CONTINUOUS
10
232.7718449999999848
20
-72.7740170000000006
11
232.7587580000000003
21
-72.7478419999999915
0
LINE
8
BLACK
6
CONTINUOUS
10
232.7587580000000003
20
-72.7478419999999915
11
232.7566839999999786
21
-72.7186519999999916
0
LINE
8
BLACK
6
CONTINUOUS
10
232.7566839999999786
20
-72.7186519999999916
11
232.7659379999999771
21
-72.6908909999999935
0
LINE
8
BLACK
6
CONTINUOUS
10
232.7659379999999771
20
-72.6908909999999935
11
232.7851110000000006
21
-72.6687829999999906
0
LINE
8
BLACK
6
CONTINUOUS
10
232.7851110000000006
20
-72.6687829999999906
11
232.797553999999991
21
-72.6609509999999972
0
LINE
8
BLACK
6
CONTINUOUS
10
232.797553999999991
20
-72.6609509999999972
11
232.8819059999999865
21
-72.6187749999999994
0
LINE
8
BLACK
6
CONTINUOUS
10
232.8819059999999865
20
-72.6187749999999994
11
232.9632849999999848
21
-72.5373960000000011
0
LINE
8
BLACK
6
CONTINUOUS
10
232.9632849999999848
20
-72.5373960000000011
11
233.0544050000000027
21
-72.4007160000000027
0
LINE
8
BLACK
6
CONTINUOUS
10
233.0544050000000027
20
-72.4007160000000027
11
233.0544390000000021
21
-72.4006729999999976
0
LINE
8
BLACK
6
CONTINUOUS
10
233.0544390000000021
20
-72.4006729999999976
11
233.0544489999999769
21
-72.4006509999999963
0
LINE
8
BLACK
6
CONTINUOUS
10
233.0544489999999769
20
-72.4006509999999963
11
233.0544999999999902
21
-72.4005989999999997
0
LINE
8
BLACK
6
CONTINUOUS
10
233.0544999999999902
20
-72.4005989999999997
11
233.0637209999999868
21
-72.3893410000000017
0
LINE
8
BLACK
6
CONTINUOUS
10
233.0637209999999868
20
-72.3893410000000017
11
233.0698899999999867
21
-72.3852090000000032
0
LINE
8
BLACK
6
CONTINUOUS
10
233.0698899999999867
20
-72.3852090000000032
11
233.0751410000000021
21
-72.3799589999999995
0
LINE
8
BLACK
6
CONTINUOUS
10
233.0751410000000021
20
-72.3799589999999995
11
233.0819299999999998
21
-72.3771459999999962
0
LINE
8
BLACK
6
CONTINUOUS
10
233.0819299999999998
20
-72.3771459999999962
11
233.0880359999999882
21
-72.3730580000000003
0
LINE
8
BLACK
6
CONTINUOUS
10
233.0880359999999882
20
-72.3730580000000003
11
233.0953159999999968
21
-72.3716009999999983
0
LINE
8
BLACK
6
CONTINUOUS
10
233.0953159999999968
20
-72.3716009999999983
11
233.1021769999999833
21
-72.3687599999999946
0
LINE
8
BLACK
6
CONTINUOUS
10
233.1021769999999833
20
-72.3687599999999946
11
233.1095249999999908
21
-72.3687599999999946
0
LINE
8
BLACK
6
CONTINUOUS
10
233.1095249999999908
20
-72.3687599999999946
11
233.1167299999999898
21
-72.3673189999999948
0
LINE
8
BLACK
6
CONTINUOUS
10
233.1167299999999898
20
-72.3673189999999948
11
233.1240139999999883
21
-72.3687599999999946
0
LINE
8
BLACK
6
CONTINUOUS
10
231.9060949999999934
20
-73.4423189999999977
11
231.9057509999999809
21
-73.4458039999999954
0
LINE
8
BLACK
6
CONTINUOUS
10
231.9057509999999809
20
-73.4458039999999954
11
232.1270789999999806
21
-73.3952879999999936
0
LINE
8
BLACK
6
CONTINUOUS
10
232.1270789999999806
20
-73.3952879999999936
11
232.3275229999999851
21
-73.3727030000000013
0
LINE
8
BLACK
6
CONTINUOUS
10
232.3275229999999851
20
-73.3727030000000013
11
232.3275229999999851
21
-72.9935090000000031
0
LINE
8
BLACK
6
CONTINUOUS
10
232.3275229999999851
20
-72.9935090000000031
11
231.9060949999999934
21
-72.9935090000000031
0
LINE
8
BLACK
6
CONTINUOUS
10
231.9060949999999934
20
-72.9935090000000031
11
231.9060949999999934
21
-73.4423189999999977
0
LINE
8
BLACK
6
CONTINUOUS
10
229.9114879999999914
20
-76.2880899999999968
11
229.945210000000003
21
-76.5873780000000011
0
LINE
8
BLACK
6
CONTINUOUS
10
229.945210000000003
20
-76.5873780000000011
11
230.0122289999999907
21
-76.8810069999999968
0
LINE
8
BLACK
6
CONTINUOUS
10
230.0122289999999907
20
-76.8810069999999968
11
230.1117029999999772
21
-77.1652869999999922
0
LINE
8
BLACK
6
CONTINUOUS
10
230.1117029999999772
20
-77.1652869999999922
11
230.2423799999999972
21
-77.436641999999992
0
LINE
8
BLACK
6
CONTINUOUS
10
230.2423799999999972
20
-77.436641999999992
11
230.4026179999999897
21
-77.6916590000000014
0
LINE
8
BLACK
6
CONTINUOUS
10
230.4026179999999897
20
-77.6916590000000014
11
230.5904009999999857
21
-77.9271320000000003
0
LINE
8
BLACK
6
CONTINUOUS
10
230.5904009999999857
20
-77.9271320000000003
11
230.8033679999999777
21
-78.1400989999999922
0
LINE
8
BLACK
6
CONTINUOUS
10
230.8033679999999777
20
-78.1400989999999922
11
231.0388409999999908
21
-78.3278820000000024
0
LINE
8
BLACK
6
CONTINUOUS
10
231.0388409999999908
20
-78.3278820000000024
11
231.2938580000000002
21
-78.488119999999995
0
LINE
8
BLACK
6
CONTINUOUS
10
231.2938580000000002
20
-78.488119999999995
11
231.565213
21
-78.6187970000000007
0
LINE
8
BLACK
6
CONTINUOUS
10
231.565213
20
-78.6187970000000007
11
231.8494929999999954
21
-78.7182710000000014
0
LINE
8
BLACK
6
CONTINUOUS
10
231.8494929999999954
20
-78.7182710000000014
11
232.1431219999999769
21
-78.7852900000000034
0
LINE
8
BLACK
6
CONTINUOUS
10
232.1431219999999769
20
-78.7852900000000034
11
232.4424099999999953
21
-78.8190120000000007
0
LINE
8
BLACK
6
CONTINUOUS
10
232.4424099999999953
20
-78.8190120000000007
11
232.7435899999999833
21
-78.8190120000000007
0
LINE
8
BLACK
6
CONTINUOUS
10
232.7435899999999833
20
-78.8190120000000007
11
233.0428780000000017
21
-78.7852900000000034
0
LINE
8
BLACK
6
CONTINUOUS
10
233.0428780000000017
20
-78.7852900000000034
11
233.3365069999999832
21
-78.7182710000000014
0
LINE
8
BLACK
6
CONTINUOUS
10
233.3365069999999832
20
-78.7182710000000014
11
233.6207869999999787
21
-78.6187970000000007
0
LINE
8
BLACK
6
CONTINUOUS
10
233.6207869999999787
20
-78.6187970000000007
11
233.8921419999999785
21
-78.488119999999995
0
LINE
8
BLACK
6
CONTINUOUS
10
233.8921419999999785
20
-78.488119999999995
11
234.1471589999999878
21
-78.3278820000000024
0
LINE
8
BLACK
6
CONTINUOUS
10
234.1471589999999878
20
-78.3278820000000024
11
234.382632000000001
21
-78.1400989999999922
0
LINE
8
BLACK
6
CONTINUOUS
10
234.382632000000001
20
-78.1400989999999922
11
234.5955989999999929
21
-77.9271320000000003
0
LINE
8
BLACK
6
CONTINUOUS
10
234.5955989999999929
20
-77.9271320000000003
11
234.7833819999999889
21
-77.6916590000000014
0
LINE
8
BLACK
6
CONTINUOUS
10
234.7833819999999889
20
-77.6916590000000014
11
234.9436199999999815
21
-77.436641999999992
0
LINE
8
BLACK
6
CONTINUOUS
10
234.9436199999999815
20
-77.436641999999992
11
235.0742970000000014
21
-77.1652869999999922
0
LINE
8
BLACK
6
CONTINUOUS
10
235.0742970000000014
20
-77.1652869999999922
11
235.1737709999999879
21
-76.8810069999999968
0
LINE
8
BLACK
6
CONTINUOUS
10
235.1737709999999879
20
-76.8810069999999968
11
235.2407899999999756
21
-76.5873780000000011
0
LINE
8
BLACK
6
CONTINUOUS
10
235.2407899999999756
20
-76.5873780000000011
11
235.2745119999999872
21
-76.2880899999999968
0
LINE
8
BLACK
6
CONTINUOUS
10
235.2745119999999872
20
-76.2880899999999968
11
235.2745119999999872
21
-75.9869099999999946
0
LINE
8
BLACK
6
CONTINUOUS
10
235.2745119999999872
20
-75.9869099999999946
11
235.2407899999999756
21
-75.6876219999999904
0
LINE
8
BLACK
6
CONTINUOUS
10
235.2407899999999756
20
-75.6876219999999904
11
235.1737709999999879
21
-75.3939929999999947
0
LINE
8
BLACK
6
CONTINUOUS
10
235.1737709999999879
20
-75.3939929999999947
11
235.0742970000000014
21
-75.1097129999999993
0
LINE
8
BLACK
6
CONTINUOUS
10
235.0742970000000014
20
-75.1097129999999993
11
234.9436199999999815
21
-74.8383579999999995
0
LINE
8
BLACK
6
CONTINUOUS
10
234.9436199999999815
20
-74.8383579999999995
11
234.7833819999999889
21
-74.5833409999999901
0
LINE
8
BLACK
6
CONTINUOUS
10
234.7833819999999889
20
-74.5833409999999901
11
234.5955989999999929
21
-74.3478679999999912
0
LINE
8
BLACK
6
CONTINUOUS
10
234.5955989999999929
20
-74.3478679999999912
11
234.382632000000001
21
-74.1349009999999993
0
LINE
8
BLACK
6
CONTINUOUS
10
234.382632000000001
20
-74.1349009999999993
11
234.1471589999999878
21
-73.9471180000000032
0
LINE
8
BLACK
6
CONTINUOUS
10
234.1471589999999878
20
-73.9471180000000032
11
233.8921419999999785
21
-73.7868799999999965
0
LINE
8
BLACK
6
CONTINUOUS
10
233.8921419999999785
20
-73.7868799999999965
11
233.6207869999999787
21
-73.6562029999999908
0
LINE
8
BLACK
6
CONTINUOUS
10
233.6207869999999787
20
-73.6562029999999908
11
233.3365069999999832
21
-73.55672899999999
0
LINE
8
BLACK
6
CONTINUOUS
10
233.3365069999999832
20
-73.55672899999999
11
233.1638409999999908
21
-73.5173190000000005
0
LINE
8
BLACK
6
CONTINUOUS
10
233.1638409999999908
20
-73.5173190000000005
11
232.8310949999999764
21
-73.5173190000000005
0
LINE
8
BLACK
6
CONTINUOUS
10
232.8310949999999764
20
-73.5173190000000005
11
232.8164629999999988
21
-73.5158780000000007
0
LINE
8
BLACK
6
CONTINUOUS
10
232.8164629999999988
20
-73.5158780000000007
11
232.7894269999999892
21
-73.5046789999999959
0
LINE
8
BLACK
6
CONTINUOUS
10
232.7894269999999892
20
-73.5046789999999959
11
232.7687349999999924
21
-73.4839869999999991
0
LINE
8
BLACK
6
CONTINUOUS
10
232.7687349999999924
20
-73.4839869999999991
11
232.7578000000000031
21
-73.4575889999999987
0
LINE
8
BLACK
6
CONTINUOUS
10
232.7578000000000031
20
-73.4575889999999987
11
232.7435899999999833
21
-73.4559879999999907
0
LINE
8
BLACK
6
CONTINUOUS
10
232.7435899999999833
20
-73.4559879999999907
11
232.4761769999999785
21
-73.4559879999999907
0
LINE
8
BLACK
6
CONTINUOUS
10
232.4761769999999785
20
-73.4559879999999907
11
232.476081999999991
21
-73.4569510000000037
0
LINE
8
BLACK
6
CONTINUOUS
10
232.476081999999991
20
-73.4569510000000037
11
232.4648829999999862
21
-73.4839869999999991
0
LINE
8
BLACK
6
CONTINUOUS
10
232.4648829999999862
20
-73.4839869999999991
11
232.4441909999999893
21
-73.5046789999999959
0
LINE
8
BLACK
6
CONTINUOUS
10
232.4441909999999893
20
-73.5046789999999959
11
232.4171549999999797
21
-73.5158780000000007
0
LINE
8
BLACK
6
CONTINUOUS
10
232.4171549999999797
20
-73.5158780000000007
11
232.3878909999999962
21
-73.5158780000000007
0
LINE
8
BLACK
6
CONTINUOUS
10
232.3878909999999962
20
-73.5158780000000007
11
232.3608549999999866
21
-73.5046789999999959
0
LINE
8
BLACK
6
CONTINUOUS
10
232.3608549999999866
20
-73.5046789999999959
11
232.3401629999999898
21
-73.4839869999999991
0
LINE
8
BLACK
6
CONTINUOUS
10
232.3401629999999898
20
-73.4839869999999991
11
232.3336410000000001
21
-73.4682430000000011
0
LINE
8
BLACK
6
CONTINUOUS
10
232.3336410000000001
20
-73.4682430000000011
11
232.1431219999999769
21
-73.4897100000000023
0
LINE
8
BLACK
6
CONTINUOUS
10
232.1431219999999769
20
-73.4897100000000023
11
231.8494929999999954
21
-73.55672899999999
0
LINE
8
BLACK
6
CONTINUOUS
10
231.8494929999999954
20
-73.55672899999999
11
231.565213
21
-73.6562029999999908
0
LINE
8
BLACK
6
CONTINUOUS
10
231.565213
20
-73.6562029999999908
11
231.2938580000000002
21
-73.7868799999999965
0
LINE
8
BLACK
6
CONTINUOUS
10
231.2938580000000002
20
-73.7868799999999965
11
231.0388409999999908
21
-73.9471180000000032
0
LINE
8
BLACK
6
CONTINUOUS
10
231.0388409999999908
20
-73.9471180000000032
11
230.8033679999999777
21
-74.1349009999999993
0
LINE
8
BLACK
6
CONTINUOUS
10
230.8033679999999777
20
-74.1349009999999993
11
230.5904009999999857
21
-74.3478679999999912
0
LINE
8
BLACK
6
CONTINUOUS
10
230.5904009999999857
20
-74.3478679999999912
11
230.4026179999999897
21
-74.5833409999999901
0
LINE
8
BLACK
6
CONTINUOUS
10
230.4026179999999897
20
-74.5833409999999901
11
230.2423799999999972
21
-74.8383579999999995
0
LINE
8
BLACK
6
CONTINUOUS
10
230.2423799999999972
20
-74.8383579999999995
11
230.1117029999999772
21
-75.1097129999999993
0
LINE
8
BLACK
6
CONTINUOUS
10
230.1117029999999772
20
-75.1097129999999993
11
230.0122289999999907
21
-75.3939929999999947
0
LINE
8
BLACK
6
CONTINUOUS
10
230.0122289999999907
20
-75.3939929999999947
11
229.945210000000003
21
-75.6876219999999904
0
LINE
8
BLACK
6
CONTINUOUS
10
229.945210000000003
20
-75.6876219999999904
11
229.9114879999999914
21
-75.9869099999999946
0
LINE
8
BLACK
6
CONTINUOUS
10
229.9114879999999914
20
-75.9869099999999946
11
229.9114879999999914
21
-76.2880899999999968
0
LINE
8
BLACK
6
CONTINUOUS
10
114.9059519999999992
20
-72.3680810000000037
11
114.9079199999999901
21
-72.3679499999999933
0
LINE
8
BLACK
6
CONTINUOUS
10
114.9079199999999901
20
-72.3679499999999933
11
114.9092749999999938
21
-72.3684080000000023
0
LINE
8
BLACK
6
CONTINUOUS
10
114.9092749999999938
20
-72.3684080000000023
11
114.9128460000000018
21
-72.3687599999999946
0
LINE
8
BLACK
6
CONTINUOUS
10
114.9128460000000018
20
-72.3687599999999946
11
114.9241029999999881
21
-72.3734230000000025
0
LINE
8
BLACK
6
CONTINUOUS
10
114.9241029999999881
20
-72.3734230000000025
11
114.9356409999999897
21
-72.377324999999999
0
LINE
8
BLACK
6
CONTINUOUS
10
114.9356409999999897
20
-72.377324999999999
11
114.9375450000000001
21
-72.3789900000000017
0
LINE
8
BLACK
6
CONTINUOUS
10
114.9375450000000001
20
-72.3789900000000017
11
114.9398819999999972
21
-72.3799589999999995
0
LINE
8
BLACK
6
CONTINUOUS
10
114.9398819999999972
20
-72.3799589999999995
11
114.9484920000000017
21
-72.3885689999999897
0
LINE
8
BLACK
6
CONTINUOUS
10
114.9484920000000017
20
-72.3885689999999897
11
114.9576649999999916
21
-72.3965949999999907
0
LINE
8
BLACK
6
CONTINUOUS
10
114.9576649999999916
20
-72.3965949999999907
11
114.9587870000000009
21
-72.3988640000000032
0
LINE
8
BLACK
6
CONTINUOUS
10
114.9587870000000009
20
-72.3988640000000032
11
114.960573999999994
21
-72.4006509999999963
0
LINE
8
BLACK
6
CONTINUOUS
10
114.960573999999994
20
-72.4006509999999963
11
114.9652339999999953
21
-72.4119010000000003
0
LINE
8
BLACK
6
CONTINUOUS
10
114.9652339999999953
20
-72.4119010000000003
11
114.9706369999999964
21
-72.4228269999999981
0
LINE
8
BLACK
6
CONTINUOUS
10
114.9706369999999964
20
-72.4228269999999981
11
114.9708049999999986
21
-72.4253499999999946
0
LINE
8
BLACK
6
CONTINUOUS
10
114.9708049999999986
20
-72.4253499999999946
11
114.9717729999999989
21
-72.4276869999999917
0
LINE
8
BLACK
6
CONTINUOUS
10
114.9717729999999989
20
-72.4276869999999917
11
114.9717729999999989
21
-72.4398709999999966
0
LINE
8
BLACK
6
CONTINUOUS
10
114.9717729999999989
20
-72.4398709999999966
11
114.9725830000000002
21
-72.4520249999999919
0
LINE
8
BLACK
6
CONTINUOUS
10
114.9725830000000002
20
-72.4520249999999919
11
114.9717729999999989
21
-72.4544199999999989
0
LINE
8
BLACK
6
CONTINUOUS
10
114.9717729999999989
20
-72.4544199999999989
11
114.9717729999999989
21
-72.4569510000000037
0
LINE
8
BLACK
6
CONTINUOUS
10
114.9717729999999989
20
-72.4569510000000037
11
114.9671089999999936
21
-72.46820799999999
0
LINE
8
BLACK
6
CONTINUOUS
10
114.9671089999999936
20
-72.46820799999999
11
114.9632079999999945
21
-72.4797459999999916
0
LINE
8
BLACK
6
CONTINUOUS
10
114.9632079999999945
20
-72.4797459999999916
11
114.9611219999999889
21
-72.4826630000000023
0
LINE
8
BLACK
6
CONTINUOUS
10
114.9611219999999889
20
-72.4826630000000023
11
114.960573999999994
21
-72.4839869999999991
0
LINE
8
BLACK
6
CONTINUOUS
10
114.960573999999994
20
-72.4839869999999991
11
114.9591779999999943
21
-72.4853820000000013
0
LINE
8
BLACK
6
CONTINUOUS
10
114.9591779999999943
20
-72.4853820000000013
11
114.9546569999999974
21
-72.491706999999991
0
LINE
8
BLACK
6
CONTINUOUS
10
114.9546569999999974
20
-72.491706999999991
11
114.727761000000001
21
-72.7510159999999928
0
LINE
8
BLACK
6
CONTINUOUS
10
114.727761000000001
20
-72.7510159999999928
11
114.7412789999999916
21
-72.756188999999992
0
LINE
8
BLACK
6
CONTINUOUS
10
114.7412789999999916
20
-72.756188999999992
11
114.8365170000000006
21
-72.8038080000000036
0
LINE
8
BLACK
6
CONTINUOUS
10
114.8365170000000006
20
-72.8038080000000036
11
114.8428159999999991
21
-72.8077719999999999
0
LINE
8
BLACK
6
CONTINUOUS
10
114.8428159999999991
20
-72.8077719999999999
11
114.8446439999999882
21
-72.8085299999999904
0
LINE
8
BLACK
6
CONTINUOUS
10
114.8446439999999882
20
-72.8085299999999904
11
114.8466999999999985
21
-72.8102179999999919
0
LINE
8
BLACK
6
CONTINUOUS
10
114.8466999999999985
20
-72.8102179999999919
11
114.8489599999999911
21
-72.811639999999997
0
LINE
8
BLACK
6
CONTINUOUS
10
114.8489599999999911
20
-72.811639999999997
11
114.8502589999999941
21
-72.813137999999995
0
LINE
8
BLACK
6
CONTINUOUS
10
114.8502589999999941
20
-72.813137999999995
11
114.8560090000000002
21
-72.8178570000000036
0
LINE
8
BLACK
6
CONTINUOUS
10
114.8560090000000002
20
-72.8178570000000036
11
114.9036279999999977
21
-72.865476000000001
0
LINE
8
BLACK
6
CONTINUOUS
10
114.9036279999999977
20
-72.865476000000001
11
114.9083459999999945
21
-72.8712249999999955
0
LINE
8
BLACK
6
CONTINUOUS
10
114.9083459999999945
20
-72.8712249999999955
11
114.90984499999999
21
-72.872524999999996
0
LINE
8
BLACK
6
CONTINUOUS
10
114.90984499999999
20
-72.872524999999996
11
114.9112659999999977
21
-72.8747839999999911
0
LINE
8
BLACK
6
CONTINUOUS
10
114.9112659999999977
20
-72.8747839999999911
11
114.9129549999999966
21
-72.8768409999999989
0
LINE
8
BLACK
6
CONTINUOUS
10
114.9129549999999966
20
-72.8768409999999989
11
114.9137119999999896
21
-72.8786679999999905
0
LINE
8
BLACK
6
CONTINUOUS
10
114.9137119999999896
20
-72.8786679999999905
11
114.9176769999999976
21
-72.8849680000000006
0
LINE
8
BLACK
6
CONTINUOUS
10
114.9176769999999976
20
-72.8849680000000006
11
114.965295999999995
21
-72.9802059999999955
0
LINE
8
BLACK
6
CONTINUOUS
10
114.965295999999995
20
-72.9802059999999955
11
114.9705510000000004
21
-72.9939370000000025
0
LINE
8
BLACK
6
CONTINUOUS
10
114.9705510000000004
20
-72.9939370000000025
11
114.9707420000000013
21
-72.996625999999992
0
LINE
8
BLACK
6
CONTINUOUS
10
114.9707420000000013
20
-72.996625999999992
11
114.9717729999999989
21
-72.9991150000000033
0
LINE
8
BLACK
6
CONTINUOUS
10
114.9717729999999989
20
-72.9991150000000033
11
114.9732139999999987
21
-73.0137469999999951
0
LINE
8
BLACK
6
CONTINUOUS
10
114.9732139999999987
20
-73.0137469999999951
11
114.9732139999999987
21
-73.2518419999999963
0
LINE
8
BLACK
6
CONTINUOUS
10
114.9732139999999987
20
-73.2518419999999963
11
114.9717729999999989
21
-73.2664740000000023
0
LINE
8
BLACK
6
CONTINUOUS
10
114.9717729999999989
20
-73.2664740000000023
11
114.9707420000000013
21
-73.2689620000000019
0
LINE
8
BLACK
6
CONTINUOUS
10
114.9707420000000013
20
-73.2689620000000019
11
114.9705510000000004
21
-73.2716520000000031
0
LINE
8
BLACK
6
CONTINUOUS
10
114.9705510000000004
20
-73.2716520000000031
11
114.965295999999995
21
-73.2853829999999959
0
LINE
8
BLACK
6
CONTINUOUS
10
114.965295999999995
20
-73.2853829999999959
11
114.9176769999999976
21
-73.3806209999999908
0
LINE
8
BLACK
6
CONTINUOUS
10
114.9176769999999976
20
-73.3806209999999908
11
114.9137130000000013
21
-73.3869169999999968
0
LINE
8
BLACK
6
CONTINUOUS
10
114.9137130000000013
20
-73.3869169999999968
11
114.9129559999999941
21
-73.3887469999999951
0
LINE
8
BLACK
6
CONTINUOUS
10
114.9129559999999941
20
-73.3887469999999951
11
114.9112659999999977
21
-73.3908050000000003
0
LINE
8
BLACK
6
CONTINUOUS
10
114.9112659999999977
20
-73.3908050000000003
11
114.90984499999999
21
-73.3930639999999954
0
LINE
8
BLACK
6
CONTINUOUS
10
114.90984499999999
20
-73.3930639999999954
11
114.9083459999999945
21
-73.3943629999999985
0
LINE
8
BLACK
6
CONTINUOUS
10
114.9083459999999945
20
-73.3943629999999985
11
114.9036279999999977
21
-73.4001129999999904
0
LINE
8
BLACK
6
CONTINUOUS
10
114.9036279999999977
20
-73.4001129999999904
11
114.8560099999999977
21
-73.447732000000002
0
LINE
8
BLACK
6
CONTINUOUS
10
114.8560099999999977
20
-73.447732000000002
11
114.8502599999999916
21
-73.4524499999999989
0
LINE
8
BLACK
6
CONTINUOUS
10
114.8502599999999916
20
-73.4524499999999989
11
114.8489599999999911
21
-73.4539499999999919
0
LINE
8
BLACK
6
CONTINUOUS
10
114.8489599999999911
20
-73.4539499999999919
11
114.8466999999999985
21
-73.455371999999997
0
LINE
8
BLACK
6
CONTINUOUS
10
114.8466999999999985
20
-73.455371999999997
11
114.8446439999999882
21
-73.4570599999999985
0
LINE
8
BLACK
6
CONTINUOUS
10
114.8446439999999882
20
-73.4570599999999985
11
114.8428159999999991
21
-73.4578169999999915
0
LINE
8
BLACK
6
CONTINUOUS
10
114.8428159999999991
20
-73.4578169999999915
11
114.8365170000000006
21
-73.4617819999999995
0
LINE
8
BLACK
6
CONTINUOUS
10
114.8365170000000006
20
-73.4617819999999995
11
114.7412789999999916
21
-73.5094009999999969
0
LINE
8
BLACK
6
CONTINUOUS
10
114.7412789999999916
20
-73.5094009999999969
11
114.7275470000000013
21
-73.5146560000000022
0
LINE
8
BLACK
6
CONTINUOUS
10
114.7275470000000013
20
-73.5146560000000022
11
114.724858999999995
21
-73.5148459999999915
0
LINE
8
BLACK
6
CONTINUOUS
10
114.724858999999995
20
-73.5148459999999915
11
114.722369999999998
21
-73.5158780000000007
0
LINE
8
BLACK
6
CONTINUOUS
10
114.722369999999998
20
-73.5158780000000007
11
114.707737999999992
21
-73.5173190000000005
0
LINE
8
BLACK
6
CONTINUOUS
10
114.707737999999992
20
-73.5173190000000005
11
114.4328339999999997
21
-73.5173190000000005
0
LINE
8
BLACK
6
CONTINUOUS
10
114.4328339999999997
20
-73.5173190000000005
11
114.6642700000000019
21
-73.5983019999999897
0
LINE
8
BLACK
6
CONTINUOUS
10
114.6642700000000019
20
-73.5983019999999897
11
114.9419569999999879
21
-73.7320289999999972
0
LINE
8
BLACK
6
CONTINUOUS
10
114.9419569999999879
20
-73.7320289999999972
11
115.2029249999999934
21
-73.8960059999999999
0
LINE
8
BLACK
6
CONTINUOUS
10
115.2029249999999934
20
-73.8960059999999999
11
115.4438919999999911
21
-74.0881710000000027
0
LINE
8
BLACK
6
CONTINUOUS
10
115.4438919999999911
20
-74.0881710000000027
11
115.6618289999999973
21
-74.3061079999999947
0
LINE
8
BLACK
6
CONTINUOUS
10
115.6618289999999973
20
-74.3061079999999947
11
115.8539940000000001
21
-74.5470749999999924
0
LINE
8
BLACK
6
CONTINUOUS
10
115.8539940000000001
20
-74.5470749999999924
11
116.0179709999999886
21
-74.8080429999999978
0
LINE
8
BLACK
6
CONTINUOUS
10
116.0179709999999886
20
-74.8080429999999978
11
116.1516979999999961
21
-75.0857299999999981
0
LINE
8
BLACK
6
CONTINUOUS
10
116.1516979999999961
20
-75.0857299999999981
11
116.2534929999999918
21
-75.3766430000000014
0
LINE
8
BLACK
6
CONTINUOUS
10
116.2534929999999918
20
-75.3766430000000014
11
116.3220759999999956
21
-75.6771249999999895
0
LINE
8
BLACK
6
CONTINUOUS
10
116.3220759999999956
20
-75.6771249999999895
11
116.356583999999998
21
-75.983395999999999
0
LINE
8
BLACK
6
CONTINUOUS
10
116.356583999999998
20
-75.983395999999999
11
116.356583999999998
21
-76.2916039999999924
0
LINE
8
BLACK
6
CONTINUOUS
10
116.356583999999998
20
-76.2916039999999924
11
116.3220759999999956
21
-76.5978750000000019
0
LINE
8
BLACK
6
CONTINUOUS
10
116.3220759999999956
20
-76.5978750000000019
11
116.2534929999999918
21
-76.8983569999999901
0
LINE
8
BLACK
6
CONTINUOUS
10
116.2534929999999918
20
-76.8983569999999901
11
116.1516979999999961
21
-77.1892699999999934
0
LINE
8
BLACK
6
CONTINUOUS
10
116.1516979999999961
20
-77.1892699999999934
11
116.0179709999999886
21
-77.4669569999999936
0
LINE
8
BLACK
6
CONTINUOUS
10
116.0179709999999886
20
-77.4669569999999936
11
115.8539940000000001
21
-77.727924999999999
0
LINE
8
BLACK
6
CONTINUOUS
10
115.8539940000000001
20
-77.727924999999999
11
115.6618289999999973
21
-77.9688919999999968
0
LINE
8
BLACK
6
CONTINUOUS
10
115.6618289999999973
20
-77.9688919999999968
11
115.4438919999999911
21
-78.186829000000003
0
LINE
8
BLACK
6
CONTINUOUS
10
115.4438919999999911
20
-78.186829000000003
11
115.2029249999999934
21
-78.3789939999999916
0
LINE
8
BLACK
6
CONTINUOUS
10
115.2029249999999934
20
-78.3789939999999916
11
114.9419569999999879
21
-78.5429709999999943
0
LINE
8
BLACK
6
CONTINUOUS
10
114.9419569999999879
20
-78.5429709999999943
11
114.6642700000000019
21
-78.6766980000000018
0
LINE
8
BLACK
6
CONTINUOUS
10
114.6642700000000019
20
-78.6766980000000018
11
114.3733569999999986
21
-78.7784929999999974
0
LINE
8
BLACK
6
CONTINUOUS
10
114.3733569999999986
20
-78.7784929999999974
11
114.0728749999999962
21
-78.8470760000000013
0
LINE
8
BLACK
6
CONTINUOUS
10
114.0728749999999962
20
-78.8470760000000013
11
113.766604000000001
21
-78.8815839999999895
0
LINE
8
BLACK
6
CONTINUOUS
10
113.766604000000001
20
-78.8815839999999895
11
113.4583959999999934
21
-78.8815839999999895
0
LINE
8
BLACK
6
CONTINUOUS
10
113.4583959999999934
20
-78.8815839999999895
11
113.1521249999999981
21
-78.8470760000000013
0
LINE
8
BLACK
6
CONTINUOUS
10
113.1521249999999981
20
-78.8470760000000013
11
112.8516429999999957
21
-78.7784929999999974
0
LINE
8
BLACK
6
CONTINUOUS
10
112.8516429999999957
20
-78.7784929999999974
11
112.5607299999999924
21
-78.6766980000000018
0
LINE
8
BLACK
6
CONTINUOUS
10
112.5607299999999924
20
-78.6766980000000018
11
112.2830429999999922
21
-78.5429709999999943
0
LINE
8
BLACK
6
CONTINUOUS
10
112.2830429999999922
20
-78.5429709999999943
11
112.022075000000001
21
-78.3789939999999916
0
LINE
8
BLACK
6
CONTINUOUS
10
112.022075000000001
20
-78.3789939999999916
11
111.781107999999989
21
-78.186829000000003
0
LINE
8
BLACK
6
CONTINUOUS
10
111.781107999999989
20
-78.186829000000003
11
111.563170999999997
21
-77.9688919999999968
0
LINE
8
BLACK
6
CONTINUOUS
10
111.563170999999997
20
-77.9688919999999968
11
111.3710059999999942
21
-77.727924999999999
0
LINE
8
BLACK
6
CONTINUOUS
10
111.3710059999999942
20
-77.727924999999999
11
111.2070289999999915
21
-77.4669569999999936
0
LINE
8
BLACK
6
CONTINUOUS
10
111.2070289999999915
20
-77.4669569999999936
11
111.0733019999999982
21
-77.1892699999999934
0
LINE
8
BLACK
6
CONTINUOUS
10
111.0733019999999982
20
-77.1892699999999934
11
110.9715069999999884
21
-76.8983569999999901
0
LINE
8
BLACK
6
CONTINUOUS
10
110.9715069999999884
20
-76.8983569999999901
11
110.9029239999999987
21
-76.5978750000000019
0
LINE
8
BLACK
6
CONTINUOUS
10
110.9029239999999987
20
-76.5978750000000019
11
110.8684159999999963
21
-76.2916039999999924
0
LINE
8
BLACK
6
CONTINUOUS
10
110.8684159999999963
20
-76.2916039999999924
11
110.8684159999999963
21
-75.9887689999999907
0
LINE
8
BLACK
6
CONTINUOUS
10
110.8684159999999963
20
-75.9887689999999907
11
110.8684159999999963
21
-75.983395999999999
0
LINE
8
BLACK
6
CONTINUOUS
10
110.8684159999999963
20
-75.983395999999999
11
110.9029239999999987
21
-75.6771249999999895
0
LINE
8
BLACK
6
CONTINUOUS
10
110.9029239999999987
20
-75.6771249999999895
11
110.9715069999999884
21
-75.3766430000000014
0
LINE
8
BLACK
6
CONTINUOUS
10
110.9715069999999884
20
-75.3766430000000014
11
111.0733019999999982
21
-75.0857299999999981
0
LINE
8
BLACK
6
CONTINUOUS
10
111.0733019999999982
20
-75.0857299999999981
11
111.2070289999999915
21
-74.8080429999999978
0
LINE
8
BLACK
6
CONTINUOUS
10
111.2070289999999915
20
-74.8080429999999978
11
111.3710059999999942
21
-74.5470749999999924
0
LINE
8
BLACK
6
CONTINUOUS
10
111.3710059999999942
20
-74.5470749999999924
11
111.563170999999997
21
-74.3061079999999947
0
LINE
8
BLACK
6
CONTINUOUS
10
111.563170999999997
20
-74.3061079999999947
11
111.781107999999989
21
-74.0881710000000027
0
LINE
8
BLACK
6
CONTINUOUS
10
111.781107999999989
20
-74.0881710000000027
11
112.022075000000001
21
-73.8960059999999999
0
LINE
8
BLACK
6
CONTINUOUS
10
112.022075000000001
20
-73.8960059999999999
11
112.2830429999999922
21
-73.7320289999999972
0
LINE
8
BLACK
6
CONTINUOUS
10
112.2830429999999922
20
-73.7320289999999972
11
112.5607299999999924
21
-73.5983019999999897
0
LINE
8
BLACK
6
CONTINUOUS
10
112.5607299999999924
20
-73.5983019999999897
11
112.8516429999999957
21
-73.496506999999994
0
LINE
8
BLACK
6
CONTINUOUS
10
112.8516429999999957
20
-73.496506999999994
11
112.8877509999999944
21
-73.4882649999999984
0
LINE
8
BLACK
6
CONTINUOUS
10
112.8877509999999944
20
-73.4882649999999984
11
112.8834729999999951
21
-73.4839869999999991
0
LINE
8
BLACK
6
CONTINUOUS
10
112.8834729999999951
20
-73.4839869999999991
11
112.8722739999999902
21
-73.4569510000000037
0
LINE
8
BLACK
6
CONTINUOUS
10
112.8722739999999902
20
-73.4569510000000037
11
112.8708329999999904
21
-73.4423189999999977
0
LINE
8
BLACK
6
CONTINUOUS
10
112.8708329999999904
20
-73.4423189999999977
11
112.8708329999999904
21
-72.9935090000000031
0
LINE
8
BLACK
6
CONTINUOUS
10
112.8708329999999904
20
-72.9935090000000031
11
112.4494049999999987
21
-72.9935090000000031
0
LINE
8
BLACK
6
CONTINUOUS
10
112.4494049999999987
20
-72.9935090000000031
11
112.4494049999999987
21
-73.4423189999999977
0
LINE
8
BLACK
6
CONTINUOUS
10
112.4494049999999987
20
-73.4423189999999977
11
112.4479639999999989
21
-73.4569510000000037
0
LINE
8
BLACK
6
CONTINUOUS
10
112.4479639999999989
20
-73.4569510000000037
11
112.4367649999999941
21
-73.4839869999999991
0
LINE
8
BLACK
6
CONTINUOUS
10
112.4367649999999941
20
-73.4839869999999991
11
112.4160729999999973
21
-73.5046789999999959
0
LINE
8
BLACK
6
CONTINUOUS
10
112.4160729999999973
20
-73.5046789999999959
11
112.3890370000000019
21
-73.5158780000000007
0
LINE
8
BLACK
6
CONTINUOUS
10
112.3890370000000019
20
-73.5158780000000007
11
112.3597729999999899
21
-73.5158780000000007
0
LINE
8
BLACK
6
CONTINUOUS
10
112.3597729999999899
20
-73.5158780000000007
11
112.3327369999999945
21
-73.5046789999999959
0
LINE
8
BLACK
6
CONTINUOUS
10
112.3327369999999945
20
-73.5046789999999959
11
112.3120449999999977
21
-73.4839869999999991
0
LINE
8
BLACK
6
CONTINUOUS
10
112.3120449999999977
20
-73.4839869999999991
11
112.3008459999999928
21
-73.4569510000000037
0
LINE
8
BLACK
6
CONTINUOUS
10
112.3008459999999928
20
-73.4569510000000037
11
112.299404999999993
21
-73.4423189999999977
0
LINE
8
BLACK
6
CONTINUOUS
10
112.299404999999993
20
-73.4423189999999977
11
112.299404999999993
21
-72.4423189999999977
0
LINE
8
BLACK
6
CONTINUOUS
10
112.299404999999993
20
-72.4423189999999977
11
112.3008459999999928
21
-72.4276869999999917
0
LINE
8
BLACK
6
CONTINUOUS
10
112.3008459999999928
20
-72.4276869999999917
11
112.3120449999999977
21
-72.4006509999999963
0
LINE
8
BLACK
6
CONTINUOUS
10
112.3120449999999977
20
-72.4006509999999963
11
112.3327369999999945
21
-72.3799589999999995
0
LINE
8
BLACK
6
CONTINUOUS
10
112.3327369999999945
20
-72.3799589999999995
11
112.3597729999999899
21
-72.3687599999999946
0
LINE
8
BLACK
6
CONTINUOUS
10
112.3597729999999899
20
-72.3687599999999946
11
112.3890370000000019
21
-72.3687599999999946
0
LINE
8
BLACK
6
CONTINUOUS
10
112.3890370000000019
20
-72.3687599999999946
11
112.4160729999999973
21
-72.3799589999999995
0
LINE
8
BLACK
6
CONTINUOUS
10
112.4160729999999973
20
-72.3799589999999995
11
112.4367649999999941
21
-72.4006509999999963
0
LINE
8
BLACK
6
CONTINUOUS
10
112.4367649999999941
20
-72.4006509999999963
11
112.4479639999999989
21
-72.4276869999999917
0
LINE
8
BLACK
6
CONTINUOUS
10
112.4479639999999989
20
-72.4276869999999917
11
112.4494049999999987
21
-72.4423189999999977
0
LINE
8
BLACK
6
CONTINUOUS
10
112.4494049999999987
20
-72.4423189999999977
11
112.4494049999999987
21
-72.8435089999999974
0
LINE
8
BLACK
6
CONTINUOUS
10
112.4494049999999987
20
-72.8435089999999974
11
112.8708329999999904
21
-72.8435089999999974
0
LINE
8
BLACK
6
CONTINUOUS
10
112.8708329999999904
20
-72.8435089999999974
11
112.8708329999999904
21
-72.4423189999999977
0
LINE
8
BLACK
6
CONTINUOUS
10
112.8708329999999904
20
-72.4423189999999977
11
112.8722739999999902
21
-72.4276869999999917
0
LINE
8
BLACK
6
CONTINUOUS
10
112.8722739999999902
20
-72.4276869999999917
11
112.8834729999999951
21
-72.4006509999999963
0
LINE
8
BLACK
6
CONTINUOUS
10
112.8834729999999951
20
-72.4006509999999963
11
112.9041649999999919
21
-72.3799589999999995
0
LINE
8
BLACK
6
CONTINUOUS
10
112.9041649999999919
20
-72.3799589999999995
11
112.9312010000000015
21
-72.3687599999999946
0
LINE
8
BLACK
6
CONTINUOUS
10
112.9312010000000015
20
-72.3687599999999946
11
112.9604649999999992
21
-72.3687599999999946
0
LINE
8
BLACK
6
CONTINUOUS
10
112.9604649999999992
20
-72.3687599999999946
11
112.9875009999999946
21
-72.3799589999999995
0
LINE
8
BLACK
6
CONTINUOUS
10
112.9875009999999946
20
-72.3799589999999995
11
113.0081929999999915
21
-72.4006509999999963
0
LINE
8
BLACK
6
CONTINUOUS
10
113.0081929999999915
20
-72.4006509999999963
11
113.0193919999999963
21
-72.4276869999999917
0
LINE
8
BLACK
6
CONTINUOUS
10
113.0193919999999963
20
-72.4276869999999917
11
113.0208329999999961
21
-72.4423189999999977
0
LINE
8
BLACK
6
CONTINUOUS
10
113.0208329999999961
20
-72.4423189999999977
11
113.0208329999999961
21
-73.4423189999999977
0
LINE
8
BLACK
6
CONTINUOUS
10
113.0208329999999961
20
-73.4423189999999977
11
113.0193919999999963
21
-73.4569510000000037
0
LINE
8
BLACK
6
CONTINUOUS
10
113.0193919999999963
20
-73.4569510000000037
11
113.0188109999999995
21
-73.4583509999999933
0
LINE
8
BLACK
6
CONTINUOUS
10
113.0188109999999995
20
-73.4583509999999933
11
113.1521249999999981
21
-73.4279239999999902
0
LINE
8
BLACK
6
CONTINUOUS
10
113.1521249999999981
20
-73.4279239999999902
11
113.3080229999999915
21
-73.4103580000000022
0
LINE
8
BLACK
6
CONTINUOUS
10
113.3080229999999915
20
-73.4103580000000022
11
113.3120449999999977
21
-73.4006509999999963
0
LINE
8
BLACK
6
CONTINUOUS
10
113.3120449999999977
20
-73.4006509999999963
11
113.3327369999999945
21
-73.3799589999999995
0
LINE
8
BLACK
6
CONTINUOUS
10
113.3327369999999945
20
-73.3799589999999995
11
113.3597729999999899
21
-73.3687599999999946
0
LINE
8
BLACK
6
CONTINUOUS
10
113.3597729999999899
20
-73.3687599999999946
11
113.3744049999999959
21
-73.3673189999999948
0
LINE
8
BLACK
6
CONTINUOUS
10
113.3744049999999959
20
-73.3673189999999948
11
113.5851189999999917
21
-73.3673189999999948
0
LINE
8
BLACK
6
CONTINUOUS
10
113.5851189999999917
20
-73.3673189999999948
11
113.5851189999999917
21
-72.6710039999999964
0
LINE
8
BLACK
6
CONTINUOUS
10
113.5851189999999917
20
-72.6710039999999964
11
113.5226759999999899
21
-72.7334469999999982
0
LINE
8
BLACK
6
CONTINUOUS
10
113.5226759999999899
20
-72.7334469999999982
11
113.516925999999998
21
-72.7381649999999951
0
LINE
8
BLACK
6
CONTINUOUS
10
113.516925999999998
20
-72.7381649999999951
11
113.515626999999995
21
-72.7396639999999906
0
LINE
8
BLACK
6
CONTINUOUS
10
113.515626999999995
20
-72.7396639999999906
11
113.5133669999999881
21
-72.7410849999999982
0
LINE
8
BLACK
6
CONTINUOUS
10
113.5133669999999881
20
-72.7410849999999982
11
113.5113109999999921
21
-72.7427739999999972
0
LINE
8
BLACK
6
CONTINUOUS
10
113.5113109999999921
20
-72.7427739999999972
11
113.5094829999999888
21
-72.7435309999999902
0
LINE
8
BLACK
6
CONTINUOUS
10
113.5094829999999888
20
-72.7435309999999902
11
113.5031839999999903
21
-72.7474959999999982
0
LINE
8
BLACK
6
CONTINUOUS
10
113.5031839999999903
20
-72.7474959999999982
11
113.4079459999999955
21
-72.7951149999999956
0
LINE
8
BLACK
6
CONTINUOUS
10
113.4079459999999955
20
-72.7951149999999956
11
113.394213999999991
21
-72.8003700000000009
0
LINE
8
BLACK
6
CONTINUOUS
10
113.394213999999991
20
-72.8003700000000009
11
113.3650239999999911
21
-72.8024439999999942
0
LINE
8
BLACK
6
CONTINUOUS
10
113.3650239999999911
20
-72.8024439999999942
11
113.337262999999993
21
-72.7931899999999956
0
LINE
8
BLACK
6
CONTINUOUS
10
113.337262999999993
20
-72.7931899999999956
11
113.3151549999999901
21
-72.7740170000000006
0
LINE
8
BLACK
6
CONTINUOUS
10
113.3151549999999901
20
-72.7740170000000006
11
113.3020679999999913
21
-72.7478419999999915
0
LINE
8
BLACK
6
CONTINUOUS
10
113.3020679999999913
20
-72.7478419999999915
11
113.2999939999999981
21
-72.7186519999999916
0
LINE
8
BLACK
6
CONTINUOUS
10
113.2999939999999981
20
-72.7186519999999916
11
113.3092479999999966
21
-72.6908909999999935
0
LINE
8
BLACK
6
CONTINUOUS
10
113.3092479999999966
20
-72.6908909999999935
11
113.3284209999999916
21
-72.6687829999999906
0
LINE
8
BLACK
6
CONTINUOUS
10
113.3284209999999916
20
-72.6687829999999906
11
113.3408639999999963
21
-72.6609509999999972
0
LINE
8
BLACK
6
CONTINUOUS
10
113.3408639999999963
20
-72.6609509999999972
11
113.4252159999999918
21
-72.6187749999999994
0
LINE
8
BLACK
6
CONTINUOUS
10
113.4252159999999918
20
-72.6187749999999994
11
113.5065949999999901
21
-72.5373960000000011
0
LINE
8
BLACK
6
CONTINUOUS
10
113.5065949999999901
20
-72.5373960000000011
11
113.5977149999999938
21
-72.4007160000000027
0
LINE
8
BLACK
6
CONTINUOUS
10
113.5977149999999938
20
-72.4007160000000027
11
113.5977489999999932
21
-72.4006729999999976
0
LINE
8
BLACK
6
CONTINUOUS
10
113.5977489999999932
20
-72.4006729999999976
11
113.5977589999999964
21
-72.4006509999999963
0
LINE
8
BLACK
6
CONTINUOUS
10
113.5977589999999964
20
-72.4006509999999963
11
113.5978099999999955
21
-72.4005989999999997
0
LINE
8
BLACK
6
CONTINUOUS
10
113.5978099999999955
20
-72.4005989999999997
11
113.6070309999999921
21
-72.3893410000000017
0
LINE
8
BLACK
6
CONTINUOUS
10
113.6070309999999921
20
-72.3893410000000017
11
113.613199999999992
21
-72.3852090000000032
0
LINE
8
BLACK
6
CONTINUOUS
10
113.613199999999992
20
-72.3852090000000032
11
113.6184509999999932
21
-72.3799589999999995
0
LINE
8
BLACK
6
CONTINUOUS
10
113.6184509999999932
20
-72.3799589999999995
11
113.6252399999999909
21
-72.3771459999999962
0
LINE
8
BLACK
6
CONTINUOUS
10
113.6252399999999909
20
-72.3771459999999962
11
113.6313459999999935
21
-72.3730580000000003
0
LINE
8
BLACK
6
CONTINUOUS
10
113.6313459999999935
20
-72.3730580000000003
11
113.6386259999999879
21
-72.3716009999999983
0
LINE
8
BLACK
6
CONTINUOUS
10
113.6386259999999879
20
-72.3716009999999983
11
113.6454869999999886
21
-72.3687599999999946
0
LINE
8
BLACK
6
CONTINUOUS
10
113.6454869999999886
20
-72.3687599999999946
11
113.6528349999999961
21
-72.3687599999999946
0
LINE
8
BLACK
6
CONTINUOUS
10
113.6528349999999961
20
-72.3687599999999946
11
113.6600399999999951
21
-72.3673189999999948
0
LINE
8
BLACK
6
CONTINUOUS
10
113.6600399999999951
20
-72.3673189999999948
11
113.6673239999999936
21
-72.3687599999999946
0
LINE
8
BLACK
6
CONTINUOUS
10
113.6673239999999936
20
-72.3687599999999946
11
113.6747510000000005
21
-72.3687599999999946
0
LINE
8
BLACK
6
CONTINUOUS
10
113.6747510000000005
20
-72.3687599999999946
11
113.6815390000000008
21
-72.3715720000000005
0
LINE
8
BLACK
6
CONTINUOUS
10
113.6815390000000008
20
-72.3715720000000005
11
113.6887479999999897
21
-72.3729979999999955
0
LINE
8
BLACK
6
CONTINUOUS
10
113.6887479999999897
20
-72.3729979999999955
11
113.6949269999999927
21
-72.3771169999999984
0
LINE
8
BLACK
6
CONTINUOUS
10
113.6949269999999927
20
-72.3771169999999984
11
113.7017869999999959
21
-72.3799589999999995
0
LINE
8
BLACK
6
CONTINUOUS
10
113.7017869999999959
20
-72.3799589999999995
11
113.7069800000000015
21
-72.3851519999999908
0
LINE
8
BLACK
6
CONTINUOUS
10
113.7069800000000015
20
-72.3851519999999908
11
113.7130969999999905
21
-72.3892299999999977
0
LINE
8
BLACK
6
CONTINUOUS
10
113.7130969999999905
20
-72.3892299999999977
11
113.7172300000000007
21
-72.39540199999999
0
LINE
8
BLACK
6
CONTINUOUS
10
113.7172300000000007
20
-72.39540199999999
11
113.7224789999999928
21
-72.4006509999999963
0
LINE
8
BLACK
6
CONTINUOUS
10
113.7224789999999928
20
-72.4006509999999963
11
113.7252900000000011
21
-72.4074379999999991
0
LINE
8
BLACK
6
CONTINUOUS
10
113.7252900000000011
20
-72.4074379999999991
11
113.7293799999999919
21
-72.4135449999999992
0
LINE
8
BLACK
6
CONTINUOUS
10
113.7293799999999919
20
-72.4135449999999992
11
113.7308359999999965
21
-72.420825999999991
0
LINE
8
BLACK
6
CONTINUOUS
10
113.7308359999999965
20
-72.420825999999991
11
113.7336779999999976
21
-72.4276869999999917
0
LINE
8
BLACK
6
CONTINUOUS
10
113.7336779999999976
20
-72.4276869999999917
11
113.7351029999999952
21
-72.4421629999999936
0
LINE
8
BLACK
6
CONTINUOUS
10
113.7351029999999952
20
-72.4421629999999936
11
113.7351189999999974
21
-72.4422399999999982
0
LINE
8
BLACK
6
CONTINUOUS
10
113.7351189999999974
20
-72.4422399999999982
11
113.7351129999999984
21
-72.4422660000000036
0
LINE
8
BLACK
6
CONTINUOUS
10
113.7351129999999984
20
-72.4422660000000036
11
113.7351189999999974
21
-72.4423189999999977
0
LINE
8
BLACK
6
CONTINUOUS
10
113.7351189999999974
20
-72.4423189999999977
11
113.7351189999999974
21
-73.3673189999999948
0
LINE
8
BLACK
6
CONTINUOUS
10
113.7351189999999974
20
-73.3673189999999948
11
113.9458329999999933
21
-73.3673189999999948
0
LINE
8
BLACK
6
CONTINUOUS
10
113.9458329999999933
20
-73.3673189999999948
11
113.9604649999999992
21
-73.3687599999999946
0
LINE
8
BLACK
6
CONTINUOUS
10
113.9604649999999992
20
-73.3687599999999946
11
113.9875009999999946
21
-73.3799589999999995
0
LINE
8
BLACK
6
CONTINUOUS
10
113.9875009999999946
20
-73.3799589999999995
11
114.0081929999999915
21
-73.4006509999999963
0
LINE
8
BLACK
6
CONTINUOUS
10
114.0081929999999915
20
-73.4006509999999963
11
114.0168759999999963
21
-73.4216139999999911
0
LINE
8
BLACK
6
CONTINUOUS
10
114.0168759999999963
20
-73.4216139999999911
11
114.0728749999999962
21
-73.4279239999999902
0
LINE
8
BLACK
6
CONTINUOUS
10
114.0728749999999962
20
-73.4279239999999902
11
114.3537399999999877
21
-73.4920290000000023
0
LINE
8
BLACK
6
CONTINUOUS
10
114.3537399999999877
20
-73.4920290000000023
11
114.2932449999999989
21
-73.4617819999999995
0
LINE
8
BLACK
6
CONTINUOUS
10
114.2932449999999989
20
-73.4617819999999995
11
114.2869449999999887
21
-73.4578169999999915
0
LINE
8
BLACK
6
CONTINUOUS
10
114.2869449999999887
20
-73.4578169999999915
11
114.2851179999999971
21
-73.4570599999999985
0
LINE
8
BLACK
6
CONTINUOUS
10
114.2851179999999971
20
-73.4570599999999985
11
114.2830609999999893
21
-73.455371999999997
0
LINE
8
BLACK
6
CONTINUOUS
10
114.2830609999999893
20
-73.455371999999997
11
114.2808019999999942
21
-73.4539499999999919
0
LINE
8
BLACK
6
CONTINUOUS
10
114.2808019999999942
20
-73.4539499999999919
11
114.2795009999999962
21
-73.4524499999999989
0
LINE
8
BLACK
6
CONTINUOUS
10
114.2795009999999962
20
-73.4524499999999989
11
114.2737520000000018
21
-73.447732000000002
0
LINE
8
BLACK
6
CONTINUOUS
10
114.2737520000000018
20
-73.447732000000002
11
114.2261329999999901
21
-73.4001119999999929
0
LINE
8
BLACK
6
CONTINUOUS
10
114.2261329999999901
20
-73.4001119999999929
11
114.2168059999999912
21
-73.3887469999999951
0
LINE
8
BLACK
6
CONTINUOUS
10
114.2168059999999912
20
-73.3887469999999951
11
114.205607999999998
21
-73.3617109999999997
0
LINE
8
BLACK
6
CONTINUOUS
10
114.205607999999998
20
-73.3617109999999997
11
114.205607999999998
21
-73.3324479999999994
0
LINE
8
BLACK
6
CONTINUOUS
10
114.205607999999998
20
-73.3324479999999994
11
114.2168069999999886
21
-73.3054119999999898
0
LINE
8
BLACK
6
CONTINUOUS
10
114.2168069999999886
20
-73.3054119999999898
11
114.2374999999999972
21
-73.2847189999999955
0
LINE
8
BLACK
6
CONTINUOUS
10
114.2374999999999972
20
-73.2847189999999955
11
114.2645359999999926
21
-73.2735210000000023
0
LINE
8
BLACK
6
CONTINUOUS
10
114.2645359999999926
20
-73.2735210000000023
11
114.2937989999999928
21
-73.2735210000000023
0
LINE
8
BLACK
6
CONTINUOUS
10
114.2937989999999928
20
-73.2735210000000023
11
114.3208349999999882
21
-73.284719999999993
0
LINE
8
BLACK
6
CONTINUOUS
10
114.3208349999999882
20
-73.284719999999993
11
114.3322009999999977
21
-73.2940480000000036
0
LINE
8
BLACK
6
CONTINUOUS
10
114.3322009999999977
20
-73.2940480000000036
11
114.3712129999999974
21
-73.3330610000000007
0
LINE
8
BLACK
6
CONTINUOUS
10
114.3712129999999974
20
-73.3330610000000007
11
114.4397289999999998
21
-73.3673189999999948
0
LINE
8
BLACK
6
CONTINUOUS
10
114.4397289999999998
20
-73.3673189999999948
11
114.6900329999999997
21
-73.3673189999999948
0
LINE
8
BLACK
6
CONTINUOUS
10
114.6900329999999997
20
-73.3673189999999948
11
114.7585479999999905
21
-73.3330610000000007
0
LINE
8
BLACK
6
CONTINUOUS
10
114.7585479999999905
20
-73.3330610000000007
11
114.7889550000000014
21
-73.3026529999999923
0
LINE
8
BLACK
6
CONTINUOUS
10
114.7889550000000014
20
-73.3026529999999923
11
114.823213999999993
21
-73.2341369999999898
0
LINE
8
BLACK
6
CONTINUOUS
10
114.823213999999993
20
-73.2341369999999898
11
114.823213999999993
21
-73.0314520000000016
0
LINE
8
BLACK
6
CONTINUOUS
10
114.823213999999993
20
-73.0314520000000016
11
114.7889559999999989
21
-72.9629359999999991
0
LINE
8
BLACK
6
CONTINUOUS
10
114.7889559999999989
20
-72.9629359999999991
11
114.7585489999999879
21
-72.9325290000000024
0
LINE
8
BLACK
6
CONTINUOUS
10
114.7585489999999879
20
-72.9325290000000024
11
114.6900329999999997
21
-72.898270999999994
0
LINE
8
BLACK
6
CONTINUOUS
10
114.6900329999999997
20
-72.898270999999994
11
114.5648809999999997
21
-72.898270999999994
0
LINE
8
BLACK
6
CONTINUOUS
10
114.5648809999999997
20
-72.898270999999994
11
114.5571419999999989
21
-72.897508000000002
0
LINE
8
BLACK
6
CONTINUOUS
10
114.5571419999999989
20
-72.897508000000002
11
114.5551749999999913
21
-72.8976399999999956
0
LINE
8
BLACK
6
CONTINUOUS
10
114.5551749999999913
20
-72.8976399999999956
11
114.5538189999999901
21
-72.8971810000000033
0
LINE
8
BLACK
6
CONTINUOUS
10
114.5538189999999901
20
-72.8971810000000033
11
114.5502489999999938
21
-72.8968299999999942
0
LINE
8
BLACK
6
CONTINUOUS
10
114.5502489999999938
20
-72.8968299999999942
11
114.5389909999999958
21
-72.8921660000000031
0
LINE
8
BLACK
6
CONTINUOUS
10
114.5389909999999958
20
-72.8921660000000031
11
114.5274539999999917
21
-72.8882649999999899
0
LINE
8
BLACK
6
CONTINUOUS
10
114.5274539999999917
20
-72.8882649999999899
11
114.525548999999998
21
-72.8865989999999897
0
LINE
8
BLACK
6
CONTINUOUS
10
114.525548999999998
20
-72.8865989999999897
11
114.5232129999999984
21
-72.8856310000000036
0
LINE
8
BLACK
6
CONTINUOUS
10
114.5232129999999984
20
-72.8856310000000036
11
114.5146019999999965
21
-72.8770200000000017
0
LINE
8
BLACK
6
CONTINUOUS
10
114.5146019999999965
20
-72.8770200000000017
11
114.5054299999999898
21
-72.8689949999999982
0
LINE
8
BLACK
6
CONTINUOUS
10
114.5054299999999898
20
-72.8689949999999982
11
114.5043069999999972
21
-72.8667250000000024
0
LINE
8
BLACK
6
CONTINUOUS
10
114.5043069999999972
20
-72.8667250000000024
11
114.5025210000000015
21
-72.8649389999999926
0
LINE
8
BLACK
6
CONTINUOUS
10
114.5025210000000015
20
-72.8649389999999926
11
114.4978599999999886
21
-72.8536879999999911
0
LINE
8
BLACK
6
CONTINUOUS
10
114.4978599999999886
20
-72.8536879999999911
11
114.4924579999999992
21
-72.8427629999999908
0
LINE
8
BLACK
6
CONTINUOUS
10
114.4924579999999992
20
-72.8427629999999908
11
114.4922889999999995
21
-72.8402389999999968
0
LINE
8
BLACK
6
CONTINUOUS
10
114.4922889999999995
20
-72.8402389999999968
11
114.4913219999999967
21
-72.8379029999999972
0
LINE
8
BLACK
6
CONTINUOUS
10
114.4913219999999967
20
-72.8379029999999972
11
114.4913219999999967
21
-72.8257179999999948
0
LINE
8
BLACK
6
CONTINUOUS
10
114.4913219999999967
20
-72.8257179999999948
11
114.4905119999999954
21
-72.813564999999997
0
LINE
8
BLACK
6
CONTINUOUS
10
114.4905119999999954
20
-72.813564999999997
11
114.4913219999999967
21
-72.8111689999999925
0
LINE
8
BLACK
6
CONTINUOUS
10
114.4913219999999967
20
-72.8111689999999925
11
114.4913219999999967
21
-72.8086389999999994
0
LINE
8
BLACK
6
CONTINUOUS
10
114.4913219999999967
20
-72.8086389999999994
11
114.4959849999999904
21
-72.7973810000000014
0
LINE
8
BLACK
6
CONTINUOUS
10
114.4959849999999904
20
-72.7973810000000014
11
114.4998870000000011
21
-72.7858439999999973
0
LINE
8
BLACK
6
CONTINUOUS
10
114.4998870000000011
20
-72.7858439999999973
11
114.501971999999995
21
-72.7829260000000033
0
LINE
8
BLACK
6
CONTINUOUS
10
114.501971999999995
20
-72.7829260000000033
11
114.5025210000000015
21
-72.7816029999999898
0
LINE
8
BLACK
6
CONTINUOUS
10
114.5025210000000015
20
-72.7816029999999898
11
114.5039159999999896
21
-72.7802069999999901
0
LINE
8
BLACK
6
CONTINUOUS
10
114.5039159999999896
20
-72.7802069999999901
11
114.5084379999999982
21
-72.7738829999999979
0
LINE
8
BLACK
6
CONTINUOUS
10
114.5084379999999982
20
-72.7738829999999979
11
114.732931999999991
21
-72.5173190000000005
0
LINE
8
BLACK
6
CONTINUOUS
10
114.732931999999991
20
-72.5173190000000005
11
114.2791670000000011
21
-72.5173190000000005
0
LINE
8
BLACK
6
CONTINUOUS
10
114.2791670000000011
20
-72.5173190000000005
11
114.2645349999999951
21
-72.5158780000000007
0
LINE
8
BLACK
6
CONTINUOUS
10
114.2645349999999951
20
-72.5158780000000007
11
114.2374989999999997
21
-72.5046789999999959
0
LINE
8
BLACK
6
CONTINUOUS
10
114.2374989999999997
20
-72.5046789999999959
11
114.2168069999999886
21
-72.4839869999999991
0
LINE
8
BLACK
6
CONTINUOUS
10
114.2168069999999886
20
-72.4839869999999991
11
114.205607999999998
21
-72.4569510000000037
0
LINE
8
BLACK
6
CONTINUOUS
10
114.205607999999998
20
-72.4569510000000037
11
114.205607999999998
21
-72.4276869999999917
0
LINE
8
BLACK
6
CONTINUOUS
10
114.205607999999998
20
-72.4276869999999917
11
114.2168069999999886
21
-72.4006509999999963
0
LINE
8
BLACK
6
CONTINUOUS
10
114.2168069999999886
20
-72.4006509999999963
11
114.2374989999999997
21
-72.3799589999999995
0
LINE
8
BLACK
6
CONTINUOUS
10
114.2374989999999997
20
-72.3799589999999995
11
114.2645349999999951
21
-72.3687599999999946
0
LINE
8
BLACK
6
CONTINUOUS
10
114.2645349999999951
20
-72.3687599999999946
11
114.2791670000000011
21
-72.3673189999999948
0
LINE
8
BLACK
6
CONTINUOUS
10
114.2791670000000011
20
-72.3673189999999948
11
114.8982139999999958
21
-72.3673189999999948
0
LINE
8
BLACK
6
CONTINUOUS
10
114.8982139999999958
20
-72.3673189999999948
11
114.9059519999999992
21
-72.3680810000000037
0
LINE
8
BLACK
6
CONTINUOUS
10
110.9640919999999937
20
-76.2862310000000008
11
110.9973969999999923
21
-76.5818239999999975
0
LINE
8
BLACK
6
CONTINUOUS
10
110.9973969999999923
20
-76.5818239999999975
11
111.0635889999999932
21
-76.8718289999999911
0
LINE
8
BLACK
6
CONTINUOUS
10
111.0635889999999932
20
-76.8718289999999911
11
111.1618349999999964
21
-77.152598999999995
0
LINE
8
BLACK
6
CONTINUOUS
10
111.1618349999999964
20
-77.152598999999995
11
111.290898999999996
21
-77.4206039999999973
0
LINE
8
BLACK
6
CONTINUOUS
10
111.290898999999996
20
-77.4206039999999973
11
111.4491589999999945
21
-77.6724719999999991
0
LINE
8
BLACK
6
CONTINUOUS
10
111.4491589999999945
20
-77.6724719999999991
11
111.6346239999999881
21
-77.9050379999999905
0
LINE
8
BLACK
6
CONTINUOUS
10
111.6346239999999881
20
-77.9050379999999905
11
111.8449619999999953
21
-78.1153759999999977
0
LINE
8
BLACK
6
CONTINUOUS
10
111.8449619999999953
20
-78.1153759999999977
11
112.0775280000000009
21
-78.3008409999999913
0
LINE
8
BLACK
6
CONTINUOUS
10
112.0775280000000009
20
-78.3008409999999913
11
112.3293959999999885
21
-78.4591009999999898
0
LINE
8
BLACK
6
CONTINUOUS
10
112.3293959999999885
20
-78.4591009999999898
11
112.5974009999999907
21
-78.5881649999999894
0
LINE
8
BLACK
6
CONTINUOUS
10
112.5974009999999907
20
-78.5881649999999894
11
112.8781709999999947
21
-78.6864109999999926
0
LINE
8
BLACK
6
CONTINUOUS
10
112.8781709999999947
20
-78.6864109999999926
11
113.1681759999999883
21
-78.7526029999999935
0
LINE
8
BLACK
6
CONTINUOUS
10
113.1681759999999883
20
-78.7526029999999935
11
113.4637689999999992
21
-78.7859079999999921
0
LINE
8
BLACK
6
CONTINUOUS
10
113.4637689999999992
20
-78.7859079999999921
11
113.7612309999999951
21
-78.7859079999999921
0
LINE
8
BLACK
6
CONTINUOUS
10
113.7612309999999951
20
-78.7859079999999921
11
114.0568239999999918
21
-78.7526029999999935
0
LINE
8
BLACK
6
CONTINUOUS
10
114.0568239999999918
20
-78.7526029999999935
11
114.3468289999999996
21
-78.6864109999999926
0
LINE
8
BLACK
6
CONTINUOUS
10
114.3468289999999996
20
-78.6864109999999926
11
114.6275989999999894
21
-78.5881649999999894
0
LINE
8
BLACK
6
CONTINUOUS
10
114.6275989999999894
20
-78.5881649999999894
11
114.8956039999999916
21
-78.4591009999999898
0
LINE
8
BLACK
6
CONTINUOUS
10
114.8956039999999916
20
-78.4591009999999898
11
115.1474719999999934
21
-78.3008409999999913
0
LINE
8
BLACK
6
CONTINUOUS
10
115.1474719999999934
20
-78.3008409999999913
11
115.380037999999999
21
-78.1153759999999977
0
LINE
8
BLACK
6
CONTINUOUS
10
115.380037999999999
20
-78.1153759999999977
11
115.590375999999992
21
-77.9050379999999905
0
LINE
8
BLACK
6
CONTINUOUS
10
115.590375999999992
20
-77.9050379999999905
11
115.7758409999999998
21
-77.6724719999999991
0
LINE
8
BLACK
6
CONTINUOUS
10
115.7758409999999998
20
-77.6724719999999991
11
115.9341009999999983
21
-77.4206039999999973
0
LINE
8
BLACK
6
CONTINUOUS
10
115.9341009999999983
20
-77.4206039999999973
11
116.0631649999999979
21
-77.152598999999995
0
LINE
8
BLACK
6
CONTINUOUS
10
116.0631649999999979
20
-77.152598999999995
11
116.1614110000000011
21
-76.8718289999999911
0
LINE
8
BLACK
6
CONTINUOUS
10
116.1614110000000011
20
-76.8718289999999911
11
116.2276029999999878
21
-76.5818239999999975
0
LINE
8
BLACK
6
CONTINUOUS
10
116.2276029999999878
20
-76.5818239999999975
11
116.2609080000000006
21
-76.2862310000000008
0
LINE
8
BLACK
6
CONTINUOUS
10
116.2609080000000006
20
-76.2862310000000008
11
116.2609080000000006
21
-75.9887689999999907
0
LINE
8
BLACK
6
CONTINUOUS
10
116.2609080000000006
20
-75.9887689999999907
11
116.2276029999999878
21
-75.693175999999994
0
LINE
8
BLACK
6
CONTINUOUS
10
116.2276029999999878
20
-75.693175999999994
11
116.1614110000000011
21
-75.4031710000000004
0
LINE
8
BLACK
6
CONTINUOUS
10
116.1614110000000011
20
-75.4031710000000004
11
116.0631649999999979
21
-75.1224009999999964
0
LINE
8
BLACK
6
CONTINUOUS
10
116.0631649999999979
20
-75.1224009999999964
11
115.9341009999999983
21
-74.8543959999999942
0
LINE
8
BLACK
6
CONTINUOUS
10
115.9341009999999983
20
-74.8543959999999942
11
115.7758409999999998
21
-74.6025279999999924
0
LINE
8
BLACK
6
CONTINUOUS
10
115.7758409999999998
20
-74.6025279999999924
11
115.590375999999992
21
-74.369962000000001
0
LINE
8
BLACK
6
CONTINUOUS
10
115.590375999999992
20
-74.369962000000001
11
115.380037999999999
21
-74.1596239999999938
0
LINE
8
BLACK
6
CONTINUOUS
10
115.380037999999999
20
-74.1596239999999938
11
115.1474719999999934
21
-73.9741590000000002
0
LINE
8
BLACK
6
CONTINUOUS
10
115.1474719999999934
20
-73.9741590000000002
11
114.8956039999999916
21
-73.8158990000000017
0
LINE
8
BLACK
6
CONTINUOUS
10
114.8956039999999916
20
-73.8158990000000017
11
114.6275989999999894
21
-73.6868350000000021
0
LINE
8
BLACK
6
CONTINUOUS
10
114.6275989999999894
20
-73.6868350000000021
11
114.3468289999999996
21
-73.5885889999999989
0
LINE
8
BLACK
6
CONTINUOUS
10
114.3468289999999996
20
-73.5885889999999989
11
114.0568239999999918
21
-73.522396999999998
0
LINE
8
BLACK
6
CONTINUOUS
10
114.0568239999999918
20
-73.522396999999998
11
113.9686969999999917
21
-73.5124670000000009
0
LINE
8
BLACK
6
CONTINUOUS
10
113.9686969999999917
20
-73.5124670000000009
11
113.9604649999999992
21
-73.5158780000000007
0
LINE
8
BLACK
6
CONTINUOUS
10
113.9604649999999992
20
-73.5158780000000007
11
113.9458329999999933
21
-73.5173190000000005
0
LINE
8
BLACK
6
CONTINUOUS
10
113.9458329999999933
20
-73.5173190000000005
11
113.3744049999999959
21
-73.5173190000000005
0
LINE
8
BLACK
6
CONTINUOUS
10
113.3744049999999959
20
-73.5173190000000005
11
113.3597729999999899
21
-73.5158780000000007
0
LINE
8
BLACK
6
CONTINUOUS
10
113.3597729999999899
20
-73.5158780000000007
11
113.3327369999999945
21
-73.5046789999999959
0
LINE
8
BLACK
6
CONTINUOUS
10
113.3327369999999945
20
-73.5046789999999959
11
113.3319959999999895
21
-73.5039379999999909
0
LINE
8
BLACK
6
CONTINUOUS
10
113.3319959999999895
20
-73.5039379999999909
11
113.1681759999999883
21
-73.522396999999998
0
LINE
8
BLACK
6
CONTINUOUS
10
113.1681759999999883
20
-73.522396999999998
11
112.8781709999999947
21
-73.5885889999999989
0
LINE
8
BLACK
6
CONTINUOUS
10
112.8781709999999947
20
-73.5885889999999989
11
112.5974009999999907
21
-73.6868350000000021
0
LINE
8
BLACK
6
CONTINUOUS
10
112.5974009999999907
20
-73.6868350000000021
11
112.3293959999999885
21
-73.8158990000000017
0
LINE
8
BLACK
6
CONTINUOUS
10
112.3293959999999885
20
-73.8158990000000017
11
112.0775280000000009
21
-73.9741590000000002
0
LINE
8
BLACK
6
CONTINUOUS
10
112.0775280000000009
20
-73.9741590000000002
11
111.8449619999999953
21
-74.1596239999999938
0
LINE
8
BLACK
6
CONTINUOUS
10
111.8449619999999953
20
-74.1596239999999938
11
111.6346239999999881
21
-74.369962000000001
0
LINE
8
BLACK
6
CONTINUOUS
10
111.6346239999999881
20
-74.369962000000001
11
111.4491589999999945
21
-74.6025279999999924
0
LINE
8
BLACK
6
CONTINUOUS
10
111.4491589999999945
20
-74.6025279999999924
11
111.290898999999996
21
-74.8543959999999942
0
LINE
8
BLACK
6
CONTINUOUS
10
111.290898999999996
20
-74.8543959999999942
11
111.1618349999999964
21
-75.1224009999999964
0
LINE
8
BLACK
6
CONTINUOUS
10
111.1618349999999964
20
-75.1224009999999964
11
111.0635889999999932
21
-75.4031710000000004
0
LINE
8
BLACK
6
CONTINUOUS
10
111.0635889999999932
20
-75.4031710000000004
11
110.9973969999999923
21
-75.693175999999994
0
LINE
8
BLACK
6
CONTINUOUS
10
110.9973969999999923
20
-75.693175999999994
11
110.9640919999999937
21
-75.9887689999999907
0
LINE
8
BLACK
6
CONTINUOUS
10
110.9640919999999937
20
-75.9887689999999907
11
110.9640919999999937
21
-76.2862310000000008
  0
ENDSEC
  0
EOF
