  0
SECTION
  2
HEADER
  9
$ACADVER
  1
AC1014
  9
$ACADMAINTVER
 70
     9
  9
$DWGCODEPAGE
  3
ANSI_1252
  9
$INSBASE
 10
0.0
 20
0.0
 30
0.0
  9
$EXTMIN
 10
1.000000000000000E+20
 20
1.000000000000000E+20
 30
1.000000000000000E+20
  9
$EXTMAX
 10
-1.000000000000000E+20
 20
-1.000000000000000E+20
 30
-1.000000000000000E+20
  9
$LIMMIN
 10
0.0
 20
0.0
  9
$LIMMAX
 10
12.0
 20
9.0
  9
$ORTHOMODE
 70
     0
  9
$REGENMODE
 70
     1
  9
$FILLMODE
 70
     1
  9
$QTEXTMODE
 70
     0
  9
$MIRRTEXT
 70
     1
  9
$DRAGMODE
 70
     2
  9
$LTSCALE
 40
1.0
  9
$OSMODE
 70
    37
  9
$ATTMODE
 70
     1
  9
$TEXTSIZE
 40
0.2
  9
$TRACEWID
 40
0.05
  9
$TEXTSTYLE
  7
STANDARD
  9
$CLAYER
  8
0
  9
$CELTYPE
  6
BYLAYER
  9
$CECOLOR
 62
   256
  9
$CELTSCALE
 40
1.0
  9
$DELOBJ
 70
     1
  9
$DISPSILH
 70
     0
  9
$DIMSCALE
 40
1.0
  9
$DIMASZ
 40
0.18
  9
$DIMEXO
 40
0.0625
  9
$DIMDLI
 40
0.38
  9
$DIMRND
 40
0.0
  9
$DIMDLE
 40
0.0
  9
$DIMEXE
 40
0.18
  9
$DIMTP
 40
0.0
  9
$DIMTM
 40
0.0
  9
$DIMTXT
 40
0.18
  9
$DIMCEN
 40
0.09
  9
$DIMTSZ
 40
0.0
  9
$DIMTOL
 70
     0
  9
$DIMLIM
 70
     0
  9
$DIMTIH
 70
     1
  9
$DIMTOH
 70
     1
  9
$DIMSE1
 70
     0
  9
$DIMSE2
 70
     0
  9
$DIMTAD
 70
     0
  9
$DIMZIN
 70
     0
  9
$DIMBLK
  1

  9
$DIMASO
 70
     1
  9
$DIMSHO
 70
     1
  9
$DIMPOST
  1

  9
$DIMAPOST
  1

  9
$DIMALT
 70
     0
  9
$DIMALTD
 70
     2
  9
$DIMALTF
 40
25.4
  9
$DIMLFAC
 40
1.0
  9
$DIMTOFL
 70
     0
  9
$DIMTVP
 40
0.0
  9
$DIMTIX
 70
     0
  9
$DIMSOXD
 70
     0
  9
$DIMSAH
 70
     0
  9
$DIMBLK1
  1

  9
$DIMBLK2
  1

  9
$DIMSTYLE
  2
STANDARD
  9
$DIMCLRD
 70
     0
  9
$DIMCLRE
 70
     0
  9
$DIMCLRT
 70
     0
  9
$DIMTFAC
 40
1.0
  9
$DIMGAP
 40
0.09
  9
$DIMJUST
 70
     0
  9
$DIMSD1
 70
     0
  9
$DIMSD2
 70
     0
  9
$DIMTOLJ
 70
     1
  9
$DIMTZIN
 70
     0
  9
$DIMALTZ
 70
     0
  9
$DIMALTTZ
 70
     0
  9
$DIMFIT
 70
     3
  9
$DIMUPT
 70
     0
  9
$DIMUNIT
 70
     2
  9
$DIMDEC
 70
     4
  9
$DIMTDEC
 70
     4
  9
$DIMALTU
 70
     2
  9
$DIMALTTD
 70
     2
  9
$DIMTXSTY
  7
STANDARD
  9
$DIMAUNIT
 70
     0
  9
$LUNITS
 70
     2
  9
$LUPREC
 70
     4
  9
$SKETCHINC
 40
0.1
  9
$FILLETRAD
 40
0.0
  9
$AUNITS
 70
     0
  9
$AUPREC
 70
     0
  9
$MENU
  1
.
  9
$ELEVATION
 40
0.0
  9
$PELEVATION
 40
0.0
  9
$THICKNESS
 40
0.0
  9
$LIMCHECK
 70
     0
  9
$CHAMFERA
 40
0.0
  9
$CHAMFERB
 40
0.0
  9
$CHAMFERC
 40
0.0
  9
$CHAMFERD
 40
0.0
  9
$SKPOLY
 70
     0
  9
$TDCREATE
 40
2461248.80323985
  9
$TDUPDATE
 40
2461248.803239966
  9
$TDINDWG
 40
0.0000000116
  9
$TDUSRTIMER
 40
0.0000000116
  9
$USRTIMER
 70
     1
  9
$ANGBASE
 50
0.0
  9
$ANGDIR
 70
     0
  9
$PDMODE
 70
     0
  9
$PDSIZE
 40
0.0
  9
$PLINEWID
 40
0.0
  9
$COORDS
 70
     1
  9
$SPLFRAME
 70
     0
  9
$SPLINETYPE
 70
     6
  9
$SPLINESEGS
 70
     8
  9
$ATTDIA
 70
     0
  9
$ATTREQ
 70
     1
  9
$HANDLING
 70
     1
  9
$HANDSEED
  5
1000076B
  9
$SURFTAB1
 70
     6
  9
$SURFTAB2
 70
     6
  9
$SURFTYPE
 70
     6
  9
$SURFU
 70
     6
  9
$SURFV
 70
     6
  9
$UCSNAME
  2

  9
$UCSORG
 10
0.0
 20
0.0
 30
0.0
  9
$UCSXDIR
 10
1.0
 20
0.0
 30
0.0
  9
$UCSYDIR
 10
0.0
 20
1.0
 30
0.0
  9
$PUCSNAME
  2

  9
$PUCSORG
 10
0.0
 20
0.0
 30
0.0
  9
$PUCSXDIR
 10
1.0
 20
0.0
 30
0.0
  9
$PUCSYDIR
 10
0.0
 20
1.0
 30
0.0
  9
$USERI1
 70
     0
  9
$USERI2
 70
     0
  9
$USERI3
 70
     0
  9
$USERI4
 70
     0
  9
$USERI5
 70
     0
  9
$USERR1
 40
0.0
  9
$USERR2
 40
0.0
  9
$USERR3
 40
0.0
  9
$USERR4
 40
0.0
  9
$USERR5
 40
0.0
  9
$WORLDVIEW
 70
     1
  9
$SHADEDGE
 70
     3
  9
$SHADEDIF
 70
    70
  9
$TILEMODE
 70
     1
  9
$MAXACTVP
 70
    64
  9
$PINSBASE
 10
0.0
 20
0.0
 30
0.0
  9
$PLIMCHECK
 70
     0
  9
$PEXTMIN
 10
1.000000000000000E+20
 20
1.000000000000000E+20
 30
1.000000000000000E+20
  9
$PEXTMAX
 10
-1.000000000000000E+20
 20
-1.000000000000000E+20
 30
-1.000000000000000E+20
  9
$PLIMMIN
 10
0.0
 20
0.0
  9
$PLIMMAX
 10
12.0
 20
9.0
  9
$UNITMODE
 70
     0
  9
$VISRETAIN
 70
     1
  9
$PLINEGEN
 70
     0
  9
$PSLTSCALE
 70
     1
  9
$TREEDEPTH
 70
  3020
  9
$PICKSTYLE
 70
     1
  9
$CMLSTYLE
  2
STANDARD
  9
$CMLJUST
 70
     0
  9
$CMLSCALE
 40
1.0
  9
$PROXYGRAPHICS
 70
     1
  9
$MEASUREMENT
 70
     0
  0
ENDSEC
  0
SECTION
  2
CLASSES
  0
CLASS
  1
ACDBDICTIONARYWDFLT
  2
AcDbDictionaryWithDefault
  3
ObjectDBX Classes
 90
        0
280
     0
281
     0
  0
CLASS
  1
VISUALSTYLE
  2
AcDbVisualStyle
  3
ObjectDBX Classes
 90
     4095
280
     0
281
     0
  0
CLASS
  1
MATERIAL
  2
AcDbMaterial
  3
ObjectDBX Classes
 90
     1153
280
     0
281
     0
  0
CLASS
  1
SCALE
  2
AcDbScale
  3
ObjectDBX Classes
 90
     1153
280
     0
281
     0
  0
CLASS
  1
TABLESTYLE
  2
AcDbTableStyle
  3
ObjectDBX Classes
 90
     4095
280
     0
281
     0
  0
CLASS
  1
MLEADERSTYLE
  2
AcDbMLeaderStyle
  3
ACDB_MLEADERSTYLE_CLASS
 90
     4095
280
     0
281
     0
  0
CLASS
  1
SUN
  2
AcDbSun
  3
SCENEOE
 90
     1153
280
     0
281
     0
  0
CLASS
  1
SORTENTSTABLE
  2
AcDbSortentsTable
  3
ObjectDBX Classes
 90
        0
280
     0
281
     0
  0
CLASS
  1
DICTIONARYVAR
  2
AcDbDictionaryVar
  3
ObjectDBX Classes
 90
        0
280
     0
281
     0
  0
CLASS
  1
XRECORD
  2
AcDbXrecord
  3
ObjectDBX Classes
 90
        0
280
     0
281
     0
  0
CLASS
  1
LWPOLYLINE
  2
AcDbPolyline
  3
ObjectDBX Classes
 90
        0
280
     0
281
     1
  0
CLASS
  1
HATCH
  2
AcDbHatch
  3
ObjectDBX Classes
 90
        0
280
     0
281
     1
  0
CLASS
  1
ACDBPLACEHOLDER
  2
AcDbPlaceHolder
  3
ObjectDBX Classes
 90
        0
280
     0
281
     0
  0
CLASS
  1
LAYOUT
  2
AcDbLayout
  3
ObjectDBX Classes
 90
        0
280
     0
281
     0
  0
ENDSEC
  0
SECTION
  2
TABLES
  0
TABLE
  2
VPORT
  5
8
102
{ACAD_XDICTIONARY
360
10000760
102
}
330
0
100
AcDbSymbolTable
 70
     1
  0
VPORT
  5
29
330
8
100
AcDbSymbolTableRecord
100
AcDbViewportTableRecord
  2
*ACTIVE
 70
     0
 10
0.0
 20
0.0
 11
1.0
 21
1.0
 12
10.42990654205607
 22
4.5
 13
0.0
 23
0.0
 14
0.5
 24
0.5
 15
0.5
 25
0.5
 16
0.0
 26
0.0
 36
1.0
 17
0.0
 27
0.0
 37
0.0
 40
9.0
 41
1.972972972850329
 42
50.0
 43
0.0
 44
0.0
 50
0.0
 51
0.0
 71
     0
 72
   100
 73
     1
 74
     3
 75
     0
 76
     0
 77
     0
 78
     0
  0
ENDTAB
  0
TABLE
  2
LTYPE
  5
5
330
0
100
AcDbSymbolTable
 70
     7
  0
LTYPE
  5
14
330
5
100
AcDbSymbolTableRecord
100
AcDbLinetypeTableRecord
  2
BYBLOCK
 70
     0
  3

 72
    65
 73
     0
 40
0.0
  0
LTYPE
  5
15
330
5
100
AcDbSymbolTableRecord
100
AcDbLinetypeTableRecord
  2
BYLAYER
 70
     0
  3

 72
    65
 73
     0
 40
0.0
  0
LTYPE
  5
16
330
5
100
AcDbSymbolTableRecord
100
AcDbLinetypeTableRecord
  2
CONTINUOUS
 70
     0
  3
Solid line
 72
    65
 73
     0
 40
0.0
  0
LTYPE
  5
10000024
330
5
100
AcDbSymbolTableRecord
100
AcDbLinetypeTableRecord
  2
ONS_PHANTOM
 70
     0
  3
Onshape Phantom line ______ __ __ ______
 72
    65
 73
     6
 40
0.4999999999999999
 49
0.25
 74
     0
 49
-0.05
 74
     0
 49
0.05
 74
     0
 49
-0.05
 74
     0
 49
0.05
 74
     0
 49
-0.05
 74
     0
  0
LTYPE
  5
10000025
330
5
100
AcDbSymbolTableRecord
100
AcDbLinetypeTableRecord
  2
CENTER
 70
     0
  3
Center line ____ _ ____ _ ____ _
 72
    65
 73
     4
 40
0.7199999999999999
 49
0.45
 74
     0
 49
-0.09
 74
     0
 49
0.09
 74
     0
 49
-0.09
 74
     0
  0
LTYPE
  5
10000026
330
5
100
AcDbSymbolTableRecord
100
AcDbLinetypeTableRecord
  2
DASHED
 70
     0
  3
Dashed line __ __ __ __ __
 72
    65
 73
     2
 40
0.75
 49
0.5
 74
     0
 49
-0.25
 74
     0
  0
LTYPE
  5
10000027
330
5
100
AcDbSymbolTableRecord
100
AcDbLinetypeTableRecord
  2
ONS_DASHDOT
 70
     0
  3
Onshape Dashed with Dot _ . ____ . ____
 72
    65
 73
     4
 40
0.71
 49
0.5
 74
     0
 49
-0.1
 74
     0
 49
0.01
 74
     0
 49
-0.1
 74
     0
  0
LTYPE
  5
10000028
330
5
100
AcDbSymbolTableRecord
100
AcDbLinetypeTableRecord
  2
ONS_DOTTED
 70
     0
  3
Onshape Dotted line . . . . . . .
 72
    65
 73
     2
 40
0.11
 49
0.01
 74
     0
 49
-0.1
 74
     0
  0
LTYPE
  5
10000029
330
5
100
AcDbSymbolTableRecord
100
AcDbLinetypeTableRecord
  2
HIDDEN
 70
     0
  3
Hidden line ____ ____ ____ ____ 
 72
    65
 73
     2
 40
0.15
 49
0.1
 74
     0
 49
-0.05
 74
     0
  0
ENDTAB
  0
TABLE
  2
LAYER
  5
2
330
0
100
AcDbSymbolTable
 70
    48
  0
LAYER
  5
10
330
2
100
AcDbSymbolTableRecord
100
AcDbLayerTableRecord
  2
0
 70
     0
 62
     7
  6
CONTINUOUS
  0
LAYER
  5
1000002A
330
2
100
AcDbSymbolTableRecord
100
AcDbLayerTableRecord
  2
SECTION_CUTTING_LINE
 70
     0
 62
     7
  6
ONS_PHANTOM
  0
LAYER
  5
1000002B
330
2
100
AcDbSymbolTableRecord
100
AcDbLayerTableRecord
  2
DETAIL_VIEW_BORDER
 70
     0
 62
     7
  6
CONTINUOUS
  0
LAYER
  5
1000002C
330
2
100
AcDbSymbolTableRecord
100
AcDbLayerTableRecord
  2
DETAIL_VIEW_PARENT_BORDER
 70
     0
 62
     7
  6
ONS_PHANTOM
  0
LAYER
  5
1000002D
330
2
100
AcDbSymbolTableRecord
100
AcDbLayerTableRecord
  2
TEXT
 70
     0
 62
     7
  6
CONTINUOUS
  0
LAYER
  5
1000002E
330
2
100
AcDbSymbolTableRecord
100
AcDbLayerTableRecord
  2
SKETCHED_GEOMETRY
 70
     0
 62
    -7
  6
CONTINUOUS
  0
LAYER
  5
1000002F
330
2
100
AcDbSymbolTableRecord
100
AcDbLayerTableRecord
  2
VIRTUAL_SHARPS
 70
     0
 62
    -7
  6
CONTINUOUS
  0
LAYER
  5
10000030
330
2
100
AcDbSymbolTableRecord
100
AcDbLayerTableRecord
  2
CENTERLINES
 70
     0
 62
    -7
  6
CENTER
  0
LAYER
  5
10000031
330
2
100
AcDbSymbolTableRecord
100
AcDbLayerTableRecord
  2
CENTERMARKS
 70
     0
 62
    -7
  6
CONTINUOUS
  0
LAYER
  5
10000032
330
2
100
AcDbSymbolTableRecord
100
AcDbLayerTableRecord
  2
TABLES
 70
     0
 62
     7
  6
CONTINUOUS
  0
LAYER
  5
10000033
330
2
100
AcDbSymbolTableRecord
100
AcDbLayerTableRecord
  2
IMAGES
 70
     0
 62
    -7
  6
CONTINUOUS
  0
LAYER
  5
10000034
330
2
100
AcDbSymbolTableRecord
100
AcDbLayerTableRecord
  2
ANNOTATION_LINES
 70
     0
 62
    -7
  6
CONTINUOUS
  0
LAYER
  5
10000035
330
2
100
AcDbSymbolTableRecord
100
AcDbLayerTableRecord
  2
ANNOTATION_TEXT
 70
     0
 62
    -7
  6
CONTINUOUS
  0
LAYER
  5
10000036
330
2
100
AcDbSymbolTableRecord
100
AcDbLayerTableRecord
  2
SIDE_THREAD_SYMBOLS
 70
     0
 62
     7
  6
HIDDEN
  0
LAYER
  5
10000037
330
2
100
AcDbSymbolTableRecord
100
AcDbLayerTableRecord
  2
SIDE_THREAD_SYMBOLS_HIDDEN
 70
     0
 62
    -7
  6
HIDDEN
  0
LAYER
  5
10000038
330
2
100
AcDbSymbolTableRecord
100
AcDbLayerTableRecord
  2
SURFACE_THREAD_SYMBOLS
 70
     0
 62
     7
  6
HIDDEN
  0
LAYER
  5
10000039
330
2
100
AcDbSymbolTableRecord
100
AcDbLayerTableRecord
  2
SURFACE_THREAD_SYMBOLS_ON_
 70
     0
 62
     7
  6
HIDDEN
  0
LAYER
  5
1000003A
330
2
100
AcDbSymbolTableRecord
100
AcDbLayerTableRecord
  2
SURFACE_THREAD_SYMBOLS_HID
 70
     0
 62
    -7
  6
HIDDEN
  0
LAYER
  5
1000003B
330
2
100
AcDbSymbolTableRecord
100
AcDbLayerTableRecord
  2
BLIND_THREAD_SYMBOLS
 70
     0
 62
     7
  6
CONTINUOUS
  0
LAYER
  5
1000003C
330
2
100
AcDbSymbolTableRecord
100
AcDbLayerTableRecord
  2
BLIND_THREAD_SYMBOLS_HIDDE
 70
     0
 62
    -7
  6
HIDDEN
  0
LAYER
  5
1000003D
330
2
100
AcDbSymbolTableRecord
100
AcDbLayerTableRecord
  2
EXPLODE_LINES
 70
     0
 62
     7
  6
ONS_PHANTOM
  0
LAYER
  5
1000003E
330
2
100
AcDbSymbolTableRecord
100
AcDbLayerTableRecord
  2
HIDDEN_EXPLODE_LINES
 70
     0
 62
    -7
  6
ONS_PHANTOM
  0
LAYER
  5
1000003F
330
2
100
AcDbSymbolTableRecord
100
AcDbLayerTableRecord
  2
BREAK_LINES
 70
     0
 62
    -7
  6
CONTINUOUS
  0
LAYER
  5
10000040
330
2
100
AcDbSymbolTableRecord
100
AcDbLayerTableRecord
  2
SHEETMETAL_BEND_LINES_UP
 70
     0
 62
     7
  6
CENTER
  0
LAYER
  5
10000041
330
2
100
AcDbSymbolTableRecord
100
AcDbLayerTableRecord
  2
SHEETMETAL_BEND_LINES_DOWN
 70
     0
 62
     7
  6
CENTER
  0
LAYER
  5
10000042
330
2
100
AcDbSymbolTableRecord
100
AcDbLayerTableRecord
  2
SHEETMETAL_BEND_TANGENT_LI
 70
     0
 62
     7
  6
CONTINUOUS
  0
LAYER
  5
10000043
330
2
100
AcDbSymbolTableRecord
100
AcDbLayerTableRecord
  2
SHEETMETAL_CUT_LINES
 70
     0
 62
     7
  6
CONTINUOUS
  0
LAYER
  5
10000044
330
2
100
AcDbSymbolTableRecord
100
AcDbLayerTableRecord
  2
SHEETMETAL_CBORE_CSINK_UP
 70
     0
 62
     7
  6
CONTINUOUS
  0
LAYER
  5
10000045
330
2
100
AcDbSymbolTableRecord
100
AcDbLayerTableRecord
  2
SHEETMETAL_CBORE_CSINK_DOW
 70
     0
 62
     7
  6
CONTINUOUS
  0
LAYER
  5
10000046
330
2
100
AcDbSymbolTableRecord
100
AcDbLayerTableRecord
  2
SHEETMETAL_CBORE_CSINK_UP_
 70
     0
 62
    -7
  6
HIDDEN
  0
LAYER
  5
10000047
330
2
100
AcDbSymbolTableRecord
100
AcDbLayerTableRecord
  2
SHEETMETAL_CBORE_CSINK_DO0
 70
     0
 62
    -7
  6
HIDDEN
  0
LAYER
  5
10000048
330
2
100
AcDbSymbolTableRecord
100
AcDbLayerTableRecord
  2
SHEETMETAL_FORM_TEAR
 70
     0
 62
     7
  6
CONTINUOUS
  0
LAYER
  5
10000049
330
2
100
AcDbSymbolTableRecord
100
AcDbLayerTableRecord
  2
SHEETMETAL_FORM_UP
 70
     0
 62
     7
  6
CENTER
  0
LAYER
  5
1000004A
330
2
100
AcDbSymbolTableRecord
100
AcDbLayerTableRecord
  2
SHEETMETAL_FORM_DOWN
 70
     0
 62
     7
  6
CENTER
  0
LAYER
  5
1000004B
330
2
100
AcDbSymbolTableRecord
100
AcDbLayerTableRecord
  2
SHEETMETAL_FORM_CENTERMARK
 70
     0
 62
     7
  6
CENTER
  0
LAYER
  5
1000004C
330
2
100
AcDbSymbolTableRecord
100
AcDbLayerTableRecord
  2
REGION_ASSOC_POINTS
 70
     0
 62
    -7
  6
CONTINUOUS
  0
LAYER
  5
1000004D
330
2
100
AcDbSymbolTableRecord
100
AcDbLayerTableRecord
  2
PATTERN_CENTERLINES
 70
     1
 62
    -7
  6
CENTER
  0
LAYER
  5
1000004E
330
2
100
AcDbSymbolTableRecord
100
AcDbLayerTableRecord
  2
HIDDEN
 70
     0
 62
    -7
  6
HIDDEN
  0
LAYER
  5
1000004F
330
2
100
AcDbSymbolTableRecord
100
AcDbLayerTableRecord
  2
VISIBLE
 70
     0
 62
     7
  6
CONTINUOUS
  0
LAYER
  5
10000050
330
2
100
AcDbSymbolTableRecord
100
AcDbLayerTableRecord
  2
MODELSKETCH_VISIBLE
 70
     0
 62
     7
  6
CONTINUOUS
  0
LAYER
  5
10000051
330
2
100
AcDbSymbolTableRecord
100
AcDbLayerTableRecord
  2
MODELSKETCH_POINT
 70
     0
 62
     7
  6
CONTINUOUS
  0
LAYER
  5
10000052
330
2
100
AcDbSymbolTableRecord
100
AcDbLayerTableRecord
  2
MODELSKETCH_CONSTRUCTION
 70
     0
 62
    -7
  6
CENTER
  0
LAYER
  5
10000053
330
2
100
AcDbSymbolTableRecord
100
AcDbLayerTableRecord
  2
HIDDEN_BASE_VIEW
 70
     0
 62
     7
  6
CONTINUOUS
  0
LAYER
  5
10000054
330
2
100
AcDbSymbolTableRecord
100
AcDbLayerTableRecord
  2
TANGENT_LINES
 70
     0
 62
    -7
  6
CONTINUOUS
  0
LAYER
  5
10000055
330
2
100
AcDbSymbolTableRecord
100
AcDbLayerTableRecord
  2
TANGENT_HIDDEN
 70
     0
 62
    -7
  6
HIDDEN
  0
LAYER
  5
10000056
330
2
100
AcDbSymbolTableRecord
100
AcDbLayerTableRecord
  2
INVISIBLE_LINES
 70
     0
 62
    -7
  6
CONTINUOUS
  0
LAYER
  5
10000057
330
2
100
AcDbSymbolTableRecord
100
AcDbLayerTableRecord
  2
VIEW_HATCHES
 70
     0
 62
    -7
  6
CONTINUOUS
  0
LAYER
  5
10000058
330
2
100
AcDbSymbolTableRecord
100
AcDbLayerTableRecord
  2
SECTION_JOG_LINES
 70
     0
 62
    -7
  6
CONTINUOUS
  0
ENDTAB
  0
TABLE
  2
STYLE
  5
3
330
0
100
AcDbSymbolTable
 70
     2
  0
STYLE
  5
11
330
3
100
AcDbSymbolTableRecord
100
AcDbTextStyleTableRecord
  2
STANDARD
 70
     0
 40
0.0
 41
1.0
 50
0.0
 71
     0
 42
0.2
  3
txt
  4

  0
STYLE
  5
10000004
330
3
100
AcDbSymbolTableRecord
100
AcDbTextStyleTableRecord
  2
TTFSTYLE
 70
     0
 40
0.0
 41
1.0
 50
0.0
 71
     0
 42
0.2
  3

  4

1001
ACAD
1000
Verdana
1071
       34
  0
ENDTAB
  0
TABLE
  2
VIEW
  5
6
330
0
100
AcDbSymbolTable
 70
     0
  0
ENDTAB
  0
TABLE
  2
UCS
  5
7
330
0
100
AcDbSymbolTable
 70
     0
  0
ENDTAB
  0
TABLE
  2
APPID
  5
9
330
0
100
AcDbSymbolTable
 70
     2
  0
APPID
  5
12
330
9
100
AcDbSymbolTableRecord
100
AcDbRegAppTableRecord
  2
ACAD
 70
     0
  0
APPID
  5
1000076A
330
9
100
AcDbSymbolTableRecord
100
AcDbRegAppTableRecord
  2
ACAD_MLEADERVER
 70
     0
  0
ENDTAB
  0
TABLE
  2
DIMSTYLE
  5
A
330
0
100
AcDbSymbolTable
 70
     1
  0
DIMSTYLE
105
27
330
A
100
AcDbSymbolTableRecord
100
AcDbDimStyleTableRecord
  2
STANDARD
 70
     0
  3

  4

  5

  6

  7

 40
1.0
 41
0.18
 42
0.0625
 43
0.38
 44
0.18
 45
0.0
 46
0.0
 47
0.0
 48
0.0
140
0.18
141
0.09
142
0.0
143
25.4
144
1.0
145
0.0
146
1.0
147
0.09
 71
     0
 72
     0
 73
     1
 74
     1
 75
     0
 76
     0
 77
     0
 78
     0
170
     0
171
     2
172
     0
173
     0
174
     0
175
     0
176
     0
177
     0
178
     0
270
     2
271
     4
272
     4
273
     2
274
     2
340
11
275
     0
280
     0
281
     0
282
     0
283
     1
284
     0
285
     0
286
     0
287
     3
288
     0
  0
ENDTAB
  0
TABLE
  2
BLOCK_RECORD
  5
1
330
0
100
AcDbSymbolTable
 70
     0
  0
BLOCK_RECORD
  5
1F
102
{ACAD_XDICTIONARY
360
10000735
102
}
330
1
100
AcDbSymbolTableRecord
100
AcDbBlockTableRecord
  2
*MODEL_SPACE
  0
BLOCK_RECORD
  5
1B
330
1
100
AcDbSymbolTableRecord
100
AcDbBlockTableRecord
  2
*PAPER_SPACE
  0
ENDTAB
  0
ENDSEC
  0
SECTION
  2
BLOCKS
  0
BLOCK
  5
20
330
1F
100
AcDbEntity
  8
0
100
AcDbBlockBegin
  2
*MODEL_SPACE
 70
     0
 10
0.0
 20
0.0
 30
0.0
  3
*MODEL_SPACE
  1

  0
ENDBLK
  5
21
330
1F
100
AcDbEntity
  8
0
100
AcDbBlockEnd
  0
BLOCK
  5
1C
330
1B
100
AcDbEntity
 67
     1
  8
0
100
AcDbBlockBegin
  2
*PAPER_SPACE
 70
     0
 10
0.0
 20
0.0
 30
0.0
  3
*PAPER_SPACE
  1

  0
ENDBLK
  5
1D
330
1B
100
AcDbEntity
 67
     1
  8
0
100
AcDbBlockEnd
  0
ENDSEC
  0
SECTION
  2
ENTITIES
  0
LINE
  5
10000059
102
{ACAD_XDICTIONARY
360
1000005A
102
}
330
1F
100
AcDbEntity
  8
VISIBLE
100
AcDbLine
 10
1.297530236220474
 20
-6.374362440944885
 30
0.0
 11
1.296776929133859
 21
-6.3742125984252
 31
0.0
  0
LINE
  5
1000005D
102
{ACAD_XDICTIONARY
360
1000005E
102
}
330
1F
100
AcDbEntity
  8
VISIBLE
100
AcDbLine
 10
1.297530236220474
 20
-6.374362440944885
 30
0.0
 11
2.047530236220473
 21
-6.374362440944885
 31
0.0
  0
LINE
  5
10000061
102
{ACAD_XDICTIONARY
360
10000062
102
}
330
1F
100
AcDbEntity
  8
VISIBLE
100
AcDbLine
 10
2.048283543307087
 20
-6.3742125984252
 30
0.0
 11
2.047530236220473
 21
-6.374362440944885
 31
0.0
  0
LINE
  5
10000065
102
{ACAD_XDICTIONARY
360
10000066
102
}
330
1F
100
AcDbEntity
  8
VISIBLE
100
AcDbLine
 10
2.049348897637796
 20
-6.373147244094491
 30
0.0
 11
2.048283543307087
 21
-6.3742125984252
 31
0.0
  0
LINE
  5
10000069
102
{ACAD_XDICTIONARY
360
1000006A
102
}
330
1F
100
AcDbEntity
  8
VISIBLE
100
AcDbLine
 10
2.049498740157481
 20
-6.372393937007875
 30
0.0
 11
2.049348897637796
 21
-6.373147244094491
 31
0.0
  0
LINE
  5
1000006D
102
{ACAD_XDICTIONARY
360
1000006E
102
}
330
1F
100
AcDbEntity
  8
VISIBLE
100
AcDbLine
 10
2.049498740157481
 20
-6.372393937007875
 30
0.0
 11
2.049498740157481
 21
-6.186862440944885
 31
0.0
  0
LINE
  5
10000071
102
{ACAD_XDICTIONARY
360
10000072
102
}
330
1F
100
AcDbEntity
  8
VISIBLE
100
AcDbLine
 10
2.049498740157481
 20
-6.186862440944885
 30
0.0
 11
2.797530236220473
 21
-6.186862440944885
 31
0.0
  0
LINE
  5
10000075
102
{ACAD_XDICTIONARY
360
10000076
102
}
330
1F
100
AcDbEntity
  8
VISIBLE
100
AcDbLine
 10
2.798283543307088
 20
-6.186712598425197
 30
0.0
 11
2.797530236220473
 21
-6.186862440944885
 31
0.0
  0
LINE
  5
10000079
102
{ACAD_XDICTIONARY
360
1000007A
102
}
330
1F
100
AcDbEntity
  8
VISIBLE
100
AcDbLine
 10
2.799348897637796
 20
-6.185647244094491
 30
0.0
 11
2.798283543307088
 21
-6.186712598425197
 31
0.0
  0
LINE
  5
1000007D
102
{ACAD_XDICTIONARY
360
1000007E
102
}
330
1F
100
AcDbEntity
  8
VISIBLE
100
AcDbLine
 10
2.799498740157481
 20
-6.184893937007877
 30
0.0
 11
2.799348897637796
 21
-6.185647244094491
 31
0.0
  0
LINE
  5
10000081
102
{ACAD_XDICTIONARY
360
10000082
102
}
330
1F
100
AcDbEntity
  8
VISIBLE
100
AcDbLine
 10
2.799498740157481
 20
-6.184893937007877
 30
0.0
 11
2.799498740157481
 21
-5.999362440944885
 31
0.0
  0
LINE
  5
10000085
102
{ACAD_XDICTIONARY
360
10000086
102
}
330
1F
100
AcDbEntity
  8
VISIBLE
100
AcDbLine
 10
2.799498740157481
 20
-5.999362440944885
 30
0.0
 11
4.295561732283465
 21
-5.999362440944885
 31
0.0
  0
LINE
  5
10000089
102
{ACAD_XDICTIONARY
360
1000008A
102
}
330
1F
100
AcDbEntity
  8
VISIBLE
100
AcDbLine
 10
4.295561732283465
 20
-5.999362440944885
 30
0.0
 11
4.295561732283465
 21
-6.184893937007877
 31
0.0
  0
LINE
  5
1000008D
102
{ACAD_XDICTIONARY
360
1000008E
102
}
330
1F
100
AcDbEntity
  8
VISIBLE
100
AcDbLine
 10
4.295711574803151
 20
-6.185647244094491
 30
0.0
 11
4.295561732283465
 21
-6.184893937007877
 31
0.0
  0
LINE
  5
10000091
102
{ACAD_XDICTIONARY
360
10000092
102
}
330
1F
100
AcDbEntity
  8
VISIBLE
100
AcDbLine
 10
4.296776929133859
 20
-6.186712598425197
 30
0.0
 11
4.295711574803151
 21
-6.185647244094491
 31
0.0
  0
LINE
  5
10000095
102
{ACAD_XDICTIONARY
360
10000096
102
}
330
1F
100
AcDbEntity
  8
VISIBLE
100
AcDbLine
 10
4.297530236220476
 20
-6.186862440944885
 30
0.0
 11
4.296776929133859
 21
-6.186712598425197
 31
0.0
  0
LINE
  5
10000099
102
{ACAD_XDICTIONARY
360
1000009A
102
}
330
1F
100
AcDbEntity
  8
VISIBLE
100
AcDbLine
 10
4.297530236220476
 20
-6.186862440944885
 30
0.0
 11
5.045561732283465
 21
-6.186862440944885
 31
0.0
  0
LINE
  5
1000009D
102
{ACAD_XDICTIONARY
360
1000009E
102
}
330
1F
100
AcDbEntity
  8
VISIBLE
100
AcDbLine
 10
5.045561732283465
 20
-6.186862440944885
 30
0.0
 11
5.045561732283465
 21
-6.372393937007875
 31
0.0
  0
LINE
  5
100000A1
102
{ACAD_XDICTIONARY
360
100000A2
102
}
330
1F
100
AcDbEntity
  8
VISIBLE
100
AcDbLine
 10
5.045711574803151
 20
-6.373147244094491
 30
0.0
 11
5.045561732283465
 21
-6.372393937007875
 31
0.0
  0
LINE
  5
100000A5
102
{ACAD_XDICTIONARY
360
100000A6
102
}
330
1F
100
AcDbEntity
  8
VISIBLE
100
AcDbLine
 10
5.046776929133859
 20
-6.3742125984252
 30
0.0
 11
5.045711574803151
 21
-6.373147244094491
 31
0.0
  0
LINE
  5
100000A9
102
{ACAD_XDICTIONARY
360
100000AA
102
}
330
1F
100
AcDbEntity
  8
VISIBLE
100
AcDbLine
 10
5.047530236220475
 20
-6.374362440944885
 30
0.0
 11
5.046776929133859
 21
-6.3742125984252
 31
0.0
  0
LINE
  5
100000AD
102
{ACAD_XDICTIONARY
360
100000AE
102
}
330
1F
100
AcDbEntity
  8
VISIBLE
100
AcDbLine
 10
5.047530236220475
 20
-6.374362440944885
 30
0.0
 11
5.797530236220473
 21
-6.374362440944885
 31
0.0
  0
LINE
  5
100000B1
102
{ACAD_XDICTIONARY
360
100000B2
102
}
330
1F
100
AcDbEntity
  8
VISIBLE
100
AcDbLine
 10
5.798283543307088
 20
-6.3742125984252
 30
0.0
 11
5.797530236220473
 21
-6.374362440944885
 31
0.0
  0
LINE
  5
100000B5
102
{ACAD_XDICTIONARY
360
100000B6
102
}
330
1F
100
AcDbEntity
  8
VISIBLE
100
AcDbLine
 10
5.799348897637796
 20
-6.373147244094491
 30
0.0
 11
5.798283543307088
 21
-6.3742125984252
 31
0.0
  0
LINE
  5
100000B9
102
{ACAD_XDICTIONARY
360
100000BA
102
}
330
1F
100
AcDbEntity
  8
VISIBLE
100
AcDbLine
 10
5.799498740157481
 20
-6.372393937007875
 30
0.0
 11
5.799348897637796
 21
-6.373147244094491
 31
0.0
  0
LINE
  5
100000BD
102
{ACAD_XDICTIONARY
360
100000BE
102
}
330
1F
100
AcDbEntity
  8
VISIBLE
100
AcDbLine
 10
5.799498740157481
 20
-6.372393937007875
 30
0.0
 11
5.799498740157481
 21
-4.874362440944884
 31
0.0
  0
LINE
  5
100000C1
102
{ACAD_XDICTIONARY
360
100000C2
102
}
330
1F
100
AcDbEntity
  8
VISIBLE
100
AcDbLine
 10
5.799498740157481
 20
-4.874362440944884
 30
0.0
 11
5.799498740157481
 21
-3.370425433070868
 31
0.0
  0
LINE
  5
100000C5
102
{ACAD_XDICTIONARY
360
100000C6
102
}
330
1F
100
AcDbEntity
  8
VISIBLE
100
AcDbLine
 10
5.799498740157481
 20
-3.370425433070868
 30
0.0
 11
5.640361293303092
 21
-3.370425433070868
 31
0.0
  0
LINE
  5
100000C9
102
{ACAD_XDICTIONARY
360
100000CA
102
}
330
1F
100
AcDbEntity
  8
VISIBLE
100
AcDbLine
 10
5.640361293303092
 20
-3.370425433070868
 30
0.0
 11
5.049498740157481
 21
-3.370425433070868
 31
0.0
  0
LINE
  5
100000CD
102
{ACAD_XDICTIONARY
360
100000CE
102
}
330
1F
100
AcDbEntity
  8
VISIBLE
100
AcDbLine
 10
5.049498740157481
 20
-3.370425433070868
 30
0.0
 11
5.049498740157481
 21
-3.184893937007875
 31
0.0
  0
LINE
  5
100000D1
102
{ACAD_XDICTIONARY
360
100000D2
102
}
330
1F
100
AcDbEntity
  8
VISIBLE
100
AcDbLine
 10
5.049348897637796
 20
-3.184140629921262
 30
0.0
 11
5.049498740157481
 21
-3.184893937007875
 31
0.0
  0
LINE
  5
100000D5
102
{ACAD_XDICTIONARY
360
100000D6
102
}
330
1F
100
AcDbEntity
  8
VISIBLE
100
AcDbLine
 10
5.048283543307088
 20
-3.183075275590553
 30
0.0
 11
5.049348897637796
 21
-3.184140629921262
 31
0.0
  0
LINE
  5
100000D9
102
{ACAD_XDICTIONARY
360
100000DA
102
}
330
1F
100
AcDbEntity
  8
VISIBLE
100
AcDbLine
 10
5.047530236220474
 20
-3.182925433070868
 30
0.0
 11
5.048283543307088
 21
-3.183075275590553
 31
0.0
  0
LINE
  5
100000DD
102
{ACAD_XDICTIONARY
360
100000DE
102
}
330
1F
100
AcDbEntity
  8
VISIBLE
100
AcDbLine
 10
5.047530236220474
 20
-3.182925433070868
 30
0.0
 11
4.299498740157482
 21
-3.182925433070868
 31
0.0
  0
LINE
  5
100000E1
102
{ACAD_XDICTIONARY
360
100000E2
102
}
330
1F
100
AcDbEntity
  8
VISIBLE
100
AcDbLine
 10
4.299498740157482
 20
-3.182925433070868
 30
0.0
 11
4.299498740157482
 21
-2.997393937007876
 31
0.0
  0
LINE
  5
100000E5
102
{ACAD_XDICTIONARY
360
100000E6
102
}
330
1F
100
AcDbEntity
  8
VISIBLE
100
AcDbLine
 10
4.299348897637796
 20
-2.996640629921262
 30
0.0
 11
4.299498740157482
 21
-2.997393937007876
 31
0.0
  0
LINE
  5
100000E9
102
{ACAD_XDICTIONARY
360
100000EA
102
}
330
1F
100
AcDbEntity
  8
VISIBLE
100
AcDbLine
 10
4.298283543307088
 20
-2.995575275590554
 30
0.0
 11
4.299348897637796
 21
-2.996640629921262
 31
0.0
  0
LINE
  5
100000ED
102
{ACAD_XDICTIONARY
360
100000EE
102
}
330
1F
100
AcDbEntity
  8
VISIBLE
100
AcDbLine
 10
4.297530236220473
 20
-2.995425433070868
 30
0.0
 11
4.298283543307088
 21
-2.995575275590554
 31
0.0
  0
LINE
  5
100000F1
102
{ACAD_XDICTIONARY
360
100000F2
102
}
330
1F
100
AcDbEntity
  8
VISIBLE
100
AcDbLine
 10
4.297530236220473
 20
-2.995425433070868
 30
0.0
 11
2.797530236220473
 21
-2.995425433070868
 31
0.0
  0
LINE
  5
100000F5
102
{ACAD_XDICTIONARY
360
100000F6
102
}
330
1F
100
AcDbEntity
  8
VISIBLE
100
AcDbLine
 10
2.79677692913386
 20
-2.995575275590554
 30
0.0
 11
2.797530236220473
 21
-2.995425433070868
 31
0.0
  0
LINE
  5
100000F9
102
{ACAD_XDICTIONARY
360
100000FA
102
}
330
1F
100
AcDbEntity
  8
VISIBLE
100
AcDbLine
 10
2.795711574803151
 20
-2.996640629921262
 30
0.0
 11
2.79677692913386
 21
-2.995575275590554
 31
0.0
  0
LINE
  5
100000FD
102
{ACAD_XDICTIONARY
360
100000FE
102
}
330
1F
100
AcDbEntity
  8
VISIBLE
100
AcDbLine
 10
2.795561732283466
 20
-2.997393937007876
 30
0.0
 11
2.795711574803151
 21
-2.996640629921262
 31
0.0
  0
LINE
  5
10000101
102
{ACAD_XDICTIONARY
360
10000102
102
}
330
1F
100
AcDbEntity
  8
VISIBLE
100
AcDbLine
 10
2.795561732283466
 20
-2.997393937007876
 30
0.0
 11
2.795561732283466
 21
-3.182925433070868
 31
0.0
  0
LINE
  5
10000105
102
{ACAD_XDICTIONARY
360
10000106
102
}
330
1F
100
AcDbEntity
  8
VISIBLE
100
AcDbLine
 10
2.795561732283466
 20
-3.182925433070868
 30
0.0
 11
2.047530236220473
 21
-3.182925433070868
 31
0.0
  0
LINE
  5
10000109
102
{ACAD_XDICTIONARY
360
1000010A
102
}
330
1F
100
AcDbEntity
  8
VISIBLE
100
AcDbLine
 10
2.04677692913386
 20
-3.183075275590552
 30
0.0
 11
2.047530236220473
 21
-3.182925433070868
 31
0.0
  0
LINE
  5
1000010D
102
{ACAD_XDICTIONARY
360
1000010E
102
}
330
1F
100
AcDbEntity
  8
VISIBLE
100
AcDbLine
 10
2.045711574803151
 20
-3.184140629921262
 30
0.0
 11
2.04677692913386
 21
-3.183075275590552
 31
0.0
  0
LINE
  5
10000111
102
{ACAD_XDICTIONARY
360
10000112
102
}
330
1F
100
AcDbEntity
  8
VISIBLE
100
AcDbLine
 10
2.045561732283466
 20
-3.184893937007875
 30
0.0
 11
2.045711574803151
 21
-3.184140629921262
 31
0.0
  0
LINE
  5
10000115
102
{ACAD_XDICTIONARY
360
10000116
102
}
330
1F
100
AcDbEntity
  8
VISIBLE
100
AcDbLine
 10
2.045561732283466
 20
-3.184893937007875
 30
0.0
 11
2.045561732283466
 21
-3.370425433070868
 31
0.0
  0
LINE
  5
10000119
102
{ACAD_XDICTIONARY
360
1000011A
102
}
330
1F
100
AcDbEntity
  8
VISIBLE
100
AcDbLine
 10
1.297530236220474
 20
-3.370425433070868
 30
0.0
 11
2.045561732283466
 21
-3.370425433070868
 31
0.0
  0
LINE
  5
1000011D
102
{ACAD_XDICTIONARY
360
1000011E
102
}
330
1F
100
AcDbEntity
  8
VISIBLE
100
AcDbLine
 10
1.296776929133859
 20
-3.370575275590553
 30
0.0
 11
1.297530236220474
 21
-3.370425433070868
 31
0.0
  0
LINE
  5
10000121
102
{ACAD_XDICTIONARY
360
10000122
102
}
330
1F
100
AcDbEntity
  8
VISIBLE
100
AcDbLine
 10
1.29571157480315
 20
-3.371640629921262
 30
0.0
 11
1.296776929133859
 21
-3.370575275590553
 31
0.0
  0
LINE
  5
10000125
102
{ACAD_XDICTIONARY
360
10000126
102
}
330
1F
100
AcDbEntity
  8
VISIBLE
100
AcDbLine
 10
1.295561732283465
 20
-3.372393937007876
 30
0.0
 11
1.29571157480315
 21
-3.371640629921262
 31
0.0
  0
LINE
  5
10000129
102
{ACAD_XDICTIONARY
360
1000012A
102
}
330
1F
100
AcDbEntity
  8
VISIBLE
100
AcDbLine
 10
1.295561732283465
 20
-3.372393937007876
 30
0.0
 11
1.295561732283465
 21
-6.372393937007875
 31
0.0
  0
LINE
  5
1000012D
102
{ACAD_XDICTIONARY
360
1000012E
102
}
330
1F
100
AcDbEntity
  8
VISIBLE
100
AcDbLine
 10
1.29571157480315
 20
-6.373147244094491
 30
0.0
 11
1.295561732283465
 21
-6.372393937007875
 31
0.0
  0
LINE
  5
10000131
102
{ACAD_XDICTIONARY
360
10000132
102
}
330
1F
100
AcDbEntity
  8
VISIBLE
100
AcDbLine
 10
1.296776929133859
 20
-6.3742125984252
 30
0.0
 11
1.29571157480315
 21
-6.373147244094491
 31
0.0
  0
LINE
  5
10000135
102
{ACAD_XDICTIONARY
360
10000136
102
}
330
1F
100
AcDbEntity
  8
VISIBLE
100
AcDbLine
 10
1.957963307086616
 20
-5.709992362204726
 30
0.0
 11
1.95871661417323
 21
-5.710142204724411
 31
0.0
  0
LINE
  5
10000139
102
{ACAD_XDICTIONARY
360
1000013A
102
}
330
1F
100
AcDbEntity
  8
VISIBLE
100
AcDbLine
 10
1.95871661417323
 20
-5.710142204724411
 30
0.0
 11
1.959781968503938
 21
-5.71120755905512
 31
0.0
  0
LINE
  5
1000013D
102
{ACAD_XDICTIONARY
360
1000013E
102
}
330
1F
100
AcDbEntity
  8
VISIBLE
100
AcDbLine
 10
1.959781968503938
 20
-5.71120755905512
 30
0.0
 11
1.959931811023623
 21
-5.711960866141734
 31
0.0
  0
LINE
  5
10000141
102
{ACAD_XDICTIONARY
360
10000142
102
}
330
1F
100
AcDbEntity
  8
VISIBLE
100
AcDbLine
 10
1.959931811023623
 20
-5.711960866141734
 30
0.0
 11
1.959931811023623
 21
-6.282827007874018
 31
0.0
  0
LINE
  5
10000145
102
{ACAD_XDICTIONARY
360
10000146
102
}
330
1F
100
AcDbEntity
  8
VISIBLE
100
AcDbLine
 10
1.959931811023623
 20
-6.282827007874018
 30
0.0
 11
1.959781968503938
 21
-6.283580314960632
 31
0.0
  0
LINE
  5
10000149
102
{ACAD_XDICTIONARY
360
1000014A
102
}
330
1F
100
AcDbEntity
  8
VISIBLE
100
AcDbLine
 10
1.959781968503938
 20
-6.283580314960632
 30
0.0
 11
1.95871661417323
 21
-6.284645669291341
 31
0.0
  0
LINE
  5
1000014D
102
{ACAD_XDICTIONARY
360
1000014E
102
}
330
1F
100
AcDbEntity
  8
VISIBLE
100
AcDbLine
 10
1.95871661417323
 20
-6.284645669291341
 30
0.0
 11
1.957963307086616
 21
-6.284795511811025
 31
0.0
  0
LINE
  5
10000151
102
{ACAD_XDICTIONARY
360
10000152
102
}
330
1F
100
AcDbEntity
  8
VISIBLE
100
AcDbLine
 10
1.957963307086616
 20
-6.284795511811025
 30
0.0
 11
1.387097165354332
 21
-6.284795511811025
 31
0.0
  0
LINE
  5
10000155
102
{ACAD_XDICTIONARY
360
10000156
102
}
330
1F
100
AcDbEntity
  8
VISIBLE
100
AcDbLine
 10
1.387097165354332
 20
-6.284795511811025
 30
0.0
 11
1.386343858267718
 21
-6.284645669291341
 31
0.0
  0
LINE
  5
10000159
102
{ACAD_XDICTIONARY
360
1000015A
102
}
330
1F
100
AcDbEntity
  8
VISIBLE
100
AcDbLine
 10
1.386343858267718
 20
-6.284645669291341
 30
0.0
 11
1.385278503937008
 21
-6.283580314960632
 31
0.0
  0
LINE
  5
1000015D
102
{ACAD_XDICTIONARY
360
1000015E
102
}
330
1F
100
AcDbEntity
  8
VISIBLE
100
AcDbLine
 10
1.385278503937008
 20
-6.283580314960632
 30
0.0
 11
1.385128661417323
 21
-6.282827007874018
 31
0.0
  0
LINE
  5
10000161
102
{ACAD_XDICTIONARY
360
10000162
102
}
330
1F
100
AcDbEntity
  8
VISIBLE
100
AcDbLine
 10
1.385128661417323
 20
-6.282827007874018
 30
0.0
 11
1.385128661417323
 21
-5.711960866141734
 31
0.0
  0
LINE
  5
10000165
102
{ACAD_XDICTIONARY
360
10000166
102
}
330
1F
100
AcDbEntity
  8
VISIBLE
100
AcDbLine
 10
1.385128661417323
 20
-5.711960866141734
 30
0.0
 11
1.385278503937008
 21
-5.71120755905512
 31
0.0
  0
LINE
  5
10000169
102
{ACAD_XDICTIONARY
360
1000016A
102
}
330
1F
100
AcDbEntity
  8
VISIBLE
100
AcDbLine
 10
1.385278503937008
 20
-5.71120755905512
 30
0.0
 11
1.386343858267718
 21
-5.710142204724411
 31
0.0
  0
LINE
  5
1000016D
102
{ACAD_XDICTIONARY
360
1000016E
102
}
330
1F
100
AcDbEntity
  8
VISIBLE
100
AcDbLine
 10
1.386343858267718
 20
-5.710142204724411
 30
0.0
 11
1.387097165354332
 21
-5.709992362204726
 31
0.0
  0
LINE
  5
10000171
102
{ACAD_XDICTIONARY
360
10000172
102
}
330
1F
100
AcDbEntity
  8
VISIBLE
100
AcDbLine
 10
1.387097165354332
 20
-5.709992362204726
 30
0.0
 11
1.957963307086616
 21
-5.709992362204726
 31
0.0
  0
LINE
  5
10000175
102
{ACAD_XDICTIONARY
360
10000176
102
}
330
1F
100
AcDbEntity
  8
VISIBLE
100
AcDbLine
 10
2.707963307086616
 20
-5.522492362204726
 30
0.0
 11
2.70871661417323
 21
-5.522642204724411
 31
0.0
  0
LINE
  5
10000179
102
{ACAD_XDICTIONARY
360
1000017A
102
}
330
1F
100
AcDbEntity
  8
VISIBLE
100
AcDbLine
 10
2.70871661417323
 20
-5.522642204724411
 30
0.0
 11
2.709781968503938
 21
-5.52370755905512
 31
0.0
  0
LINE
  5
1000017D
102
{ACAD_XDICTIONARY
360
1000017E
102
}
330
1F
100
AcDbEntity
  8
VISIBLE
100
AcDbLine
 10
2.709781968503938
 20
-5.52370755905512
 30
0.0
 11
2.709931811023623
 21
-5.524460866141734
 31
0.0
  0
LINE
  5
10000181
102
{ACAD_XDICTIONARY
360
10000182
102
}
330
1F
100
AcDbEntity
  8
VISIBLE
100
AcDbLine
 10
2.709931811023623
 20
-5.524460866141734
 30
0.0
 11
2.709931811023623
 21
-6.095327007874018
 31
0.0
  0
LINE
  5
10000185
102
{ACAD_XDICTIONARY
360
10000186
102
}
330
1F
100
AcDbEntity
  8
VISIBLE
100
AcDbLine
 10
2.709931811023623
 20
-6.095327007874018
 30
0.0
 11
2.709781968503938
 21
-6.096080314960633
 31
0.0
  0
LINE
  5
10000189
102
{ACAD_XDICTIONARY
360
1000018A
102
}
330
1F
100
AcDbEntity
  8
VISIBLE
100
AcDbLine
 10
2.709781968503938
 20
-6.096080314960633
 30
0.0
 11
2.70871661417323
 21
-6.097145669291341
 31
0.0
  0
LINE
  5
1000018D
102
{ACAD_XDICTIONARY
360
1000018E
102
}
330
1F
100
AcDbEntity
  8
VISIBLE
100
AcDbLine
 10
2.70871661417323
 20
-6.097145669291341
 30
0.0
 11
2.707963307086616
 21
-6.097295511811025
 31
0.0
  0
LINE
  5
10000191
102
{ACAD_XDICTIONARY
360
10000192
102
}
330
1F
100
AcDbEntity
  8
VISIBLE
100
AcDbLine
 10
2.707963307086616
 20
-6.097295511811025
 30
0.0
 11
2.137097165354332
 21
-6.097295511811025
 31
0.0
  0
LINE
  5
10000195
102
{ACAD_XDICTIONARY
360
10000196
102
}
330
1F
100
AcDbEntity
  8
VISIBLE
100
AcDbLine
 10
2.137097165354332
 20
-6.097295511811025
 30
0.0
 11
2.136343858267717
 21
-6.097145669291341
 31
0.0
  0
LINE
  5
10000199
102
{ACAD_XDICTIONARY
360
1000019A
102
}
330
1F
100
AcDbEntity
  8
VISIBLE
100
AcDbLine
 10
2.136343858267717
 20
-6.097145669291341
 30
0.0
 11
2.135278503937009
 21
-6.096080314960633
 31
0.0
  0
LINE
  5
1000019D
102
{ACAD_XDICTIONARY
360
1000019E
102
}
330
1F
100
AcDbEntity
  8
VISIBLE
100
AcDbLine
 10
2.135278503937009
 20
-6.096080314960633
 30
0.0
 11
2.135128661417324
 21
-6.095327007874018
 31
0.0
  0
LINE
  5
100001A1
102
{ACAD_XDICTIONARY
360
100001A2
102
}
330
1F
100
AcDbEntity
  8
VISIBLE
100
AcDbLine
 10
2.135128661417324
 20
-6.095327007874018
 30
0.0
 11
2.135128661417324
 21
-5.524460866141734
 31
0.0
  0
LINE
  5
100001A5
102
{ACAD_XDICTIONARY
360
100001A6
102
}
330
1F
100
AcDbEntity
  8
VISIBLE
100
AcDbLine
 10
2.135128661417324
 20
-5.524460866141734
 30
0.0
 11
2.135278503937009
 21
-5.52370755905512
 31
0.0
  0
LINE
  5
100001A9
102
{ACAD_XDICTIONARY
360
100001AA
102
}
330
1F
100
AcDbEntity
  8
VISIBLE
100
AcDbLine
 10
2.135278503937009
 20
-5.52370755905512
 30
0.0
 11
2.136343858267717
 21
-5.522642204724411
 31
0.0
  0
LINE
  5
100001AD
102
{ACAD_XDICTIONARY
360
100001AE
102
}
330
1F
100
AcDbEntity
  8
VISIBLE
100
AcDbLine
 10
2.136343858267717
 20
-5.522642204724411
 30
0.0
 11
2.137097165354332
 21
-5.522492362204726
 31
0.0
  0
LINE
  5
100001B1
102
{ACAD_XDICTIONARY
360
100001B2
102
}
330
1F
100
AcDbEntity
  8
VISIBLE
100
AcDbLine
 10
2.137097165354332
 20
-5.522492362204726
 30
0.0
 11
2.707963307086616
 21
-5.522492362204726
 31
0.0
  0
LINE
  5
100001B5
102
{ACAD_XDICTIONARY
360
100001B6
102
}
330
1F
100
AcDbEntity
  8
VISIBLE
100
AcDbLine
 10
3.457963307086616
 20
-5.334992362204726
 30
0.0
 11
3.45871661417323
 21
-5.335142204724411
 31
0.0
  0
LINE
  5
100001B9
102
{ACAD_XDICTIONARY
360
100001BA
102
}
330
1F
100
AcDbEntity
  8
VISIBLE
100
AcDbLine
 10
3.45871661417323
 20
-5.335142204724411
 30
0.0
 11
3.459781968503938
 21
-5.33620755905512
 31
0.0
  0
LINE
  5
100001BD
102
{ACAD_XDICTIONARY
360
100001BE
102
}
330
1F
100
AcDbEntity
  8
VISIBLE
100
AcDbLine
 10
3.459781968503938
 20
-5.33620755905512
 30
0.0
 11
3.459931811023623
 21
-5.336960866141734
 31
0.0
  0
LINE
  5
100001C1
102
{ACAD_XDICTIONARY
360
100001C2
102
}
330
1F
100
AcDbEntity
  8
VISIBLE
100
AcDbLine
 10
3.459931811023623
 20
-5.336960866141734
 30
0.0
 11
3.459931811023623
 21
-5.907827007874018
 31
0.0
  0
LINE
  5
100001C5
102
{ACAD_XDICTIONARY
360
100001C6
102
}
330
1F
100
AcDbEntity
  8
VISIBLE
100
AcDbLine
 10
3.459931811023623
 20
-5.907827007874018
 30
0.0
 11
3.459781968503938
 21
-5.908580314960631
 31
0.0
  0
LINE
  5
100001C9
102
{ACAD_XDICTIONARY
360
100001CA
102
}
330
1F
100
AcDbEntity
  8
VISIBLE
100
AcDbLine
 10
3.459781968503938
 20
-5.908580314960631
 30
0.0
 11
3.45871661417323
 21
-5.909645669291341
 31
0.0
  0
LINE
  5
100001CD
102
{ACAD_XDICTIONARY
360
100001CE
102
}
330
1F
100
AcDbEntity
  8
VISIBLE
100
AcDbLine
 10
3.45871661417323
 20
-5.909645669291341
 30
0.0
 11
3.457963307086616
 21
-5.909795511811025
 31
0.0
  0
LINE
  5
100001D1
102
{ACAD_XDICTIONARY
360
100001D2
102
}
330
1F
100
AcDbEntity
  8
VISIBLE
100
AcDbLine
 10
3.457963307086616
 20
-5.909795511811025
 30
0.0
 11
2.887097165354332
 21
-5.909795511811025
 31
0.0
  0
LINE
  5
100001D5
102
{ACAD_XDICTIONARY
360
100001D6
102
}
330
1F
100
AcDbEntity
  8
VISIBLE
100
AcDbLine
 10
2.887097165354332
 20
-5.909795511811025
 30
0.0
 11
2.886343858267717
 21
-5.909645669291341
 31
0.0
  0
LINE
  5
100001D9
102
{ACAD_XDICTIONARY
360
100001DA
102
}
330
1F
100
AcDbEntity
  8
VISIBLE
100
AcDbLine
 10
2.886343858267717
 20
-5.909645669291341
 30
0.0
 11
2.885278503937009
 21
-5.908580314960631
 31
0.0
  0
LINE
  5
100001DD
102
{ACAD_XDICTIONARY
360
100001DE
102
}
330
1F
100
AcDbEntity
  8
VISIBLE
100
AcDbLine
 10
2.885278503937009
 20
-5.908580314960631
 30
0.0
 11
2.885128661417323
 21
-5.907827007874018
 31
0.0
  0
LINE
  5
100001E1
102
{ACAD_XDICTIONARY
360
100001E2
102
}
330
1F
100
AcDbEntity
  8
VISIBLE
100
AcDbLine
 10
2.885128661417323
 20
-5.907827007874018
 30
0.0
 11
2.885128661417323
 21
-5.336960866141734
 31
0.0
  0
LINE
  5
100001E5
102
{ACAD_XDICTIONARY
360
100001E6
102
}
330
1F
100
AcDbEntity
  8
VISIBLE
100
AcDbLine
 10
2.885128661417323
 20
-5.336960866141734
 30
0.0
 11
2.885278503937009
 21
-5.33620755905512
 31
0.0
  0
LINE
  5
100001E9
102
{ACAD_XDICTIONARY
360
100001EA
102
}
330
1F
100
AcDbEntity
  8
VISIBLE
100
AcDbLine
 10
2.885278503937009
 20
-5.33620755905512
 30
0.0
 11
2.886343858267717
 21
-5.335142204724411
 31
0.0
  0
LINE
  5
100001ED
102
{ACAD_XDICTIONARY
360
100001EE
102
}
330
1F
100
AcDbEntity
  8
VISIBLE
100
AcDbLine
 10
2.886343858267717
 20
-5.335142204724411
 30
0.0
 11
2.887097165354332
 21
-5.334992362204726
 31
0.0
  0
LINE
  5
100001F1
102
{ACAD_XDICTIONARY
360
100001F2
102
}
330
1F
100
AcDbEntity
  8
VISIBLE
100
AcDbLine
 10
2.887097165354332
 20
-5.334992362204726
 30
0.0
 11
3.457963307086616
 21
-5.334992362204726
 31
0.0
  0
LINE
  5
100001F5
102
{ACAD_XDICTIONARY
360
100001F6
102
}
330
1F
100
AcDbEntity
  8
VISIBLE
100
AcDbLine
 10
1.957963307086616
 20
-4.959992362204726
 30
0.0
 11
1.95871661417323
 21
-4.960142204724411
 31
0.0
  0
LINE
  5
100001F9
102
{ACAD_XDICTIONARY
360
100001FA
102
}
330
1F
100
AcDbEntity
  8
VISIBLE
100
AcDbLine
 10
1.95871661417323
 20
-4.960142204724411
 30
0.0
 11
1.959781968503938
 21
-4.96120755905512
 31
0.0
  0
LINE
  5
100001FD
102
{ACAD_XDICTIONARY
360
100001FE
102
}
330
1F
100
AcDbEntity
  8
VISIBLE
100
AcDbLine
 10
1.959781968503938
 20
-4.96120755905512
 30
0.0
 11
1.959931811023623
 21
-4.961960866141734
 31
0.0
  0
LINE
  5
10000201
102
{ACAD_XDICTIONARY
360
10000202
102
}
330
1F
100
AcDbEntity
  8
VISIBLE
100
AcDbLine
 10
1.959931811023623
 20
-4.961960866141734
 30
0.0
 11
1.959931811023623
 21
-5.532827007874017
 31
0.0
  0
LINE
  5
10000205
102
{ACAD_XDICTIONARY
360
10000206
102
}
330
1F
100
AcDbEntity
  8
VISIBLE
100
AcDbLine
 10
1.959931811023623
 20
-5.532827007874017
 30
0.0
 11
1.959781968503938
 21
-5.533580314960633
 31
0.0
  0
LINE
  5
10000209
102
{ACAD_XDICTIONARY
360
1000020A
102
}
330
1F
100
AcDbEntity
  8
VISIBLE
100
AcDbLine
 10
1.959781968503938
 20
-5.533580314960633
 30
0.0
 11
1.95871661417323
 21
-5.53464566929134
 31
0.0
  0
LINE
  5
1000020D
102
{ACAD_XDICTIONARY
360
1000020E
102
}
330
1F
100
AcDbEntity
  8
VISIBLE
100
AcDbLine
 10
1.95871661417323
 20
-5.53464566929134
 30
0.0
 11
1.957963307086616
 21
-5.534795511811027
 31
0.0
  0
LINE
  5
10000211
102
{ACAD_XDICTIONARY
360
10000212
102
}
330
1F
100
AcDbEntity
  8
VISIBLE
100
AcDbLine
 10
1.957963307086616
 20
-5.534795511811027
 30
0.0
 11
1.387097165354332
 21
-5.534795511811027
 31
0.0
  0
LINE
  5
10000215
102
{ACAD_XDICTIONARY
360
10000216
102
}
330
1F
100
AcDbEntity
  8
VISIBLE
100
AcDbLine
 10
1.387097165354332
 20
-5.534795511811027
 30
0.0
 11
1.386343858267718
 21
-5.53464566929134
 31
0.0
  0
LINE
  5
10000219
102
{ACAD_XDICTIONARY
360
1000021A
102
}
330
1F
100
AcDbEntity
  8
VISIBLE
100
AcDbLine
 10
1.386343858267718
 20
-5.53464566929134
 30
0.0
 11
1.385278503937008
 21
-5.533580314960633
 31
0.0
  0
LINE
  5
1000021D
102
{ACAD_XDICTIONARY
360
1000021E
102
}
330
1F
100
AcDbEntity
  8
VISIBLE
100
AcDbLine
 10
1.385278503937008
 20
-5.533580314960633
 30
0.0
 11
1.385128661417323
 21
-5.532827007874017
 31
0.0
  0
LINE
  5
10000221
102
{ACAD_XDICTIONARY
360
10000222
102
}
330
1F
100
AcDbEntity
  8
VISIBLE
100
AcDbLine
 10
1.385128661417323
 20
-5.532827007874017
 30
0.0
 11
1.385128661417323
 21
-4.961960866141734
 31
0.0
  0
LINE
  5
10000225
102
{ACAD_XDICTIONARY
360
10000226
102
}
330
1F
100
AcDbEntity
  8
VISIBLE
100
AcDbLine
 10
1.385128661417323
 20
-4.961960866141734
 30
0.0
 11
1.385278503937008
 21
-4.96120755905512
 31
0.0
  0
LINE
  5
10000229
102
{ACAD_XDICTIONARY
360
1000022A
102
}
330
1F
100
AcDbEntity
  8
VISIBLE
100
AcDbLine
 10
1.385278503937008
 20
-4.96120755905512
 30
0.0
 11
1.386343858267718
 21
-4.960142204724411
 31
0.0
  0
LINE
  5
1000022D
102
{ACAD_XDICTIONARY
360
1000022E
102
}
330
1F
100
AcDbEntity
  8
VISIBLE
100
AcDbLine
 10
1.386343858267718
 20
-4.960142204724411
 30
0.0
 11
1.387097165354332
 21
-4.959992362204726
 31
0.0
  0
LINE
  5
10000231
102
{ACAD_XDICTIONARY
360
10000232
102
}
330
1F
100
AcDbEntity
  8
VISIBLE
100
AcDbLine
 10
1.387097165354332
 20
-4.959992362204726
 30
0.0
 11
1.957963307086616
 21
-4.959992362204726
 31
0.0
  0
LINE
  5
10000235
102
{ACAD_XDICTIONARY
360
10000236
102
}
330
1F
100
AcDbEntity
  8
VISIBLE
100
AcDbLine
 10
2.707963307086616
 20
-4.772492362204726
 30
0.0
 11
2.70871661417323
 21
-4.77264220472441
 31
0.0
  0
LINE
  5
10000239
102
{ACAD_XDICTIONARY
360
1000023A
102
}
330
1F
100
AcDbEntity
  8
VISIBLE
100
AcDbLine
 10
2.70871661417323
 20
-4.77264220472441
 30
0.0
 11
2.709781968503938
 21
-4.77370755905512
 31
0.0
  0
LINE
  5
1000023D
102
{ACAD_XDICTIONARY
360
1000023E
102
}
330
1F
100
AcDbEntity
  8
VISIBLE
100
AcDbLine
 10
2.709781968503938
 20
-4.77370755905512
 30
0.0
 11
2.709931811023623
 21
-4.774460866141733
 31
0.0
  0
LINE
  5
10000241
102
{ACAD_XDICTIONARY
360
10000242
102
}
330
1F
100
AcDbEntity
  8
VISIBLE
100
AcDbLine
 10
2.709931811023623
 20
-4.774460866141733
 30
0.0
 11
2.709931811023623
 21
-5.345327007874017
 31
0.0
  0
LINE
  5
10000245
102
{ACAD_XDICTIONARY
360
10000246
102
}
330
1F
100
AcDbEntity
  8
VISIBLE
100
AcDbLine
 10
2.709931811023623
 20
-5.345327007874017
 30
0.0
 11
2.709781968503938
 21
-5.346080314960632
 31
0.0
  0
LINE
  5
10000249
102
{ACAD_XDICTIONARY
360
1000024A
102
}
330
1F
100
AcDbEntity
  8
VISIBLE
100
AcDbLine
 10
2.709781968503938
 20
-5.346080314960632
 30
0.0
 11
2.70871661417323
 21
-5.34714566929134
 31
0.0
  0
LINE
  5
1000024D
102
{ACAD_XDICTIONARY
360
1000024E
102
}
330
1F
100
AcDbEntity
  8
VISIBLE
100
AcDbLine
 10
2.70871661417323
 20
-5.34714566929134
 30
0.0
 11
2.707963307086616
 21
-5.347295511811025
 31
0.0
  0
LINE
  5
10000251
102
{ACAD_XDICTIONARY
360
10000252
102
}
330
1F
100
AcDbEntity
  8
VISIBLE
100
AcDbLine
 10
2.707963307086616
 20
-5.347295511811025
 30
0.0
 11
2.137097165354332
 21
-5.347295511811025
 31
0.0
  0
LINE
  5
10000255
102
{ACAD_XDICTIONARY
360
10000256
102
}
330
1F
100
AcDbEntity
  8
VISIBLE
100
AcDbLine
 10
2.137097165354332
 20
-5.347295511811025
 30
0.0
 11
2.136343858267717
 21
-5.34714566929134
 31
0.0
  0
LINE
  5
10000259
102
{ACAD_XDICTIONARY
360
1000025A
102
}
330
1F
100
AcDbEntity
  8
VISIBLE
100
AcDbLine
 10
2.136343858267717
 20
-5.34714566929134
 30
0.0
 11
2.135278503937009
 21
-5.346080314960632
 31
0.0
  0
LINE
  5
1000025D
102
{ACAD_XDICTIONARY
360
1000025E
102
}
330
1F
100
AcDbEntity
  8
VISIBLE
100
AcDbLine
 10
2.135278503937009
 20
-5.346080314960632
 30
0.0
 11
2.135128661417324
 21
-5.345327007874017
 31
0.0
  0
LINE
  5
10000261
102
{ACAD_XDICTIONARY
360
10000262
102
}
330
1F
100
AcDbEntity
  8
VISIBLE
100
AcDbLine
 10
2.135128661417324
 20
-5.345327007874017
 30
0.0
 11
2.135128661417324
 21
-4.774460866141733
 31
0.0
  0
LINE
  5
10000265
102
{ACAD_XDICTIONARY
360
10000266
102
}
330
1F
100
AcDbEntity
  8
VISIBLE
100
AcDbLine
 10
2.135128661417324
 20
-4.774460866141733
 30
0.0
 11
2.135278503937009
 21
-4.77370755905512
 31
0.0
  0
LINE
  5
10000269
102
{ACAD_XDICTIONARY
360
1000026A
102
}
330
1F
100
AcDbEntity
  8
VISIBLE
100
AcDbLine
 10
2.135278503937009
 20
-4.77370755905512
 30
0.0
 11
2.136343858267717
 21
-4.77264220472441
 31
0.0
  0
LINE
  5
1000026D
102
{ACAD_XDICTIONARY
360
1000026E
102
}
330
1F
100
AcDbEntity
  8
VISIBLE
100
AcDbLine
 10
2.136343858267717
 20
-4.77264220472441
 30
0.0
 11
2.137097165354332
 21
-4.772492362204726
 31
0.0
  0
LINE
  5
10000271
102
{ACAD_XDICTIONARY
360
10000272
102
}
330
1F
100
AcDbEntity
  8
VISIBLE
100
AcDbLine
 10
2.137097165354332
 20
-4.772492362204726
 30
0.0
 11
2.707963307086616
 21
-4.772492362204726
 31
0.0
  0
LINE
  5
10000275
102
{ACAD_XDICTIONARY
360
10000276
102
}
330
1F
100
AcDbEntity
  8
VISIBLE
100
AcDbLine
 10
3.457963307086616
 20
-4.584992362204726
 30
0.0
 11
3.45871661417323
 21
-4.58514220472441
 31
0.0
  0
LINE
  5
10000279
102
{ACAD_XDICTIONARY
360
1000027A
102
}
330
1F
100
AcDbEntity
  8
VISIBLE
100
AcDbLine
 10
3.45871661417323
 20
-4.58514220472441
 30
0.0
 11
3.459781968503938
 21
-4.58620755905512
 31
0.0
  0
LINE
  5
1000027D
102
{ACAD_XDICTIONARY
360
1000027E
102
}
330
1F
100
AcDbEntity
  8
VISIBLE
100
AcDbLine
 10
3.459781968503938
 20
-4.58620755905512
 30
0.0
 11
3.459931811023623
 21
-4.586960866141733
 31
0.0
  0
LINE
  5
10000281
102
{ACAD_XDICTIONARY
360
10000282
102
}
330
1F
100
AcDbEntity
  8
VISIBLE
100
AcDbLine
 10
3.459931811023623
 20
-4.586960866141733
 30
0.0
 11
3.459931811023623
 21
-5.157827007874017
 31
0.0
  0
LINE
  5
10000285
102
{ACAD_XDICTIONARY
360
10000286
102
}
330
1F
100
AcDbEntity
  8
VISIBLE
100
AcDbLine
 10
3.459931811023623
 20
-5.157827007874017
 30
0.0
 11
3.459781968503938
 21
-5.158580314960632
 31
0.0
  0
LINE
  5
10000289
102
{ACAD_XDICTIONARY
360
1000028A
102
}
330
1F
100
AcDbEntity
  8
VISIBLE
100
AcDbLine
 10
3.459781968503938
 20
-5.158580314960632
 30
0.0
 11
3.45871661417323
 21
-5.15964566929134
 31
0.0
  0
LINE
  5
1000028D
102
{ACAD_XDICTIONARY
360
1000028E
102
}
330
1F
100
AcDbEntity
  8
VISIBLE
100
AcDbLine
 10
3.45871661417323
 20
-5.15964566929134
 30
0.0
 11
3.457963307086616
 21
-5.159795511811027
 31
0.0
  0
LINE
  5
10000291
102
{ACAD_XDICTIONARY
360
10000292
102
}
330
1F
100
AcDbEntity
  8
VISIBLE
100
AcDbLine
 10
3.457963307086616
 20
-5.159795511811027
 30
0.0
 11
2.887097165354332
 21
-5.159795511811027
 31
0.0
  0
LINE
  5
10000295
102
{ACAD_XDICTIONARY
360
10000296
102
}
330
1F
100
AcDbEntity
  8
VISIBLE
100
AcDbLine
 10
2.887097165354332
 20
-5.159795511811027
 30
0.0
 11
2.886343858267717
 21
-5.15964566929134
 31
0.0
  0
LINE
  5
10000299
102
{ACAD_XDICTIONARY
360
1000029A
102
}
330
1F
100
AcDbEntity
  8
VISIBLE
100
AcDbLine
 10
2.886343858267717
 20
-5.15964566929134
 30
0.0
 11
2.885278503937009
 21
-5.158580314960632
 31
0.0
  0
LINE
  5
1000029D
102
{ACAD_XDICTIONARY
360
1000029E
102
}
330
1F
100
AcDbEntity
  8
VISIBLE
100
AcDbLine
 10
2.885278503937009
 20
-5.158580314960632
 30
0.0
 11
2.885128661417323
 21
-5.157827007874017
 31
0.0
  0
LINE
  5
100002A1
102
{ACAD_XDICTIONARY
360
100002A2
102
}
330
1F
100
AcDbEntity
  8
VISIBLE
100
AcDbLine
 10
2.885128661417323
 20
-5.157827007874017
 30
0.0
 11
2.885128661417323
 21
-4.586960866141733
 31
0.0
  0
LINE
  5
100002A5
102
{ACAD_XDICTIONARY
360
100002A6
102
}
330
1F
100
AcDbEntity
  8
VISIBLE
100
AcDbLine
 10
2.885128661417323
 20
-4.586960866141733
 30
0.0
 11
2.885278503937009
 21
-4.58620755905512
 31
0.0
  0
LINE
  5
100002A9
102
{ACAD_XDICTIONARY
360
100002AA
102
}
330
1F
100
AcDbEntity
  8
VISIBLE
100
AcDbLine
 10
2.885278503937009
 20
-4.58620755905512
 30
0.0
 11
2.886343858267717
 21
-4.58514220472441
 31
0.0
  0
LINE
  5
100002AD
102
{ACAD_XDICTIONARY
360
100002AE
102
}
330
1F
100
AcDbEntity
  8
VISIBLE
100
AcDbLine
 10
2.886343858267717
 20
-4.58514220472441
 30
0.0
 11
2.887097165354332
 21
-4.584992362204726
 31
0.0
  0
LINE
  5
100002B1
102
{ACAD_XDICTIONARY
360
100002B2
102
}
330
1F
100
AcDbEntity
  8
VISIBLE
100
AcDbLine
 10
2.887097165354332
 20
-4.584992362204726
 30
0.0
 11
3.457963307086616
 21
-4.584992362204726
 31
0.0
  0
LINE
  5
100002B5
102
{ACAD_XDICTIONARY
360
100002B6
102
}
330
1F
100
AcDbEntity
  8
VISIBLE
100
AcDbLine
 10
1.957963307086616
 20
-4.209992362204727
 30
0.0
 11
1.95871661417323
 21
-4.210142204724412
 31
0.0
  0
LINE
  5
100002B9
102
{ACAD_XDICTIONARY
360
100002BA
102
}
330
1F
100
AcDbEntity
  8
VISIBLE
100
AcDbLine
 10
1.95871661417323
 20
-4.210142204724412
 30
0.0
 11
1.959781968503938
 21
-4.211207559055119
 31
0.0
  0
LINE
  5
100002BD
102
{ACAD_XDICTIONARY
360
100002BE
102
}
330
1F
100
AcDbEntity
  8
VISIBLE
100
AcDbLine
 10
1.959781968503938
 20
-4.211207559055119
 30
0.0
 11
1.959931811023623
 21
-4.211960866141736
 31
0.0
  0
LINE
  5
100002C1
102
{ACAD_XDICTIONARY
360
100002C2
102
}
330
1F
100
AcDbEntity
  8
VISIBLE
100
AcDbLine
 10
1.959931811023623
 20
-4.211960866141736
 30
0.0
 11
1.959931811023623
 21
-4.782827007874017
 31
0.0
  0
LINE
  5
100002C5
102
{ACAD_XDICTIONARY
360
100002C6
102
}
330
1F
100
AcDbEntity
  8
VISIBLE
100
AcDbLine
 10
1.959931811023623
 20
-4.782827007874017
 30
0.0
 11
1.959781968503938
 21
-4.783580314960632
 31
0.0
  0
LINE
  5
100002C9
102
{ACAD_XDICTIONARY
360
100002CA
102
}
330
1F
100
AcDbEntity
  8
VISIBLE
100
AcDbLine
 10
1.959781968503938
 20
-4.783580314960632
 30
0.0
 11
1.95871661417323
 21
-4.78464566929134
 31
0.0
  0
LINE
  5
100002CD
102
{ACAD_XDICTIONARY
360
100002CE
102
}
330
1F
100
AcDbEntity
  8
VISIBLE
100
AcDbLine
 10
1.95871661417323
 20
-4.78464566929134
 30
0.0
 11
1.957963307086616
 21
-4.784795511811027
 31
0.0
  0
LINE
  5
100002D1
102
{ACAD_XDICTIONARY
360
100002D2
102
}
330
1F
100
AcDbEntity
  8
VISIBLE
100
AcDbLine
 10
1.957963307086616
 20
-4.784795511811027
 30
0.0
 11
1.387097165354332
 21
-4.784795511811027
 31
0.0
  0
LINE
  5
100002D5
102
{ACAD_XDICTIONARY
360
100002D6
102
}
330
1F
100
AcDbEntity
  8
VISIBLE
100
AcDbLine
 10
1.387097165354332
 20
-4.784795511811027
 30
0.0
 11
1.386343858267718
 21
-4.78464566929134
 31
0.0
  0
LINE
  5
100002D9
102
{ACAD_XDICTIONARY
360
100002DA
102
}
330
1F
100
AcDbEntity
  8
VISIBLE
100
AcDbLine
 10
1.386343858267718
 20
-4.78464566929134
 30
0.0
 11
1.385278503937008
 21
-4.783580314960632
 31
0.0
  0
LINE
  5
100002DD
102
{ACAD_XDICTIONARY
360
100002DE
102
}
330
1F
100
AcDbEntity
  8
VISIBLE
100
AcDbLine
 10
1.385278503937008
 20
-4.783580314960632
 30
0.0
 11
1.385128661417323
 21
-4.782827007874017
 31
0.0
  0
LINE
  5
100002E1
102
{ACAD_XDICTIONARY
360
100002E2
102
}
330
1F
100
AcDbEntity
  8
VISIBLE
100
AcDbLine
 10
1.385128661417323
 20
-4.782827007874017
 30
0.0
 11
1.385128661417323
 21
-4.211960866141736
 31
0.0
  0
LINE
  5
100002E5
102
{ACAD_XDICTIONARY
360
100002E6
102
}
330
1F
100
AcDbEntity
  8
VISIBLE
100
AcDbLine
 10
1.385128661417323
 20
-4.211960866141736
 30
0.0
 11
1.385278503937008
 21
-4.211207559055119
 31
0.0
  0
LINE
  5
100002E9
102
{ACAD_XDICTIONARY
360
100002EA
102
}
330
1F
100
AcDbEntity
  8
VISIBLE
100
AcDbLine
 10
1.385278503937008
 20
-4.211207559055119
 30
0.0
 11
1.386343858267718
 21
-4.210142204724412
 31
0.0
  0
LINE
  5
100002ED
102
{ACAD_XDICTIONARY
360
100002EE
102
}
330
1F
100
AcDbEntity
  8
VISIBLE
100
AcDbLine
 10
1.386343858267718
 20
-4.210142204724412
 30
0.0
 11
1.387097165354332
 21
-4.209992362204727
 31
0.0
  0
LINE
  5
100002F1
102
{ACAD_XDICTIONARY
360
100002F2
102
}
330
1F
100
AcDbEntity
  8
VISIBLE
100
AcDbLine
 10
1.387097165354332
 20
-4.209992362204727
 30
0.0
 11
1.957963307086616
 21
-4.209992362204727
 31
0.0
  0
LINE
  5
100002F5
102
{ACAD_XDICTIONARY
360
100002F6
102
}
330
1F
100
AcDbEntity
  8
VISIBLE
100
AcDbLine
 10
2.707963307086616
 20
-4.022492362204727
 30
0.0
 11
2.70871661417323
 21
-4.022642204724412
 31
0.0
  0
LINE
  5
100002F9
102
{ACAD_XDICTIONARY
360
100002FA
102
}
330
1F
100
AcDbEntity
  8
VISIBLE
100
AcDbLine
 10
2.70871661417323
 20
-4.022642204724412
 30
0.0
 11
2.709781968503938
 21
-4.023707559055119
 31
0.0
  0
LINE
  5
100002FD
102
{ACAD_XDICTIONARY
360
100002FE
102
}
330
1F
100
AcDbEntity
  8
VISIBLE
100
AcDbLine
 10
2.709781968503938
 20
-4.023707559055119
 30
0.0
 11
2.709931811023623
 21
-4.024460866141735
 31
0.0
  0
LINE
  5
10000301
102
{ACAD_XDICTIONARY
360
10000302
102
}
330
1F
100
AcDbEntity
  8
VISIBLE
100
AcDbLine
 10
2.709931811023623
 20
-4.024460866141735
 30
0.0
 11
2.709931811023623
 21
-4.595327007874017
 31
0.0
  0
LINE
  5
10000305
102
{ACAD_XDICTIONARY
360
10000306
102
}
330
1F
100
AcDbEntity
  8
VISIBLE
100
AcDbLine
 10
2.709931811023623
 20
-4.595327007874017
 30
0.0
 11
2.709781968503938
 21
-4.596080314960632
 31
0.0
  0
LINE
  5
10000309
102
{ACAD_XDICTIONARY
360
1000030A
102
}
330
1F
100
AcDbEntity
  8
VISIBLE
100
AcDbLine
 10
2.709781968503938
 20
-4.596080314960632
 30
0.0
 11
2.70871661417323
 21
-4.59714566929134
 31
0.0
  0
LINE
  5
1000030D
102
{ACAD_XDICTIONARY
360
1000030E
102
}
330
1F
100
AcDbEntity
  8
VISIBLE
100
AcDbLine
 10
2.70871661417323
 20
-4.59714566929134
 30
0.0
 11
2.707963307086616
 21
-4.597295511811026
 31
0.0
  0
LINE
  5
10000311
102
{ACAD_XDICTIONARY
360
10000312
102
}
330
1F
100
AcDbEntity
  8
VISIBLE
100
AcDbLine
 10
2.707963307086616
 20
-4.597295511811026
 30
0.0
 11
2.137097165354332
 21
-4.597295511811026
 31
0.0
  0
LINE
  5
10000315
102
{ACAD_XDICTIONARY
360
10000316
102
}
330
1F
100
AcDbEntity
  8
VISIBLE
100
AcDbLine
 10
2.137097165354332
 20
-4.597295511811026
 30
0.0
 11
2.136343858267717
 21
-4.59714566929134
 31
0.0
  0
LINE
  5
10000319
102
{ACAD_XDICTIONARY
360
1000031A
102
}
330
1F
100
AcDbEntity
  8
VISIBLE
100
AcDbLine
 10
2.136343858267717
 20
-4.59714566929134
 30
0.0
 11
2.135278503937009
 21
-4.596080314960632
 31
0.0
  0
LINE
  5
1000031D
102
{ACAD_XDICTIONARY
360
1000031E
102
}
330
1F
100
AcDbEntity
  8
VISIBLE
100
AcDbLine
 10
2.135278503937009
 20
-4.596080314960632
 30
0.0
 11
2.135128661417324
 21
-4.595327007874017
 31
0.0
  0
LINE
  5
10000321
102
{ACAD_XDICTIONARY
360
10000322
102
}
330
1F
100
AcDbEntity
  8
VISIBLE
100
AcDbLine
 10
2.135128661417324
 20
-4.595327007874017
 30
0.0
 11
2.135128661417324
 21
-4.024460866141735
 31
0.0
  0
LINE
  5
10000325
102
{ACAD_XDICTIONARY
360
10000326
102
}
330
1F
100
AcDbEntity
  8
VISIBLE
100
AcDbLine
 10
2.135128661417324
 20
-4.024460866141735
 30
0.0
 11
2.135278503937009
 21
-4.023707559055119
 31
0.0
  0
LINE
  5
10000329
102
{ACAD_XDICTIONARY
360
1000032A
102
}
330
1F
100
AcDbEntity
  8
VISIBLE
100
AcDbLine
 10
2.135278503937009
 20
-4.023707559055119
 30
0.0
 11
2.136343858267717
 21
-4.022642204724412
 31
0.0
  0
LINE
  5
1000032D
102
{ACAD_XDICTIONARY
360
1000032E
102
}
330
1F
100
AcDbEntity
  8
VISIBLE
100
AcDbLine
 10
2.136343858267717
 20
-4.022642204724412
 30
0.0
 11
2.137097165354332
 21
-4.022492362204727
 31
0.0
  0
LINE
  5
10000331
102
{ACAD_XDICTIONARY
360
10000332
102
}
330
1F
100
AcDbEntity
  8
VISIBLE
100
AcDbLine
 10
2.137097165354332
 20
-4.022492362204727
 30
0.0
 11
2.707963307086616
 21
-4.022492362204727
 31
0.0
  0
LINE
  5
10000335
102
{ACAD_XDICTIONARY
360
10000336
102
}
330
1F
100
AcDbEntity
  8
VISIBLE
100
AcDbLine
 10
3.457963307086616
 20
-3.834992362204727
 30
0.0
 11
3.45871661417323
 21
-3.835142204724412
 31
0.0
  0
LINE
  5
10000339
102
{ACAD_XDICTIONARY
360
1000033A
102
}
330
1F
100
AcDbEntity
  8
VISIBLE
100
AcDbLine
 10
3.45871661417323
 20
-3.835142204724412
 30
0.0
 11
3.459781968503938
 21
-3.836207559055119
 31
0.0
  0
LINE
  5
1000033D
102
{ACAD_XDICTIONARY
360
1000033E
102
}
330
1F
100
AcDbEntity
  8
VISIBLE
100
AcDbLine
 10
3.459781968503938
 20
-3.836207559055119
 30
0.0
 11
3.459931811023623
 21
-3.836960866141735
 31
0.0
  0
LINE
  5
10000341
102
{ACAD_XDICTIONARY
360
10000342
102
}
330
1F
100
AcDbEntity
  8
VISIBLE
100
AcDbLine
 10
3.459931811023623
 20
-3.836960866141735
 30
0.0
 11
3.459931811023623
 21
-4.407827007874017
 31
0.0
  0
LINE
  5
10000345
102
{ACAD_XDICTIONARY
360
10000346
102
}
330
1F
100
AcDbEntity
  8
VISIBLE
100
AcDbLine
 10
3.459931811023623
 20
-4.407827007874017
 30
0.0
 11
3.459781968503938
 21
-4.408580314960632
 31
0.0
  0
LINE
  5
10000349
102
{ACAD_XDICTIONARY
360
1000034A
102
}
330
1F
100
AcDbEntity
  8
VISIBLE
100
AcDbLine
 10
3.459781968503938
 20
-4.408580314960632
 30
0.0
 11
3.45871661417323
 21
-4.40964566929134
 31
0.0
  0
LINE
  5
1000034D
102
{ACAD_XDICTIONARY
360
1000034E
102
}
330
1F
100
AcDbEntity
  8
VISIBLE
100
AcDbLine
 10
3.45871661417323
 20
-4.40964566929134
 30
0.0
 11
3.457963307086616
 21
-4.409795511811026
 31
0.0
  0
LINE
  5
10000351
102
{ACAD_XDICTIONARY
360
10000352
102
}
330
1F
100
AcDbEntity
  8
VISIBLE
100
AcDbLine
 10
3.457963307086616
 20
-4.409795511811026
 30
0.0
 11
2.887097165354332
 21
-4.409795511811026
 31
0.0
  0
LINE
  5
10000355
102
{ACAD_XDICTIONARY
360
10000356
102
}
330
1F
100
AcDbEntity
  8
VISIBLE
100
AcDbLine
 10
2.887097165354332
 20
-4.409795511811026
 30
0.0
 11
2.886343858267717
 21
-4.40964566929134
 31
0.0
  0
LINE
  5
10000359
102
{ACAD_XDICTIONARY
360
1000035A
102
}
330
1F
100
AcDbEntity
  8
VISIBLE
100
AcDbLine
 10
2.886343858267717
 20
-4.40964566929134
 30
0.0
 11
2.885278503937009
 21
-4.408580314960632
 31
0.0
  0
LINE
  5
1000035D
102
{ACAD_XDICTIONARY
360
1000035E
102
}
330
1F
100
AcDbEntity
  8
VISIBLE
100
AcDbLine
 10
2.885278503937009
 20
-4.408580314960632
 30
0.0
 11
2.885128661417323
 21
-4.407827007874017
 31
0.0
  0
LINE
  5
10000361
102
{ACAD_XDICTIONARY
360
10000362
102
}
330
1F
100
AcDbEntity
  8
VISIBLE
100
AcDbLine
 10
2.885128661417323
 20
-4.407827007874017
 30
0.0
 11
2.885128661417323
 21
-3.836960866141735
 31
0.0
  0
LINE
  5
10000365
102
{ACAD_XDICTIONARY
360
10000366
102
}
330
1F
100
AcDbEntity
  8
VISIBLE
100
AcDbLine
 10
2.885128661417323
 20
-3.836960866141735
 30
0.0
 11
2.885278503937009
 21
-3.836207559055119
 31
0.0
  0
LINE
  5
10000369
102
{ACAD_XDICTIONARY
360
1000036A
102
}
330
1F
100
AcDbEntity
  8
VISIBLE
100
AcDbLine
 10
2.885278503937009
 20
-3.836207559055119
 30
0.0
 11
2.886343858267717
 21
-3.835142204724412
 31
0.0
  0
LINE
  5
1000036D
102
{ACAD_XDICTIONARY
360
1000036E
102
}
330
1F
100
AcDbEntity
  8
VISIBLE
100
AcDbLine
 10
2.886343858267717
 20
-3.835142204724412
 30
0.0
 11
2.887097165354332
 21
-3.834992362204727
 31
0.0
  0
LINE
  5
10000371
102
{ACAD_XDICTIONARY
360
10000372
102
}
330
1F
100
AcDbEntity
  8
VISIBLE
100
AcDbLine
 10
2.887097165354332
 20
-3.834992362204727
 30
0.0
 11
3.457963307086616
 21
-3.834992362204727
 31
0.0
  0
LINE
  5
10000375
102
{ACAD_XDICTIONARY
360
10000376
102
}
330
1F
100
AcDbEntity
  8
VISIBLE
100
AcDbLine
 10
1.957963307086616
 20
-3.459992362204727
 30
0.0
 11
1.95871661417323
 21
-3.460142204724412
 31
0.0
  0
LINE
  5
10000379
102
{ACAD_XDICTIONARY
360
1000037A
102
}
330
1F
100
AcDbEntity
  8
VISIBLE
100
AcDbLine
 10
1.95871661417323
 20
-3.460142204724412
 30
0.0
 11
1.959781968503938
 21
-3.461207559055119
 31
0.0
  0
LINE
  5
1000037D
102
{ACAD_XDICTIONARY
360
1000037E
102
}
330
1F
100
AcDbEntity
  8
VISIBLE
100
AcDbLine
 10
1.959781968503938
 20
-3.461207559055119
 30
0.0
 11
1.959931811023623
 21
-3.461960866141735
 31
0.0
  0
LINE
  5
10000381
102
{ACAD_XDICTIONARY
360
10000382
102
}
330
1F
100
AcDbEntity
  8
VISIBLE
100
AcDbLine
 10
1.959931811023623
 20
-3.461960866141735
 30
0.0
 11
1.959931811023623
 21
-4.032827007874019
 31
0.0
  0
LINE
  5
10000385
102
{ACAD_XDICTIONARY
360
10000386
102
}
330
1F
100
AcDbEntity
  8
VISIBLE
100
AcDbLine
 10
1.959931811023623
 20
-4.032827007874019
 30
0.0
 11
1.959781968503938
 21
-4.033580314960632
 31
0.0
  0
LINE
  5
10000389
102
{ACAD_XDICTIONARY
360
1000038A
102
}
330
1F
100
AcDbEntity
  8
VISIBLE
100
AcDbLine
 10
1.959781968503938
 20
-4.033580314960632
 30
0.0
 11
1.95871661417323
 21
-4.034645669291342
 31
0.0
  0
LINE
  5
1000038D
102
{ACAD_XDICTIONARY
360
1000038E
102
}
330
1F
100
AcDbEntity
  8
VISIBLE
100
AcDbLine
 10
1.95871661417323
 20
-4.034645669291342
 30
0.0
 11
1.957963307086616
 21
-4.034795511811026
 31
0.0
  0
LINE
  5
10000391
102
{ACAD_XDICTIONARY
360
10000392
102
}
330
1F
100
AcDbEntity
  8
VISIBLE
100
AcDbLine
 10
1.957963307086616
 20
-4.034795511811026
 30
0.0
 11
1.387097165354332
 21
-4.034795511811026
 31
0.0
  0
LINE
  5
10000395
102
{ACAD_XDICTIONARY
360
10000396
102
}
330
1F
100
AcDbEntity
  8
VISIBLE
100
AcDbLine
 10
1.387097165354332
 20
-4.034795511811026
 30
0.0
 11
1.386343858267718
 21
-4.034645669291342
 31
0.0
  0
LINE
  5
10000399
102
{ACAD_XDICTIONARY
360
1000039A
102
}
330
1F
100
AcDbEntity
  8
VISIBLE
100
AcDbLine
 10
1.386343858267718
 20
-4.034645669291342
 30
0.0
 11
1.385278503937008
 21
-4.033580314960632
 31
0.0
  0
LINE
  5
1000039D
102
{ACAD_XDICTIONARY
360
1000039E
102
}
330
1F
100
AcDbEntity
  8
VISIBLE
100
AcDbLine
 10
1.385278503937008
 20
-4.033580314960632
 30
0.0
 11
1.385128661417323
 21
-4.032827007874019
 31
0.0
  0
LINE
  5
100003A1
102
{ACAD_XDICTIONARY
360
100003A2
102
}
330
1F
100
AcDbEntity
  8
VISIBLE
100
AcDbLine
 10
1.385128661417323
 20
-4.032827007874019
 30
0.0
 11
1.385128661417323
 21
-3.461960866141735
 31
0.0
  0
LINE
  5
100003A5
102
{ACAD_XDICTIONARY
360
100003A6
102
}
330
1F
100
AcDbEntity
  8
VISIBLE
100
AcDbLine
 10
1.385128661417323
 20
-3.461960866141735
 30
0.0
 11
1.385278503937008
 21
-3.461207559055119
 31
0.0
  0
LINE
  5
100003A9
102
{ACAD_XDICTIONARY
360
100003AA
102
}
330
1F
100
AcDbEntity
  8
VISIBLE
100
AcDbLine
 10
1.385278503937008
 20
-3.461207559055119
 30
0.0
 11
1.386343858267718
 21
-3.460142204724412
 31
0.0
  0
LINE
  5
100003AD
102
{ACAD_XDICTIONARY
360
100003AE
102
}
330
1F
100
AcDbEntity
  8
VISIBLE
100
AcDbLine
 10
1.386343858267718
 20
-3.460142204724412
 30
0.0
 11
1.387097165354332
 21
-3.459992362204727
 31
0.0
  0
LINE
  5
100003B1
102
{ACAD_XDICTIONARY
360
100003B2
102
}
330
1F
100
AcDbEntity
  8
VISIBLE
100
AcDbLine
 10
1.387097165354332
 20
-3.459992362204727
 30
0.0
 11
1.957963307086616
 21
-3.459992362204727
 31
0.0
  0
LINE
  5
100003B5
102
{ACAD_XDICTIONARY
360
100003B6
102
}
330
1F
100
AcDbEntity
  8
VISIBLE
100
AcDbLine
 10
2.707963307086616
 20
-3.272492362204727
 30
0.0
 11
2.70871661417323
 21
-3.272642204724412
 31
0.0
  0
LINE
  5
100003B9
102
{ACAD_XDICTIONARY
360
100003BA
102
}
330
1F
100
AcDbEntity
  8
VISIBLE
100
AcDbLine
 10
2.70871661417323
 20
-3.272642204724412
 30
0.0
 11
2.709781968503938
 21
-3.273707559055121
 31
0.0
  0
LINE
  5
100003BD
102
{ACAD_XDICTIONARY
360
100003BE
102
}
330
1F
100
AcDbEntity
  8
VISIBLE
100
AcDbLine
 10
2.709781968503938
 20
-3.273707559055121
 30
0.0
 11
2.709931811023623
 21
-3.274460866141735
 31
0.0
  0
LINE
  5
100003C1
102
{ACAD_XDICTIONARY
360
100003C2
102
}
330
1F
100
AcDbEntity
  8
VISIBLE
100
AcDbLine
 10
2.709931811023623
 20
-3.274460866141735
 30
0.0
 11
2.709931811023623
 21
-3.845327007874018
 31
0.0
  0
LINE
  5
100003C5
102
{ACAD_XDICTIONARY
360
100003C6
102
}
330
1F
100
AcDbEntity
  8
VISIBLE
100
AcDbLine
 10
2.709931811023623
 20
-3.845327007874018
 30
0.0
 11
2.709781968503938
 21
-3.846080314960632
 31
0.0
  0
LINE
  5
100003C9
102
{ACAD_XDICTIONARY
360
100003CA
102
}
330
1F
100
AcDbEntity
  8
VISIBLE
100
AcDbLine
 10
2.709781968503938
 20
-3.846080314960632
 30
0.0
 11
2.70871661417323
 21
-3.847145669291341
 31
0.0
  0
LINE
  5
100003CD
102
{ACAD_XDICTIONARY
360
100003CE
102
}
330
1F
100
AcDbEntity
  8
VISIBLE
100
AcDbLine
 10
2.70871661417323
 20
-3.847145669291341
 30
0.0
 11
2.707963307086616
 21
-3.847295511811026
 31
0.0
  0
LINE
  5
100003D1
102
{ACAD_XDICTIONARY
360
100003D2
102
}
330
1F
100
AcDbEntity
  8
VISIBLE
100
AcDbLine
 10
2.707963307086616
 20
-3.847295511811026
 30
0.0
 11
2.137097165354332
 21
-3.847295511811026
 31
0.0
  0
LINE
  5
100003D5
102
{ACAD_XDICTIONARY
360
100003D6
102
}
330
1F
100
AcDbEntity
  8
VISIBLE
100
AcDbLine
 10
2.137097165354332
 20
-3.847295511811026
 30
0.0
 11
2.136343858267717
 21
-3.847145669291341
 31
0.0
  0
LINE
  5
100003D9
102
{ACAD_XDICTIONARY
360
100003DA
102
}
330
1F
100
AcDbEntity
  8
VISIBLE
100
AcDbLine
 10
2.136343858267717
 20
-3.847145669291341
 30
0.0
 11
2.135278503937009
 21
-3.846080314960632
 31
0.0
  0
LINE
  5
100003DD
102
{ACAD_XDICTIONARY
360
100003DE
102
}
330
1F
100
AcDbEntity
  8
VISIBLE
100
AcDbLine
 10
2.135278503937009
 20
-3.846080314960632
 30
0.0
 11
2.135128661417324
 21
-3.845327007874018
 31
0.0
  0
LINE
  5
100003E1
102
{ACAD_XDICTIONARY
360
100003E2
102
}
330
1F
100
AcDbEntity
  8
VISIBLE
100
AcDbLine
 10
2.135128661417324
 20
-3.845327007874018
 30
0.0
 11
2.135128661417324
 21
-3.274460866141735
 31
0.0
  0
LINE
  5
100003E5
102
{ACAD_XDICTIONARY
360
100003E6
102
}
330
1F
100
AcDbEntity
  8
VISIBLE
100
AcDbLine
 10
2.135128661417324
 20
-3.274460866141735
 30
0.0
 11
2.135278503937009
 21
-3.273707559055121
 31
0.0
  0
LINE
  5
100003E9
102
{ACAD_XDICTIONARY
360
100003EA
102
}
330
1F
100
AcDbEntity
  8
VISIBLE
100
AcDbLine
 10
2.135278503937009
 20
-3.273707559055121
 30
0.0
 11
2.136343858267717
 21
-3.272642204724412
 31
0.0
  0
LINE
  5
100003ED
102
{ACAD_XDICTIONARY
360
100003EE
102
}
330
1F
100
AcDbEntity
  8
VISIBLE
100
AcDbLine
 10
2.136343858267717
 20
-3.272642204724412
 30
0.0
 11
2.137097165354332
 21
-3.272492362204727
 31
0.0
  0
LINE
  5
100003F1
102
{ACAD_XDICTIONARY
360
100003F2
102
}
330
1F
100
AcDbEntity
  8
VISIBLE
100
AcDbLine
 10
2.137097165354332
 20
-3.272492362204727
 30
0.0
 11
2.707963307086616
 21
-3.272492362204727
 31
0.0
  0
LINE
  5
100003F5
102
{ACAD_XDICTIONARY
360
100003F6
102
}
330
1F
100
AcDbEntity
  8
VISIBLE
100
AcDbLine
 10
3.457963307086616
 20
-3.084992362204727
 30
0.0
 11
3.45871661417323
 21
-3.085142204724411
 31
0.0
  0
LINE
  5
100003F9
102
{ACAD_XDICTIONARY
360
100003FA
102
}
330
1F
100
AcDbEntity
  8
VISIBLE
100
AcDbLine
 10
3.45871661417323
 20
-3.085142204724411
 30
0.0
 11
3.459781968503938
 21
-3.08620755905512
 31
0.0
  0
LINE
  5
100003FD
102
{ACAD_XDICTIONARY
360
100003FE
102
}
330
1F
100
AcDbEntity
  8
VISIBLE
100
AcDbLine
 10
3.459781968503938
 20
-3.08620755905512
 30
0.0
 11
3.459931811023623
 21
-3.086960866141734
 31
0.0
  0
LINE
  5
10000401
102
{ACAD_XDICTIONARY
360
10000402
102
}
330
1F
100
AcDbEntity
  8
VISIBLE
100
AcDbLine
 10
3.459931811023623
 20
-3.086960866141734
 30
0.0
 11
3.459931811023623
 21
-3.657827007874018
 31
0.0
  0
LINE
  5
10000405
102
{ACAD_XDICTIONARY
360
10000406
102
}
330
1F
100
AcDbEntity
  8
VISIBLE
100
AcDbLine
 10
3.459931811023623
 20
-3.657827007874018
 30
0.0
 11
3.459781968503938
 21
-3.658580314960632
 31
0.0
  0
LINE
  5
10000409
102
{ACAD_XDICTIONARY
360
1000040A
102
}
330
1F
100
AcDbEntity
  8
VISIBLE
100
AcDbLine
 10
3.459781968503938
 20
-3.658580314960632
 30
0.0
 11
3.45871661417323
 21
-3.659645669291341
 31
0.0
  0
LINE
  5
1000040D
102
{ACAD_XDICTIONARY
360
1000040E
102
}
330
1F
100
AcDbEntity
  8
VISIBLE
100
AcDbLine
 10
3.45871661417323
 20
-3.659645669291341
 30
0.0
 11
3.457963307086616
 21
-3.659795511811026
 31
0.0
  0
LINE
  5
10000411
102
{ACAD_XDICTIONARY
360
10000412
102
}
330
1F
100
AcDbEntity
  8
VISIBLE
100
AcDbLine
 10
3.457963307086616
 20
-3.659795511811026
 30
0.0
 11
2.887097165354332
 21
-3.659795511811026
 31
0.0
  0
LINE
  5
10000415
102
{ACAD_XDICTIONARY
360
10000416
102
}
330
1F
100
AcDbEntity
  8
VISIBLE
100
AcDbLine
 10
2.887097165354332
 20
-3.659795511811026
 30
0.0
 11
2.886343858267717
 21
-3.659645669291341
 31
0.0
  0
LINE
  5
10000419
102
{ACAD_XDICTIONARY
360
1000041A
102
}
330
1F
100
AcDbEntity
  8
VISIBLE
100
AcDbLine
 10
2.886343858267717
 20
-3.659645669291341
 30
0.0
 11
2.885278503937009
 21
-3.658580314960632
 31
0.0
  0
LINE
  5
1000041D
102
{ACAD_XDICTIONARY
360
1000041E
102
}
330
1F
100
AcDbEntity
  8
VISIBLE
100
AcDbLine
 10
2.885278503937009
 20
-3.658580314960632
 30
0.0
 11
2.885128661417323
 21
-3.657827007874018
 31
0.0
  0
LINE
  5
10000421
102
{ACAD_XDICTIONARY
360
10000422
102
}
330
1F
100
AcDbEntity
  8
VISIBLE
100
AcDbLine
 10
2.885128661417323
 20
-3.657827007874018
 30
0.0
 11
2.885128661417323
 21
-3.086960866141734
 31
0.0
  0
LINE
  5
10000425
102
{ACAD_XDICTIONARY
360
10000426
102
}
330
1F
100
AcDbEntity
  8
VISIBLE
100
AcDbLine
 10
2.885128661417323
 20
-3.086960866141734
 30
0.0
 11
2.885278503937009
 21
-3.08620755905512
 31
0.0
  0
LINE
  5
10000429
102
{ACAD_XDICTIONARY
360
1000042A
102
}
330
1F
100
AcDbEntity
  8
VISIBLE
100
AcDbLine
 10
2.885278503937009
 20
-3.08620755905512
 30
0.0
 11
2.886343858267717
 21
-3.085142204724411
 31
0.0
  0
LINE
  5
1000042D
102
{ACAD_XDICTIONARY
360
1000042E
102
}
330
1F
100
AcDbEntity
  8
VISIBLE
100
AcDbLine
 10
2.886343858267717
 20
-3.085142204724411
 30
0.0
 11
2.887097165354332
 21
-3.084992362204727
 31
0.0
  0
LINE
  5
10000431
102
{ACAD_XDICTIONARY
360
10000432
102
}
330
1F
100
AcDbEntity
  8
VISIBLE
100
AcDbLine
 10
2.887097165354332
 20
-3.084992362204727
 30
0.0
 11
3.457963307086616
 21
-3.084992362204727
 31
0.0
  0
LINE
  5
10000435
102
{ACAD_XDICTIONARY
360
10000436
102
}
330
1F
100
AcDbEntity
  8
VISIBLE
100
AcDbLine
 10
4.207963307086615
 20
-3.084992362204727
 30
0.0
 11
4.20871661417323
 21
-3.085142204724411
 31
0.0
  0
LINE
  5
10000439
102
{ACAD_XDICTIONARY
360
1000043A
102
}
330
1F
100
AcDbEntity
  8
VISIBLE
100
AcDbLine
 10
4.20871661417323
 20
-3.085142204724411
 30
0.0
 11
4.209781968503938
 21
-3.08620755905512
 31
0.0
  0
LINE
  5
1000043D
102
{ACAD_XDICTIONARY
360
1000043E
102
}
330
1F
100
AcDbEntity
  8
VISIBLE
100
AcDbLine
 10
4.209781968503938
 20
-3.08620755905512
 30
0.0
 11
4.209931811023623
 21
-3.086960866141734
 31
0.0
  0
LINE
  5
10000441
102
{ACAD_XDICTIONARY
360
10000442
102
}
330
1F
100
AcDbEntity
  8
VISIBLE
100
AcDbLine
 10
4.209931811023623
 20
-3.086960866141734
 30
0.0
 11
4.209931811023623
 21
-3.657827007874018
 31
0.0
  0
LINE
  5
10000445
102
{ACAD_XDICTIONARY
360
10000446
102
}
330
1F
100
AcDbEntity
  8
VISIBLE
100
AcDbLine
 10
4.209931811023623
 20
-3.657827007874018
 30
0.0
 11
4.209781968503938
 21
-3.658580314960632
 31
0.0
  0
LINE
  5
10000449
102
{ACAD_XDICTIONARY
360
1000044A
102
}
330
1F
100
AcDbEntity
  8
VISIBLE
100
AcDbLine
 10
4.209781968503938
 20
-3.658580314960632
 30
0.0
 11
4.20871661417323
 21
-3.659645669291341
 31
0.0
  0
LINE
  5
1000044D
102
{ACAD_XDICTIONARY
360
1000044E
102
}
330
1F
100
AcDbEntity
  8
VISIBLE
100
AcDbLine
 10
4.20871661417323
 20
-3.659645669291341
 30
0.0
 11
4.207963307086615
 21
-3.659795511811026
 31
0.0
  0
LINE
  5
10000451
102
{ACAD_XDICTIONARY
360
10000452
102
}
330
1F
100
AcDbEntity
  8
VISIBLE
100
AcDbLine
 10
4.207963307086615
 20
-3.659795511811026
 30
0.0
 11
3.637097165354332
 21
-3.659795511811026
 31
0.0
  0
LINE
  5
10000455
102
{ACAD_XDICTIONARY
360
10000456
102
}
330
1F
100
AcDbEntity
  8
VISIBLE
100
AcDbLine
 10
3.637097165354332
 20
-3.659795511811026
 30
0.0
 11
3.636343858267717
 21
-3.659645669291341
 31
0.0
  0
LINE
  5
10000459
102
{ACAD_XDICTIONARY
360
1000045A
102
}
330
1F
100
AcDbEntity
  8
VISIBLE
100
AcDbLine
 10
3.636343858267717
 20
-3.659645669291341
 30
0.0
 11
3.635278503937009
 21
-3.658580314960632
 31
0.0
  0
LINE
  5
1000045D
102
{ACAD_XDICTIONARY
360
1000045E
102
}
330
1F
100
AcDbEntity
  8
VISIBLE
100
AcDbLine
 10
3.635278503937009
 20
-3.658580314960632
 30
0.0
 11
3.635128661417324
 21
-3.657827007874018
 31
0.0
  0
LINE
  5
10000461
102
{ACAD_XDICTIONARY
360
10000462
102
}
330
1F
100
AcDbEntity
  8
VISIBLE
100
AcDbLine
 10
3.635128661417324
 20
-3.657827007874018
 30
0.0
 11
3.635128661417324
 21
-3.086960866141734
 31
0.0
  0
LINE
  5
10000465
102
{ACAD_XDICTIONARY
360
10000466
102
}
330
1F
100
AcDbEntity
  8
VISIBLE
100
AcDbLine
 10
3.635128661417324
 20
-3.086960866141734
 30
0.0
 11
3.635278503937009
 21
-3.08620755905512
 31
0.0
  0
LINE
  5
10000469
102
{ACAD_XDICTIONARY
360
1000046A
102
}
330
1F
100
AcDbEntity
  8
VISIBLE
100
AcDbLine
 10
3.635278503937009
 20
-3.08620755905512
 30
0.0
 11
3.636343858267717
 21
-3.085142204724411
 31
0.0
  0
LINE
  5
1000046D
102
{ACAD_XDICTIONARY
360
1000046E
102
}
330
1F
100
AcDbEntity
  8
VISIBLE
100
AcDbLine
 10
3.636343858267717
 20
-3.085142204724411
 30
0.0
 11
3.637097165354332
 21
-3.084992362204727
 31
0.0
  0
LINE
  5
10000471
102
{ACAD_XDICTIONARY
360
10000472
102
}
330
1F
100
AcDbEntity
  8
VISIBLE
100
AcDbLine
 10
3.637097165354332
 20
-3.084992362204727
 30
0.0
 11
4.207963307086615
 21
-3.084992362204727
 31
0.0
  0
LINE
  5
10000475
102
{ACAD_XDICTIONARY
360
10000476
102
}
330
1F
100
AcDbEntity
  8
VISIBLE
100
AcDbLine
 10
4.957963307086615
 20
-3.272492362204727
 30
0.0
 11
4.958716614173228
 21
-3.272642204724412
 31
0.0
  0
LINE
  5
10000479
102
{ACAD_XDICTIONARY
360
1000047A
102
}
330
1F
100
AcDbEntity
  8
VISIBLE
100
AcDbLine
 10
4.958716614173228
 20
-3.272642204724412
 30
0.0
 11
4.959781968503938
 21
-3.273707559055121
 31
0.0
  0
LINE
  5
1000047D
102
{ACAD_XDICTIONARY
360
1000047E
102
}
330
1F
100
AcDbEntity
  8
VISIBLE
100
AcDbLine
 10
4.959781968503938
 20
-3.273707559055121
 30
0.0
 11
4.959931811023623
 21
-3.274460866141735
 31
0.0
  0
LINE
  5
10000481
102
{ACAD_XDICTIONARY
360
10000482
102
}
330
1F
100
AcDbEntity
  8
VISIBLE
100
AcDbLine
 10
4.959931811023623
 20
-3.274460866141735
 30
0.0
 11
4.959931811023623
 21
-3.845327007874018
 31
0.0
  0
LINE
  5
10000485
102
{ACAD_XDICTIONARY
360
10000486
102
}
330
1F
100
AcDbEntity
  8
VISIBLE
100
AcDbLine
 10
4.959931811023623
 20
-3.845327007874018
 30
0.0
 11
4.959781968503938
 21
-3.846080314960632
 31
0.0
  0
LINE
  5
10000489
102
{ACAD_XDICTIONARY
360
1000048A
102
}
330
1F
100
AcDbEntity
  8
VISIBLE
100
AcDbLine
 10
4.959781968503938
 20
-3.846080314960632
 30
0.0
 11
4.95871661417323
 21
-3.847145669291341
 31
0.0
  0
LINE
  5
1000048D
102
{ACAD_XDICTIONARY
360
1000048E
102
}
330
1F
100
AcDbEntity
  8
VISIBLE
100
AcDbLine
 10
4.95871661417323
 20
-3.847145669291341
 30
0.0
 11
4.957963307086615
 21
-3.847295511811026
 31
0.0
  0
LINE
  5
10000491
102
{ACAD_XDICTIONARY
360
10000492
102
}
330
1F
100
AcDbEntity
  8
VISIBLE
100
AcDbLine
 10
4.957963307086615
 20
-3.847295511811026
 30
0.0
 11
4.387097165354332
 21
-3.847295511811026
 31
0.0
  0
LINE
  5
10000495
102
{ACAD_XDICTIONARY
360
10000496
102
}
330
1F
100
AcDbEntity
  8
VISIBLE
100
AcDbLine
 10
4.387097165354332
 20
-3.847295511811026
 30
0.0
 11
4.386343858267717
 21
-3.847145669291341
 31
0.0
  0
LINE
  5
10000499
102
{ACAD_XDICTIONARY
360
1000049A
102
}
330
1F
100
AcDbEntity
  8
VISIBLE
100
AcDbLine
 10
4.386343858267717
 20
-3.847145669291341
 30
0.0
 11
4.385278503937009
 21
-3.846080314960632
 31
0.0
  0
LINE
  5
1000049D
102
{ACAD_XDICTIONARY
360
1000049E
102
}
330
1F
100
AcDbEntity
  8
VISIBLE
100
AcDbLine
 10
4.385278503937009
 20
-3.846080314960632
 30
0.0
 11
4.385128661417324
 21
-3.845327007874018
 31
0.0
  0
LINE
  5
100004A1
102
{ACAD_XDICTIONARY
360
100004A2
102
}
330
1F
100
AcDbEntity
  8
VISIBLE
100
AcDbLine
 10
4.385128661417324
 20
-3.845327007874018
 30
0.0
 11
4.385128661417324
 21
-3.274460866141735
 31
0.0
  0
LINE
  5
100004A5
102
{ACAD_XDICTIONARY
360
100004A6
102
}
330
1F
100
AcDbEntity
  8
VISIBLE
100
AcDbLine
 10
4.385128661417324
 20
-3.274460866141735
 30
0.0
 11
4.385278503937009
 21
-3.273707559055121
 31
0.0
  0
LINE
  5
100004A9
102
{ACAD_XDICTIONARY
360
100004AA
102
}
330
1F
100
AcDbEntity
  8
VISIBLE
100
AcDbLine
 10
4.385278503937009
 20
-3.273707559055121
 30
0.0
 11
4.386343858267717
 21
-3.272642204724412
 31
0.0
  0
LINE
  5
100004AD
102
{ACAD_XDICTIONARY
360
100004AE
102
}
330
1F
100
AcDbEntity
  8
VISIBLE
100
AcDbLine
 10
4.386343858267717
 20
-3.272642204724412
 30
0.0
 11
4.387097165354332
 21
-3.272492362204727
 31
0.0
  0
LINE
  5
100004B1
102
{ACAD_XDICTIONARY
360
100004B2
102
}
330
1F
100
AcDbEntity
  8
VISIBLE
100
AcDbLine
 10
4.387097165354332
 20
-3.272492362204727
 30
0.0
 11
4.957963307086615
 21
-3.272492362204727
 31
0.0
  0
LINE
  5
100004B5
102
{ACAD_XDICTIONARY
360
100004B6
102
}
330
1F
100
AcDbEntity
  8
VISIBLE
100
AcDbLine
 10
5.707963307086615
 20
-3.459992362204727
 30
0.0
 11
5.708716614173229
 21
-3.460142204724412
 31
0.0
  0
LINE
  5
100004B9
102
{ACAD_XDICTIONARY
360
100004BA
102
}
330
1F
100
AcDbEntity
  8
VISIBLE
100
AcDbLine
 10
5.708716614173229
 20
-3.460142204724412
 30
0.0
 11
5.709781968503938
 21
-3.461207559055119
 31
0.0
  0
LINE
  5
100004BD
102
{ACAD_XDICTIONARY
360
100004BE
102
}
330
1F
100
AcDbEntity
  8
VISIBLE
100
AcDbLine
 10
5.709781968503938
 20
-3.461207559055119
 30
0.0
 11
5.709931811023623
 21
-3.461960866141735
 31
0.0
  0
LINE
  5
100004C1
102
{ACAD_XDICTIONARY
360
100004C2
102
}
330
1F
100
AcDbEntity
  8
VISIBLE
100
AcDbLine
 10
5.709931811023623
 20
-3.461960866141735
 30
0.0
 11
5.709931811023623
 21
-4.032827007874019
 31
0.0
  0
LINE
  5
100004C5
102
{ACAD_XDICTIONARY
360
100004C6
102
}
330
1F
100
AcDbEntity
  8
VISIBLE
100
AcDbLine
 10
5.709931811023623
 20
-4.032827007874019
 30
0.0
 11
5.709781968503938
 21
-4.033580314960632
 31
0.0
  0
LINE
  5
100004C9
102
{ACAD_XDICTIONARY
360
100004CA
102
}
330
1F
100
AcDbEntity
  8
VISIBLE
100
AcDbLine
 10
5.709781968503938
 20
-4.033580314960632
 30
0.0
 11
5.708716614173229
 21
-4.034645669291342
 31
0.0
  0
LINE
  5
100004CD
102
{ACAD_XDICTIONARY
360
100004CE
102
}
330
1F
100
AcDbEntity
  8
VISIBLE
100
AcDbLine
 10
5.708716614173229
 20
-4.034645669291342
 30
0.0
 11
5.707963307086615
 21
-4.034795511811026
 31
0.0
  0
LINE
  5
100004D1
102
{ACAD_XDICTIONARY
360
100004D2
102
}
330
1F
100
AcDbEntity
  8
VISIBLE
100
AcDbLine
 10
5.707963307086615
 20
-4.034795511811026
 30
0.0
 11
5.137097165354333
 21
-4.034795511811026
 31
0.0
  0
LINE
  5
100004D5
102
{ACAD_XDICTIONARY
360
100004D6
102
}
330
1F
100
AcDbEntity
  8
VISIBLE
100
AcDbLine
 10
5.137097165354333
 20
-4.034795511811026
 30
0.0
 11
5.136343858267718
 21
-4.034645669291342
 31
0.0
  0
LINE
  5
100004D9
102
{ACAD_XDICTIONARY
360
100004DA
102
}
330
1F
100
AcDbEntity
  8
VISIBLE
100
AcDbLine
 10
5.136343858267718
 20
-4.034645669291342
 30
0.0
 11
5.135278503937008
 21
-4.033580314960632
 31
0.0
  0
LINE
  5
100004DD
102
{ACAD_XDICTIONARY
360
100004DE
102
}
330
1F
100
AcDbEntity
  8
VISIBLE
100
AcDbLine
 10
5.135278503937008
 20
-4.033580314960632
 30
0.0
 11
5.135128661417323
 21
-4.032827007874019
 31
0.0
  0
LINE
  5
100004E1
102
{ACAD_XDICTIONARY
360
100004E2
102
}
330
1F
100
AcDbEntity
  8
VISIBLE
100
AcDbLine
 10
5.135128661417323
 20
-4.032827007874019
 30
0.0
 11
5.135128661417323
 21
-3.461960866141735
 31
0.0
  0
LINE
  5
100004E5
102
{ACAD_XDICTIONARY
360
100004E6
102
}
330
1F
100
AcDbEntity
  8
VISIBLE
100
AcDbLine
 10
5.135128661417323
 20
-3.461960866141735
 30
0.0
 11
5.135278503937008
 21
-3.461207559055119
 31
0.0
  0
LINE
  5
100004E9
102
{ACAD_XDICTIONARY
360
100004EA
102
}
330
1F
100
AcDbEntity
  8
VISIBLE
100
AcDbLine
 10
5.135278503937008
 20
-3.461207559055119
 30
0.0
 11
5.136343858267718
 21
-3.460142204724412
 31
0.0
  0
LINE
  5
100004ED
102
{ACAD_XDICTIONARY
360
100004EE
102
}
330
1F
100
AcDbEntity
  8
VISIBLE
100
AcDbLine
 10
5.136343858267718
 20
-3.460142204724412
 30
0.0
 11
5.137097165354333
 21
-3.459992362204727
 31
0.0
  0
LINE
  5
100004F1
102
{ACAD_XDICTIONARY
360
100004F2
102
}
330
1F
100
AcDbEntity
  8
VISIBLE
100
AcDbLine
 10
5.137097165354333
 20
-3.459992362204727
 30
0.0
 11
5.707963307086615
 21
-3.459992362204727
 31
0.0
  0
LINE
  5
100004F5
102
{ACAD_XDICTIONARY
360
100004F6
102
}
330
1F
100
AcDbEntity
  8
VISIBLE
100
AcDbLine
 10
4.207963307086615
 20
-3.834992362204727
 30
0.0
 11
4.20871661417323
 21
-3.835142204724412
 31
0.0
  0
LINE
  5
100004F9
102
{ACAD_XDICTIONARY
360
100004FA
102
}
330
1F
100
AcDbEntity
  8
VISIBLE
100
AcDbLine
 10
4.20871661417323
 20
-3.835142204724412
 30
0.0
 11
4.209781968503938
 21
-3.836207559055119
 31
0.0
  0
LINE
  5
100004FD
102
{ACAD_XDICTIONARY
360
100004FE
102
}
330
1F
100
AcDbEntity
  8
VISIBLE
100
AcDbLine
 10
4.209781968503938
 20
-3.836207559055119
 30
0.0
 11
4.209931811023623
 21
-3.836960866141735
 31
0.0
  0
LINE
  5
10000501
102
{ACAD_XDICTIONARY
360
10000502
102
}
330
1F
100
AcDbEntity
  8
VISIBLE
100
AcDbLine
 10
4.209931811023623
 20
-3.836960866141735
 30
0.0
 11
4.209931811023623
 21
-4.407827007874017
 31
0.0
  0
LINE
  5
10000505
102
{ACAD_XDICTIONARY
360
10000506
102
}
330
1F
100
AcDbEntity
  8
VISIBLE
100
AcDbLine
 10
4.209931811023623
 20
-4.407827007874017
 30
0.0
 11
4.209781968503938
 21
-4.408580314960632
 31
0.0
  0
LINE
  5
10000509
102
{ACAD_XDICTIONARY
360
1000050A
102
}
330
1F
100
AcDbEntity
  8
VISIBLE
100
AcDbLine
 10
4.209781968503938
 20
-4.408580314960632
 30
0.0
 11
4.20871661417323
 21
-4.40964566929134
 31
0.0
  0
LINE
  5
1000050D
102
{ACAD_XDICTIONARY
360
1000050E
102
}
330
1F
100
AcDbEntity
  8
VISIBLE
100
AcDbLine
 10
4.20871661417323
 20
-4.40964566929134
 30
0.0
 11
4.207963307086615
 21
-4.409795511811026
 31
0.0
  0
LINE
  5
10000511
102
{ACAD_XDICTIONARY
360
10000512
102
}
330
1F
100
AcDbEntity
  8
VISIBLE
100
AcDbLine
 10
4.207963307086615
 20
-4.409795511811026
 30
0.0
 11
3.637097165354332
 21
-4.409795511811026
 31
0.0
  0
LINE
  5
10000515
102
{ACAD_XDICTIONARY
360
10000516
102
}
330
1F
100
AcDbEntity
  8
VISIBLE
100
AcDbLine
 10
3.637097165354332
 20
-4.409795511811026
 30
0.0
 11
3.636343858267717
 21
-4.40964566929134
 31
0.0
  0
LINE
  5
10000519
102
{ACAD_XDICTIONARY
360
1000051A
102
}
330
1F
100
AcDbEntity
  8
VISIBLE
100
AcDbLine
 10
3.636343858267717
 20
-4.40964566929134
 30
0.0
 11
3.635278503937009
 21
-4.408580314960632
 31
0.0
  0
LINE
  5
1000051D
102
{ACAD_XDICTIONARY
360
1000051E
102
}
330
1F
100
AcDbEntity
  8
VISIBLE
100
AcDbLine
 10
3.635278503937009
 20
-4.408580314960632
 30
0.0
 11
3.635128661417324
 21
-4.407827007874017
 31
0.0
  0
LINE
  5
10000521
102
{ACAD_XDICTIONARY
360
10000522
102
}
330
1F
100
AcDbEntity
  8
VISIBLE
100
AcDbLine
 10
3.635128661417324
 20
-4.407827007874017
 30
0.0
 11
3.635128661417324
 21
-3.836960866141735
 31
0.0
  0
LINE
  5
10000525
102
{ACAD_XDICTIONARY
360
10000526
102
}
330
1F
100
AcDbEntity
  8
VISIBLE
100
AcDbLine
 10
3.635128661417324
 20
-3.836960866141735
 30
0.0
 11
3.635278503937009
 21
-3.836207559055119
 31
0.0
  0
LINE
  5
10000529
102
{ACAD_XDICTIONARY
360
1000052A
102
}
330
1F
100
AcDbEntity
  8
VISIBLE
100
AcDbLine
 10
3.635278503937009
 20
-3.836207559055119
 30
0.0
 11
3.636343858267717
 21
-3.835142204724412
 31
0.0
  0
LINE
  5
1000052D
102
{ACAD_XDICTIONARY
360
1000052E
102
}
330
1F
100
AcDbEntity
  8
VISIBLE
100
AcDbLine
 10
3.636343858267717
 20
-3.835142204724412
 30
0.0
 11
3.637097165354332
 21
-3.834992362204727
 31
0.0
  0
LINE
  5
10000531
102
{ACAD_XDICTIONARY
360
10000532
102
}
330
1F
100
AcDbEntity
  8
VISIBLE
100
AcDbLine
 10
3.637097165354332
 20
-3.834992362204727
 30
0.0
 11
4.207963307086615
 21
-3.834992362204727
 31
0.0
  0
LINE
  5
10000535
102
{ACAD_XDICTIONARY
360
10000536
102
}
330
1F
100
AcDbEntity
  8
VISIBLE
100
AcDbLine
 10
4.957963307086615
 20
-4.022492362204727
 30
0.0
 11
4.958716614173228
 21
-4.022642204724412
 31
0.0
  0
LINE
  5
10000539
102
{ACAD_XDICTIONARY
360
1000053A
102
}
330
1F
100
AcDbEntity
  8
VISIBLE
100
AcDbLine
 10
4.958716614173228
 20
-4.022642204724412
 30
0.0
 11
4.959781968503938
 21
-4.023707559055119
 31
0.0
  0
LINE
  5
1000053D
102
{ACAD_XDICTIONARY
360
1000053E
102
}
330
1F
100
AcDbEntity
  8
VISIBLE
100
AcDbLine
 10
4.959781968503938
 20
-4.023707559055119
 30
0.0
 11
4.959931811023623
 21
-4.024460866141735
 31
0.0
  0
LINE
  5
10000541
102
{ACAD_XDICTIONARY
360
10000542
102
}
330
1F
100
AcDbEntity
  8
VISIBLE
100
AcDbLine
 10
4.959931811023623
 20
-4.024460866141735
 30
0.0
 11
4.959931811023623
 21
-4.595327007874017
 31
0.0
  0
LINE
  5
10000545
102
{ACAD_XDICTIONARY
360
10000546
102
}
330
1F
100
AcDbEntity
  8
VISIBLE
100
AcDbLine
 10
4.959931811023623
 20
-4.595327007874017
 30
0.0
 11
4.959781968503938
 21
-4.596080314960632
 31
0.0
  0
LINE
  5
10000549
102
{ACAD_XDICTIONARY
360
1000054A
102
}
330
1F
100
AcDbEntity
  8
VISIBLE
100
AcDbLine
 10
4.959781968503938
 20
-4.596080314960632
 30
0.0
 11
4.95871661417323
 21
-4.59714566929134
 31
0.0
  0
LINE
  5
1000054D
102
{ACAD_XDICTIONARY
360
1000054E
102
}
330
1F
100
AcDbEntity
  8
VISIBLE
100
AcDbLine
 10
4.95871661417323
 20
-4.59714566929134
 30
0.0
 11
4.957963307086615
 21
-4.597295511811026
 31
0.0
  0
LINE
  5
10000551
102
{ACAD_XDICTIONARY
360
10000552
102
}
330
1F
100
AcDbEntity
  8
VISIBLE
100
AcDbLine
 10
4.957963307086615
 20
-4.597295511811026
 30
0.0
 11
4.387097165354332
 21
-4.597295511811026
 31
0.0
  0
LINE
  5
10000555
102
{ACAD_XDICTIONARY
360
10000556
102
}
330
1F
100
AcDbEntity
  8
VISIBLE
100
AcDbLine
 10
4.387097165354332
 20
-4.597295511811026
 30
0.0
 11
4.386343858267717
 21
-4.59714566929134
 31
0.0
  0
LINE
  5
10000559
102
{ACAD_XDICTIONARY
360
1000055A
102
}
330
1F
100
AcDbEntity
  8
VISIBLE
100
AcDbLine
 10
4.386343858267717
 20
-4.59714566929134
 30
0.0
 11
4.385278503937009
 21
-4.596080314960632
 31
0.0
  0
LINE
  5
1000055D
102
{ACAD_XDICTIONARY
360
1000055E
102
}
330
1F
100
AcDbEntity
  8
VISIBLE
100
AcDbLine
 10
4.385278503937009
 20
-4.596080314960632
 30
0.0
 11
4.385128661417324
 21
-4.595327007874017
 31
0.0
  0
LINE
  5
10000561
102
{ACAD_XDICTIONARY
360
10000562
102
}
330
1F
100
AcDbEntity
  8
VISIBLE
100
AcDbLine
 10
4.385128661417324
 20
-4.595327007874017
 30
0.0
 11
4.385128661417324
 21
-4.024460866141735
 31
0.0
  0
LINE
  5
10000565
102
{ACAD_XDICTIONARY
360
10000566
102
}
330
1F
100
AcDbEntity
  8
VISIBLE
100
AcDbLine
 10
4.385128661417324
 20
-4.024460866141735
 30
0.0
 11
4.385278503937009
 21
-4.023707559055119
 31
0.0
  0
LINE
  5
10000569
102
{ACAD_XDICTIONARY
360
1000056A
102
}
330
1F
100
AcDbEntity
  8
VISIBLE
100
AcDbLine
 10
4.385278503937009
 20
-4.023707559055119
 30
0.0
 11
4.386343858267717
 21
-4.022642204724412
 31
0.0
  0
LINE
  5
1000056D
102
{ACAD_XDICTIONARY
360
1000056E
102
}
330
1F
100
AcDbEntity
  8
VISIBLE
100
AcDbLine
 10
4.386343858267717
 20
-4.022642204724412
 30
0.0
 11
4.387097165354332
 21
-4.022492362204727
 31
0.0
  0
LINE
  5
10000571
102
{ACAD_XDICTIONARY
360
10000572
102
}
330
1F
100
AcDbEntity
  8
VISIBLE
100
AcDbLine
 10
4.387097165354332
 20
-4.022492362204727
 30
0.0
 11
4.957963307086615
 21
-4.022492362204727
 31
0.0
  0
LINE
  5
10000575
102
{ACAD_XDICTIONARY
360
10000576
102
}
330
1F
100
AcDbEntity
  8
VISIBLE
100
AcDbLine
 10
5.707963307086615
 20
-4.209992362204727
 30
0.0
 11
5.708716614173229
 21
-4.210142204724412
 31
0.0
  0
LINE
  5
10000579
102
{ACAD_XDICTIONARY
360
1000057A
102
}
330
1F
100
AcDbEntity
  8
VISIBLE
100
AcDbLine
 10
5.708716614173229
 20
-4.210142204724412
 30
0.0
 11
5.709781968503938
 21
-4.211207559055119
 31
0.0
  0
LINE
  5
1000057D
102
{ACAD_XDICTIONARY
360
1000057E
102
}
330
1F
100
AcDbEntity
  8
VISIBLE
100
AcDbLine
 10
5.709781968503938
 20
-4.211207559055119
 30
0.0
 11
5.709931811023623
 21
-4.211960866141736
 31
0.0
  0
LINE
  5
10000581
102
{ACAD_XDICTIONARY
360
10000582
102
}
330
1F
100
AcDbEntity
  8
VISIBLE
100
AcDbLine
 10
5.709931811023623
 20
-4.211960866141736
 30
0.0
 11
5.709931811023623
 21
-4.782827007874017
 31
0.0
  0
LINE
  5
10000585
102
{ACAD_XDICTIONARY
360
10000586
102
}
330
1F
100
AcDbEntity
  8
VISIBLE
100
AcDbLine
 10
5.709931811023623
 20
-4.782827007874017
 30
0.0
 11
5.709781968503938
 21
-4.783580314960632
 31
0.0
  0
LINE
  5
10000589
102
{ACAD_XDICTIONARY
360
1000058A
102
}
330
1F
100
AcDbEntity
  8
VISIBLE
100
AcDbLine
 10
5.709781968503938
 20
-4.783580314960632
 30
0.0
 11
5.708716614173229
 21
-4.78464566929134
 31
0.0
  0
LINE
  5
1000058D
102
{ACAD_XDICTIONARY
360
1000058E
102
}
330
1F
100
AcDbEntity
  8
VISIBLE
100
AcDbLine
 10
5.708716614173229
 20
-4.78464566929134
 30
0.0
 11
5.707963307086615
 21
-4.784795511811027
 31
0.0
  0
LINE
  5
10000591
102
{ACAD_XDICTIONARY
360
10000592
102
}
330
1F
100
AcDbEntity
  8
VISIBLE
100
AcDbLine
 10
5.707963307086615
 20
-4.784795511811027
 30
0.0
 11
5.137097165354333
 21
-4.784795511811027
 31
0.0
  0
LINE
  5
10000595
102
{ACAD_XDICTIONARY
360
10000596
102
}
330
1F
100
AcDbEntity
  8
VISIBLE
100
AcDbLine
 10
5.137097165354333
 20
-4.784795511811027
 30
0.0
 11
5.136343858267718
 21
-4.78464566929134
 31
0.0
  0
LINE
  5
10000599
102
{ACAD_XDICTIONARY
360
1000059A
102
}
330
1F
100
AcDbEntity
  8
VISIBLE
100
AcDbLine
 10
5.136343858267718
 20
-4.78464566929134
 30
0.0
 11
5.135278503937008
 21
-4.783580314960632
 31
0.0
  0
LINE
  5
1000059D
102
{ACAD_XDICTIONARY
360
1000059E
102
}
330
1F
100
AcDbEntity
  8
VISIBLE
100
AcDbLine
 10
5.135278503937008
 20
-4.783580314960632
 30
0.0
 11
5.135128661417323
 21
-4.782827007874017
 31
0.0
  0
LINE
  5
100005A1
102
{ACAD_XDICTIONARY
360
100005A2
102
}
330
1F
100
AcDbEntity
  8
VISIBLE
100
AcDbLine
 10
5.135128661417323
 20
-4.782827007874017
 30
0.0
 11
5.135128661417323
 21
-4.211960866141736
 31
0.0
  0
LINE
  5
100005A5
102
{ACAD_XDICTIONARY
360
100005A6
102
}
330
1F
100
AcDbEntity
  8
VISIBLE
100
AcDbLine
 10
5.135128661417323
 20
-4.211960866141736
 30
0.0
 11
5.135278503937008
 21
-4.211207559055119
 31
0.0
  0
LINE
  5
100005A9
102
{ACAD_XDICTIONARY
360
100005AA
102
}
330
1F
100
AcDbEntity
  8
VISIBLE
100
AcDbLine
 10
5.135278503937008
 20
-4.211207559055119
 30
0.0
 11
5.136343858267718
 21
-4.210142204724412
 31
0.0
  0
LINE
  5
100005AD
102
{ACAD_XDICTIONARY
360
100005AE
102
}
330
1F
100
AcDbEntity
  8
VISIBLE
100
AcDbLine
 10
5.136343858267718
 20
-4.210142204724412
 30
0.0
 11
5.137097165354333
 21
-4.209992362204727
 31
0.0
  0
LINE
  5
100005B1
102
{ACAD_XDICTIONARY
360
100005B2
102
}
330
1F
100
AcDbEntity
  8
VISIBLE
100
AcDbLine
 10
5.137097165354333
 20
-4.209992362204727
 30
0.0
 11
5.707963307086615
 21
-4.209992362204727
 31
0.0
  0
LINE
  5
100005B5
102
{ACAD_XDICTIONARY
360
100005B6
102
}
330
1F
100
AcDbEntity
  8
VISIBLE
100
AcDbLine
 10
4.207963307086615
 20
-4.584992362204726
 30
0.0
 11
4.20871661417323
 21
-4.58514220472441
 31
0.0
  0
LINE
  5
100005B9
102
{ACAD_XDICTIONARY
360
100005BA
102
}
330
1F
100
AcDbEntity
  8
VISIBLE
100
AcDbLine
 10
4.20871661417323
 20
-4.58514220472441
 30
0.0
 11
4.209781968503938
 21
-4.58620755905512
 31
0.0
  0
LINE
  5
100005BD
102
{ACAD_XDICTIONARY
360
100005BE
102
}
330
1F
100
AcDbEntity
  8
VISIBLE
100
AcDbLine
 10
4.209781968503938
 20
-4.58620755905512
 30
0.0
 11
4.209931811023623
 21
-4.586960866141733
 31
0.0
  0
LINE
  5
100005C1
102
{ACAD_XDICTIONARY
360
100005C2
102
}
330
1F
100
AcDbEntity
  8
VISIBLE
100
AcDbLine
 10
4.209931811023623
 20
-4.586960866141733
 30
0.0
 11
4.209931811023623
 21
-5.157827007874017
 31
0.0
  0
LINE
  5
100005C5
102
{ACAD_XDICTIONARY
360
100005C6
102
}
330
1F
100
AcDbEntity
  8
VISIBLE
100
AcDbLine
 10
4.209931811023623
 20
-5.157827007874017
 30
0.0
 11
4.209781968503938
 21
-5.158580314960632
 31
0.0
  0
LINE
  5
100005C9
102
{ACAD_XDICTIONARY
360
100005CA
102
}
330
1F
100
AcDbEntity
  8
VISIBLE
100
AcDbLine
 10
4.209781968503938
 20
-5.158580314960632
 30
0.0
 11
4.20871661417323
 21
-5.15964566929134
 31
0.0
  0
LINE
  5
100005CD
102
{ACAD_XDICTIONARY
360
100005CE
102
}
330
1F
100
AcDbEntity
  8
VISIBLE
100
AcDbLine
 10
4.20871661417323
 20
-5.15964566929134
 30
0.0
 11
4.207963307086615
 21
-5.159795511811027
 31
0.0
  0
LINE
  5
100005D1
102
{ACAD_XDICTIONARY
360
100005D2
102
}
330
1F
100
AcDbEntity
  8
VISIBLE
100
AcDbLine
 10
4.207963307086615
 20
-5.159795511811027
 30
0.0
 11
3.637097165354332
 21
-5.159795511811027
 31
0.0
  0
LINE
  5
100005D5
102
{ACAD_XDICTIONARY
360
100005D6
102
}
330
1F
100
AcDbEntity
  8
VISIBLE
100
AcDbLine
 10
3.637097165354332
 20
-5.159795511811027
 30
0.0
 11
3.636343858267717
 21
-5.15964566929134
 31
0.0
  0
LINE
  5
100005D9
102
{ACAD_XDICTIONARY
360
100005DA
102
}
330
1F
100
AcDbEntity
  8
VISIBLE
100
AcDbLine
 10
3.636343858267717
 20
-5.15964566929134
 30
0.0
 11
3.635278503937009
 21
-5.158580314960632
 31
0.0
  0
LINE
  5
100005DD
102
{ACAD_XDICTIONARY
360
100005DE
102
}
330
1F
100
AcDbEntity
  8
VISIBLE
100
AcDbLine
 10
3.635278503937009
 20
-5.158580314960632
 30
0.0
 11
3.635128661417324
 21
-5.157827007874017
 31
0.0
  0
LINE
  5
100005E1
102
{ACAD_XDICTIONARY
360
100005E2
102
}
330
1F
100
AcDbEntity
  8
VISIBLE
100
AcDbLine
 10
3.635128661417324
 20
-5.157827007874017
 30
0.0
 11
3.635128661417324
 21
-4.586960866141733
 31
0.0
  0
LINE
  5
100005E5
102
{ACAD_XDICTIONARY
360
100005E6
102
}
330
1F
100
AcDbEntity
  8
VISIBLE
100
AcDbLine
 10
3.635128661417324
 20
-4.586960866141733
 30
0.0
 11
3.635278503937009
 21
-4.58620755905512
 31
0.0
  0
LINE
  5
100005E9
102
{ACAD_XDICTIONARY
360
100005EA
102
}
330
1F
100
AcDbEntity
  8
VISIBLE
100
AcDbLine
 10
3.635278503937009
 20
-4.58620755905512
 30
0.0
 11
3.636343858267717
 21
-4.58514220472441
 31
0.0
  0
LINE
  5
100005ED
102
{ACAD_XDICTIONARY
360
100005EE
102
}
330
1F
100
AcDbEntity
  8
VISIBLE
100
AcDbLine
 10
3.636343858267717
 20
-4.58514220472441
 30
0.0
 11
3.637097165354332
 21
-4.584992362204726
 31
0.0
  0
LINE
  5
100005F1
102
{ACAD_XDICTIONARY
360
100005F2
102
}
330
1F
100
AcDbEntity
  8
VISIBLE
100
AcDbLine
 10
3.637097165354332
 20
-4.584992362204726
 30
0.0
 11
4.207963307086615
 21
-4.584992362204726
 31
0.0
  0
LINE
  5
100005F5
102
{ACAD_XDICTIONARY
360
100005F6
102
}
330
1F
100
AcDbEntity
  8
VISIBLE
100
AcDbLine
 10
4.957963307086615
 20
-4.772492362204726
 30
0.0
 11
4.958716614173228
 21
-4.77264220472441
 31
0.0
  0
LINE
  5
100005F9
102
{ACAD_XDICTIONARY
360
100005FA
102
}
330
1F
100
AcDbEntity
  8
VISIBLE
100
AcDbLine
 10
4.958716614173228
 20
-4.77264220472441
 30
0.0
 11
4.959781968503938
 21
-4.77370755905512
 31
0.0
  0
LINE
  5
100005FD
102
{ACAD_XDICTIONARY
360
100005FE
102
}
330
1F
100
AcDbEntity
  8
VISIBLE
100
AcDbLine
 10
4.959781968503938
 20
-4.77370755905512
 30
0.0
 11
4.959931811023623
 21
-4.774460866141733
 31
0.0
  0
LINE
  5
10000601
102
{ACAD_XDICTIONARY
360
10000602
102
}
330
1F
100
AcDbEntity
  8
VISIBLE
100
AcDbLine
 10
4.959931811023623
 20
-4.774460866141733
 30
0.0
 11
4.959931811023623
 21
-5.345327007874017
 31
0.0
  0
LINE
  5
10000605
102
{ACAD_XDICTIONARY
360
10000606
102
}
330
1F
100
AcDbEntity
  8
VISIBLE
100
AcDbLine
 10
4.959931811023623
 20
-5.345327007874017
 30
0.0
 11
4.959781968503938
 21
-5.346080314960632
 31
0.0
  0
LINE
  5
10000609
102
{ACAD_XDICTIONARY
360
1000060A
102
}
330
1F
100
AcDbEntity
  8
VISIBLE
100
AcDbLine
 10
4.959781968503938
 20
-5.346080314960632
 30
0.0
 11
4.95871661417323
 21
-5.34714566929134
 31
0.0
  0
LINE
  5
1000060D
102
{ACAD_XDICTIONARY
360
1000060E
102
}
330
1F
100
AcDbEntity
  8
VISIBLE
100
AcDbLine
 10
4.95871661417323
 20
-5.34714566929134
 30
0.0
 11
4.957963307086615
 21
-5.347295511811025
 31
0.0
  0
LINE
  5
10000611
102
{ACAD_XDICTIONARY
360
10000612
102
}
330
1F
100
AcDbEntity
  8
VISIBLE
100
AcDbLine
 10
4.957963307086615
 20
-5.347295511811025
 30
0.0
 11
4.387097165354332
 21
-5.347295511811025
 31
0.0
  0
LINE
  5
10000615
102
{ACAD_XDICTIONARY
360
10000616
102
}
330
1F
100
AcDbEntity
  8
VISIBLE
100
AcDbLine
 10
4.387097165354332
 20
-5.347295511811025
 30
0.0
 11
4.386343858267717
 21
-5.34714566929134
 31
0.0
  0
LINE
  5
10000619
102
{ACAD_XDICTIONARY
360
1000061A
102
}
330
1F
100
AcDbEntity
  8
VISIBLE
100
AcDbLine
 10
4.386343858267717
 20
-5.34714566929134
 30
0.0
 11
4.385278503937009
 21
-5.346080314960632
 31
0.0
  0
LINE
  5
1000061D
102
{ACAD_XDICTIONARY
360
1000061E
102
}
330
1F
100
AcDbEntity
  8
VISIBLE
100
AcDbLine
 10
4.385278503937009
 20
-5.346080314960632
 30
0.0
 11
4.385128661417324
 21
-5.345327007874017
 31
0.0
  0
LINE
  5
10000621
102
{ACAD_XDICTIONARY
360
10000622
102
}
330
1F
100
AcDbEntity
  8
VISIBLE
100
AcDbLine
 10
4.385128661417324
 20
-5.345327007874017
 30
0.0
 11
4.385128661417324
 21
-4.774460866141733
 31
0.0
  0
LINE
  5
10000625
102
{ACAD_XDICTIONARY
360
10000626
102
}
330
1F
100
AcDbEntity
  8
VISIBLE
100
AcDbLine
 10
4.385128661417324
 20
-4.774460866141733
 30
0.0
 11
4.385278503937009
 21
-4.77370755905512
 31
0.0
  0
LINE
  5
10000629
102
{ACAD_XDICTIONARY
360
1000062A
102
}
330
1F
100
AcDbEntity
  8
VISIBLE
100
AcDbLine
 10
4.385278503937009
 20
-4.77370755905512
 30
0.0
 11
4.386343858267717
 21
-4.77264220472441
 31
0.0
  0
LINE
  5
1000062D
102
{ACAD_XDICTIONARY
360
1000062E
102
}
330
1F
100
AcDbEntity
  8
VISIBLE
100
AcDbLine
 10
4.386343858267717
 20
-4.77264220472441
 30
0.0
 11
4.387097165354332
 21
-4.772492362204726
 31
0.0
  0
LINE
  5
10000631
102
{ACAD_XDICTIONARY
360
10000632
102
}
330
1F
100
AcDbEntity
  8
VISIBLE
100
AcDbLine
 10
4.387097165354332
 20
-4.772492362204726
 30
0.0
 11
4.957963307086615
 21
-4.772492362204726
 31
0.0
  0
LINE
  5
10000635
102
{ACAD_XDICTIONARY
360
10000636
102
}
330
1F
100
AcDbEntity
  8
VISIBLE
100
AcDbLine
 10
5.707963307086615
 20
-4.959992362204726
 30
0.0
 11
5.708716614173229
 21
-4.960142204724411
 31
0.0
  0
LINE
  5
10000639
102
{ACAD_XDICTIONARY
360
1000063A
102
}
330
1F
100
AcDbEntity
  8
VISIBLE
100
AcDbLine
 10
5.708716614173229
 20
-4.960142204724411
 30
0.0
 11
5.709781968503938
 21
-4.96120755905512
 31
0.0
  0
LINE
  5
1000063D
102
{ACAD_XDICTIONARY
360
1000063E
102
}
330
1F
100
AcDbEntity
  8
VISIBLE
100
AcDbLine
 10
5.709781968503938
 20
-4.96120755905512
 30
0.0
 11
5.709931811023623
 21
-4.961960866141734
 31
0.0
  0
LINE
  5
10000641
102
{ACAD_XDICTIONARY
360
10000642
102
}
330
1F
100
AcDbEntity
  8
VISIBLE
100
AcDbLine
 10
5.709931811023623
 20
-4.961960866141734
 30
0.0
 11
5.709931811023623
 21
-5.532827007874017
 31
0.0
  0
LINE
  5
10000645
102
{ACAD_XDICTIONARY
360
10000646
102
}
330
1F
100
AcDbEntity
  8
VISIBLE
100
AcDbLine
 10
5.709931811023623
 20
-5.532827007874017
 30
0.0
 11
5.709781968503938
 21
-5.533580314960633
 31
0.0
  0
LINE
  5
10000649
102
{ACAD_XDICTIONARY
360
1000064A
102
}
330
1F
100
AcDbEntity
  8
VISIBLE
100
AcDbLine
 10
5.709781968503938
 20
-5.533580314960633
 30
0.0
 11
5.708716614173229
 21
-5.53464566929134
 31
0.0
  0
LINE
  5
1000064D
102
{ACAD_XDICTIONARY
360
1000064E
102
}
330
1F
100
AcDbEntity
  8
VISIBLE
100
AcDbLine
 10
5.708716614173229
 20
-5.53464566929134
 30
0.0
 11
5.707963307086615
 21
-5.534795511811027
 31
0.0
  0
LINE
  5
10000651
102
{ACAD_XDICTIONARY
360
10000652
102
}
330
1F
100
AcDbEntity
  8
VISIBLE
100
AcDbLine
 10
5.707963307086615
 20
-5.534795511811027
 30
0.0
 11
5.137097165354333
 21
-5.534795511811027
 31
0.0
  0
LINE
  5
10000655
102
{ACAD_XDICTIONARY
360
10000656
102
}
330
1F
100
AcDbEntity
  8
VISIBLE
100
AcDbLine
 10
5.137097165354333
 20
-5.534795511811027
 30
0.0
 11
5.136343858267718
 21
-5.53464566929134
 31
0.0
  0
LINE
  5
10000659
102
{ACAD_XDICTIONARY
360
1000065A
102
}
330
1F
100
AcDbEntity
  8
VISIBLE
100
AcDbLine
 10
5.136343858267718
 20
-5.53464566929134
 30
0.0
 11
5.135278503937008
 21
-5.533580314960633
 31
0.0
  0
LINE
  5
1000065D
102
{ACAD_XDICTIONARY
360
1000065E
102
}
330
1F
100
AcDbEntity
  8
VISIBLE
100
AcDbLine
 10
5.135278503937008
 20
-5.533580314960633
 30
0.0
 11
5.135128661417323
 21
-5.532827007874017
 31
0.0
  0
LINE
  5
10000661
102
{ACAD_XDICTIONARY
360
10000662
102
}
330
1F
100
AcDbEntity
  8
VISIBLE
100
AcDbLine
 10
5.135128661417323
 20
-5.532827007874017
 30
0.0
 11
5.135128661417323
 21
-4.961960866141734
 31
0.0
  0
LINE
  5
10000665
102
{ACAD_XDICTIONARY
360
10000666
102
}
330
1F
100
AcDbEntity
  8
VISIBLE
100
AcDbLine
 10
5.135128661417323
 20
-4.961960866141734
 30
0.0
 11
5.135278503937008
 21
-4.96120755905512
 31
0.0
  0
LINE
  5
10000669
102
{ACAD_XDICTIONARY
360
1000066A
102
}
330
1F
100
AcDbEntity
  8
VISIBLE
100
AcDbLine
 10
5.135278503937008
 20
-4.96120755905512
 30
0.0
 11
5.136343858267718
 21
-4.960142204724411
 31
0.0
  0
LINE
  5
1000066D
102
{ACAD_XDICTIONARY
360
1000066E
102
}
330
1F
100
AcDbEntity
  8
VISIBLE
100
AcDbLine
 10
5.136343858267718
 20
-4.960142204724411
 30
0.0
 11
5.137097165354333
 21
-4.959992362204726
 31
0.0
  0
LINE
  5
10000671
102
{ACAD_XDICTIONARY
360
10000672
102
}
330
1F
100
AcDbEntity
  8
VISIBLE
100
AcDbLine
 10
5.137097165354333
 20
-4.959992362204726
 30
0.0
 11
5.707963307086615
 21
-4.959992362204726
 31
0.0
  0
LINE
  5
10000675
102
{ACAD_XDICTIONARY
360
10000676
102
}
330
1F
100
AcDbEntity
  8
VISIBLE
100
AcDbLine
 10
4.207963307086615
 20
-5.334992362204726
 30
0.0
 11
4.20871661417323
 21
-5.335142204724411
 31
0.0
  0
LINE
  5
10000679
102
{ACAD_XDICTIONARY
360
1000067A
102
}
330
1F
100
AcDbEntity
  8
VISIBLE
100
AcDbLine
 10
4.20871661417323
 20
-5.335142204724411
 30
0.0
 11
4.209781968503938
 21
-5.33620755905512
 31
0.0
  0
LINE
  5
1000067D
102
{ACAD_XDICTIONARY
360
1000067E
102
}
330
1F
100
AcDbEntity
  8
VISIBLE
100
AcDbLine
 10
4.209781968503938
 20
-5.33620755905512
 30
0.0
 11
4.209931811023623
 21
-5.336960866141734
 31
0.0
  0
LINE
  5
10000681
102
{ACAD_XDICTIONARY
360
10000682
102
}
330
1F
100
AcDbEntity
  8
VISIBLE
100
AcDbLine
 10
4.209931811023623
 20
-5.336960866141734
 30
0.0
 11
4.209931811023623
 21
-5.907827007874018
 31
0.0
  0
LINE
  5
10000685
102
{ACAD_XDICTIONARY
360
10000686
102
}
330
1F
100
AcDbEntity
  8
VISIBLE
100
AcDbLine
 10
4.209931811023623
 20
-5.907827007874018
 30
0.0
 11
4.209781968503938
 21
-5.908580314960631
 31
0.0
  0
LINE
  5
10000689
102
{ACAD_XDICTIONARY
360
1000068A
102
}
330
1F
100
AcDbEntity
  8
VISIBLE
100
AcDbLine
 10
4.209781968503938
 20
-5.908580314960631
 30
0.0
 11
4.20871661417323
 21
-5.909645669291341
 31
0.0
  0
LINE
  5
1000068D
102
{ACAD_XDICTIONARY
360
1000068E
102
}
330
1F
100
AcDbEntity
  8
VISIBLE
100
AcDbLine
 10
4.20871661417323
 20
-5.909645669291341
 30
0.0
 11
4.207963307086615
 21
-5.909795511811025
 31
0.0
  0
LINE
  5
10000691
102
{ACAD_XDICTIONARY
360
10000692
102
}
330
1F
100
AcDbEntity
  8
VISIBLE
100
AcDbLine
 10
4.207963307086615
 20
-5.909795511811025
 30
0.0
 11
3.637097165354332
 21
-5.909795511811025
 31
0.0
  0
LINE
  5
10000695
102
{ACAD_XDICTIONARY
360
10000696
102
}
330
1F
100
AcDbEntity
  8
VISIBLE
100
AcDbLine
 10
3.637097165354332
 20
-5.909795511811025
 30
0.0
 11
3.636343858267717
 21
-5.909645669291341
 31
0.0
  0
LINE
  5
10000699
102
{ACAD_XDICTIONARY
360
1000069A
102
}
330
1F
100
AcDbEntity
  8
VISIBLE
100
AcDbLine
 10
3.636343858267717
 20
-5.909645669291341
 30
0.0
 11
3.635278503937009
 21
-5.908580314960631
 31
0.0
  0
LINE
  5
1000069D
102
{ACAD_XDICTIONARY
360
1000069E
102
}
330
1F
100
AcDbEntity
  8
VISIBLE
100
AcDbLine
 10
3.635278503937009
 20
-5.908580314960631
 30
0.0
 11
3.635128661417324
 21
-5.907827007874018
 31
0.0
  0
LINE
  5
100006A1
102
{ACAD_XDICTIONARY
360
100006A2
102
}
330
1F
100
AcDbEntity
  8
VISIBLE
100
AcDbLine
 10
3.635128661417324
 20
-5.907827007874018
 30
0.0
 11
3.635128661417324
 21
-5.336960866141734
 31
0.0
  0
LINE
  5
100006A5
102
{ACAD_XDICTIONARY
360
100006A6
102
}
330
1F
100
AcDbEntity
  8
VISIBLE
100
AcDbLine
 10
3.635128661417324
 20
-5.336960866141734
 30
0.0
 11
3.635278503937009
 21
-5.33620755905512
 31
0.0
  0
LINE
  5
100006A9
102
{ACAD_XDICTIONARY
360
100006AA
102
}
330
1F
100
AcDbEntity
  8
VISIBLE
100
AcDbLine
 10
3.635278503937009
 20
-5.33620755905512
 30
0.0
 11
3.636343858267717
 21
-5.335142204724411
 31
0.0
  0
LINE
  5
100006AD
102
{ACAD_XDICTIONARY
360
100006AE
102
}
330
1F
100
AcDbEntity
  8
VISIBLE
100
AcDbLine
 10
3.636343858267717
 20
-5.335142204724411
 30
0.0
 11
3.637097165354332
 21
-5.334992362204726
 31
0.0
  0
LINE
  5
100006B1
102
{ACAD_XDICTIONARY
360
100006B2
102
}
330
1F
100
AcDbEntity
  8
VISIBLE
100
AcDbLine
 10
3.637097165354332
 20
-5.334992362204726
 30
0.0
 11
4.207963307086615
 21
-5.334992362204726
 31
0.0
  0
LINE
  5
100006B5
102
{ACAD_XDICTIONARY
360
100006B6
102
}
330
1F
100
AcDbEntity
  8
VISIBLE
100
AcDbLine
 10
4.957963307086615
 20
-5.522492362204726
 30
0.0
 11
4.958716614173228
 21
-5.522642204724411
 31
0.0
  0
LINE
  5
100006B9
102
{ACAD_XDICTIONARY
360
100006BA
102
}
330
1F
100
AcDbEntity
  8
VISIBLE
100
AcDbLine
 10
4.958716614173228
 20
-5.522642204724411
 30
0.0
 11
4.959781968503938
 21
-5.52370755905512
 31
0.0
  0
LINE
  5
100006BD
102
{ACAD_XDICTIONARY
360
100006BE
102
}
330
1F
100
AcDbEntity
  8
VISIBLE
100
AcDbLine
 10
4.959781968503938
 20
-5.52370755905512
 30
0.0
 11
4.959931811023623
 21
-5.524460866141734
 31
0.0
  0
LINE
  5
100006C1
102
{ACAD_XDICTIONARY
360
100006C2
102
}
330
1F
100
AcDbEntity
  8
VISIBLE
100
AcDbLine
 10
4.959931811023623
 20
-5.524460866141734
 30
0.0
 11
4.959931811023623
 21
-6.095327007874018
 31
0.0
  0
LINE
  5
100006C5
102
{ACAD_XDICTIONARY
360
100006C6
102
}
330
1F
100
AcDbEntity
  8
VISIBLE
100
AcDbLine
 10
4.959931811023623
 20
-6.095327007874018
 30
0.0
 11
4.959781968503938
 21
-6.096080314960633
 31
0.0
  0
LINE
  5
100006C9
102
{ACAD_XDICTIONARY
360
100006CA
102
}
330
1F
100
AcDbEntity
  8
VISIBLE
100
AcDbLine
 10
4.959781968503938
 20
-6.096080314960633
 30
0.0
 11
4.95871661417323
 21
-6.097145669291341
 31
0.0
  0
LINE
  5
100006CD
102
{ACAD_XDICTIONARY
360
100006CE
102
}
330
1F
100
AcDbEntity
  8
VISIBLE
100
AcDbLine
 10
4.95871661417323
 20
-6.097145669291341
 30
0.0
 11
4.957963307086615
 21
-6.097295511811025
 31
0.0
  0
LINE
  5
100006D1
102
{ACAD_XDICTIONARY
360
100006D2
102
}
330
1F
100
AcDbEntity
  8
VISIBLE
100
AcDbLine
 10
4.957963307086615
 20
-6.097295511811025
 30
0.0
 11
4.387097165354332
 21
-6.097295511811025
 31
0.0
  0
LINE
  5
100006D5
102
{ACAD_XDICTIONARY
360
100006D6
102
}
330
1F
100
AcDbEntity
  8
VISIBLE
100
AcDbLine
 10
4.387097165354332
 20
-6.097295511811025
 30
0.0
 11
4.386343858267717
 21
-6.097145669291341
 31
0.0
  0
LINE
  5
100006D9
102
{ACAD_XDICTIONARY
360
100006DA
102
}
330
1F
100
AcDbEntity
  8
VISIBLE
100
AcDbLine
 10
4.386343858267717
 20
-6.097145669291341
 30
0.0
 11
4.385278503937009
 21
-6.096080314960633
 31
0.0
  0
LINE
  5
100006DD
102
{ACAD_XDICTIONARY
360
100006DE
102
}
330
1F
100
AcDbEntity
  8
VISIBLE
100
AcDbLine
 10
4.385278503937009
 20
-6.096080314960633
 30
0.0
 11
4.385128661417324
 21
-6.095327007874018
 31
0.0
  0
LINE
  5
100006E1
102
{ACAD_XDICTIONARY
360
100006E2
102
}
330
1F
100
AcDbEntity
  8
VISIBLE
100
AcDbLine
 10
4.385128661417324
 20
-6.095327007874018
 30
0.0
 11
4.385128661417324
 21
-5.524460866141734
 31
0.0
  0
LINE
  5
100006E5
102
{ACAD_XDICTIONARY
360
100006E6
102
}
330
1F
100
AcDbEntity
  8
VISIBLE
100
AcDbLine
 10
4.385128661417324
 20
-5.524460866141734
 30
0.0
 11
4.385278503937009
 21
-5.52370755905512
 31
0.0
  0
LINE
  5
100006E9
102
{ACAD_XDICTIONARY
360
100006EA
102
}
330
1F
100
AcDbEntity
  8
VISIBLE
100
AcDbLine
 10
4.385278503937009
 20
-5.52370755905512
 30
0.0
 11
4.386343858267717
 21
-5.522642204724411
 31
0.0
  0
LINE
  5
100006ED
102
{ACAD_XDICTIONARY
360
100006EE
102
}
330
1F
100
AcDbEntity
  8
VISIBLE
100
AcDbLine
 10
4.386343858267717
 20
-5.522642204724411
 30
0.0
 11
4.387097165354332
 21
-5.522492362204726
 31
0.0
  0
LINE
  5
100006F1
102
{ACAD_XDICTIONARY
360
100006F2
102
}
330
1F
100
AcDbEntity
  8
VISIBLE
100
AcDbLine
 10
4.387097165354332
 20
-5.522492362204726
 30
0.0
 11
4.957963307086615
 21
-5.522492362204726
 31
0.0
  0
LINE
  5
100006F5
102
{ACAD_XDICTIONARY
360
100006F6
102
}
330
1F
100
AcDbEntity
  8
VISIBLE
100
AcDbLine
 10
5.707963307086615
 20
-5.709992362204726
 30
0.0
 11
5.708716614173229
 21
-5.710142204724411
 31
0.0
  0
LINE
  5
100006F9
102
{ACAD_XDICTIONARY
360
100006FA
102
}
330
1F
100
AcDbEntity
  8
VISIBLE
100
AcDbLine
 10
5.708716614173229
 20
-5.710142204724411
 30
0.0
 11
5.709781968503938
 21
-5.71120755905512
 31
0.0
  0
LINE
  5
100006FD
102
{ACAD_XDICTIONARY
360
100006FE
102
}
330
1F
100
AcDbEntity
  8
VISIBLE
100
AcDbLine
 10
5.709781968503938
 20
-5.71120755905512
 30
0.0
 11
5.709931811023623
 21
-5.711960866141734
 31
0.0
  0
LINE
  5
10000701
102
{ACAD_XDICTIONARY
360
10000702
102
}
330
1F
100
AcDbEntity
  8
VISIBLE
100
AcDbLine
 10
5.709931811023623
 20
-5.711960866141734
 30
0.0
 11
5.709931811023623
 21
-6.282827007874018
 31
0.0
  0
LINE
  5
10000705
102
{ACAD_XDICTIONARY
360
10000706
102
}
330
1F
100
AcDbEntity
  8
VISIBLE
100
AcDbLine
 10
5.709931811023623
 20
-6.282827007874018
 30
0.0
 11
5.709781968503938
 21
-6.283580314960632
 31
0.0
  0
LINE
  5
10000709
102
{ACAD_XDICTIONARY
360
1000070A
102
}
330
1F
100
AcDbEntity
  8
VISIBLE
100
AcDbLine
 10
5.709781968503938
 20
-6.283580314960632
 30
0.0
 11
5.708716614173229
 21
-6.284645669291341
 31
0.0
  0
LINE
  5
1000070D
102
{ACAD_XDICTIONARY
360
1000070E
102
}
330
1F
100
AcDbEntity
  8
VISIBLE
100
AcDbLine
 10
5.708716614173229
 20
-6.284645669291341
 30
0.0
 11
5.707963307086615
 21
-6.284795511811025
 31
0.0
  0
LINE
  5
10000711
102
{ACAD_XDICTIONARY
360
10000712
102
}
330
1F
100
AcDbEntity
  8
VISIBLE
100
AcDbLine
 10
5.707963307086615
 20
-6.284795511811025
 30
0.0
 11
5.137097165354333
 21
-6.284795511811025
 31
0.0
  0
LINE
  5
10000715
102
{ACAD_XDICTIONARY
360
10000716
102
}
330
1F
100
AcDbEntity
  8
VISIBLE
100
AcDbLine
 10
5.137097165354333
 20
-6.284795511811025
 30
0.0
 11
5.136343858267718
 21
-6.284645669291341
 31
0.0
  0
LINE
  5
10000719
102
{ACAD_XDICTIONARY
360
1000071A
102
}
330
1F
100
AcDbEntity
  8
VISIBLE
100
AcDbLine
 10
5.136343858267718
 20
-6.284645669291341
 30
0.0
 11
5.135278503937008
 21
-6.283580314960632
 31
0.0
  0
LINE
  5
1000071D
102
{ACAD_XDICTIONARY
360
1000071E
102
}
330
1F
100
AcDbEntity
  8
VISIBLE
100
AcDbLine
 10
5.135278503937008
 20
-6.283580314960632
 30
0.0
 11
5.135128661417323
 21
-6.282827007874018
 31
0.0
  0
LINE
  5
10000721
102
{ACAD_XDICTIONARY
360
10000722
102
}
330
1F
100
AcDbEntity
  8
VISIBLE
100
AcDbLine
 10
5.135128661417323
 20
-6.282827007874018
 30
0.0
 11
5.135128661417323
 21
-5.711960866141734
 31
0.0
  0
LINE
  5
10000725
102
{ACAD_XDICTIONARY
360
10000726
102
}
330
1F
100
AcDbEntity
  8
VISIBLE
100
AcDbLine
 10
5.135128661417323
 20
-5.711960866141734
 30
0.0
 11
5.135278503937008
 21
-5.71120755905512
 31
0.0
  0
LINE
  5
10000729
102
{ACAD_XDICTIONARY
360
1000072A
102
}
330
1F
100
AcDbEntity
  8
VISIBLE
100
AcDbLine
 10
5.135278503937008
 20
-5.71120755905512
 30
0.0
 11
5.136343858267718
 21
-5.710142204724411
 31
0.0
  0
LINE
  5
1000072D
102
{ACAD_XDICTIONARY
360
1000072E
102
}
330
1F
100
AcDbEntity
  8
VISIBLE
100
AcDbLine
 10
5.136343858267718
 20
-5.710142204724411
 30
0.0
 11
5.137097165354333
 21
-5.709992362204726
 31
0.0
  0
LINE
  5
10000731
102
{ACAD_XDICTIONARY
360
10000732
102
}
330
1F
100
AcDbEntity
  8
VISIBLE
100
AcDbLine
 10
5.137097165354333
 20
-5.709992362204726
 30
0.0
 11
5.707963307086615
 21
-5.709992362204726
 31
0.0
  0
ENDSEC
  0
SECTION
  2
OBJECTS
  0
DICTIONARY
  5
C
330
0
100
AcDbDictionary
  3
ACAD_GROUP
350
D
  3
ACAD_LAYOUT
350
1A
  3
ACAD_MATERIAL
350
43
  3
ACAD_MLEADERSTYLE
350
5B
  3
ACAD_MLINESTYLE
350
17
  3
ACAD_PLOTSETTINGS
350
19
  3
ACAD_SCALELIST
350
47
  3
ACAD_VISUALSTYLE
350
2A
  3
ACDBHEADERROUNDTRIPXREC
350
10000737
  3
ACDBVARIABLEDICTIONARY
350
10000758
  3
DWGPROPS
350
1000075F
  3
ONSHAPE_DATA
350
10000001
  0
DICTIONARY
  5
10000760
330
8
100
AcDbDictionary
280
     1
  3
ACAD_XREC_ROUNDTRIP
360
10000761
  0
DICTIONARY
  5
10000735
330
1F
100
AcDbDictionary
280
     1
  3
ACAD_SORTENTS
360
10000736
  0
DICTIONARY
  5
1000005A
330
10000059
100
AcDbDictionary
280
     1
  3
BTDETID
360
1000005B
  3
BTPARTID
360
1000005C
  0
DICTIONARY
  5
1000005E
330
1000005D
100
AcDbDictionary
280
     1
  3
BTDETID
360
1000005F
  3
BTPARTID
360
10000060
  0
DICTIONARY
  5
10000062
330
10000061
100
AcDbDictionary
280
     1
  3
BTDETID
360
10000063
  3
BTPARTID
360
10000064
  0
DICTIONARY
  5
10000066
330
10000065
100
AcDbDictionary
280
     1
  3
BTDETID
360
10000067
  3
BTPARTID
360
10000068
  0
DICTIONARY
  5
1000006A
330
10000069
100
AcDbDictionary
280
     1
  3
BTDETID
360
1000006B
  3
BTPARTID
360
1000006C
  0
DICTIONARY
  5
1000006E
330
1000006D
100
AcDbDictionary
280
     1
  3
BTDETID
360
1000006F
  3
BTPARTID
360
10000070
  0
DICTIONARY
  5
10000072
330
10000071
100
AcDbDictionary
280
     1
  3
BTDETID
360
10000073
  3
BTPARTID
360
10000074
  0
DICTIONARY
  5
10000076
330
10000075
100
AcDbDictionary
280
     1
  3
BTDETID
360
10000077
  3
BTPARTID
360
10000078
  0
DICTIONARY
  5
1000007A
330
10000079
100
AcDbDictionary
280
     1
  3
BTDETID
360
1000007B
  3
BTPARTID
360
1000007C
  0
DICTIONARY
  5
1000007E
330
1000007D
100
AcDbDictionary
280
     1
  3
BTDETID
360
1000007F
  3
BTPARTID
360
10000080
  0
DICTIONARY
  5
10000082
330
10000081
100
AcDbDictionary
280
     1
  3
BTDETID
360
10000083
  3
BTPARTID
360
10000084
  0
DICTIONARY
  5
10000086
330
10000085
100
AcDbDictionary
280
     1
  3
BTDETID
360
10000087
  3
BTPARTID
360
10000088
  0
DICTIONARY
  5
1000008A
330
10000089
100
AcDbDictionary
280
     1
  3
BTDETID
360
1000008B
  3
BTPARTID
360
1000008C
  0
DICTIONARY
  5
1000008E
330
1000008D
100
AcDbDictionary
280
     1
  3
BTDETID
360
1000008F
  3
BTPARTID
360
10000090
  0
DICTIONARY
  5
10000092
330
10000091
100
AcDbDictionary
280
     1
  3
BTDETID
360
10000093
  3
BTPARTID
360
10000094
  0
DICTIONARY
  5
10000096
330
10000095
100
AcDbDictionary
280
     1
  3
BTDETID
360
10000097
  3
BTPARTID
360
10000098
  0
DICTIONARY
  5
1000009A
330
10000099
100
AcDbDictionary
280
     1
  3
BTDETID
360
1000009B
  3
BTPARTID
360
1000009C
  0
DICTIONARY
  5
1000009E
330
1000009D
100
AcDbDictionary
280
     1
  3
BTDETID
360
1000009F
  3
BTPARTID
360
100000A0
  0
DICTIONARY
  5
100000A2
330
100000A1
100
AcDbDictionary
280
     1
  3
BTDETID
360
100000A3
  3
BTPARTID
360
100000A4
  0
DICTIONARY
  5
100000A6
330
100000A5
100
AcDbDictionary
280
     1
  3
BTDETID
360
100000A7
  3
BTPARTID
360
100000A8
  0
DICTIONARY
  5
100000AA
330
100000A9
100
AcDbDictionary
280
     1
  3
BTDETID
360
100000AB
  3
BTPARTID
360
100000AC
  0
DICTIONARY
  5
100000AE
330
100000AD
100
AcDbDictionary
280
     1
  3
BTDETID
360
100000AF
  3
BTPARTID
360
100000B0
  0
DICTIONARY
  5
100000B2
330
100000B1
100
AcDbDictionary
280
     1
  3
BTDETID
360
100000B3
  3
BTPARTID
360
100000B4
  0
DICTIONARY
  5
100000B6
330
100000B5
100
AcDbDictionary
280
     1
  3
BTDETID
360
100000B7
  3
BTPARTID
360
100000B8
  0
DICTIONARY
  5
100000BA
330
100000B9
100
AcDbDictionary
280
     1
  3
BTDETID
360
100000BB
  3
BTPARTID
360
100000BC
  0
DICTIONARY
  5
100000BE
330
100000BD
100
AcDbDictionary
280
     1
  3
BTDETID
360
100000BF
  3
BTPARTID
360
100000C0
  0
DICTIONARY
  5
100000C2
330
100000C1
100
AcDbDictionary
280
     1
  3
BTDETID
360
100000C3
  3
BTPARTID
360
100000C4
  0
DICTIONARY
  5
100000C6
330
100000C5
100
AcDbDictionary
280
     1
  3
BTDETID
360
100000C7
  3
BTPARTID
360
100000C8
  0
DICTIONARY
  5
100000CA
330
100000C9
100
AcDbDictionary
280
     1
  3
BTDETID
360
100000CB
  3
BTPARTID
360
100000CC
  0
DICTIONARY
  5
100000CE
330
100000CD
100
AcDbDictionary
280
     1
  3
BTDETID
360
100000CF
  3
BTPARTID
360
100000D0
  0
DICTIONARY
  5
100000D2
330
100000D1
100
AcDbDictionary
280
     1
  3
BTDETID
360
100000D3
  3
BTPARTID
360
100000D4
  0
DICTIONARY
  5
100000D6
330
100000D5
100
AcDbDictionary
280
     1
  3
BTDETID
360
100000D7
  3
BTPARTID
360
100000D8
  0
DICTIONARY
  5
100000DA
330
100000D9
100
AcDbDictionary
280
     1
  3
BTDETID
360
100000DB
  3
BTPARTID
360
100000DC
  0
DICTIONARY
  5
100000DE
330
100000DD
100
AcDbDictionary
280
     1
  3
BTDETID
360
100000DF
  3
BTPARTID
360
100000E0
  0
DICTIONARY
  5
100000E2
330
100000E1
100
AcDbDictionary
280
     1
  3
BTDETID
360
100000E3
  3
BTPARTID
360
100000E4
  0
DICTIONARY
  5
100000E6
330
100000E5
100
AcDbDictionary
280
     1
  3
BTDETID
360
100000E7
  3
BTPARTID
360
100000E8
  0
DICTIONARY
  5
100000EA
330
100000E9
100
AcDbDictionary
280
     1
  3
BTDETID
360
100000EB
  3
BTPARTID
360
100000EC
  0
DICTIONARY
  5
100000EE
330
100000ED
100
AcDbDictionary
280
     1
  3
BTDETID
360
100000EF
  3
BTPARTID
360
100000F0
  0
DICTIONARY
  5
100000F2
330
100000F1
100
AcDbDictionary
280
     1
  3
BTDETID
360
100000F3
  3
BTPARTID
360
100000F4
  0
DICTIONARY
  5
100000F6
330
100000F5
100
AcDbDictionary
280
     1
  3
BTDETID
360
100000F7
  3
BTPARTID
360
100000F8
  0
DICTIONARY
  5
100000FA
330
100000F9
100
AcDbDictionary
280
     1
  3
BTDETID
360
100000FB
  3
BTPARTID
360
100000FC
  0
DICTIONARY
  5
100000FE
330
100000FD
100
AcDbDictionary
280
     1
  3
BTDETID
360
100000FF
  3
BTPARTID
360
10000100
  0
DICTIONARY
  5
10000102
330
10000101
100
AcDbDictionary
280
     1
  3
BTDETID
360
10000103
  3
BTPARTID
360
10000104
  0
DICTIONARY
  5
10000106
330
10000105
100
AcDbDictionary
280
     1
  3
BTDETID
360
10000107
  3
BTPARTID
360
10000108
  0
DICTIONARY
  5
1000010A
330
10000109
100
AcDbDictionary
280
     1
  3
BTDETID
360
1000010B
  3
BTPARTID
360
1000010C
  0
DICTIONARY
  5
1000010E
330
1000010D
100
AcDbDictionary
280
     1
  3
BTDETID
360
1000010F
  3
BTPARTID
360
10000110
  0
DICTIONARY
  5
10000112
330
10000111
100
AcDbDictionary
280
     1
  3
BTDETID
360
10000113
  3
BTPARTID
360
10000114
  0
DICTIONARY
  5
10000116
330
10000115
100
AcDbDictionary
280
     1
  3
BTDETID
360
10000117
  3
BTPARTID
360
10000118
  0
DICTIONARY
  5
1000011A
330
10000119
100
AcDbDictionary
280
     1
  3
BTDETID
360
1000011B
  3
BTPARTID
360
1000011C
  0
DICTIONARY
  5
1000011E
330
1000011D
100
AcDbDictionary
280
     1
  3
BTDETID
360
1000011F
  3
BTPARTID
360
10000120
  0
DICTIONARY
  5
10000122
330
10000121
100
AcDbDictionary
280
     1
  3
BTDETID
360
10000123
  3
BTPARTID
360
10000124
  0
DICTIONARY
  5
10000126
330
10000125
100
AcDbDictionary
280
     1
  3
BTDETID
360
10000127
  3
BTPARTID
360
10000128
  0
DICTIONARY
  5
1000012A
330
10000129
100
AcDbDictionary
280
     1
  3
BTDETID
360
1000012B
  3
BTPARTID
360
1000012C
  0
DICTIONARY
  5
1000012E
330
1000012D
100
AcDbDictionary
280
     1
  3
BTDETID
360
1000012F
  3
BTPARTID
360
10000130
  0
DICTIONARY
  5
10000132
330
10000131
100
AcDbDictionary
280
     1
  3
BTDETID
360
10000133
  3
BTPARTID
360
10000134
  0
DICTIONARY
  5
10000136
330
10000135
100
AcDbDictionary
280
     1
  3
BTDETID
360
10000137
  3
BTPARTID
360
10000138
  0
DICTIONARY
  5
1000013A
330
10000139
100
AcDbDictionary
280
     1
  3
BTDETID
360
1000013B
  3
BTPARTID
360
1000013C
  0
DICTIONARY
  5
1000013E
330
1000013D
100
AcDbDictionary
280
     1
  3
BTDETID
360
1000013F
  3
BTPARTID
360
10000140
  0
DICTIONARY
  5
10000142
330
10000141
100
AcDbDictionary
280
     1
  3
BTDETID
360
10000143
  3
BTPARTID
360
10000144
  0
DICTIONARY
  5
10000146
330
10000145
100
AcDbDictionary
280
     1
  3
BTDETID
360
10000147
  3
BTPARTID
360
10000148
  0
DICTIONARY
  5
1000014A
330
10000149
100
AcDbDictionary
280
     1
  3
BTDETID
360
1000014B
  3
BTPARTID
360
1000014C
  0
DICTIONARY
  5
1000014E
330
1000014D
100
AcDbDictionary
280
     1
  3
BTDETID
360
1000014F
  3
BTPARTID
360
10000150
  0
DICTIONARY
  5
10000152
330
10000151
100
AcDbDictionary
280
     1
  3
BTDETID
360
10000153
  3
BTPARTID
360
10000154
  0
DICTIONARY
  5
10000156
330
10000155
100
AcDbDictionary
280
     1
  3
BTDETID
360
10000157
  3
BTPARTID
360
10000158
  0
DICTIONARY
  5
1000015A
330
10000159
100
AcDbDictionary
280
     1
  3
BTDETID
360
1000015B
  3
BTPARTID
360
1000015C
  0
DICTIONARY
  5
1000015E
330
1000015D
100
AcDbDictionary
280
     1
  3
BTDETID
360
1000015F
  3
BTPARTID
360
10000160
  0
DICTIONARY
  5
10000162
330
10000161
100
AcDbDictionary
280
     1
  3
BTDETID
360
10000163
  3
BTPARTID
360
10000164
  0
DICTIONARY
  5
10000166
330
10000165
100
AcDbDictionary
280
     1
  3
BTDETID
360
10000167
  3
BTPARTID
360
10000168
  0
DICTIONARY
  5
1000016A
330
10000169
100
AcDbDictionary
280
     1
  3
BTDETID
360
1000016B
  3
BTPARTID
360
1000016C
  0
DICTIONARY
  5
1000016E
330
1000016D
100
AcDbDictionary
280
     1
  3
BTDETID
360
1000016F
  3
BTPARTID
360
10000170
  0
DICTIONARY
  5
10000172
330
10000171
100
AcDbDictionary
280
     1
  3
BTDETID
360
10000173
  3
BTPARTID
360
10000174
  0
DICTIONARY
  5
10000176
330
10000175
100
AcDbDictionary
280
     1
  3
BTDETID
360
10000177
  3
BTPARTID
360
10000178
  0
DICTIONARY
  5
1000017A
330
10000179
100
AcDbDictionary
280
     1
  3
BTDETID
360
1000017B
  3
BTPARTID
360
1000017C
  0
DICTIONARY
  5
1000017E
330
1000017D
100
AcDbDictionary
280
     1
  3
BTDETID
360
1000017F
  3
BTPARTID
360
10000180
  0
DICTIONARY
  5
10000182
330
10000181
100
AcDbDictionary
280
     1
  3
BTDETID
360
10000183
  3
BTPARTID
360
10000184
  0
DICTIONARY
  5
10000186
330
10000185
100
AcDbDictionary
280
     1
  3
BTDETID
360
10000187
  3
BTPARTID
360
10000188
  0
DICTIONARY
  5
1000018A
330
10000189
100
AcDbDictionary
280
     1
  3
BTDETID
360
1000018B
  3
BTPARTID
360
1000018C
  0
DICTIONARY
  5
1000018E
330
1000018D
100
AcDbDictionary
280
     1
  3
BTDETID
360
1000018F
  3
BTPARTID
360
10000190
  0
DICTIONARY
  5
10000192
330
10000191
100
AcDbDictionary
280
     1
  3
BTDETID
360
10000193
  3
BTPARTID
360
10000194
  0
DICTIONARY
  5
10000196
330
10000195
100
AcDbDictionary
280
     1
  3
BTDETID
360
10000197
  3
BTPARTID
360
10000198
  0
DICTIONARY
  5
1000019A
330
10000199
100
AcDbDictionary
280
     1
  3
BTDETID
360
1000019B
  3
BTPARTID
360
1000019C
  0
DICTIONARY
  5
1000019E
330
1000019D
100
AcDbDictionary
280
     1
  3
BTDETID
360
1000019F
  3
BTPARTID
360
100001A0
  0
DICTIONARY
  5
100001A2
330
100001A1
100
AcDbDictionary
280
     1
  3
BTDETID
360
100001A3
  3
BTPARTID
360
100001A4
  0
DICTIONARY
  5
100001A6
330
100001A5
100
AcDbDictionary
280
     1
  3
BTDETID
360
100001A7
  3
BTPARTID
360
100001A8
  0
DICTIONARY
  5
100001AA
330
100001A9
100
AcDbDictionary
280
     1
  3
BTDETID
360
100001AB
  3
BTPARTID
360
100001AC
  0
DICTIONARY
  5
100001AE
330
100001AD
100
AcDbDictionary
280
     1
  3
BTDETID
360
100001AF
  3
BTPARTID
360
100001B0
  0
DICTIONARY
  5
100001B2
330
100001B1
100
AcDbDictionary
280
     1
  3
BTDETID
360
100001B3
  3
BTPARTID
360
100001B4
  0
DICTIONARY
  5
100001B6
330
100001B5
100
AcDbDictionary
280
     1
  3
BTDETID
360
100001B7
  3
BTPARTID
360
100001B8
  0
DICTIONARY
  5
100001BA
330
100001B9
100
AcDbDictionary
280
     1
  3
BTDETID
360
100001BB
  3
BTPARTID
360
100001BC
  0
DICTIONARY
  5
100001BE
330
100001BD
100
AcDbDictionary
280
     1
  3
BTDETID
360
100001BF
  3
BTPARTID
360
100001C0
  0
DICTIONARY
  5
100001C2
330
100001C1
100
AcDbDictionary
280
     1
  3
BTDETID
360
100001C3
  3
BTPARTID
360
100001C4
  0
DICTIONARY
  5
100001C6
330
100001C5
100
AcDbDictionary
280
     1
  3
BTDETID
360
100001C7
  3
BTPARTID
360
100001C8
  0
DICTIONARY
  5
100001CA
330
100001C9
100
AcDbDictionary
280
     1
  3
BTDETID
360
100001CB
  3
BTPARTID
360
100001CC
  0
DICTIONARY
  5
100001CE
330
100001CD
100
AcDbDictionary
280
     1
  3
BTDETID
360
100001CF
  3
BTPARTID
360
100001D0
  0
DICTIONARY
  5
100001D2
330
100001D1
100
AcDbDictionary
280
     1
  3
BTDETID
360
100001D3
  3
BTPARTID
360
100001D4
  0
DICTIONARY
  5
100001D6
330
100001D5
100
AcDbDictionary
280
     1
  3
BTDETID
360
100001D7
  3
BTPARTID
360
100001D8
  0
DICTIONARY
  5
100001DA
330
100001D9
100
AcDbDictionary
280
     1
  3
BTDETID
360
100001DB
  3
BTPARTID
360
100001DC
  0
DICTIONARY
  5
100001DE
330
100001DD
100
AcDbDictionary
280
     1
  3
BTDETID
360
100001DF
  3
BTPARTID
360
100001E0
  0
DICTIONARY
  5
100001E2
330
100001E1
100
AcDbDictionary
280
     1
  3
BTDETID
360
100001E3
  3
BTPARTID
360
100001E4
  0
DICTIONARY
  5
100001E6
330
100001E5
100
AcDbDictionary
280
     1
  3
BTDETID
360
100001E7
  3
BTPARTID
360
100001E8
  0
DICTIONARY
  5
100001EA
330
100001E9
100
AcDbDictionary
280
     1
  3
BTDETID
360
100001EB
  3
BTPARTID
360
100001EC
  0
DICTIONARY
  5
100001EE
330
100001ED
100
AcDbDictionary
280
     1
  3
BTDETID
360
100001EF
  3
BTPARTID
360
100001F0
  0
DICTIONARY
  5
100001F2
330
100001F1
100
AcDbDictionary
280
     1
  3
BTDETID
360
100001F3
  3
BTPARTID
360
100001F4
  0
DICTIONARY
  5
100001F6
330
100001F5
100
AcDbDictionary
280
     1
  3
BTDETID
360
100001F7
  3
BTPARTID
360
100001F8
  0
DICTIONARY
  5
100001FA
330
100001F9
100
AcDbDictionary
280
     1
  3
BTDETID
360
100001FB
  3
BTPARTID
360
100001FC
  0
DICTIONARY
  5
100001FE
330
100001FD
100
AcDbDictionary
280
     1
  3
BTDETID
360
100001FF
  3
BTPARTID
360
10000200
  0
DICTIONARY
  5
10000202
330
10000201
100
AcDbDictionary
280
     1
  3
BTDETID
360
10000203
  3
BTPARTID
360
10000204
  0
DICTIONARY
  5
10000206
330
10000205
100
AcDbDictionary
280
     1
  3
BTDETID
360
10000207
  3
BTPARTID
360
10000208
  0
DICTIONARY
  5
1000020A
330
10000209
100
AcDbDictionary
280
     1
  3
BTDETID
360
1000020B
  3
BTPARTID
360
1000020C
  0
DICTIONARY
  5
1000020E
330
1000020D
100
AcDbDictionary
280
     1
  3
BTDETID
360
1000020F
  3
BTPARTID
360
10000210
  0
DICTIONARY
  5
10000212
330
10000211
100
AcDbDictionary
280
     1
  3
BTDETID
360
10000213
  3
BTPARTID
360
10000214
  0
DICTIONARY
  5
10000216
330
10000215
100
AcDbDictionary
280
     1
  3
BTDETID
360
10000217
  3
BTPARTID
360
10000218
  0
DICTIONARY
  5
1000021A
330
10000219
100
AcDbDictionary
280
     1
  3
BTDETID
360
1000021B
  3
BTPARTID
360
1000021C
  0
DICTIONARY
  5
1000021E
330
1000021D
100
AcDbDictionary
280
     1
  3
BTDETID
360
1000021F
  3
BTPARTID
360
10000220
  0
DICTIONARY
  5
10000222
330
10000221
100
AcDbDictionary
280
     1
  3
BTDETID
360
10000223
  3
BTPARTID
360
10000224
  0
DICTIONARY
  5
10000226
330
10000225
100
AcDbDictionary
280
     1
  3
BTDETID
360
10000227
  3
BTPARTID
360
10000228
  0
DICTIONARY
  5
1000022A
330
10000229
100
AcDbDictionary
280
     1
  3
BTDETID
360
1000022B
  3
BTPARTID
360
1000022C
  0
DICTIONARY
  5
1000022E
330
1000022D
100
AcDbDictionary
280
     1
  3
BTDETID
360
1000022F
  3
BTPARTID
360
10000230
  0
DICTIONARY
  5
10000232
330
10000231
100
AcDbDictionary
280
     1
  3
BTDETID
360
10000233
  3
BTPARTID
360
10000234
  0
DICTIONARY
  5
10000236
330
10000235
100
AcDbDictionary
280
     1
  3
BTDETID
360
10000237
  3
BTPARTID
360
10000238
  0
DICTIONARY
  5
1000023A
330
10000239
100
AcDbDictionary
280
     1
  3
BTDETID
360
1000023B
  3
BTPARTID
360
1000023C
  0
DICTIONARY
  5
1000023E
330
1000023D
100
AcDbDictionary
280
     1
  3
BTDETID
360
1000023F
  3
BTPARTID
360
10000240
  0
DICTIONARY
  5
10000242
330
10000241
100
AcDbDictionary
280
     1
  3
BTDETID
360
10000243
  3
BTPARTID
360
10000244
  0
DICTIONARY
  5
10000246
330
10000245
100
AcDbDictionary
280
     1
  3
BTDETID
360
10000247
  3
BTPARTID
360
10000248
  0
DICTIONARY
  5
1000024A
330
10000249
100
AcDbDictionary
280
     1
  3
BTDETID
360
1000024B
  3
BTPARTID
360
1000024C
  0
DICTIONARY
  5
1000024E
330
1000024D
100
AcDbDictionary
280
     1
  3
BTDETID
360
1000024F
  3
BTPARTID
360
10000250
  0
DICTIONARY
  5
10000252
330
10000251
100
AcDbDictionary
280
     1
  3
BTDETID
360
10000253
  3
BTPARTID
360
10000254
  0
DICTIONARY
  5
10000256
330
10000255
100
AcDbDictionary
280
     1
  3
BTDETID
360
10000257
  3
BTPARTID
360
10000258
  0
DICTIONARY
  5
1000025A
330
10000259
100
AcDbDictionary
280
     1
  3
BTDETID
360
1000025B
  3
BTPARTID
360
1000025C
  0
DICTIONARY
  5
1000025E
330
1000025D
100
AcDbDictionary
280
     1
  3
BTDETID
360
1000025F
  3
BTPARTID
360
10000260
  0
DICTIONARY
  5
10000262
330
10000261
100
AcDbDictionary
280
     1
  3
BTDETID
360
10000263
  3
BTPARTID
360
10000264
  0
DICTIONARY
  5
10000266
330
10000265
100
AcDbDictionary
280
     1
  3
BTDETID
360
10000267
  3
BTPARTID
360
10000268
  0
DICTIONARY
  5
1000026A
330
10000269
100
AcDbDictionary
280
     1
  3
BTDETID
360
1000026B
  3
BTPARTID
360
1000026C
  0
DICTIONARY
  5
1000026E
330
1000026D
100
AcDbDictionary
280
     1
  3
BTDETID
360
1000026F
  3
BTPARTID
360
10000270
  0
DICTIONARY
  5
10000272
330
10000271
100
AcDbDictionary
280
     1
  3
BTDETID
360
10000273
  3
BTPARTID
360
10000274
  0
DICTIONARY
  5
10000276
330
10000275
100
AcDbDictionary
280
     1
  3
BTDETID
360
10000277
  3
BTPARTID
360
10000278
  0
DICTIONARY
  5
1000027A
330
10000279
100
AcDbDictionary
280
     1
  3
BTDETID
360
1000027B
  3
BTPARTID
360
1000027C
  0
DICTIONARY
  5
1000027E
330
1000027D
100
AcDbDictionary
280
     1
  3
BTDETID
360
1000027F
  3
BTPARTID
360
10000280
  0
DICTIONARY
  5
10000282
330
10000281
100
AcDbDictionary
280
     1
  3
BTDETID
360
10000283
  3
BTPARTID
360
10000284
  0
DICTIONARY
  5
10000286
330
10000285
100
AcDbDictionary
280
     1
  3
BTDETID
360
10000287
  3
BTPARTID
360
10000288
  0
DICTIONARY
  5
1000028A
330
10000289
100
AcDbDictionary
280
     1
  3
BTDETID
360
1000028B
  3
BTPARTID
360
1000028C
  0
DICTIONARY
  5
1000028E
330
1000028D
100
AcDbDictionary
280
     1
  3
BTDETID
360
1000028F
  3
BTPARTID
360
10000290
  0
DICTIONARY
  5
10000292
330
10000291
100
AcDbDictionary
280
     1
  3
BTDETID
360
10000293
  3
BTPARTID
360
10000294
  0
DICTIONARY
  5
10000296
330
10000295
100
AcDbDictionary
280
     1
  3
BTDETID
360
10000297
  3
BTPARTID
360
10000298
  0
DICTIONARY
  5
1000029A
330
10000299
100
AcDbDictionary
280
     1
  3
BTDETID
360
1000029B
  3
BTPARTID
360
1000029C
  0
DICTIONARY
  5
1000029E
330
1000029D
100
AcDbDictionary
280
     1
  3
BTDETID
360
1000029F
  3
BTPARTID
360
100002A0
  0
DICTIONARY
  5
100002A2
330
100002A1
100
AcDbDictionary
280
     1
  3
BTDETID
360
100002A3
  3
BTPARTID
360
100002A4
  0
DICTIONARY
  5
100002A6
330
100002A5
100
AcDbDictionary
280
     1
  3
BTDETID
360
100002A7
  3
BTPARTID
360
100002A8
  0
DICTIONARY
  5
100002AA
330
100002A9
100
AcDbDictionary
280
     1
  3
BTDETID
360
100002AB
  3
BTPARTID
360
100002AC
  0
DICTIONARY
  5
100002AE
330
100002AD
100
AcDbDictionary
280
     1
  3
BTDETID
360
100002AF
  3
BTPARTID
360
100002B0
  0
DICTIONARY
  5
100002B2
330
100002B1
100
AcDbDictionary
280
     1
  3
BTDETID
360
100002B3
  3
BTPARTID
360
100002B4
  0
DICTIONARY
  5
100002B6
330
100002B5
100
AcDbDictionary
280
     1
  3
BTDETID
360
100002B7
  3
BTPARTID
360
100002B8
  0
DICTIONARY
  5
100002BA
330
100002B9
100
AcDbDictionary
280
     1
  3
BTDETID
360
100002BB
  3
BTPARTID
360
100002BC
  0
DICTIONARY
  5
100002BE
330
100002BD
100
AcDbDictionary
280
     1
  3
BTDETID
360
100002BF
  3
BTPARTID
360
100002C0
  0
DICTIONARY
  5
100002C2
330
100002C1
100
AcDbDictionary
280
     1
  3
BTDETID
360
100002C3
  3
BTPARTID
360
100002C4
  0
DICTIONARY
  5
100002C6
330
100002C5
100
AcDbDictionary
280
     1
  3
BTDETID
360
100002C7
  3
BTPARTID
360
100002C8
  0
DICTIONARY
  5
100002CA
330
100002C9
100
AcDbDictionary
280
     1
  3
BTDETID
360
100002CB
  3
BTPARTID
360
100002CC
  0
DICTIONARY
  5
100002CE
330
100002CD
100
AcDbDictionary
280
     1
  3
BTDETID
360
100002CF
  3
BTPARTID
360
100002D0
  0
DICTIONARY
  5
100002D2
330
100002D1
100
AcDbDictionary
280
     1
  3
BTDETID
360
100002D3
  3
BTPARTID
360
100002D4
  0
DICTIONARY
  5
100002D6
330
100002D5
100
AcDbDictionary
280
     1
  3
BTDETID
360
100002D7
  3
BTPARTID
360
100002D8
  0
DICTIONARY
  5
100002DA
330
100002D9
100
AcDbDictionary
280
     1
  3
BTDETID
360
100002DB
  3
BTPARTID
360
100002DC
  0
DICTIONARY
  5
100002DE
330
100002DD
100
AcDbDictionary
280
     1
  3
BTDETID
360
100002DF
  3
BTPARTID
360
100002E0
  0
DICTIONARY
  5
100002E2
330
100002E1
100
AcDbDictionary
280
     1
  3
BTDETID
360
100002E3
  3
BTPARTID
360
100002E4
  0
DICTIONARY
  5
100002E6
330
100002E5
100
AcDbDictionary
280
     1
  3
BTDETID
360
100002E7
  3
BTPARTID
360
100002E8
  0
DICTIONARY
  5
100002EA
330
100002E9
100
AcDbDictionary
280
     1
  3
BTDETID
360
100002EB
  3
BTPARTID
360
100002EC
  0
DICTIONARY
  5
100002EE
330
100002ED
100
AcDbDictionary
280
     1
  3
BTDETID
360
100002EF
  3
BTPARTID
360
100002F0
  0
DICTIONARY
  5
100002F2
330
100002F1
100
AcDbDictionary
280
     1
  3
BTDETID
360
100002F3
  3
BTPARTID
360
100002F4
  0
DICTIONARY
  5
100002F6
330
100002F5
100
AcDbDictionary
280
     1
  3
BTDETID
360
100002F7
  3
BTPARTID
360
100002F8
  0
DICTIONARY
  5
100002FA
330
100002F9
100
AcDbDictionary
280
     1
  3
BTDETID
360
100002FB
  3
BTPARTID
360
100002FC
  0
DICTIONARY
  5
100002FE
330
100002FD
100
AcDbDictionary
280
     1
  3
BTDETID
360
100002FF
  3
BTPARTID
360
10000300
  0
DICTIONARY
  5
10000302
330
10000301
100
AcDbDictionary
280
     1
  3
BTDETID
360
10000303
  3
BTPARTID
360
10000304
  0
DICTIONARY
  5
10000306
330
10000305
100
AcDbDictionary
280
     1
  3
BTDETID
360
10000307
  3
BTPARTID
360
10000308
  0
DICTIONARY
  5
1000030A
330
10000309
100
AcDbDictionary
280
     1
  3
BTDETID
360
1000030B
  3
BTPARTID
360
1000030C
  0
DICTIONARY
  5
1000030E
330
1000030D
100
AcDbDictionary
280
     1
  3
BTDETID
360
1000030F
  3
BTPARTID
360
10000310
  0
DICTIONARY
  5
10000312
330
10000311
100
AcDbDictionary
280
     1
  3
BTDETID
360
10000313
  3
BTPARTID
360
10000314
  0
DICTIONARY
  5
10000316
330
10000315
100
AcDbDictionary
280
     1
  3
BTDETID
360
10000317
  3
BTPARTID
360
10000318
  0
DICTIONARY
  5
1000031A
330
10000319
100
AcDbDictionary
280
     1
  3
BTDETID
360
1000031B
  3
BTPARTID
360
1000031C
  0
DICTIONARY
  5
1000031E
330
1000031D
100
AcDbDictionary
280
     1
  3
BTDETID
360
1000031F
  3
BTPARTID
360
10000320
  0
DICTIONARY
  5
10000322
330
10000321
100
AcDbDictionary
280
     1
  3
BTDETID
360
10000323
  3
BTPARTID
360
10000324
  0
DICTIONARY
  5
10000326
330
10000325
100
AcDbDictionary
280
     1
  3
BTDETID
360
10000327
  3
BTPARTID
360
10000328
  0
DICTIONARY
  5
1000032A
330
10000329
100
AcDbDictionary
280
     1
  3
BTDETID
360
1000032B
  3
BTPARTID
360
1000032C
  0
DICTIONARY
  5
1000032E
330
1000032D
100
AcDbDictionary
280
     1
  3
BTDETID
360
1000032F
  3
BTPARTID
360
10000330
  0
DICTIONARY
  5
10000332
330
10000331
100
AcDbDictionary
280
     1
  3
BTDETID
360
10000333
  3
BTPARTID
360
10000334
  0
DICTIONARY
  5
10000336
330
10000335
100
AcDbDictionary
280
     1
  3
BTDETID
360
10000337
  3
BTPARTID
360
10000338
  0
DICTIONARY
  5
1000033A
330
10000339
100
AcDbDictionary
280
     1
  3
BTDETID
360
1000033B
  3
BTPARTID
360
1000033C
  0
DICTIONARY
  5
1000033E
330
1000033D
100
AcDbDictionary
280
     1
  3
BTDETID
360
1000033F
  3
BTPARTID
360
10000340
  0
DICTIONARY
  5
10000342
330
10000341
100
AcDbDictionary
280
     1
  3
BTDETID
360
10000343
  3
BTPARTID
360
10000344
  0
DICTIONARY
  5
10000346
330
10000345
100
AcDbDictionary
280
     1
  3
BTDETID
360
10000347
  3
BTPARTID
360
10000348
  0
DICTIONARY
  5
1000034A
330
10000349
100
AcDbDictionary
280
     1
  3
BTDETID
360
1000034B
  3
BTPARTID
360
1000034C
  0
DICTIONARY
  5
1000034E
330
1000034D
100
AcDbDictionary
280
     1
  3
BTDETID
360
1000034F
  3
BTPARTID
360
10000350
  0
DICTIONARY
  5
10000352
330
10000351
100
AcDbDictionary
280
     1
  3
BTDETID
360
10000353
  3
BTPARTID
360
10000354
  0
DICTIONARY
  5
10000356
330
10000355
100
AcDbDictionary
280
     1
  3
BTDETID
360
10000357
  3
BTPARTID
360
10000358
  0
DICTIONARY
  5
1000035A
330
10000359
100
AcDbDictionary
280
     1
  3
BTDETID
360
1000035B
  3
BTPARTID
360
1000035C
  0
DICTIONARY
  5
1000035E
330
1000035D
100
AcDbDictionary
280
     1
  3
BTDETID
360
1000035F
  3
BTPARTID
360
10000360
  0
DICTIONARY
  5
10000362
330
10000361
100
AcDbDictionary
280
     1
  3
BTDETID
360
10000363
  3
BTPARTID
360
10000364
  0
DICTIONARY
  5
10000366
330
10000365
100
AcDbDictionary
280
     1
  3
BTDETID
360
10000367
  3
BTPARTID
360
10000368
  0
DICTIONARY
  5
1000036A
330
10000369
100
AcDbDictionary
280
     1
  3
BTDETID
360
1000036B
  3
BTPARTID
360
1000036C
  0
DICTIONARY
  5
1000036E
330
1000036D
100
AcDbDictionary
280
     1
  3
BTDETID
360
1000036F
  3
BTPARTID
360
10000370
  0
DICTIONARY
  5
10000372
330
10000371
100
AcDbDictionary
280
     1
  3
BTDETID
360
10000373
  3
BTPARTID
360
10000374
  0
DICTIONARY
  5
10000376
330
10000375
100
AcDbDictionary
280
     1
  3
BTDETID
360
10000377
  3
BTPARTID
360
10000378
  0
DICTIONARY
  5
1000037A
330
10000379
100
AcDbDictionary
280
     1
  3
BTDETID
360
1000037B
  3
BTPARTID
360
1000037C
  0
DICTIONARY
  5
1000037E
330
1000037D
100
AcDbDictionary
280
     1
  3
BTDETID
360
1000037F
  3
BTPARTID
360
10000380
  0
DICTIONARY
  5
10000382
330
10000381
100
AcDbDictionary
280
     1
  3
BTDETID
360
10000383
  3
BTPARTID
360
10000384
  0
DICTIONARY
  5
10000386
330
10000385
100
AcDbDictionary
280
     1
  3
BTDETID
360
10000387
  3
BTPARTID
360
10000388
  0
DICTIONARY
  5
1000038A
330
10000389
100
AcDbDictionary
280
     1
  3
BTDETID
360
1000038B
  3
BTPARTID
360
1000038C
  0
DICTIONARY
  5
1000038E
330
1000038D
100
AcDbDictionary
280
     1
  3
BTDETID
360
1000038F
  3
BTPARTID
360
10000390
  0
DICTIONARY
  5
10000392
330
10000391
100
AcDbDictionary
280
     1
  3
BTDETID
360
10000393
  3
BTPARTID
360
10000394
  0
DICTIONARY
  5
10000396
330
10000395
100
AcDbDictionary
280
     1
  3
BTDETID
360
10000397
  3
BTPARTID
360
10000398
  0
DICTIONARY
  5
1000039A
330
10000399
100
AcDbDictionary
280
     1
  3
BTDETID
360
1000039B
  3
BTPARTID
360
1000039C
  0
DICTIONARY
  5
1000039E
330
1000039D
100
AcDbDictionary
280
     1
  3
BTDETID
360
1000039F
  3
BTPARTID
360
100003A0
  0
DICTIONARY
  5
100003A2
330
100003A1
100
AcDbDictionary
280
     1
  3
BTDETID
360
100003A3
  3
BTPARTID
360
100003A4
  0
DICTIONARY
  5
100003A6
330
100003A5
100
AcDbDictionary
280
     1
  3
BTDETID
360
100003A7
  3
BTPARTID
360
100003A8
  0
DICTIONARY
  5
100003AA
330
100003A9
100
AcDbDictionary
280
     1
  3
BTDETID
360
100003AB
  3
BTPARTID
360
100003AC
  0
DICTIONARY
  5
100003AE
330
100003AD
100
AcDbDictionary
280
     1
  3
BTDETID
360
100003AF
  3
BTPARTID
360
100003B0
  0
DICTIONARY
  5
100003B2
330
100003B1
100
AcDbDictionary
280
     1
  3
BTDETID
360
100003B3
  3
BTPARTID
360
100003B4
  0
DICTIONARY
  5
100003B6
330
100003B5
100
AcDbDictionary
280
     1
  3
BTDETID
360
100003B7
  3
BTPARTID
360
100003B8
  0
DICTIONARY
  5
100003BA
330
100003B9
100
AcDbDictionary
280
     1
  3
BTDETID
360
100003BB
  3
BTPARTID
360
100003BC
  0
DICTIONARY
  5
100003BE
330
100003BD
100
AcDbDictionary
280
     1
  3
BTDETID
360
100003BF
  3
BTPARTID
360
100003C0
  0
DICTIONARY
  5
100003C2
330
100003C1
100
AcDbDictionary
280
     1
  3
BTDETID
360
100003C3
  3
BTPARTID
360
100003C4
  0
DICTIONARY
  5
100003C6
330
100003C5
100
AcDbDictionary
280
     1
  3
BTDETID
360
100003C7
  3
BTPARTID
360
100003C8
  0
DICTIONARY
  5
100003CA
330
100003C9
100
AcDbDictionary
280
     1
  3
BTDETID
360
100003CB
  3
BTPARTID
360
100003CC
  0
DICTIONARY
  5
100003CE
330
100003CD
100
AcDbDictionary
280
     1
  3
BTDETID
360
100003CF
  3
BTPARTID
360
100003D0
  0
DICTIONARY
  5
100003D2
330
100003D1
100
AcDbDictionary
280
     1
  3
BTDETID
360
100003D3
  3
BTPARTID
360
100003D4
  0
DICTIONARY
  5
100003D6
330
100003D5
100
AcDbDictionary
280
     1
  3
BTDETID
360
100003D7
  3
BTPARTID
360
100003D8
  0
DICTIONARY
  5
100003DA
330
100003D9
100
AcDbDictionary
280
     1
  3
BTDETID
360
100003DB
  3
BTPARTID
360
100003DC
  0
DICTIONARY
  5
100003DE
330
100003DD
100
AcDbDictionary
280
     1
  3
BTDETID
360
100003DF
  3
BTPARTID
360
100003E0
  0
DICTIONARY
  5
100003E2
330
100003E1
100
AcDbDictionary
280
     1
  3
BTDETID
360
100003E3
  3
BTPARTID
360
100003E4
  0
DICTIONARY
  5
100003E6
330
100003E5
100
AcDbDictionary
280
     1
  3
BTDETID
360
100003E7
  3
BTPARTID
360
100003E8
  0
DICTIONARY
  5
100003EA
330
100003E9
100
AcDbDictionary
280
     1
  3
BTDETID
360
100003EB
  3
BTPARTID
360
100003EC
  0
DICTIONARY
  5
100003EE
330
100003ED
100
AcDbDictionary
280
     1
  3
BTDETID
360
100003EF
  3
BTPARTID
360
100003F0
  0
DICTIONARY
  5
100003F2
330
100003F1
100
AcDbDictionary
280
     1
  3
BTDETID
360
100003F3
  3
BTPARTID
360
100003F4
  0
DICTIONARY
  5
100003F6
330
100003F5
100
AcDbDictionary
280
     1
  3
BTDETID
360
100003F7
  3
BTPARTID
360
100003F8
  0
DICTIONARY
  5
100003FA
330
100003F9
100
AcDbDictionary
280
     1
  3
BTDETID
360
100003FB
  3
BTPARTID
360
100003FC
  0
DICTIONARY
  5
100003FE
330
100003FD
100
AcDbDictionary
280
     1
  3
BTDETID
360
100003FF
  3
BTPARTID
360
10000400
  0
DICTIONARY
  5
10000402
330
10000401
100
AcDbDictionary
280
     1
  3
BTDETID
360
10000403
  3
BTPARTID
360
10000404
  0
DICTIONARY
  5
10000406
330
10000405
100
AcDbDictionary
280
     1
  3
BTDETID
360
10000407
  3
BTPARTID
360
10000408
  0
DICTIONARY
  5
1000040A
330
10000409
100
AcDbDictionary
280
     1
  3
BTDETID
360
1000040B
  3
BTPARTID
360
1000040C
  0
DICTIONARY
  5
1000040E
330
1000040D
100
AcDbDictionary
280
     1
  3
BTDETID
360
1000040F
  3
BTPARTID
360
10000410
  0
DICTIONARY
  5
10000412
330
10000411
100
AcDbDictionary
280
     1
  3
BTDETID
360
10000413
  3
BTPARTID
360
10000414
  0
DICTIONARY
  5
10000416
330
10000415
100
AcDbDictionary
280
     1
  3
BTDETID
360
10000417
  3
BTPARTID
360
10000418
  0
DICTIONARY
  5
1000041A
330
10000419
100
AcDbDictionary
280
     1
  3
BTDETID
360
1000041B
  3
BTPARTID
360
1000041C
  0
DICTIONARY
  5
1000041E
330
1000041D
100
AcDbDictionary
280
     1
  3
BTDETID
360
1000041F
  3
BTPARTID
360
10000420
  0
DICTIONARY
  5
10000422
330
10000421
100
AcDbDictionary
280
     1
  3
BTDETID
360
10000423
  3
BTPARTID
360
10000424
  0
DICTIONARY
  5
10000426
330
10000425
100
AcDbDictionary
280
     1
  3
BTDETID
360
10000427
  3
BTPARTID
360
10000428
  0
DICTIONARY
  5
1000042A
330
10000429
100
AcDbDictionary
280
     1
  3
BTDETID
360
1000042B
  3
BTPARTID
360
1000042C
  0
DICTIONARY
  5
1000042E
330
1000042D
100
AcDbDictionary
280
     1
  3
BTDETID
360
1000042F
  3
BTPARTID
360
10000430
  0
DICTIONARY
  5
10000432
330
10000431
100
AcDbDictionary
280
     1
  3
BTDETID
360
10000433
  3
BTPARTID
360
10000434
  0
DICTIONARY
  5
10000436
330
10000435
100
AcDbDictionary
280
     1
  3
BTDETID
360
10000437
  3
BTPARTID
360
10000438
  0
DICTIONARY
  5
1000043A
330
10000439
100
AcDbDictionary
280
     1
  3
BTDETID
360
1000043B
  3
BTPARTID
360
1000043C
  0
DICTIONARY
  5
1000043E
330
1000043D
100
AcDbDictionary
280
     1
  3
BTDETID
360
1000043F
  3
BTPARTID
360
10000440
  0
DICTIONARY
  5
10000442
330
10000441
100
AcDbDictionary
280
     1
  3
BTDETID
360
10000443
  3
BTPARTID
360
10000444
  0
DICTIONARY
  5
10000446
330
10000445
100
AcDbDictionary
280
     1
  3
BTDETID
360
10000447
  3
BTPARTID
360
10000448
  0
DICTIONARY
  5
1000044A
330
10000449
100
AcDbDictionary
280
     1
  3
BTDETID
360
1000044B
  3
BTPARTID
360
1000044C
  0
DICTIONARY
  5
1000044E
330
1000044D
100
AcDbDictionary
280
     1
  3
BTDETID
360
1000044F
  3
BTPARTID
360
10000450
  0
DICTIONARY
  5
10000452
330
10000451
100
AcDbDictionary
280
     1
  3
BTDETID
360
10000453
  3
BTPARTID
360
10000454
  0
DICTIONARY
  5
10000456
330
10000455
100
AcDbDictionary
280
     1
  3
BTDETID
360
10000457
  3
BTPARTID
360
10000458
  0
DICTIONARY
  5
1000045A
330
10000459
100
AcDbDictionary
280
     1
  3
BTDETID
360
1000045B
  3
BTPARTID
360
1000045C
  0
DICTIONARY
  5
1000045E
330
1000045D
100
AcDbDictionary
280
     1
  3
BTDETID
360
1000045F
  3
BTPARTID
360
10000460
  0
DICTIONARY
  5
10000462
330
10000461
100
AcDbDictionary
280
     1
  3
BTDETID
360
10000463
  3
BTPARTID
360
10000464
  0
DICTIONARY
  5
10000466
330
10000465
100
AcDbDictionary
280
     1
  3
BTDETID
360
10000467
  3
BTPARTID
360
10000468
  0
DICTIONARY
  5
1000046A
330
10000469
100
AcDbDictionary
280
     1
  3
BTDETID
360
1000046B
  3
BTPARTID
360
1000046C
  0
DICTIONARY
  5
1000046E
330
1000046D
100
AcDbDictionary
280
     1
  3
BTDETID
360
1000046F
  3
BTPARTID
360
10000470
  0
DICTIONARY
  5
10000472
330
10000471
100
AcDbDictionary
280
     1
  3
BTDETID
360
10000473
  3
BTPARTID
360
10000474
  0
DICTIONARY
  5
10000476
330
10000475
100
AcDbDictionary
280
     1
  3
BTDETID
360
10000477
  3
BTPARTID
360
10000478
  0
DICTIONARY
  5
1000047A
330
10000479
100
AcDbDictionary
280
     1
  3
BTDETID
360
1000047B
  3
BTPARTID
360
1000047C
  0
DICTIONARY
  5
1000047E
330
1000047D
100
AcDbDictionary
280
     1
  3
BTDETID
360
1000047F
  3
BTPARTID
360
10000480
  0
DICTIONARY
  5
10000482
330
10000481
100
AcDbDictionary
280
     1
  3
BTDETID
360
10000483
  3
BTPARTID
360
10000484
  0
DICTIONARY
  5
10000486
330
10000485
100
AcDbDictionary
280
     1
  3
BTDETID
360
10000487
  3
BTPARTID
360
10000488
  0
DICTIONARY
  5
1000048A
330
10000489
100
AcDbDictionary
280
     1
  3
BTDETID
360
1000048B
  3
BTPARTID
360
1000048C
  0
DICTIONARY
  5
1000048E
330
1000048D
100
AcDbDictionary
280
     1
  3
BTDETID
360
1000048F
  3
BTPARTID
360
10000490
  0
DICTIONARY
  5
10000492
330
10000491
100
AcDbDictionary
280
     1
  3
BTDETID
360
10000493
  3
BTPARTID
360
10000494
  0
DICTIONARY
  5
10000496
330
10000495
100
AcDbDictionary
280
     1
  3
BTDETID
360
10000497
  3
BTPARTID
360
10000498
  0
DICTIONARY
  5
1000049A
330
10000499
100
AcDbDictionary
280
     1
  3
BTDETID
360
1000049B
  3
BTPARTID
360
1000049C
  0
DICTIONARY
  5
1000049E
330
1000049D
100
AcDbDictionary
280
     1
  3
BTDETID
360
1000049F
  3
BTPARTID
360
100004A0
  0
DICTIONARY
  5
100004A2
330
100004A1
100
AcDbDictionary
280
     1
  3
BTDETID
360
100004A3
  3
BTPARTID
360
100004A4
  0
DICTIONARY
  5
100004A6
330
100004A5
100
AcDbDictionary
280
     1
  3
BTDETID
360
100004A7
  3
BTPARTID
360
100004A8
  0
DICTIONARY
  5
100004AA
330
100004A9
100
AcDbDictionary
280
     1
  3
BTDETID
360
100004AB
  3
BTPARTID
360
100004AC
  0
DICTIONARY
  5
100004AE
330
100004AD
100
AcDbDictionary
280
     1
  3
BTDETID
360
100004AF
  3
BTPARTID
360
100004B0
  0
DICTIONARY
  5
100004B2
330
100004B1
100
AcDbDictionary
280
     1
  3
BTDETID
360
100004B3
  3
BTPARTID
360
100004B4
  0
DICTIONARY
  5
100004B6
330
100004B5
100
AcDbDictionary
280
     1
  3
BTDETID
360
100004B7
  3
BTPARTID
360
100004B8
  0
DICTIONARY
  5
100004BA
330
100004B9
100
AcDbDictionary
280
     1
  3
BTDETID
360
100004BB
  3
BTPARTID
360
100004BC
  0
DICTIONARY
  5
100004BE
330
100004BD
100
AcDbDictionary
280
     1
  3
BTDETID
360
100004BF
  3
BTPARTID
360
100004C0
  0
DICTIONARY
  5
100004C2
330
100004C1
100
AcDbDictionary
280
     1
  3
BTDETID
360
100004C3
  3
BTPARTID
360
100004C4
  0
DICTIONARY
  5
100004C6
330
100004C5
100
AcDbDictionary
280
     1
  3
BTDETID
360
100004C7
  3
BTPARTID
360
100004C8
  0
DICTIONARY
  5
100004CA
330
100004C9
100
AcDbDictionary
280
     1
  3
BTDETID
360
100004CB
  3
BTPARTID
360
100004CC
  0
DICTIONARY
  5
100004CE
330
100004CD
100
AcDbDictionary
280
     1
  3
BTDETID
360
100004CF
  3
BTPARTID
360
100004D0
  0
DICTIONARY
  5
100004D2
330
100004D1
100
AcDbDictionary
280
     1
  3
BTDETID
360
100004D3
  3
BTPARTID
360
100004D4
  0
DICTIONARY
  5
100004D6
330
100004D5
100
AcDbDictionary
280
     1
  3
BTDETID
360
100004D7
  3
BTPARTID
360
100004D8
  0
DICTIONARY
  5
100004DA
330
100004D9
100
AcDbDictionary
280
     1
  3
BTDETID
360
100004DB
  3
BTPARTID
360
100004DC
  0
DICTIONARY
  5
100004DE
330
100004DD
100
AcDbDictionary
280
     1
  3
BTDETID
360
100004DF
  3
BTPARTID
360
100004E0
  0
DICTIONARY
  5
100004E2
330
100004E1
100
AcDbDictionary
280
     1
  3
BTDETID
360
100004E3
  3
BTPARTID
360
100004E4
  0
DICTIONARY
  5
100004E6
330
100004E5
100
AcDbDictionary
280
     1
  3
BTDETID
360
100004E7
  3
BTPARTID
360
100004E8
  0
DICTIONARY
  5
100004EA
330
100004E9
100
AcDbDictionary
280
     1
  3
BTDETID
360
100004EB
  3
BTPARTID
360
100004EC
  0
DICTIONARY
  5
100004EE
330
100004ED
100
AcDbDictionary
280
     1
  3
BTDETID
360
100004EF
  3
BTPARTID
360
100004F0
  0
DICTIONARY
  5
100004F2
330
100004F1
100
AcDbDictionary
280
     1
  3
BTDETID
360
100004F3
  3
BTPARTID
360
100004F4
  0
DICTIONARY
  5
100004F6
330
100004F5
100
AcDbDictionary
280
     1
  3
BTDETID
360
100004F7
  3
BTPARTID
360
100004F8
  0
DICTIONARY
  5
100004FA
330
100004F9
100
AcDbDictionary
280
     1
  3
BTDETID
360
100004FB
  3
BTPARTID
360
100004FC
  0
DICTIONARY
  5
100004FE
330
100004FD
100
AcDbDictionary
280
     1
  3
BTDETID
360
100004FF
  3
BTPARTID
360
10000500
  0
DICTIONARY
  5
10000502
330
10000501
100
AcDbDictionary
280
     1
  3
BTDETID
360
10000503
  3
BTPARTID
360
10000504
  0
DICTIONARY
  5
10000506
330
10000505
100
AcDbDictionary
280
     1
  3
BTDETID
360
10000507
  3
BTPARTID
360
10000508
  0
DICTIONARY
  5
1000050A
330
10000509
100
AcDbDictionary
280
     1
  3
BTDETID
360
1000050B
  3
BTPARTID
360
1000050C
  0
DICTIONARY
  5
1000050E
330
1000050D
100
AcDbDictionary
280
     1
  3
BTDETID
360
1000050F
  3
BTPARTID
360
10000510
  0
DICTIONARY
  5
10000512
330
10000511
100
AcDbDictionary
280
     1
  3
BTDETID
360
10000513
  3
BTPARTID
360
10000514
  0
DICTIONARY
  5
10000516
330
10000515
100
AcDbDictionary
280
     1
  3
BTDETID
360
10000517
  3
BTPARTID
360
10000518
  0
DICTIONARY
  5
1000051A
330
10000519
100
AcDbDictionary
280
     1
  3
BTDETID
360
1000051B
  3
BTPARTID
360
1000051C
  0
DICTIONARY
  5
1000051E
330
1000051D
100
AcDbDictionary
280
     1
  3
BTDETID
360
1000051F
  3
BTPARTID
360
10000520
  0
DICTIONARY
  5
10000522
330
10000521
100
AcDbDictionary
280
     1
  3
BTDETID
360
10000523
  3
BTPARTID
360
10000524
  0
DICTIONARY
  5
10000526
330
10000525
100
AcDbDictionary
280
     1
  3
BTDETID
360
10000527
  3
BTPARTID
360
10000528
  0
DICTIONARY
  5
1000052A
330
10000529
100
AcDbDictionary
280
     1
  3
BTDETID
360
1000052B
  3
BTPARTID
360
1000052C
  0
DICTIONARY
  5
1000052E
330
1000052D
100
AcDbDictionary
280
     1
  3
BTDETID
360
1000052F
  3
BTPARTID
360
10000530
  0
DICTIONARY
  5
10000532
330
10000531
100
AcDbDictionary
280
     1
  3
BTDETID
360
10000533
  3
BTPARTID
360
10000534
  0
DICTIONARY
  5
10000536
330
10000535
100
AcDbDictionary
280
     1
  3
BTDETID
360
10000537
  3
BTPARTID
360
10000538
  0
DICTIONARY
  5
1000053A
330
10000539
100
AcDbDictionary
280
     1
  3
BTDETID
360
1000053B
  3
BTPARTID
360
1000053C
  0
DICTIONARY
  5
1000053E
330
1000053D
100
AcDbDictionary
280
     1
  3
BTDETID
360
1000053F
  3
BTPARTID
360
10000540
  0
DICTIONARY
  5
10000542
330
10000541
100
AcDbDictionary
280
     1
  3
BTDETID
360
10000543
  3
BTPARTID
360
10000544
  0
DICTIONARY
  5
10000546
330
10000545
100
AcDbDictionary
280
     1
  3
BTDETID
360
10000547
  3
BTPARTID
360
10000548
  0
DICTIONARY
  5
1000054A
330
10000549
100
AcDbDictionary
280
     1
  3
BTDETID
360
1000054B
  3
BTPARTID
360
1000054C
  0
DICTIONARY
  5
1000054E
330
1000054D
100
AcDbDictionary
280
     1
  3
BTDETID
360
1000054F
  3
BTPARTID
360
10000550
  0
DICTIONARY
  5
10000552
330
10000551
100
AcDbDictionary
280
     1
  3
BTDETID
360
10000553
  3
BTPARTID
360
10000554
  0
DICTIONARY
  5
10000556
330
10000555
100
AcDbDictionary
280
     1
  3
BTDETID
360
10000557
  3
BTPARTID
360
10000558
  0
DICTIONARY
  5
1000055A
330
10000559
100
AcDbDictionary
280
     1
  3
BTDETID
360
1000055B
  3
BTPARTID
360
1000055C
  0
DICTIONARY
  5
1000055E
330
1000055D
100
AcDbDictionary
280
     1
  3
BTDETID
360
1000055F
  3
BTPARTID
360
10000560
  0
DICTIONARY
  5
10000562
330
10000561
100
AcDbDictionary
280
     1
  3
BTDETID
360
10000563
  3
BTPARTID
360
10000564
  0
DICTIONARY
  5
10000566
330
10000565
100
AcDbDictionary
280
     1
  3
BTDETID
360
10000567
  3
BTPARTID
360
10000568
  0
DICTIONARY
  5
1000056A
330
10000569
100
AcDbDictionary
280
     1
  3
BTDETID
360
1000056B
  3
BTPARTID
360
1000056C
  0
DICTIONARY
  5
1000056E
330
1000056D
100
AcDbDictionary
280
     1
  3
BTDETID
360
1000056F
  3
BTPARTID
360
10000570
  0
DICTIONARY
  5
10000572
330
10000571
100
AcDbDictionary
280
     1
  3
BTDETID
360
10000573
  3
BTPARTID
360
10000574
  0
DICTIONARY
  5
10000576
330
10000575
100
AcDbDictionary
280
     1
  3
BTDETID
360
10000577
  3
BTPARTID
360
10000578
  0
DICTIONARY
  5
1000057A
330
10000579
100
AcDbDictionary
280
     1
  3
BTDETID
360
1000057B
  3
BTPARTID
360
1000057C
  0
DICTIONARY
  5
1000057E
330
1000057D
100
AcDbDictionary
280
     1
  3
BTDETID
360
1000057F
  3
BTPARTID
360
10000580
  0
DICTIONARY
  5
10000582
330
10000581
100
AcDbDictionary
280
     1
  3
BTDETID
360
10000583
  3
BTPARTID
360
10000584
  0
DICTIONARY
  5
10000586
330
10000585
100
AcDbDictionary
280
     1
  3
BTDETID
360
10000587
  3
BTPARTID
360
10000588
  0
DICTIONARY
  5
1000058A
330
10000589
100
AcDbDictionary
280
     1
  3
BTDETID
360
1000058B
  3
BTPARTID
360
1000058C
  0
DICTIONARY
  5
1000058E
330
1000058D
100
AcDbDictionary
280
     1
  3
BTDETID
360
1000058F
  3
BTPARTID
360
10000590
  0
DICTIONARY
  5
10000592
330
10000591
100
AcDbDictionary
280
     1
  3
BTDETID
360
10000593
  3
BTPARTID
360
10000594
  0
DICTIONARY
  5
10000596
330
10000595
100
AcDbDictionary
280
     1
  3
BTDETID
360
10000597
  3
BTPARTID
360
10000598
  0
DICTIONARY
  5
1000059A
330
10000599
100
AcDbDictionary
280
     1
  3
BTDETID
360
1000059B
  3
BTPARTID
360
1000059C
  0
DICTIONARY
  5
1000059E
330
1000059D
100
AcDbDictionary
280
     1
  3
BTDETID
360
1000059F
  3
BTPARTID
360
100005A0
  0
DICTIONARY
  5
100005A2
330
100005A1
100
AcDbDictionary
280
     1
  3
BTDETID
360
100005A3
  3
BTPARTID
360
100005A4
  0
DICTIONARY
  5
100005A6
330
100005A5
100
AcDbDictionary
280
     1
  3
BTDETID
360
100005A7
  3
BTPARTID
360
100005A8
  0
DICTIONARY
  5
100005AA
330
100005A9
100
AcDbDictionary
280
     1
  3
BTDETID
360
100005AB
  3
BTPARTID
360
100005AC
  0
DICTIONARY
  5
100005AE
330
100005AD
100
AcDbDictionary
280
     1
  3
BTDETID
360
100005AF
  3
BTPARTID
360
100005B0
  0
DICTIONARY
  5
100005B2
330
100005B1
100
AcDbDictionary
280
     1
  3
BTDETID
360
100005B3
  3
BTPARTID
360
100005B4
  0
DICTIONARY
  5
100005B6
330
100005B5
100
AcDbDictionary
280
     1
  3
BTDETID
360
100005B7
  3
BTPARTID
360
100005B8
  0
DICTIONARY
  5
100005BA
330
100005B9
100
AcDbDictionary
280
     1
  3
BTDETID
360
100005BB
  3
BTPARTID
360
100005BC
  0
DICTIONARY
  5
100005BE
330
100005BD
100
AcDbDictionary
280
     1
  3
BTDETID
360
100005BF
  3
BTPARTID
360
100005C0
  0
DICTIONARY
  5
100005C2
330
100005C1
100
AcDbDictionary
280
     1
  3
BTDETID
360
100005C3
  3
BTPARTID
360
100005C4
  0
DICTIONARY
  5
100005C6
330
100005C5
100
AcDbDictionary
280
     1
  3
BTDETID
360
100005C7
  3
BTPARTID
360
100005C8
  0
DICTIONARY
  5
100005CA
330
100005C9
100
AcDbDictionary
280
     1
  3
BTDETID
360
100005CB
  3
BTPARTID
360
100005CC
  0
DICTIONARY
  5
100005CE
330
100005CD
100
AcDbDictionary
280
     1
  3
BTDETID
360
100005CF
  3
BTPARTID
360
100005D0
  0
DICTIONARY
  5
100005D2
330
100005D1
100
AcDbDictionary
280
     1
  3
BTDETID
360
100005D3
  3
BTPARTID
360
100005D4
  0
DICTIONARY
  5
100005D6
330
100005D5
100
AcDbDictionary
280
     1
  3
BTDETID
360
100005D7
  3
BTPARTID
360
100005D8
  0
DICTIONARY
  5
100005DA
330
100005D9
100
AcDbDictionary
280
     1
  3
BTDETID
360
100005DB
  3
BTPARTID
360
100005DC
  0
DICTIONARY
  5
100005DE
330
100005DD
100
AcDbDictionary
280
     1
  3
BTDETID
360
100005DF
  3
BTPARTID
360
100005E0
  0
DICTIONARY
  5
100005E2
330
100005E1
100
AcDbDictionary
280
     1
  3
BTDETID
360
100005E3
  3
BTPARTID
360
100005E4
  0
DICTIONARY
  5
100005E6
330
100005E5
100
AcDbDictionary
280
     1
  3
BTDETID
360
100005E7
  3
BTPARTID
360
100005E8
  0
DICTIONARY
  5
100005EA
330
100005E9
100
AcDbDictionary
280
     1
  3
BTDETID
360
100005EB
  3
BTPARTID
360
100005EC
  0
DICTIONARY
  5
100005EE
330
100005ED
100
AcDbDictionary
280
     1
  3
BTDETID
360
100005EF
  3
BTPARTID
360
100005F0
  0
DICTIONARY
  5
100005F2
330
100005F1
100
AcDbDictionary
280
     1
  3
BTDETID
360
100005F3
  3
BTPARTID
360
100005F4
  0
DICTIONARY
  5
100005F6
330
100005F5
100
AcDbDictionary
280
     1
  3
BTDETID
360
100005F7
  3
BTPARTID
360
100005F8
  0
DICTIONARY
  5
100005FA
330
100005F9
100
AcDbDictionary
280
     1
  3
BTDETID
360
100005FB
  3
BTPARTID
360
100005FC
  0
DICTIONARY
  5
100005FE
330
100005FD
100
AcDbDictionary
280
     1
  3
BTDETID
360
100005FF
  3
BTPARTID
360
10000600
  0
DICTIONARY
  5
10000602
330
10000601
100
AcDbDictionary
280
     1
  3
BTDETID
360
10000603
  3
BTPARTID
360
10000604
  0
DICTIONARY
  5
10000606
330
10000605
100
AcDbDictionary
280
     1
  3
BTDETID
360
10000607
  3
BTPARTID
360
10000608
  0
DICTIONARY
  5
1000060A
330
10000609
100
AcDbDictionary
280
     1
  3
BTDETID
360
1000060B
  3
BTPARTID
360
1000060C
  0
DICTIONARY
  5
1000060E
330
1000060D
100
AcDbDictionary
280
     1
  3
BTDETID
360
1000060F
  3
BTPARTID
360
10000610
  0
DICTIONARY
  5
10000612
330
10000611
100
AcDbDictionary
280
     1
  3
BTDETID
360
10000613
  3
BTPARTID
360
10000614
  0
DICTIONARY
  5
10000616
330
10000615
100
AcDbDictionary
280
     1
  3
BTDETID
360
10000617
  3
BTPARTID
360
10000618
  0
DICTIONARY
  5
1000061A
330
10000619
100
AcDbDictionary
280
     1
  3
BTDETID
360
1000061B
  3
BTPARTID
360
1000061C
  0
DICTIONARY
  5
1000061E
330
1000061D
100
AcDbDictionary
280
     1
  3
BTDETID
360
1000061F
  3
BTPARTID
360
10000620
  0
DICTIONARY
  5
10000622
330
10000621
100
AcDbDictionary
280
     1
  3
BTDETID
360
10000623
  3
BTPARTID
360
10000624
  0
DICTIONARY
  5
10000626
330
10000625
100
AcDbDictionary
280
     1
  3
BTDETID
360
10000627
  3
BTPARTID
360
10000628
  0
DICTIONARY
  5
1000062A
330
10000629
100
AcDbDictionary
280
     1
  3
BTDETID
360
1000062B
  3
BTPARTID
360
1000062C
  0
DICTIONARY
  5
1000062E
330
1000062D
100
AcDbDictionary
280
     1
  3
BTDETID
360
1000062F
  3
BTPARTID
360
10000630
  0
DICTIONARY
  5
10000632
330
10000631
100
AcDbDictionary
280
     1
  3
BTDETID
360
10000633
  3
BTPARTID
360
10000634
  0
DICTIONARY
  5
10000636
330
10000635
100
AcDbDictionary
280
     1
  3
BTDETID
360
10000637
  3
BTPARTID
360
10000638
  0
DICTIONARY
  5
1000063A
330
10000639
100
AcDbDictionary
280
     1
  3
BTDETID
360
1000063B
  3
BTPARTID
360
1000063C
  0
DICTIONARY
  5
1000063E
330
1000063D
100
AcDbDictionary
280
     1
  3
BTDETID
360
1000063F
  3
BTPARTID
360
10000640
  0
DICTIONARY
  5
10000642
330
10000641
100
AcDbDictionary
280
     1
  3
BTDETID
360
10000643
  3
BTPARTID
360
10000644
  0
DICTIONARY
  5
10000646
330
10000645
100
AcDbDictionary
280
     1
  3
BTDETID
360
10000647
  3
BTPARTID
360
10000648
  0
DICTIONARY
  5
1000064A
330
10000649
100
AcDbDictionary
280
     1
  3
BTDETID
360
1000064B
  3
BTPARTID
360
1000064C
  0
DICTIONARY
  5
1000064E
330
1000064D
100
AcDbDictionary
280
     1
  3
BTDETID
360
1000064F
  3
BTPARTID
360
10000650
  0
DICTIONARY
  5
10000652
330
10000651
100
AcDbDictionary
280
     1
  3
BTDETID
360
10000653
  3
BTPARTID
360
10000654
  0
DICTIONARY
  5
10000656
330
10000655
100
AcDbDictionary
280
     1
  3
BTDETID
360
10000657
  3
BTPARTID
360
10000658
  0
DICTIONARY
  5
1000065A
330
10000659
100
AcDbDictionary
280
     1
  3
BTDETID
360
1000065B
  3
BTPARTID
360
1000065C
  0
DICTIONARY
  5
1000065E
330
1000065D
100
AcDbDictionary
280
     1
  3
BTDETID
360
1000065F
  3
BTPARTID
360
10000660
  0
DICTIONARY
  5
10000662
330
10000661
100
AcDbDictionary
280
     1
  3
BTDETID
360
10000663
  3
BTPARTID
360
10000664
  0
DICTIONARY
  5
10000666
330
10000665
100
AcDbDictionary
280
     1
  3
BTDETID
360
10000667
  3
BTPARTID
360
10000668
  0
DICTIONARY
  5
1000066A
330
10000669
100
AcDbDictionary
280
     1
  3
BTDETID
360
1000066B
  3
BTPARTID
360
1000066C
  0
DICTIONARY
  5
1000066E
330
1000066D
100
AcDbDictionary
280
     1
  3
BTDETID
360
1000066F
  3
BTPARTID
360
10000670
  0
DICTIONARY
  5
10000672
330
10000671
100
AcDbDictionary
280
     1
  3
BTDETID
360
10000673
  3
BTPARTID
360
10000674
  0
DICTIONARY
  5
10000676
330
10000675
100
AcDbDictionary
280
     1
  3
BTDETID
360
10000677
  3
BTPARTID
360
10000678
  0
DICTIONARY
  5
1000067A
330
10000679
100
AcDbDictionary
280
     1
  3
BTDETID
360
1000067B
  3
BTPARTID
360
1000067C
  0
DICTIONARY
  5
1000067E
330
1000067D
100
AcDbDictionary
280
     1
  3
BTDETID
360
1000067F
  3
BTPARTID
360
10000680
  0
DICTIONARY
  5
10000682
330
10000681
100
AcDbDictionary
280
     1
  3
BTDETID
360
10000683
  3
BTPARTID
360
10000684
  0
DICTIONARY
  5
10000686
330
10000685
100
AcDbDictionary
280
     1
  3
BTDETID
360
10000687
  3
BTPARTID
360
10000688
  0
DICTIONARY
  5
1000068A
330
10000689
100
AcDbDictionary
280
     1
  3
BTDETID
360
1000068B
  3
BTPARTID
360
1000068C
  0
DICTIONARY
  5
1000068E
330
1000068D
100
AcDbDictionary
280
     1
  3
BTDETID
360
1000068F
  3
BTPARTID
360
10000690
  0
DICTIONARY
  5
10000692
330
10000691
100
AcDbDictionary
280
     1
  3
BTDETID
360
10000693
  3
BTPARTID
360
10000694
  0
DICTIONARY
  5
10000696
330
10000695
100
AcDbDictionary
280
     1
  3
BTDETID
360
10000697
  3
BTPARTID
360
10000698
  0
DICTIONARY
  5
1000069A
330
10000699
100
AcDbDictionary
280
     1
  3
BTDETID
360
1000069B
  3
BTPARTID
360
1000069C
  0
DICTIONARY
  5
1000069E
330
1000069D
100
AcDbDictionary
280
     1
  3
BTDETID
360
1000069F
  3
BTPARTID
360
100006A0
  0
DICTIONARY
  5
100006A2
330
100006A1
100
AcDbDictionary
280
     1
  3
BTDETID
360
100006A3
  3
BTPARTID
360
100006A4
  0
DICTIONARY
  5
100006A6
330
100006A5
100
AcDbDictionary
280
     1
  3
BTDETID
360
100006A7
  3
BTPARTID
360
100006A8
  0
DICTIONARY
  5
100006AA
330
100006A9
100
AcDbDictionary
280
     1
  3
BTDETID
360
100006AB
  3
BTPARTID
360
100006AC
  0
DICTIONARY
  5
100006AE
330
100006AD
100
AcDbDictionary
280
     1
  3
BTDETID
360
100006AF
  3
BTPARTID
360
100006B0
  0
DICTIONARY
  5
100006B2
330
100006B1
100
AcDbDictionary
280
     1
  3
BTDETID
360
100006B3
  3
BTPARTID
360
100006B4
  0
DICTIONARY
  5
100006B6
330
100006B5
100
AcDbDictionary
280
     1
  3
BTDETID
360
100006B7
  3
BTPARTID
360
100006B8
  0
DICTIONARY
  5
100006BA
330
100006B9
100
AcDbDictionary
280
     1
  3
BTDETID
360
100006BB
  3
BTPARTID
360
100006BC
  0
DICTIONARY
  5
100006BE
330
100006BD
100
AcDbDictionary
280
     1
  3
BTDETID
360
100006BF
  3
BTPARTID
360
100006C0
  0
DICTIONARY
  5
100006C2
330
100006C1
100
AcDbDictionary
280
     1
  3
BTDETID
360
100006C3
  3
BTPARTID
360
100006C4
  0
DICTIONARY
  5
100006C6
330
100006C5
100
AcDbDictionary
280
     1
  3
BTDETID
360
100006C7
  3
BTPARTID
360
100006C8
  0
DICTIONARY
  5
100006CA
330
100006C9
100
AcDbDictionary
280
     1
  3
BTDETID
360
100006CB
  3
BTPARTID
360
100006CC
  0
DICTIONARY
  5
100006CE
330
100006CD
100
AcDbDictionary
280
     1
  3
BTDETID
360
100006CF
  3
BTPARTID
360
100006D0
  0
DICTIONARY
  5
100006D2
330
100006D1
100
AcDbDictionary
280
     1
  3
BTDETID
360
100006D3
  3
BTPARTID
360
100006D4
  0
DICTIONARY
  5
100006D6
330
100006D5
100
AcDbDictionary
280
     1
  3
BTDETID
360
100006D7
  3
BTPARTID
360
100006D8
  0
DICTIONARY
  5
100006DA
330
100006D9
100
AcDbDictionary
280
     1
  3
BTDETID
360
100006DB
  3
BTPARTID
360
100006DC
  0
DICTIONARY
  5
100006DE
330
100006DD
100
AcDbDictionary
280
     1
  3
BTDETID
360
100006DF
  3
BTPARTID
360
100006E0
  0
DICTIONARY
  5
100006E2
330
100006E1
100
AcDbDictionary
280
     1
  3
BTDETID
360
100006E3
  3
BTPARTID
360
100006E4
  0
DICTIONARY
  5
100006E6
330
100006E5
100
AcDbDictionary
280
     1
  3
BTDETID
360
100006E7
  3
BTPARTID
360
100006E8
  0
DICTIONARY
  5
100006EA
330
100006E9
100
AcDbDictionary
280
     1
  3
BTDETID
360
100006EB
  3
BTPARTID
360
100006EC
  0
DICTIONARY
  5
100006EE
330
100006ED
100
AcDbDictionary
280
     1
  3
BTDETID
360
100006EF
  3
BTPARTID
360
100006F0
  0
DICTIONARY
  5
100006F2
330
100006F1
100
AcDbDictionary
280
     1
  3
BTDETID
360
100006F3
  3
BTPARTID
360
100006F4
  0
DICTIONARY
  5
100006F6
330
100006F5
100
AcDbDictionary
280
     1
  3
BTDETID
360
100006F7
  3
BTPARTID
360
100006F8
  0
DICTIONARY
  5
100006FA
330
100006F9
100
AcDbDictionary
280
     1
  3
BTDETID
360
100006FB
  3
BTPARTID
360
100006FC
  0
DICTIONARY
  5
100006FE
330
100006FD
100
AcDbDictionary
280
     1
  3
BTDETID
360
100006FF
  3
BTPARTID
360
10000700
  0
DICTIONARY
  5
10000702
330
10000701
100
AcDbDictionary
280
     1
  3
BTDETID
360
10000703
  3
BTPARTID
360
10000704
  0
DICTIONARY
  5
10000706
330
10000705
100
AcDbDictionary
280
     1
  3
BTDETID
360
10000707
  3
BTPARTID
360
10000708
  0
DICTIONARY
  5
1000070A
330
10000709
100
AcDbDictionary
280
     1
  3
BTDETID
360
1000070B
  3
BTPARTID
360
1000070C
  0
DICTIONARY
  5
1000070E
330
1000070D
100
AcDbDictionary
280
     1
  3
BTDETID
360
1000070F
  3
BTPARTID
360
10000710
  0
DICTIONARY
  5
10000712
330
10000711
100
AcDbDictionary
280
     1
  3
BTDETID
360
10000713
  3
BTPARTID
360
10000714
  0
DICTIONARY
  5
10000716
330
10000715
100
AcDbDictionary
280
     1
  3
BTDETID
360
10000717
  3
BTPARTID
360
10000718
  0
DICTIONARY
  5
1000071A
330
10000719
100
AcDbDictionary
280
     1
  3
BTDETID
360
1000071B
  3
BTPARTID
360
1000071C
  0
DICTIONARY
  5
1000071E
330
1000071D
100
AcDbDictionary
280
     1
  3
BTDETID
360
1000071F
  3
BTPARTID
360
10000720
  0
DICTIONARY
  5
10000722
330
10000721
100
AcDbDictionary
280
     1
  3
BTDETID
360
10000723
  3
BTPARTID
360
10000724
  0
DICTIONARY
  5
10000726
330
10000725
100
AcDbDictionary
280
     1
  3
BTDETID
360
10000727
  3
BTPARTID
360
10000728
  0
DICTIONARY
  5
1000072A
330
10000729
100
AcDbDictionary
280
     1
  3
BTDETID
360
1000072B
  3
BTPARTID
360
1000072C
  0
DICTIONARY
  5
1000072E
330
1000072D
100
AcDbDictionary
280
     1
  3
BTDETID
360
1000072F
  3
BTPARTID
360
10000730
  0
DICTIONARY
  5
10000732
330
10000731
100
AcDbDictionary
280
     1
  3
BTDETID
360
10000733
  3
BTPARTID
360
10000734
  0
DICTIONARY
  5
D
102
{ACAD_REACTORS
330
C
102
}
330
C
100
AcDbDictionary
  0
DICTIONARY
  5
1A
102
{ACAD_REACTORS
330
C
102
}
330
C
100
AcDbDictionary
  0
DICTIONARY
  5
43
102
{ACAD_REACTORS
330
C
102
}
330
C
100
AcDbDictionary
  3
BYBLOCK
350
45
  3
BYLAYER
350
44
  3
GLOBAL
350
46
  0
DICTIONARY
  5
5B
102
{ACAD_REACTORS
330
C
102
}
330
C
100
AcDbDictionary
  3
STANDARD
350
5C
  0
DICTIONARY
  5
17
102
{ACAD_REACTORS
330
C
102
}
330
C
100
AcDbDictionary
  3
STANDARD
350
18
  0
DICTIONARY
  5
19
102
{ACAD_REACTORS
330
C
102
}
330
C
100
AcDbDictionary
  0
DICTIONARY
  5
47
102
{ACAD_REACTORS
330
C
102
}
330
C
100
AcDbDictionary
  3
SCALE100_1
350
10000023
  3
SCALE10_1
350
1000001D
  3
SCALE12_1
350
1000001E
  3
SCALE16_1
350
1000001F
  3
SCALE1_1
350
10000006
  3
SCALE1_10
350
1000000D
  3
SCALE1_100
350
10000016
  3
SCALE1_12
350
1000000E
  3
SCALE1_16
350
1000000F
  3
SCALE1_2
350
10000007
  3
SCALE1_20
350
10000010
  3
SCALE1_25
350
10000011
  3
SCALE1_3
350
10000008
  3
SCALE1_32
350
10000012
  3
SCALE1_4
350
10000009
  3
SCALE1_40
350
10000013
  3
SCALE1_5
350
1000000A
  3
SCALE1_50
350
10000014
  3
SCALE1_6
350
1000000B
  3
SCALE1_8
350
1000000C
  3
SCALE1_80
350
10000015
  3
SCALE20_1
350
10000020
  3
SCALE2_1
350
10000017
  3
SCALE32_1
350
10000021
  3
SCALE3_1
350
10000018
  3
SCALE4_1
350
10000019
  3
SCALE50_1
350
10000022
  3
SCALE5_1
350
1000001A
  3
SCALE6_1
350
1000001B
  3
SCALE8_1
350
1000001C
  0
DICTIONARY
  5
2A
102
{ACAD_REACTORS
330
C
102
}
330
C
100
AcDbDictionary
  3
2DWIREFRAME
350
2F
  3
BASIC
350
32
  3
BRIGHTEN
350
36
  3
COLORCHANGE
350
3A
  3
CONCEPTUAL
350
34
  3
DIM
350
35
  3
EDGECOLOROFF
350
3D
  3
FACEPATTERN
350
39
  3
FLAT
350
2B
  3
FLATWITHEDGES
350
2C
  3
GOURAUD
350
2D
  3
GOURAUDWITHEDGES
350
2E
  3
HIDDEN
350
31
  3
JITTEROFF
350
3B
  3
LINEPATTERN
350
38
  3
OVERHANGOFF
350
3C
  3
REALISTIC
350
33
  3
SHADED
350
42
  3
SHADED_WITH_EDGES
350
41
  3
SHADES_OF_GRAY
350
3E
  3
SKETCHY
350
3F
  3
THICKEN
350
37
  3
WIREFRAME
350
30
  3
X-RAY
350
40
  0
DICTIONARY
  5
10000737
102
{ACAD_REACTORS
330
C
102
}
330
C
100
AcDbDictionary
  3
CEPSNID
350
10000741
  3
CEPSNTYPE
350
10000740
  3
DIMSTYLEDATA
350
10000757
  3
FINGERPRINTGUID
350
10000742
  3
HYPERLINKBASE
350
1000073A
  3
INSUNITS
350
1000073F
  3
LAYOUTDICT
350
1000073C
  3
LWETCUNION
350
1000073E
  3
PLOTSETDICT
350
1000073D
  3
PSVPSCALE
350
10000744
  3
PUCSBASE
350
10000747
  3
PUCSORGBACK
350
1000074D
  3
PUCSORGBOTTOM
350
10000749
  3
PUCSORGFRONT
350
1000074C
  3
PUCSORGLEFT
350
1000074A
  3
PUCSORGRIGHT
350
1000074B
  3
PUCSORGTOP
350
10000748
  3
PUCSORTHOREF
350
10000745
  3
PUCSORTHOVIEW
350
10000746
  3
STYLESHEET
350
1000073B
  3
TSTACKALIGN
350
10000738
  3
TSTACKSIZE
350
10000739
  3
UCSBASE
350
10000750
  3
UCSORGBACK
350
10000756
  3
UCSORGBOTTOM
350
10000752
  3
UCSORGFRONT
350
10000755
  3
UCSORGLEFT
350
10000753
  3
UCSORGRIGHT
350
10000754
  3
UCSORGTOP
350
10000751
  3
UCSORTHOREF
350
1000074E
  3
UCSORTHOVIEW
350
1000074F
  3
VERSIONGUID
350
10000743
  0
DICTIONARY
  5
10000758
102
{ACAD_REACTORS
330
C
102
}
330
C
100
AcDbDictionary
  3
CANNOSCALE
350
10000762
  3
CMLEADERSTYLE
350
1000075A
  3
CTABLESTYLE
350
10000759
  3
DIMASSOC
350
1000075D
  3
HIDETEXT
350
1000075E
  3
MSLTSCALE
350
10000763
  0
XRECORD
  5
1000075F
102
{ACAD_REACTORS
330
C
102
}
330
C
100
AcDbXrecord
  1
DWGPROPS COOKIE
  2

  3

  4

  6
File was created by BTDwgCreate
  7

  8
onshape
  9

300
=
301
=
302
=
303
=
304
=
305
=
306
=
307
=
308
=
309
=
 40
0.0
 41
2461248.80323985
 42
2461248.803239966
  1

 90
        0
  0
DICTIONARY
  5
10000001
102
{ACAD_REACTORS
330
C
102
}
330
C
100
AcDbDictionary
280
     1
  3
DIM_UNITS
360
10000003
  3
DWGGEN_VERSION
360
10000002
  3
FIRST_ANGLE
360
10000005
  0
XRECORD
  5
10000761
102
{ACAD_REACTORS
330
10000760
102
}
330
10000760
100
AcDbXrecord
102
VTR_0.000_0.000_1.000_1.000_VISUALSTYLE
340
2F
102
VTR_0.000_0.000_1.000_1.000_GRIDDISPLAY
 70
     3
102
VTR_0.000_0.000_1.000_1.000_GRIDMAJOR
 70
     5
102
VTR_0.000_0.000_1.000_1.000_DEFAULTLIGHTING
280
     1
102
VTR_0.000_0.000_1.000_1.000_DEFAULTLIGHTINGTYPE
 70
     1
102
VTR_0.000_0.000_1.000_1.000_BRIGHTNESS
141
0.0
102
VTR_0.000_0.000_1.000_1.000_CONTRAST
142
0.0
  0
SORTENTSTABLE
  5
10000736
102
{ACAD_REACTORS
330
10000735
102
}
330
10000735
100
AcDbSortentsTable
330
1F
  0
XRECORD
  5
1000005B
102
{ACAD_REACTORS
330
1000005A
102
}
330
1000005A
100
AcDbXrecord
1000
S8DRD
  0
XRECORD
  5
1000005C
102
{ACAD_REACTORS
330
1000005A
102
}
330
1000005A
100
AcDbXrecord
1000
JID
  0
XRECORD
  5
1000005F
102
{ACAD_REACTORS
330
1000005E
102
}
330
1000005E
100
AcDbXrecord
1000
R8DR
  0
XRECORD
  5
10000060
102
{ACAD_REACTORS
330
1000005E
102
}
330
1000005E
100
AcDbXrecord
1000
JID
  0
XRECORD
  5
10000063
102
{ACAD_REACTORS
330
10000062
102
}
330
10000062
100
AcDbXrecord
1000
S8DND
  0
XRECORD
  5
10000064
102
{ACAD_REACTORS
330
10000062
102
}
330
10000062
100
AcDbXrecord
1000
JID
  0
XRECORD
  5
10000067
102
{ACAD_REACTORS
330
10000066
102
}
330
10000066
100
AcDbXrecord
1000
S8DJD
  0
XRECORD
  5
10000068
102
{ACAD_REACTORS
330
10000066
102
}
330
10000066
100
AcDbXrecord
1000
JID
  0
XRECORD
  5
1000006B
102
{ACAD_REACTORS
330
1000006A
102
}
330
1000006A
100
AcDbXrecord
1000
S8DFD
  0
XRECORD
  5
1000006C
102
{ACAD_REACTORS
330
1000006A
102
}
330
1000006A
100
AcDbXrecord
1000
JID
  0
XRECORD
  5
1000006F
102
{ACAD_REACTORS
330
1000006E
102
}
330
1000006E
100
AcDbXrecord
1000
SFBFB
  0
XRECORD
  5
10000070
102
{ACAD_REACTORS
330
1000006E
102
}
330
1000006E
100
AcDbXrecord
1000
JID
  0
XRECORD
  5
10000073
102
{ACAD_REACTORS
330
10000072
102
}
330
10000072
100
AcDbXrecord
1000
R8DN
  0
XRECORD
  5
10000074
102
{ACAD_REACTORS
330
10000072
102
}
330
10000072
100
AcDbXrecord
1000
JID
  0
XRECORD
  5
10000077
102
{ACAD_REACTORS
330
10000076
102
}
330
10000076
100
AcDbXrecord
1000
S8DBD
  0
XRECORD
  5
10000078
102
{ACAD_REACTORS
330
10000076
102
}
330
10000076
100
AcDbXrecord
1000
JID
  0
XRECORD
  5
1000007B
102
{ACAD_REACTORS
330
1000007A
102
}
330
1000007A
100
AcDbXrecord
1000
S8D9C
  0
XRECORD
  5
1000007C
102
{ACAD_REACTORS
330
1000007A
102
}
330
1000007A
100
AcDbXrecord
1000
JID
  0
XRECORD
  5
1000007F
102
{ACAD_REACTORS
330
1000007E
102
}
330
1000007E
100
AcDbXrecord
1000
S8D5C
  0
XRECORD
  5
10000080
102
{ACAD_REACTORS
330
1000007E
102
}
330
1000007E
100
AcDbXrecord
1000
JID
  0
XRECORD
  5
10000083
102
{ACAD_REACTORS
330
10000082
102
}
330
10000082
100
AcDbXrecord
1000
RFB5
  0
XRECORD
  5
10000084
102
{ACAD_REACTORS
330
10000082
102
}
330
10000082
100
AcDbXrecord
1000
JID
  0
XRECORD
  5
10000087
102
{ACAD_REACTORS
330
10000086
102
}
330
10000086
100
AcDbXrecord
1000
RFB1
  0
XRECORD
  5
10000088
102
{ACAD_REACTORS
330
10000086
102
}
330
10000086
100
AcDbXrecord
1000
JID
  0
XRECORD
  5
1000008B
102
{ACAD_REACTORS
330
1000008A
102
}
330
1000008A
100
AcDbXrecord
1000
R8DJ
  0
XRECORD
  5
1000008C
102
{ACAD_REACTORS
330
1000008A
102
}
330
1000008A
100
AcDbXrecord
1000
JID
  0
XRECORD
  5
1000008F
102
{ACAD_REACTORS
330
1000008E
102
}
330
1000008E
100
AcDbXrecord
1000
S8D1C
  0
XRECORD
  5
10000090
102
{ACAD_REACTORS
330
1000008E
102
}
330
1000008E
100
AcDbXrecord
1000
JID
  0
XRECORD
  5
10000093
102
{ACAD_REACTORS
330
10000092
102
}
330
10000092
100
AcDbXrecord
1000
S8DxC
  0
XRECORD
  5
10000094
102
{ACAD_REACTORS
330
10000092
102
}
330
10000092
100
AcDbXrecord
1000
JID
  0
XRECORD
  5
10000097
102
{ACAD_REACTORS
330
10000096
102
}
330
10000096
100
AcDbXrecord
1000
S8DtC
  0
XRECORD
  5
10000098
102
{ACAD_REACTORS
330
10000096
102
}
330
10000096
100
AcDbXrecord
1000
JID
  0
XRECORD
  5
1000009B
102
{ACAD_REACTORS
330
1000009A
102
}
330
1000009A
100
AcDbXrecord
1000
R8DF
  0
XRECORD
  5
1000009C
102
{ACAD_REACTORS
330
1000009A
102
}
330
1000009A
100
AcDbXrecord
1000
JID
  0
XRECORD
  5
1000009F
102
{ACAD_REACTORS
330
1000009E
102
}
330
1000009E
100
AcDbXrecord
1000
R8DB
  0
XRECORD
  5
100000A0
102
{ACAD_REACTORS
330
1000009E
102
}
330
1000009E
100
AcDbXrecord
1000
JID
  0
XRECORD
  5
100000A3
102
{ACAD_REACTORS
330
100000A2
102
}
330
100000A2
100
AcDbXrecord
1000
S8DpC
  0
XRECORD
  5
100000A4
102
{ACAD_REACTORS
330
100000A2
102
}
330
100000A2
100
AcDbXrecord
1000
JID
  0
XRECORD
  5
100000A7
102
{ACAD_REACTORS
330
100000A6
102
}
330
100000A6
100
AcDbXrecord
1000
S8DlC
  0
XRECORD
  5
100000A8
102
{ACAD_REACTORS
330
100000A6
102
}
330
100000A6
100
AcDbXrecord
1000
JID
  0
XRECORD
  5
100000AB
102
{ACAD_REACTORS
330
100000AA
102
}
330
100000AA
100
AcDbXrecord
1000
S8DhC
  0
XRECORD
  5
100000AC
102
{ACAD_REACTORS
330
100000AA
102
}
330
100000AA
100
AcDbXrecord
1000
JID
  0
XRECORD
  5
100000AF
102
{ACAD_REACTORS
330
100000AE
102
}
330
100000AE
100
AcDbXrecord
1000
R8Dh
  0
XRECORD
  5
100000B0
102
{ACAD_REACTORS
330
100000AE
102
}
330
100000AE
100
AcDbXrecord
1000
JID
  0
XRECORD
  5
100000B3
102
{ACAD_REACTORS
330
100000B2
102
}
330
100000B2
100
AcDbXrecord
1000
RYBR
  0
XRECORD
  5
100000B4
102
{ACAD_REACTORS
330
100000B2
102
}
330
100000B2
100
AcDbXrecord
1000
JID
  0
XRECORD
  5
100000B7
102
{ACAD_REACTORS
330
100000B6
102
}
330
100000B6
100
AcDbXrecord
1000
RYBN
  0
XRECORD
  5
100000B8
102
{ACAD_REACTORS
330
100000B6
102
}
330
100000B6
100
AcDbXrecord
1000
JID
  0
XRECORD
  5
100000BB
102
{ACAD_REACTORS
330
100000BA
102
}
330
100000BA
100
AcDbXrecord
1000
RYBJ
  0
XRECORD
  5
100000BC
102
{ACAD_REACTORS
330
100000BA
102
}
330
100000BA
100
AcDbXrecord
1000
JID
  0
XRECORD
  5
100000BF
102
{ACAD_REACTORS
330
100000BE
102
}
330
100000BE
100
AcDbXrecord
1000
RYBF
  0
XRECORD
  5
100000C0
102
{ACAD_REACTORS
330
100000BE
102
}
330
100000BE
100
AcDbXrecord
1000
JID
  0
XRECORD
  5
100000C3
102
{ACAD_REACTORS
330
100000C2
102
}
330
100000C2
100
AcDbXrecord
1000
RwBF
  0
XRECORD
  5
100000C4
102
{ACAD_REACTORS
330
100000C2
102
}
330
100000C2
100
AcDbXrecord
1000
JID
  0
XRECORD
  5
100000C7
102
{ACAD_REACTORS
330
100000C6
102
}
330
100000C6
100
AcDbXrecord
1000
R2CZ
  0
XRECORD
  5
100000C8
102
{ACAD_REACTORS
330
100000C6
102
}
330
100000C6
100
AcDbXrecord
1000
JID
  0
XRECORD
  5
100000CB
102
{ACAD_REACTORS
330
100000CA
102
}
330
100000CA
100
AcDbXrecord
1000
R2CB
  0
XRECORD
  5
100000CC
102
{ACAD_REACTORS
330
100000CA
102
}
330
100000CA
100
AcDbXrecord
1000
JID
  0
XRECORD
  5
100000CF
102
{ACAD_REACTORS
330
100000CE
102
}
330
100000CE
100
AcDbXrecord
1000
RFBJ
  0
XRECORD
  5
100000D0
102
{ACAD_REACTORS
330
100000CE
102
}
330
100000CE
100
AcDbXrecord
1000
JID
  0
XRECORD
  5
100000D3
102
{ACAD_REACTORS
330
100000D2
102
}
330
100000D2
100
AcDbXrecord
1000
S8DdC
  0
XRECORD
  5
100000D4
102
{ACAD_REACTORS
330
100000D2
102
}
330
100000D2
100
AcDbXrecord
1000
JID
  0
XRECORD
  5
100000D7
102
{ACAD_REACTORS
330
100000D6
102
}
330
100000D6
100
AcDbXrecord
1000
S8DZC
  0
XRECORD
  5
100000D8
102
{ACAD_REACTORS
330
100000D6
102
}
330
100000D6
100
AcDbXrecord
1000
JID
  0
XRECORD
  5
100000DB
102
{ACAD_REACTORS
330
100000DA
102
}
330
100000DA
100
AcDbXrecord
1000
S8DVC
  0
XRECORD
  5
100000DC
102
{ACAD_REACTORS
330
100000DA
102
}
330
100000DA
100
AcDbXrecord
1000
JID
  0
XRECORD
  5
100000DF
102
{ACAD_REACTORS
330
100000DE
102
}
330
100000DE
100
AcDbXrecord
1000
RFBF
  0
XRECORD
  5
100000E0
102
{ACAD_REACTORS
330
100000DE
102
}
330
100000DE
100
AcDbXrecord
1000
JID
  0
XRECORD
  5
100000E3
102
{ACAD_REACTORS
330
100000E2
102
}
330
100000E2
100
AcDbXrecord
1000
RFBB
  0
XRECORD
  5
100000E4
102
{ACAD_REACTORS
330
100000E2
102
}
330
100000E2
100
AcDbXrecord
1000
JID
  0
XRECORD
  5
100000E7
102
{ACAD_REACTORS
330
100000E6
102
}
330
100000E6
100
AcDbXrecord
1000
S8DRC
  0
XRECORD
  5
100000E8
102
{ACAD_REACTORS
330
100000E6
102
}
330
100000E6
100
AcDbXrecord
1000
JID
  0
XRECORD
  5
100000EB
102
{ACAD_REACTORS
330
100000EA
102
}
330
100000EA
100
AcDbXrecord
1000
S8DNC
  0
XRECORD
  5
100000EC
102
{ACAD_REACTORS
330
100000EA
102
}
330
100000EA
100
AcDbXrecord
1000
JID
  0
XRECORD
  5
100000EF
102
{ACAD_REACTORS
330
100000EE
102
}
330
100000EE
100
AcDbXrecord
1000
S8DBE
  0
XRECORD
  5
100000F0
102
{ACAD_REACTORS
330
100000EE
102
}
330
100000EE
100
AcDbXrecord
1000
JID
  0
XRECORD
  5
100000F3
102
{ACAD_REACTORS
330
100000F2
102
}
330
100000F2
100
AcDbXrecord
1000
SFBxB
  0
XRECORD
  5
100000F4
102
{ACAD_REACTORS
330
100000F2
102
}
330
100000F2
100
AcDbXrecord
1000
JID
  0
XRECORD
  5
100000F7
102
{ACAD_REACTORS
330
100000F6
102
}
330
100000F6
100
AcDbXrecord
1000
S8D9D
  0
XRECORD
  5
100000F8
102
{ACAD_REACTORS
330
100000F6
102
}
330
100000F6
100
AcDbXrecord
1000
JID
  0
XRECORD
  5
100000FB
102
{ACAD_REACTORS
330
100000FA
102
}
330
100000FA
100
AcDbXrecord
1000
S8D5D
  0
XRECORD
  5
100000FC
102
{ACAD_REACTORS
330
100000FA
102
}
330
100000FA
100
AcDbXrecord
1000
JID
  0
XRECORD
  5
100000FF
102
{ACAD_REACTORS
330
100000FE
102
}
330
100000FE
100
AcDbXrecord
1000
S8D1D
  0
XRECORD
  5
10000100
102
{ACAD_REACTORS
330
100000FE
102
}
330
100000FE
100
AcDbXrecord
1000
JID
  0
XRECORD
  5
10000103
102
{ACAD_REACTORS
330
10000102
102
}
330
10000102
100
AcDbXrecord
1000
R8Dd
  0
XRECORD
  5
10000104
102
{ACAD_REACTORS
330
10000102
102
}
330
10000102
100
AcDbXrecord
1000
JID
  0
XRECORD
  5
10000107
102
{ACAD_REACTORS
330
10000106
102
}
330
10000106
100
AcDbXrecord
1000
SFBlB
  0
XRECORD
  5
10000108
102
{ACAD_REACTORS
330
10000106
102
}
330
10000106
100
AcDbXrecord
1000
JID
  0
XRECORD
  5
1000010B
102
{ACAD_REACTORS
330
1000010A
102
}
330
1000010A
100
AcDbXrecord
1000
S8DxD
  0
XRECORD
  5
1000010C
102
{ACAD_REACTORS
330
1000010A
102
}
330
1000010A
100
AcDbXrecord
1000
JID
  0
XRECORD
  5
1000010F
102
{ACAD_REACTORS
330
1000010E
102
}
330
1000010E
100
AcDbXrecord
1000
S8DtD
  0
XRECORD
  5
10000110
102
{ACAD_REACTORS
330
1000010E
102
}
330
1000010E
100
AcDbXrecord
1000
JID
  0
XRECORD
  5
10000113
102
{ACAD_REACTORS
330
10000112
102
}
330
10000112
100
AcDbXrecord
1000
S8DpD
  0
XRECORD
  5
10000114
102
{ACAD_REACTORS
330
10000112
102
}
330
10000112
100
AcDbXrecord
1000
JID
  0
XRECORD
  5
10000117
102
{ACAD_REACTORS
330
10000116
102
}
330
10000116
100
AcDbXrecord
1000
SFBhB
  0
XRECORD
  5
10000118
102
{ACAD_REACTORS
330
10000116
102
}
330
10000116
100
AcDbXrecord
1000
JID
  0
XRECORD
  5
1000011B
102
{ACAD_REACTORS
330
1000011A
102
}
330
1000011A
100
AcDbXrecord
1000
R8DZ
  0
XRECORD
  5
1000011C
102
{ACAD_REACTORS
330
1000011A
102
}
330
1000011A
100
AcDbXrecord
1000
JID
  0
XRECORD
  5
1000011F
102
{ACAD_REACTORS
330
1000011E
102
}
330
1000011E
100
AcDbXrecord
1000
S8DlD
  0
XRECORD
  5
10000120
102
{ACAD_REACTORS
330
1000011E
102
}
330
1000011E
100
AcDbXrecord
1000
JID
  0
XRECORD
  5
10000123
102
{ACAD_REACTORS
330
10000122
102
}
330
10000122
100
AcDbXrecord
1000
S8DhD
  0
XRECORD
  5
10000124
102
{ACAD_REACTORS
330
10000122
102
}
330
10000122
100
AcDbXrecord
1000
JID
  0
XRECORD
  5
10000127
102
{ACAD_REACTORS
330
10000126
102
}
330
10000126
100
AcDbXrecord
1000
S8DdD
  0
XRECORD
  5
10000128
102
{ACAD_REACTORS
330
10000126
102
}
330
10000126
100
AcDbXrecord
1000
JID
  0
XRECORD
  5
1000012B
102
{ACAD_REACTORS
330
1000012A
102
}
330
1000012A
100
AcDbXrecord
1000
R8DV
  0
XRECORD
  5
1000012C
102
{ACAD_REACTORS
330
1000012A
102
}
330
1000012A
100
AcDbXrecord
1000
JID
  0
XRECORD
  5
1000012F
102
{ACAD_REACTORS
330
1000012E
102
}
330
1000012E
100
AcDbXrecord
1000
S8DZD
  0
XRECORD
  5
10000130
102
{ACAD_REACTORS
330
1000012E
102
}
330
1000012E
100
AcDbXrecord
1000
JID
  0
XRECORD
  5
10000133
102
{ACAD_REACTORS
330
10000132
102
}
330
10000132
100
AcDbXrecord
1000
S8DVD
  0
XRECORD
  5
10000134
102
{ACAD_REACTORS
330
10000132
102
}
330
10000132
100
AcDbXrecord
1000
JID
  0
XRECORD
  5
10000137
102
{ACAD_REACTORS
330
10000136
102
}
330
10000136
100
AcDbXrecord
1000
LI5GC
  0
XRECORD
  5
10000138
102
{ACAD_REACTORS
330
10000136
102
}
330
10000136
100
AcDbXrecord
1000
JID
  0
XRECORD
  5
1000013B
102
{ACAD_REACTORS
330
1000013A
102
}
330
1000013A
100
AcDbXrecord
1000
LIBFC
  0
XRECORD
  5
1000013C
102
{ACAD_REACTORS
330
1000013A
102
}
330
1000013A
100
AcDbXrecord
1000
JID
  0
XRECORD
  5
1000013F
102
{ACAD_REACTORS
330
1000013E
102
}
330
1000013E
100
AcDbXrecord
1000
LIJFC
  0
XRECORD
  5
10000140
102
{ACAD_REACTORS
330
1000013E
102
}
330
1000013E
100
AcDbXrecord
1000
JID
  0
XRECORD
  5
10000143
102
{ACAD_REACTORS
330
10000142
102
}
330
10000142
100
AcDbXrecord
1000
LIRFC
  0
XRECORD
  5
10000144
102
{ACAD_REACTORS
330
10000142
102
}
330
10000142
100
AcDbXrecord
1000
JID
  0
XRECORD
  5
10000147
102
{ACAD_REACTORS
330
10000146
102
}
330
10000146
100
AcDbXrecord
1000
LIZFC
  0
XRECORD
  5
10000148
102
{ACAD_REACTORS
330
10000146
102
}
330
10000146
100
AcDbXrecord
1000
JID
  0
XRECORD
  5
1000014B
102
{ACAD_REACTORS
330
1000014A
102
}
330
1000014A
100
AcDbXrecord
1000
LIhFC
  0
XRECORD
  5
1000014C
102
{ACAD_REACTORS
330
1000014A
102
}
330
1000014A
100
AcDbXrecord
1000
JID
  0
XRECORD
  5
1000014F
102
{ACAD_REACTORS
330
1000014E
102
}
330
1000014E
100
AcDbXrecord
1000
LIpFC
  0
XRECORD
  5
10000150
102
{ACAD_REACTORS
330
1000014E
102
}
330
1000014E
100
AcDbXrecord
1000
JID
  0
XRECORD
  5
10000153
102
{ACAD_REACTORS
330
10000152
102
}
330
10000152
100
AcDbXrecord
1000
LIxFC
  0
XRECORD
  5
10000154
102
{ACAD_REACTORS
330
10000152
102
}
330
10000152
100
AcDbXrecord
1000
JID
  0
XRECORD
  5
10000157
102
{ACAD_REACTORS
330
10000156
102
}
330
10000156
100
AcDbXrecord
1000
LI5FC
  0
XRECORD
  5
10000158
102
{ACAD_REACTORS
330
10000156
102
}
330
10000156
100
AcDbXrecord
1000
JID
  0
XRECORD
  5
1000015B
102
{ACAD_REACTORS
330
1000015A
102
}
330
1000015A
100
AcDbXrecord
1000
LIBGC
  0
XRECORD
  5
1000015C
102
{ACAD_REACTORS
330
1000015A
102
}
330
1000015A
100
AcDbXrecord
1000
JID
  0
XRECORD
  5
1000015F
102
{ACAD_REACTORS
330
1000015E
102
}
330
1000015E
100
AcDbXrecord
1000
LIJGC
  0
XRECORD
  5
10000160
102
{ACAD_REACTORS
330
1000015E
102
}
330
1000015E
100
AcDbXrecord
1000
JID
  0
XRECORD
  5
10000163
102
{ACAD_REACTORS
330
10000162
102
}
330
10000162
100
AcDbXrecord
1000
LIRGC
  0
XRECORD
  5
10000164
102
{ACAD_REACTORS
330
10000162
102
}
330
10000162
100
AcDbXrecord
1000
JID
  0
XRECORD
  5
10000167
102
{ACAD_REACTORS
330
10000166
102
}
330
10000166
100
AcDbXrecord
1000
LIZGC
  0
XRECORD
  5
10000168
102
{ACAD_REACTORS
330
10000166
102
}
330
10000166
100
AcDbXrecord
1000
JID
  0
XRECORD
  5
1000016B
102
{ACAD_REACTORS
330
1000016A
102
}
330
1000016A
100
AcDbXrecord
1000
LIhGC
  0
XRECORD
  5
1000016C
102
{ACAD_REACTORS
330
1000016A
102
}
330
1000016A
100
AcDbXrecord
1000
JID
  0
XRECORD
  5
1000016F
102
{ACAD_REACTORS
330
1000016E
102
}
330
1000016E
100
AcDbXrecord
1000
LIpGC
  0
XRECORD
  5
10000170
102
{ACAD_REACTORS
330
1000016E
102
}
330
1000016E
100
AcDbXrecord
1000
JID
  0
XRECORD
  5
10000173
102
{ACAD_REACTORS
330
10000172
102
}
330
10000172
100
AcDbXrecord
1000
LIxGC
  0
XRECORD
  5
10000174
102
{ACAD_REACTORS
330
10000172
102
}
330
10000172
100
AcDbXrecord
1000
JID
  0
XRECORD
  5
10000177
102
{ACAD_REACTORS
330
10000176
102
}
330
10000176
100
AcDbXrecord
1000
LI5KC
  0
XRECORD
  5
10000178
102
{ACAD_REACTORS
330
10000176
102
}
330
10000176
100
AcDbXrecord
1000
JID
  0
XRECORD
  5
1000017B
102
{ACAD_REACTORS
330
1000017A
102
}
330
1000017A
100
AcDbXrecord
1000
LIBJC
  0
XRECORD
  5
1000017C
102
{ACAD_REACTORS
330
1000017A
102
}
330
1000017A
100
AcDbXrecord
1000
JID
  0
XRECORD
  5
1000017F
102
{ACAD_REACTORS
330
1000017E
102
}
330
1000017E
100
AcDbXrecord
1000
LIJJC
  0
XRECORD
  5
10000180
102
{ACAD_REACTORS
330
1000017E
102
}
330
1000017E
100
AcDbXrecord
1000
JID
  0
XRECORD
  5
10000183
102
{ACAD_REACTORS
330
10000182
102
}
330
10000182
100
AcDbXrecord
1000
LIRJC
  0
XRECORD
  5
10000184
102
{ACAD_REACTORS
330
10000182
102
}
330
10000182
100
AcDbXrecord
1000
JID
  0
XRECORD
  5
10000187
102
{ACAD_REACTORS
330
10000186
102
}
330
10000186
100
AcDbXrecord
1000
LIZJC
  0
XRECORD
  5
10000188
102
{ACAD_REACTORS
330
10000186
102
}
330
10000186
100
AcDbXrecord
1000
JID
  0
XRECORD
  5
1000018B
102
{ACAD_REACTORS
330
1000018A
102
}
330
1000018A
100
AcDbXrecord
1000
LIhJC
  0
XRECORD
  5
1000018C
102
{ACAD_REACTORS
330
1000018A
102
}
330
1000018A
100
AcDbXrecord
1000
JID
  0
XRECORD
  5
1000018F
102
{ACAD_REACTORS
330
1000018E
102
}
330
1000018E
100
AcDbXrecord
1000
LIpJC
  0
XRECORD
  5
10000190
102
{ACAD_REACTORS
330
1000018E
102
}
330
1000018E
100
AcDbXrecord
1000
JID
  0
XRECORD
  5
10000193
102
{ACAD_REACTORS
330
10000192
102
}
330
10000192
100
AcDbXrecord
1000
LIxJC
  0
XRECORD
  5
10000194
102
{ACAD_REACTORS
330
10000192
102
}
330
10000192
100
AcDbXrecord
1000
JID
  0
XRECORD
  5
10000197
102
{ACAD_REACTORS
330
10000196
102
}
330
10000196
100
AcDbXrecord
1000
LI5JC
  0
XRECORD
  5
10000198
102
{ACAD_REACTORS
330
10000196
102
}
330
10000196
100
AcDbXrecord
1000
JID
  0
XRECORD
  5
1000019B
102
{ACAD_REACTORS
330
1000019A
102
}
330
1000019A
100
AcDbXrecord
1000
LIBKC
  0
XRECORD
  5
1000019C
102
{ACAD_REACTORS
330
1000019A
102
}
330
1000019A
100
AcDbXrecord
1000
JID
  0
XRECORD
  5
1000019F
102
{ACAD_REACTORS
330
1000019E
102
}
330
1000019E
100
AcDbXrecord
1000
LIJKC
  0
XRECORD
  5
100001A0
102
{ACAD_REACTORS
330
1000019E
102
}
330
1000019E
100
AcDbXrecord
1000
JID
  0
XRECORD
  5
100001A3
102
{ACAD_REACTORS
330
100001A2
102
}
330
100001A2
100
AcDbXrecord
1000
LIRKC
  0
XRECORD
  5
100001A4
102
{ACAD_REACTORS
330
100001A2
102
}
330
100001A2
100
AcDbXrecord
1000
JID
  0
XRECORD
  5
100001A7
102
{ACAD_REACTORS
330
100001A6
102
}
330
100001A6
100
AcDbXrecord
1000
LIZKC
  0
XRECORD
  5
100001A8
102
{ACAD_REACTORS
330
100001A6
102
}
330
100001A6
100
AcDbXrecord
1000
JID
  0
XRECORD
  5
100001AB
102
{ACAD_REACTORS
330
100001AA
102
}
330
100001AA
100
AcDbXrecord
1000
LIhKC
  0
XRECORD
  5
100001AC
102
{ACAD_REACTORS
330
100001AA
102
}
330
100001AA
100
AcDbXrecord
1000
JID
  0
XRECORD
  5
100001AF
102
{ACAD_REACTORS
330
100001AE
102
}
330
100001AE
100
AcDbXrecord
1000
LIpKC
  0
XRECORD
  5
100001B0
102
{ACAD_REACTORS
330
100001AE
102
}
330
100001AE
100
AcDbXrecord
1000
JID
  0
XRECORD
  5
100001B3
102
{ACAD_REACTORS
330
100001B2
102
}
330
100001B2
100
AcDbXrecord
1000
LIxKC
  0
XRECORD
  5
100001B4
102
{ACAD_REACTORS
330
100001B2
102
}
330
100001B2
100
AcDbXrecord
1000
JID
  0
XRECORD
  5
100001B7
102
{ACAD_REACTORS
330
100001B6
102
}
330
100001B6
100
AcDbXrecord
1000
LI5OC
  0
XRECORD
  5
100001B8
102
{ACAD_REACTORS
330
100001B6
102
}
330
100001B6
100
AcDbXrecord
1000
JID
  0
XRECORD
  5
100001BB
102
{ACAD_REACTORS
330
100001BA
102
}
330
100001BA
100
AcDbXrecord
1000
LIBNC
  0
XRECORD
  5
100001BC
102
{ACAD_REACTORS
330
100001BA
102
}
330
100001BA
100
AcDbXrecord
1000
JID
  0
XRECORD
  5
100001BF
102
{ACAD_REACTORS
330
100001BE
102
}
330
100001BE
100
AcDbXrecord
1000
LIJNC
  0
XRECORD
  5
100001C0
102
{ACAD_REACTORS
330
100001BE
102
}
330
100001BE
100
AcDbXrecord
1000
JID
  0
XRECORD
  5
100001C3
102
{ACAD_REACTORS
330
100001C2
102
}
330
100001C2
100
AcDbXrecord
1000
LIRNC
  0
XRECORD
  5
100001C4
102
{ACAD_REACTORS
330
100001C2
102
}
330
100001C2
100
AcDbXrecord
1000
JID
  0
XRECORD
  5
100001C7
102
{ACAD_REACTORS
330
100001C6
102
}
330
100001C6
100
AcDbXrecord
1000
LIZNC
  0
XRECORD
  5
100001C8
102
{ACAD_REACTORS
330
100001C6
102
}
330
100001C6
100
AcDbXrecord
1000
JID
  0
XRECORD
  5
100001CB
102
{ACAD_REACTORS
330
100001CA
102
}
330
100001CA
100
AcDbXrecord
1000
LIhNC
  0
XRECORD
  5
100001CC
102
{ACAD_REACTORS
330
100001CA
102
}
330
100001CA
100
AcDbXrecord
1000
JID
  0
XRECORD
  5
100001CF
102
{ACAD_REACTORS
330
100001CE
102
}
330
100001CE
100
AcDbXrecord
1000
LIpNC
  0
XRECORD
  5
100001D0
102
{ACAD_REACTORS
330
100001CE
102
}
330
100001CE
100
AcDbXrecord
1000
JID
  0
XRECORD
  5
100001D3
102
{ACAD_REACTORS
330
100001D2
102
}
330
100001D2
100
AcDbXrecord
1000
LIxNC
  0
XRECORD
  5
100001D4
102
{ACAD_REACTORS
330
100001D2
102
}
330
100001D2
100
AcDbXrecord
1000
JID
  0
XRECORD
  5
100001D7
102
{ACAD_REACTORS
330
100001D6
102
}
330
100001D6
100
AcDbXrecord
1000
LI5NC
  0
XRECORD
  5
100001D8
102
{ACAD_REACTORS
330
100001D6
102
}
330
100001D6
100
AcDbXrecord
1000
JID
  0
XRECORD
  5
100001DB
102
{ACAD_REACTORS
330
100001DA
102
}
330
100001DA
100
AcDbXrecord
1000
LIBOC
  0
XRECORD
  5
100001DC
102
{ACAD_REACTORS
330
100001DA
102
}
330
100001DA
100
AcDbXrecord
1000
JID
  0
XRECORD
  5
100001DF
102
{ACAD_REACTORS
330
100001DE
102
}
330
100001DE
100
AcDbXrecord
1000
LIJOC
  0
XRECORD
  5
100001E0
102
{ACAD_REACTORS
330
100001DE
102
}
330
100001DE
100
AcDbXrecord
1000
JID
  0
XRECORD
  5
100001E3
102
{ACAD_REACTORS
330
100001E2
102
}
330
100001E2
100
AcDbXrecord
1000
LIROC
  0
XRECORD
  5
100001E4
102
{ACAD_REACTORS
330
100001E2
102
}
330
100001E2
100
AcDbXrecord
1000
JID
  0
XRECORD
  5
100001E7
102
{ACAD_REACTORS
330
100001E6
102
}
330
100001E6
100
AcDbXrecord
1000
LIZOC
  0
XRECORD
  5
100001E8
102
{ACAD_REACTORS
330
100001E6
102
}
330
100001E6
100
AcDbXrecord
1000
JID
  0
XRECORD
  5
100001EB
102
{ACAD_REACTORS
330
100001EA
102
}
330
100001EA
100
AcDbXrecord
1000
LIhOC
  0
XRECORD
  5
100001EC
102
{ACAD_REACTORS
330
100001EA
102
}
330
100001EA
100
AcDbXrecord
1000
JID
  0
XRECORD
  5
100001EF
102
{ACAD_REACTORS
330
100001EE
102
}
330
100001EE
100
AcDbXrecord
1000
LIpOC
  0
XRECORD
  5
100001F0
102
{ACAD_REACTORS
330
100001EE
102
}
330
100001EE
100
AcDbXrecord
1000
JID
  0
XRECORD
  5
100001F3
102
{ACAD_REACTORS
330
100001F2
102
}
330
100001F2
100
AcDbXrecord
1000
LIxOC
  0
XRECORD
  5
100001F4
102
{ACAD_REACTORS
330
100001F2
102
}
330
100001F2
100
AcDbXrecord
1000
JID
  0
XRECORD
  5
100001F7
102
{ACAD_REACTORS
330
100001F6
102
}
330
100001F6
100
AcDbXrecord
1000
LI5SC
  0
XRECORD
  5
100001F8
102
{ACAD_REACTORS
330
100001F6
102
}
330
100001F6
100
AcDbXrecord
1000
JID
  0
XRECORD
  5
100001FB
102
{ACAD_REACTORS
330
100001FA
102
}
330
100001FA
100
AcDbXrecord
1000
LIBRC
  0
XRECORD
  5
100001FC
102
{ACAD_REACTORS
330
100001FA
102
}
330
100001FA
100
AcDbXrecord
1000
JID
  0
XRECORD
  5
100001FF
102
{ACAD_REACTORS
330
100001FE
102
}
330
100001FE
100
AcDbXrecord
1000
LIJRC
  0
XRECORD
  5
10000200
102
{ACAD_REACTORS
330
100001FE
102
}
330
100001FE
100
AcDbXrecord
1000
JID
  0
XRECORD
  5
10000203
102
{ACAD_REACTORS
330
10000202
102
}
330
10000202
100
AcDbXrecord
1000
LIRRC
  0
XRECORD
  5
10000204
102
{ACAD_REACTORS
330
10000202
102
}
330
10000202
100
AcDbXrecord
1000
JID
  0
XRECORD
  5
10000207
102
{ACAD_REACTORS
330
10000206
102
}
330
10000206
100
AcDbXrecord
1000
LIZRC
  0
XRECORD
  5
10000208
102
{ACAD_REACTORS
330
10000206
102
}
330
10000206
100
AcDbXrecord
1000
JID
  0
XRECORD
  5
1000020B
102
{ACAD_REACTORS
330
1000020A
102
}
330
1000020A
100
AcDbXrecord
1000
LIhRC
  0
XRECORD
  5
1000020C
102
{ACAD_REACTORS
330
1000020A
102
}
330
1000020A
100
AcDbXrecord
1000
JID
  0
XRECORD
  5
1000020F
102
{ACAD_REACTORS
330
1000020E
102
}
330
1000020E
100
AcDbXrecord
1000
LIpRC
  0
XRECORD
  5
10000210
102
{ACAD_REACTORS
330
1000020E
102
}
330
1000020E
100
AcDbXrecord
1000
JID
  0
XRECORD
  5
10000213
102
{ACAD_REACTORS
330
10000212
102
}
330
10000212
100
AcDbXrecord
1000
LIxRC
  0
XRECORD
  5
10000214
102
{ACAD_REACTORS
330
10000212
102
}
330
10000212
100
AcDbXrecord
1000
JID
  0
XRECORD
  5
10000217
102
{ACAD_REACTORS
330
10000216
102
}
330
10000216
100
AcDbXrecord
1000
LI5RC
  0
XRECORD
  5
10000218
102
{ACAD_REACTORS
330
10000216
102
}
330
10000216
100
AcDbXrecord
1000
JID
  0
XRECORD
  5
1000021B
102
{ACAD_REACTORS
330
1000021A
102
}
330
1000021A
100
AcDbXrecord
1000
LIBSC
  0
XRECORD
  5
1000021C
102
{ACAD_REACTORS
330
1000021A
102
}
330
1000021A
100
AcDbXrecord
1000
JID
  0
XRECORD
  5
1000021F
102
{ACAD_REACTORS
330
1000021E
102
}
330
1000021E
100
AcDbXrecord
1000
LIJSC
  0
XRECORD
  5
10000220
102
{ACAD_REACTORS
330
1000021E
102
}
330
1000021E
100
AcDbXrecord
1000
JID
  0
XRECORD
  5
10000223
102
{ACAD_REACTORS
330
10000222
102
}
330
10000222
100
AcDbXrecord
1000
LIRSC
  0
XRECORD
  5
10000224
102
{ACAD_REACTORS
330
10000222
102
}
330
10000222
100
AcDbXrecord
1000
JID
  0
XRECORD
  5
10000227
102
{ACAD_REACTORS
330
10000226
102
}
330
10000226
100
AcDbXrecord
1000
LIZSC
  0
XRECORD
  5
10000228
102
{ACAD_REACTORS
330
10000226
102
}
330
10000226
100
AcDbXrecord
1000
JID
  0
XRECORD
  5
1000022B
102
{ACAD_REACTORS
330
1000022A
102
}
330
1000022A
100
AcDbXrecord
1000
LIhSC
  0
XRECORD
  5
1000022C
102
{ACAD_REACTORS
330
1000022A
102
}
330
1000022A
100
AcDbXrecord
1000
JID
  0
XRECORD
  5
1000022F
102
{ACAD_REACTORS
330
1000022E
102
}
330
1000022E
100
AcDbXrecord
1000
LIpSC
  0
XRECORD
  5
10000230
102
{ACAD_REACTORS
330
1000022E
102
}
330
1000022E
100
AcDbXrecord
1000
JID
  0
XRECORD
  5
10000233
102
{ACAD_REACTORS
330
10000232
102
}
330
10000232
100
AcDbXrecord
1000
LIxSC
  0
XRECORD
  5
10000234
102
{ACAD_REACTORS
330
10000232
102
}
330
10000232
100
AcDbXrecord
1000
JID
  0
XRECORD
  5
10000237
102
{ACAD_REACTORS
330
10000236
102
}
330
10000236
100
AcDbXrecord
1000
LI5WC
  0
XRECORD
  5
10000238
102
{ACAD_REACTORS
330
10000236
102
}
330
10000236
100
AcDbXrecord
1000
JID
  0
XRECORD
  5
1000023B
102
{ACAD_REACTORS
330
1000023A
102
}
330
1000023A
100
AcDbXrecord
1000
LIBVC
  0
XRECORD
  5
1000023C
102
{ACAD_REACTORS
330
1000023A
102
}
330
1000023A
100
AcDbXrecord
1000
JID
  0
XRECORD
  5
1000023F
102
{ACAD_REACTORS
330
1000023E
102
}
330
1000023E
100
AcDbXrecord
1000
LIJVC
  0
XRECORD
  5
10000240
102
{ACAD_REACTORS
330
1000023E
102
}
330
1000023E
100
AcDbXrecord
1000
JID
  0
XRECORD
  5
10000243
102
{ACAD_REACTORS
330
10000242
102
}
330
10000242
100
AcDbXrecord
1000
LIRVC
  0
XRECORD
  5
10000244
102
{ACAD_REACTORS
330
10000242
102
}
330
10000242
100
AcDbXrecord
1000
JID
  0
XRECORD
  5
10000247
102
{ACAD_REACTORS
330
10000246
102
}
330
10000246
100
AcDbXrecord
1000
LIZVC
  0
XRECORD
  5
10000248
102
{ACAD_REACTORS
330
10000246
102
}
330
10000246
100
AcDbXrecord
1000
JID
  0
XRECORD
  5
1000024B
102
{ACAD_REACTORS
330
1000024A
102
}
330
1000024A
100
AcDbXrecord
1000
LIhVC
  0
XRECORD
  5
1000024C
102
{ACAD_REACTORS
330
1000024A
102
}
330
1000024A
100
AcDbXrecord
1000
JID
  0
XRECORD
  5
1000024F
102
{ACAD_REACTORS
330
1000024E
102
}
330
1000024E
100
AcDbXrecord
1000
LIpVC
  0
XRECORD
  5
10000250
102
{ACAD_REACTORS
330
1000024E
102
}
330
1000024E
100
AcDbXrecord
1000
JID
  0
XRECORD
  5
10000253
102
{ACAD_REACTORS
330
10000252
102
}
330
10000252
100
AcDbXrecord
1000
LIxVC
  0
XRECORD
  5
10000254
102
{ACAD_REACTORS
330
10000252
102
}
330
10000252
100
AcDbXrecord
1000
JID
  0
XRECORD
  5
10000257
102
{ACAD_REACTORS
330
10000256
102
}
330
10000256
100
AcDbXrecord
1000
LI5VC
  0
XRECORD
  5
10000258
102
{ACAD_REACTORS
330
10000256
102
}
330
10000256
100
AcDbXrecord
1000
JID
  0
XRECORD
  5
1000025B
102
{ACAD_REACTORS
330
1000025A
102
}
330
1000025A
100
AcDbXrecord
1000
LIBWC
  0
XRECORD
  5
1000025C
102
{ACAD_REACTORS
330
1000025A
102
}
330
1000025A
100
AcDbXrecord
1000
JID
  0
XRECORD
  5
1000025F
102
{ACAD_REACTORS
330
1000025E
102
}
330
1000025E
100
AcDbXrecord
1000
LIJWC
  0
XRECORD
  5
10000260
102
{ACAD_REACTORS
330
1000025E
102
}
330
1000025E
100
AcDbXrecord
1000
JID
  0
XRECORD
  5
10000263
102
{ACAD_REACTORS
330
10000262
102
}
330
10000262
100
AcDbXrecord
1000
LIRWC
  0
XRECORD
  5
10000264
102
{ACAD_REACTORS
330
10000262
102
}
330
10000262
100
AcDbXrecord
1000
JID
  0
XRECORD
  5
10000267
102
{ACAD_REACTORS
330
10000266
102
}
330
10000266
100
AcDbXrecord
1000
LIZWC
  0
XRECORD
  5
10000268
102
{ACAD_REACTORS
330
10000266
102
}
330
10000266
100
AcDbXrecord
1000
JID
  0
XRECORD
  5
1000026B
102
{ACAD_REACTORS
330
1000026A
102
}
330
1000026A
100
AcDbXrecord
1000
LIhWC
  0
XRECORD
  5
1000026C
102
{ACAD_REACTORS
330
1000026A
102
}
330
1000026A
100
AcDbXrecord
1000
JID
  0
XRECORD
  5
1000026F
102
{ACAD_REACTORS
330
1000026E
102
}
330
1000026E
100
AcDbXrecord
1000
LIpWC
  0
XRECORD
  5
10000270
102
{ACAD_REACTORS
330
1000026E
102
}
330
1000026E
100
AcDbXrecord
1000
JID
  0
XRECORD
  5
10000273
102
{ACAD_REACTORS
330
10000272
102
}
330
10000272
100
AcDbXrecord
1000
LIxWC
  0
XRECORD
  5
10000274
102
{ACAD_REACTORS
330
10000272
102
}
330
10000272
100
AcDbXrecord
1000
JID
  0
XRECORD
  5
10000277
102
{ACAD_REACTORS
330
10000276
102
}
330
10000276
100
AcDbXrecord
1000
LI5aC
  0
XRECORD
  5
10000278
102
{ACAD_REACTORS
330
10000276
102
}
330
10000276
100
AcDbXrecord
1000
JID
  0
XRECORD
  5
1000027B
102
{ACAD_REACTORS
330
1000027A
102
}
330
1000027A
100
AcDbXrecord
1000
LIBZC
  0
XRECORD
  5
1000027C
102
{ACAD_REACTORS
330
1000027A
102
}
330
1000027A
100
AcDbXrecord
1000
JID
  0
XRECORD
  5
1000027F
102
{ACAD_REACTORS
330
1000027E
102
}
330
1000027E
100
AcDbXrecord
1000
LIJZC
  0
XRECORD
  5
10000280
102
{ACAD_REACTORS
330
1000027E
102
}
330
1000027E
100
AcDbXrecord
1000
JID
  0
XRECORD
  5
10000283
102
{ACAD_REACTORS
330
10000282
102
}
330
10000282
100
AcDbXrecord
1000
LIRZC
  0
XRECORD
  5
10000284
102
{ACAD_REACTORS
330
10000282
102
}
330
10000282
100
AcDbXrecord
1000
JID
  0
XRECORD
  5
10000287
102
{ACAD_REACTORS
330
10000286
102
}
330
10000286
100
AcDbXrecord
1000
LIZZC
  0
XRECORD
  5
10000288
102
{ACAD_REACTORS
330
10000286
102
}
330
10000286
100
AcDbXrecord
1000
JID
  0
XRECORD
  5
1000028B
102
{ACAD_REACTORS
330
1000028A
102
}
330
1000028A
100
AcDbXrecord
1000
LIhZC
  0
XRECORD
  5
1000028C
102
{ACAD_REACTORS
330
1000028A
102
}
330
1000028A
100
AcDbXrecord
1000
JID
  0
XRECORD
  5
1000028F
102
{ACAD_REACTORS
330
1000028E
102
}
330
1000028E
100
AcDbXrecord
1000
LIpZC
  0
XRECORD
  5
10000290
102
{ACAD_REACTORS
330
1000028E
102
}
330
1000028E
100
AcDbXrecord
1000
JID
  0
XRECORD
  5
10000293
102
{ACAD_REACTORS
330
10000292
102
}
330
10000292
100
AcDbXrecord
1000
LIxZC
  0
XRECORD
  5
10000294
102
{ACAD_REACTORS
330
10000292
102
}
330
10000292
100
AcDbXrecord
1000
JID
  0
XRECORD
  5
10000297
102
{ACAD_REACTORS
330
10000296
102
}
330
10000296
100
AcDbXrecord
1000
LI5ZC
  0
XRECORD
  5
10000298
102
{ACAD_REACTORS
330
10000296
102
}
330
10000296
100
AcDbXrecord
1000
JID
  0
XRECORD
  5
1000029B
102
{ACAD_REACTORS
330
1000029A
102
}
330
1000029A
100
AcDbXrecord
1000
LIBaC
  0
XRECORD
  5
1000029C
102
{ACAD_REACTORS
330
1000029A
102
}
330
1000029A
100
AcDbXrecord
1000
JID
  0
XRECORD
  5
1000029F
102
{ACAD_REACTORS
330
1000029E
102
}
330
1000029E
100
AcDbXrecord
1000
LIJaC
  0
XRECORD
  5
100002A0
102
{ACAD_REACTORS
330
1000029E
102
}
330
1000029E
100
AcDbXrecord
1000
JID
  0
XRECORD
  5
100002A3
102
{ACAD_REACTORS
330
100002A2
102
}
330
100002A2
100
AcDbXrecord
1000
LIRaC
  0
XRECORD
  5
100002A4
102
{ACAD_REACTORS
330
100002A2
102
}
330
100002A2
100
AcDbXrecord
1000
JID
  0
XRECORD
  5
100002A7
102
{ACAD_REACTORS
330
100002A6
102
}
330
100002A6
100
AcDbXrecord
1000
LIZaC
  0
XRECORD
  5
100002A8
102
{ACAD_REACTORS
330
100002A6
102
}
330
100002A6
100
AcDbXrecord
1000
JID
  0
XRECORD
  5
100002AB
102
{ACAD_REACTORS
330
100002AA
102
}
330
100002AA
100
AcDbXrecord
1000
LIhaC
  0
XRECORD
  5
100002AC
102
{ACAD_REACTORS
330
100002AA
102
}
330
100002AA
100
AcDbXrecord
1000
JID
  0
XRECORD
  5
100002AF
102
{ACAD_REACTORS
330
100002AE
102
}
330
100002AE
100
AcDbXrecord
1000
LIpaC
  0
XRECORD
  5
100002B0
102
{ACAD_REACTORS
330
100002AE
102
}
330
100002AE
100
AcDbXrecord
1000
JID
  0
XRECORD
  5
100002B3
102
{ACAD_REACTORS
330
100002B2
102
}
330
100002B2
100
AcDbXrecord
1000
LIxaC
  0
XRECORD
  5
100002B4
102
{ACAD_REACTORS
330
100002B2
102
}
330
100002B2
100
AcDbXrecord
1000
JID
  0
XRECORD
  5
100002B7
102
{ACAD_REACTORS
330
100002B6
102
}
330
100002B6
100
AcDbXrecord
1000
LI5eC
  0
XRECORD
  5
100002B8
102
{ACAD_REACTORS
330
100002B6
102
}
330
100002B6
100
AcDbXrecord
1000
JID
  0
XRECORD
  5
100002BB
102
{ACAD_REACTORS
330
100002BA
102
}
330
100002BA
100
AcDbXrecord
1000
LIBdC
  0
XRECORD
  5
100002BC
102
{ACAD_REACTORS
330
100002BA
102
}
330
100002BA
100
AcDbXrecord
1000
JID
  0
XRECORD
  5
100002BF
102
{ACAD_REACTORS
330
100002BE
102
}
330
100002BE
100
AcDbXrecord
1000
LIJdC
  0
XRECORD
  5
100002C0
102
{ACAD_REACTORS
330
100002BE
102
}
330
100002BE
100
AcDbXrecord
1000
JID
  0
XRECORD
  5
100002C3
102
{ACAD_REACTORS
330
100002C2
102
}
330
100002C2
100
AcDbXrecord
1000
LIRdC
  0
XRECORD
  5
100002C4
102
{ACAD_REACTORS
330
100002C2
102
}
330
100002C2
100
AcDbXrecord
1000
JID
  0
XRECORD
  5
100002C7
102
{ACAD_REACTORS
330
100002C6
102
}
330
100002C6
100
AcDbXrecord
1000
LIZdC
  0
XRECORD
  5
100002C8
102
{ACAD_REACTORS
330
100002C6
102
}
330
100002C6
100
AcDbXrecord
1000
JID
  0
XRECORD
  5
100002CB
102
{ACAD_REACTORS
330
100002CA
102
}
330
100002CA
100
AcDbXrecord
1000
LIhdC
  0
XRECORD
  5
100002CC
102
{ACAD_REACTORS
330
100002CA
102
}
330
100002CA
100
AcDbXrecord
1000
JID
  0
XRECORD
  5
100002CF
102
{ACAD_REACTORS
330
100002CE
102
}
330
100002CE
100
AcDbXrecord
1000
LIpdC
  0
XRECORD
  5
100002D0
102
{ACAD_REACTORS
330
100002CE
102
}
330
100002CE
100
AcDbXrecord
1000
JID
  0
XRECORD
  5
100002D3
102
{ACAD_REACTORS
330
100002D2
102
}
330
100002D2
100
AcDbXrecord
1000
LIxdC
  0
XRECORD
  5
100002D4
102
{ACAD_REACTORS
330
100002D2
102
}
330
100002D2
100
AcDbXrecord
1000
JID
  0
XRECORD
  5
100002D7
102
{ACAD_REACTORS
330
100002D6
102
}
330
100002D6
100
AcDbXrecord
1000
LI5dC
  0
XRECORD
  5
100002D8
102
{ACAD_REACTORS
330
100002D6
102
}
330
100002D6
100
AcDbXrecord
1000
JID
  0
XRECORD
  5
100002DB
102
{ACAD_REACTORS
330
100002DA
102
}
330
100002DA
100
AcDbXrecord
1000
LIBeC
  0
XRECORD
  5
100002DC
102
{ACAD_REACTORS
330
100002DA
102
}
330
100002DA
100
AcDbXrecord
1000
JID
  0
XRECORD
  5
100002DF
102
{ACAD_REACTORS
330
100002DE
102
}
330
100002DE
100
AcDbXrecord
1000
LIJeC
  0
XRECORD
  5
100002E0
102
{ACAD_REACTORS
330
100002DE
102
}
330
100002DE
100
AcDbXrecord
1000
JID
  0
XRECORD
  5
100002E3
102
{ACAD_REACTORS
330
100002E2
102
}
330
100002E2
100
AcDbXrecord
1000
LIReC
  0
XRECORD
  5
100002E4
102
{ACAD_REACTORS
330
100002E2
102
}
330
100002E2
100
AcDbXrecord
1000
JID
  0
XRECORD
  5
100002E7
102
{ACAD_REACTORS
330
100002E6
102
}
330
100002E6
100
AcDbXrecord
1000
LIZeC
  0
XRECORD
  5
100002E8
102
{ACAD_REACTORS
330
100002E6
102
}
330
100002E6
100
AcDbXrecord
1000
JID
  0
XRECORD
  5
100002EB
102
{ACAD_REACTORS
330
100002EA
102
}
330
100002EA
100
AcDbXrecord
1000
LIheC
  0
XRECORD
  5
100002EC
102
{ACAD_REACTORS
330
100002EA
102
}
330
100002EA
100
AcDbXrecord
1000
JID
  0
XRECORD
  5
100002EF
102
{ACAD_REACTORS
330
100002EE
102
}
330
100002EE
100
AcDbXrecord
1000
LIpeC
  0
XRECORD
  5
100002F0
102
{ACAD_REACTORS
330
100002EE
102
}
330
100002EE
100
AcDbXrecord
1000
JID
  0
XRECORD
  5
100002F3
102
{ACAD_REACTORS
330
100002F2
102
}
330
100002F2
100
AcDbXrecord
1000
LIxeC
  0
XRECORD
  5
100002F4
102
{ACAD_REACTORS
330
100002F2
102
}
330
100002F2
100
AcDbXrecord
1000
JID
  0
XRECORD
  5
100002F7
102
{ACAD_REACTORS
330
100002F6
102
}
330
100002F6
100
AcDbXrecord
1000
LI5iC
  0
XRECORD
  5
100002F8
102
{ACAD_REACTORS
330
100002F6
102
}
330
100002F6
100
AcDbXrecord
1000
JID
  0
XRECORD
  5
100002FB
102
{ACAD_REACTORS
330
100002FA
102
}
330
100002FA
100
AcDbXrecord
1000
LIBhC
  0
XRECORD
  5
100002FC
102
{ACAD_REACTORS
330
100002FA
102
}
330
100002FA
100
AcDbXrecord
1000
JID
  0
XRECORD
  5
100002FF
102
{ACAD_REACTORS
330
100002FE
102
}
330
100002FE
100
AcDbXrecord
1000
LIJhC
  0
XRECORD
  5
10000300
102
{ACAD_REACTORS
330
100002FE
102
}
330
100002FE
100
AcDbXrecord
1000
JID
  0
XRECORD
  5
10000303
102
{ACAD_REACTORS
330
10000302
102
}
330
10000302
100
AcDbXrecord
1000
LIRhC
  0
XRECORD
  5
10000304
102
{ACAD_REACTORS
330
10000302
102
}
330
10000302
100
AcDbXrecord
1000
JID
  0
XRECORD
  5
10000307
102
{ACAD_REACTORS
330
10000306
102
}
330
10000306
100
AcDbXrecord
1000
LIZhC
  0
XRECORD
  5
10000308
102
{ACAD_REACTORS
330
10000306
102
}
330
10000306
100
AcDbXrecord
1000
JID
  0
XRECORD
  5
1000030B
102
{ACAD_REACTORS
330
1000030A
102
}
330
1000030A
100
AcDbXrecord
1000
LIhhC
  0
XRECORD
  5
1000030C
102
{ACAD_REACTORS
330
1000030A
102
}
330
1000030A
100
AcDbXrecord
1000
JID
  0
XRECORD
  5
1000030F
102
{ACAD_REACTORS
330
1000030E
102
}
330
1000030E
100
AcDbXrecord
1000
LIphC
  0
XRECORD
  5
10000310
102
{ACAD_REACTORS
330
1000030E
102
}
330
1000030E
100
AcDbXrecord
1000
JID
  0
XRECORD
  5
10000313
102
{ACAD_REACTORS
330
10000312
102
}
330
10000312
100
AcDbXrecord
1000
LIxhC
  0
XRECORD
  5
10000314
102
{ACAD_REACTORS
330
10000312
102
}
330
10000312
100
AcDbXrecord
1000
JID
  0
XRECORD
  5
10000317
102
{ACAD_REACTORS
330
10000316
102
}
330
10000316
100
AcDbXrecord
1000
LI5hC
  0
XRECORD
  5
10000318
102
{ACAD_REACTORS
330
10000316
102
}
330
10000316
100
AcDbXrecord
1000
JID
  0
XRECORD
  5
1000031B
102
{ACAD_REACTORS
330
1000031A
102
}
330
1000031A
100
AcDbXrecord
1000
LIBiC
  0
XRECORD
  5
1000031C
102
{ACAD_REACTORS
330
1000031A
102
}
330
1000031A
100
AcDbXrecord
1000
JID
  0
XRECORD
  5
1000031F
102
{ACAD_REACTORS
330
1000031E
102
}
330
1000031E
100
AcDbXrecord
1000
LIJiC
  0
XRECORD
  5
10000320
102
{ACAD_REACTORS
330
1000031E
102
}
330
1000031E
100
AcDbXrecord
1000
JID
  0
XRECORD
  5
10000323
102
{ACAD_REACTORS
330
10000322
102
}
330
10000322
100
AcDbXrecord
1000
LIRiC
  0
XRECORD
  5
10000324
102
{ACAD_REACTORS
330
10000322
102
}
330
10000322
100
AcDbXrecord
1000
JID
  0
XRECORD
  5
10000327
102
{ACAD_REACTORS
330
10000326
102
}
330
10000326
100
AcDbXrecord
1000
LIZiC
  0
XRECORD
  5
10000328
102
{ACAD_REACTORS
330
10000326
102
}
330
10000326
100
AcDbXrecord
1000
JID
  0
XRECORD
  5
1000032B
102
{ACAD_REACTORS
330
1000032A
102
}
330
1000032A
100
AcDbXrecord
1000
LIhiC
  0
XRECORD
  5
1000032C
102
{ACAD_REACTORS
330
1000032A
102
}
330
1000032A
100
AcDbXrecord
1000
JID
  0
XRECORD
  5
1000032F
102
{ACAD_REACTORS
330
1000032E
102
}
330
1000032E
100
AcDbXrecord
1000
LIpiC
  0
XRECORD
  5
10000330
102
{ACAD_REACTORS
330
1000032E
102
}
330
1000032E
100
AcDbXrecord
1000
JID
  0
XRECORD
  5
10000333
102
{ACAD_REACTORS
330
10000332
102
}
330
10000332
100
AcDbXrecord
1000
LIxiC
  0
XRECORD
  5
10000334
102
{ACAD_REACTORS
330
10000332
102
}
330
10000332
100
AcDbXrecord
1000
JID
  0
XRECORD
  5
10000337
102
{ACAD_REACTORS
330
10000336
102
}
330
10000336
100
AcDbXrecord
1000
LI5mC
  0
XRECORD
  5
10000338
102
{ACAD_REACTORS
330
10000336
102
}
330
10000336
100
AcDbXrecord
1000
JID
  0
XRECORD
  5
1000033B
102
{ACAD_REACTORS
330
1000033A
102
}
330
1000033A
100
AcDbXrecord
1000
LIBlC
  0
XRECORD
  5
1000033C
102
{ACAD_REACTORS
330
1000033A
102
}
330
1000033A
100
AcDbXrecord
1000
JID
  0
XRECORD
  5
1000033F
102
{ACAD_REACTORS
330
1000033E
102
}
330
1000033E
100
AcDbXrecord
1000
LIJlC
  0
XRECORD
  5
10000340
102
{ACAD_REACTORS
330
1000033E
102
}
330
1000033E
100
AcDbXrecord
1000
JID
  0
XRECORD
  5
10000343
102
{ACAD_REACTORS
330
10000342
102
}
330
10000342
100
AcDbXrecord
1000
LIRlC
  0
XRECORD
  5
10000344
102
{ACAD_REACTORS
330
10000342
102
}
330
10000342
100
AcDbXrecord
1000
JID
  0
XRECORD
  5
10000347
102
{ACAD_REACTORS
330
10000346
102
}
330
10000346
100
AcDbXrecord
1000
LIZlC
  0
XRECORD
  5
10000348
102
{ACAD_REACTORS
330
10000346
102
}
330
10000346
100
AcDbXrecord
1000
JID
  0
XRECORD
  5
1000034B
102
{ACAD_REACTORS
330
1000034A
102
}
330
1000034A
100
AcDbXrecord
1000
LIhlC
  0
XRECORD
  5
1000034C
102
{ACAD_REACTORS
330
1000034A
102
}
330
1000034A
100
AcDbXrecord
1000
JID
  0
XRECORD
  5
1000034F
102
{ACAD_REACTORS
330
1000034E
102
}
330
1000034E
100
AcDbXrecord
1000
LIplC
  0
XRECORD
  5
10000350
102
{ACAD_REACTORS
330
1000034E
102
}
330
1000034E
100
AcDbXrecord
1000
JID
  0
XRECORD
  5
10000353
102
{ACAD_REACTORS
330
10000352
102
}
330
10000352
100
AcDbXrecord
1000
LIxlC
  0
XRECORD
  5
10000354
102
{ACAD_REACTORS
330
10000352
102
}
330
10000352
100
AcDbXrecord
1000
JID
  0
XRECORD
  5
10000357
102
{ACAD_REACTORS
330
10000356
102
}
330
10000356
100
AcDbXrecord
1000
LI5lC
  0
XRECORD
  5
10000358
102
{ACAD_REACTORS
330
10000356
102
}
330
10000356
100
AcDbXrecord
1000
JID
  0
XRECORD
  5
1000035B
102
{ACAD_REACTORS
330
1000035A
102
}
330
1000035A
100
AcDbXrecord
1000
LIBmC
  0
XRECORD
  5
1000035C
102
{ACAD_REACTORS
330
1000035A
102
}
330
1000035A
100
AcDbXrecord
1000
JID
  0
XRECORD
  5
1000035F
102
{ACAD_REACTORS
330
1000035E
102
}
330
1000035E
100
AcDbXrecord
1000
LIJmC
  0
XRECORD
  5
10000360
102
{ACAD_REACTORS
330
1000035E
102
}
330
1000035E
100
AcDbXrecord
1000
JID
  0
XRECORD
  5
10000363
102
{ACAD_REACTORS
330
10000362
102
}
330
10000362
100
AcDbXrecord
1000
LIRmC
  0
XRECORD
  5
10000364
102
{ACAD_REACTORS
330
10000362
102
}
330
10000362
100
AcDbXrecord
1000
JID
  0
XRECORD
  5
10000367
102
{ACAD_REACTORS
330
10000366
102
}
330
10000366
100
AcDbXrecord
1000
LIZmC
  0
XRECORD
  5
10000368
102
{ACAD_REACTORS
330
10000366
102
}
330
10000366
100
AcDbXrecord
1000
JID
  0
XRECORD
  5
1000036B
102
{ACAD_REACTORS
330
1000036A
102
}
330
1000036A
100
AcDbXrecord
1000
LIhmC
  0
XRECORD
  5
1000036C
102
{ACAD_REACTORS
330
1000036A
102
}
330
1000036A
100
AcDbXrecord
1000
JID
  0
XRECORD
  5
1000036F
102
{ACAD_REACTORS
330
1000036E
102
}
330
1000036E
100
AcDbXrecord
1000
LIpmC
  0
XRECORD
  5
10000370
102
{ACAD_REACTORS
330
1000036E
102
}
330
1000036E
100
AcDbXrecord
1000
JID
  0
XRECORD
  5
10000373
102
{ACAD_REACTORS
330
10000372
102
}
330
10000372
100
AcDbXrecord
1000
LIxmC
  0
XRECORD
  5
10000374
102
{ACAD_REACTORS
330
10000372
102
}
330
10000372
100
AcDbXrecord
1000
JID
  0
XRECORD
  5
10000377
102
{ACAD_REACTORS
330
10000376
102
}
330
10000376
100
AcDbXrecord
1000
LI5qC
  0
XRECORD
  5
10000378
102
{ACAD_REACTORS
330
10000376
102
}
330
10000376
100
AcDbXrecord
1000
JID
  0
XRECORD
  5
1000037B
102
{ACAD_REACTORS
330
1000037A
102
}
330
1000037A
100
AcDbXrecord
1000
LIBpC
  0
XRECORD
  5
1000037C
102
{ACAD_REACTORS
330
1000037A
102
}
330
1000037A
100
AcDbXrecord
1000
JID
  0
XRECORD
  5
1000037F
102
{ACAD_REACTORS
330
1000037E
102
}
330
1000037E
100
AcDbXrecord
1000
LIJpC
  0
XRECORD
  5
10000380
102
{ACAD_REACTORS
330
1000037E
102
}
330
1000037E
100
AcDbXrecord
1000
JID
  0
XRECORD
  5
10000383
102
{ACAD_REACTORS
330
10000382
102
}
330
10000382
100
AcDbXrecord
1000
LIRpC
  0
XRECORD
  5
10000384
102
{ACAD_REACTORS
330
10000382
102
}
330
10000382
100
AcDbXrecord
1000
JID
  0
XRECORD
  5
10000387
102
{ACAD_REACTORS
330
10000386
102
}
330
10000386
100
AcDbXrecord
1000
LIZpC
  0
XRECORD
  5
10000388
102
{ACAD_REACTORS
330
10000386
102
}
330
10000386
100
AcDbXrecord
1000
JID
  0
XRECORD
  5
1000038B
102
{ACAD_REACTORS
330
1000038A
102
}
330
1000038A
100
AcDbXrecord
1000
LIhpC
  0
XRECORD
  5
1000038C
102
{ACAD_REACTORS
330
1000038A
102
}
330
1000038A
100
AcDbXrecord
1000
JID
  0
XRECORD
  5
1000038F
102
{ACAD_REACTORS
330
1000038E
102
}
330
1000038E
100
AcDbXrecord
1000
LIppC
  0
XRECORD
  5
10000390
102
{ACAD_REACTORS
330
1000038E
102
}
330
1000038E
100
AcDbXrecord
1000
JID
  0
XRECORD
  5
10000393
102
{ACAD_REACTORS
330
10000392
102
}
330
10000392
100
AcDbXrecord
1000
LIxpC
  0
XRECORD
  5
10000394
102
{ACAD_REACTORS
330
10000392
102
}
330
10000392
100
AcDbXrecord
1000
JID
  0
XRECORD
  5
10000397
102
{ACAD_REACTORS
330
10000396
102
}
330
10000396
100
AcDbXrecord
1000
LI5pC
  0
XRECORD
  5
10000398
102
{ACAD_REACTORS
330
10000396
102
}
330
10000396
100
AcDbXrecord
1000
JID
  0
XRECORD
  5
1000039B
102
{ACAD_REACTORS
330
1000039A
102
}
330
1000039A
100
AcDbXrecord
1000
LIBqC
  0
XRECORD
  5
1000039C
102
{ACAD_REACTORS
330
1000039A
102
}
330
1000039A
100
AcDbXrecord
1000
JID
  0
XRECORD
  5
1000039F
102
{ACAD_REACTORS
330
1000039E
102
}
330
1000039E
100
AcDbXrecord
1000
LIJqC
  0
XRECORD
  5
100003A0
102
{ACAD_REACTORS
330
1000039E
102
}
330
1000039E
100
AcDbXrecord
1000
JID
  0
XRECORD
  5
100003A3
102
{ACAD_REACTORS
330
100003A2
102
}
330
100003A2
100
AcDbXrecord
1000
LIRqC
  0
XRECORD
  5
100003A4
102
{ACAD_REACTORS
330
100003A2
102
}
330
100003A2
100
AcDbXrecord
1000
JID
  0
XRECORD
  5
100003A7
102
{ACAD_REACTORS
330
100003A6
102
}
330
100003A6
100
AcDbXrecord
1000
LIZqC
  0
XRECORD
  5
100003A8
102
{ACAD_REACTORS
330
100003A6
102
}
330
100003A6
100
AcDbXrecord
1000
JID
  0
XRECORD
  5
100003AB
102
{ACAD_REACTORS
330
100003AA
102
}
330
100003AA
100
AcDbXrecord
1000
LIhqC
  0
XRECORD
  5
100003AC
102
{ACAD_REACTORS
330
100003AA
102
}
330
100003AA
100
AcDbXrecord
1000
JID
  0
XRECORD
  5
100003AF
102
{ACAD_REACTORS
330
100003AE
102
}
330
100003AE
100
AcDbXrecord
1000
LIpqC
  0
XRECORD
  5
100003B0
102
{ACAD_REACTORS
330
100003AE
102
}
330
100003AE
100
AcDbXrecord
1000
JID
  0
XRECORD
  5
100003B3
102
{ACAD_REACTORS
330
100003B2
102
}
330
100003B2
100
AcDbXrecord
1000
LIxqC
  0
XRECORD
  5
100003B4
102
{ACAD_REACTORS
330
100003B2
102
}
330
100003B2
100
AcDbXrecord
1000
JID
  0
XRECORD
  5
100003B7
102
{ACAD_REACTORS
330
100003B6
102
}
330
100003B6
100
AcDbXrecord
1000
LI5uC
  0
XRECORD
  5
100003B8
102
{ACAD_REACTORS
330
100003B6
102
}
330
100003B6
100
AcDbXrecord
1000
JID
  0
XRECORD
  5
100003BB
102
{ACAD_REACTORS
330
100003BA
102
}
330
100003BA
100
AcDbXrecord
1000
LIBtC
  0
XRECORD
  5
100003BC
102
{ACAD_REACTORS
330
100003BA
102
}
330
100003BA
100
AcDbXrecord
1000
JID
  0
XRECORD
  5
100003BF
102
{ACAD_REACTORS
330
100003BE
102
}
330
100003BE
100
AcDbXrecord
1000
LIJtC
  0
XRECORD
  5
100003C0
102
{ACAD_REACTORS
330
100003BE
102
}
330
100003BE
100
AcDbXrecord
1000
JID
  0
XRECORD
  5
100003C3
102
{ACAD_REACTORS
330
100003C2
102
}
330
100003C2
100
AcDbXrecord
1000
LIRtC
  0
XRECORD
  5
100003C4
102
{ACAD_REACTORS
330
100003C2
102
}
330
100003C2
100
AcDbXrecord
1000
JID
  0
XRECORD
  5
100003C7
102
{ACAD_REACTORS
330
100003C6
102
}
330
100003C6
100
AcDbXrecord
1000
LIZtC
  0
XRECORD
  5
100003C8
102
{ACAD_REACTORS
330
100003C6
102
}
330
100003C6
100
AcDbXrecord
1000
JID
  0
XRECORD
  5
100003CB
102
{ACAD_REACTORS
330
100003CA
102
}
330
100003CA
100
AcDbXrecord
1000
LIhtC
  0
XRECORD
  5
100003CC
102
{ACAD_REACTORS
330
100003CA
102
}
330
100003CA
100
AcDbXrecord
1000
JID
  0
XRECORD
  5
100003CF
102
{ACAD_REACTORS
330
100003CE
102
}
330
100003CE
100
AcDbXrecord
1000
LIptC
  0
XRECORD
  5
100003D0
102
{ACAD_REACTORS
330
100003CE
102
}
330
100003CE
100
AcDbXrecord
1000
JID
  0
XRECORD
  5
100003D3
102
{ACAD_REACTORS
330
100003D2
102
}
330
100003D2
100
AcDbXrecord
1000
LIxtC
  0
XRECORD
  5
100003D4
102
{ACAD_REACTORS
330
100003D2
102
}
330
100003D2
100
AcDbXrecord
1000
JID
  0
XRECORD
  5
100003D7
102
{ACAD_REACTORS
330
100003D6
102
}
330
100003D6
100
AcDbXrecord
1000
LI5tC
  0
XRECORD
  5
100003D8
102
{ACAD_REACTORS
330
100003D6
102
}
330
100003D6
100
AcDbXrecord
1000
JID
  0
XRECORD
  5
100003DB
102
{ACAD_REACTORS
330
100003DA
102
}
330
100003DA
100
AcDbXrecord
1000
LIBuC
  0
XRECORD
  5
100003DC
102
{ACAD_REACTORS
330
100003DA
102
}
330
100003DA
100
AcDbXrecord
1000
JID
  0
XRECORD
  5
100003DF
102
{ACAD_REACTORS
330
100003DE
102
}
330
100003DE
100
AcDbXrecord
1000
LIJuC
  0
XRECORD
  5
100003E0
102
{ACAD_REACTORS
330
100003DE
102
}
330
100003DE
100
AcDbXrecord
1000
JID
  0
XRECORD
  5
100003E3
102
{ACAD_REACTORS
330
100003E2
102
}
330
100003E2
100
AcDbXrecord
1000
LIRuC
  0
XRECORD
  5
100003E4
102
{ACAD_REACTORS
330
100003E2
102
}
330
100003E2
100
AcDbXrecord
1000
JID
  0
XRECORD
  5
100003E7
102
{ACAD_REACTORS
330
100003E6
102
}
330
100003E6
100
AcDbXrecord
1000
LIZuC
  0
XRECORD
  5
100003E8
102
{ACAD_REACTORS
330
100003E6
102
}
330
100003E6
100
AcDbXrecord
1000
JID
  0
XRECORD
  5
100003EB
102
{ACAD_REACTORS
330
100003EA
102
}
330
100003EA
100
AcDbXrecord
1000
LIhuC
  0
XRECORD
  5
100003EC
102
{ACAD_REACTORS
330
100003EA
102
}
330
100003EA
100
AcDbXrecord
1000
JID
  0
XRECORD
  5
100003EF
102
{ACAD_REACTORS
330
100003EE
102
}
330
100003EE
100
AcDbXrecord
1000
LIpuC
  0
XRECORD
  5
100003F0
102
{ACAD_REACTORS
330
100003EE
102
}
330
100003EE
100
AcDbXrecord
1000
JID
  0
XRECORD
  5
100003F3
102
{ACAD_REACTORS
330
100003F2
102
}
330
100003F2
100
AcDbXrecord
1000
LIxuC
  0
XRECORD
  5
100003F4
102
{ACAD_REACTORS
330
100003F2
102
}
330
100003F2
100
AcDbXrecord
1000
JID
  0
XRECORD
  5
100003F7
102
{ACAD_REACTORS
330
100003F6
102
}
330
100003F6
100
AcDbXrecord
1000
LI5yC
  0
XRECORD
  5
100003F8
102
{ACAD_REACTORS
330
100003F6
102
}
330
100003F6
100
AcDbXrecord
1000
JID
  0
XRECORD
  5
100003FB
102
{ACAD_REACTORS
330
100003FA
102
}
330
100003FA
100
AcDbXrecord
1000
LIBxC
  0
XRECORD
  5
100003FC
102
{ACAD_REACTORS
330
100003FA
102
}
330
100003FA
100
AcDbXrecord
1000
JID
  0
XRECORD
  5
100003FF
102
{ACAD_REACTORS
330
100003FE
102
}
330
100003FE
100
AcDbXrecord
1000
LIJxC
  0
XRECORD
  5
10000400
102
{ACAD_REACTORS
330
100003FE
102
}
330
100003FE
100
AcDbXrecord
1000
JID
  0
XRECORD
  5
10000403
102
{ACAD_REACTORS
330
10000402
102
}
330
10000402
100
AcDbXrecord
1000
LIRxC
  0
XRECORD
  5
10000404
102
{ACAD_REACTORS
330
10000402
102
}
330
10000402
100
AcDbXrecord
1000
JID
  0
XRECORD
  5
10000407
102
{ACAD_REACTORS
330
10000406
102
}
330
10000406
100
AcDbXrecord
1000
LIZxC
  0
XRECORD
  5
10000408
102
{ACAD_REACTORS
330
10000406
102
}
330
10000406
100
AcDbXrecord
1000
JID
  0
XRECORD
  5
1000040B
102
{ACAD_REACTORS
330
1000040A
102
}
330
1000040A
100
AcDbXrecord
1000
LIhxC
  0
XRECORD
  5
1000040C
102
{ACAD_REACTORS
330
1000040A
102
}
330
1000040A
100
AcDbXrecord
1000
JID
  0
XRECORD
  5
1000040F
102
{ACAD_REACTORS
330
1000040E
102
}
330
1000040E
100
AcDbXrecord
1000
LIpxC
  0
XRECORD
  5
10000410
102
{ACAD_REACTORS
330
1000040E
102
}
330
1000040E
100
AcDbXrecord
1000
JID
  0
XRECORD
  5
10000413
102
{ACAD_REACTORS
330
10000412
102
}
330
10000412
100
AcDbXrecord
1000
LIxxC
  0
XRECORD
  5
10000414
102
{ACAD_REACTORS
330
10000412
102
}
330
10000412
100
AcDbXrecord
1000
JID
  0
XRECORD
  5
10000417
102
{ACAD_REACTORS
330
10000416
102
}
330
10000416
100
AcDbXrecord
1000
LI5xC
  0
XRECORD
  5
10000418
102
{ACAD_REACTORS
330
10000416
102
}
330
10000416
100
AcDbXrecord
1000
JID
  0
XRECORD
  5
1000041B
102
{ACAD_REACTORS
330
1000041A
102
}
330
1000041A
100
AcDbXrecord
1000
LIByC
  0
XRECORD
  5
1000041C
102
{ACAD_REACTORS
330
1000041A
102
}
330
1000041A
100
AcDbXrecord
1000
JID
  0
XRECORD
  5
1000041F
102
{ACAD_REACTORS
330
1000041E
102
}
330
1000041E
100
AcDbXrecord
1000
LIJyC
  0
XRECORD
  5
10000420
102
{ACAD_REACTORS
330
1000041E
102
}
330
1000041E
100
AcDbXrecord
1000
JID
  0
XRECORD
  5
10000423
102
{ACAD_REACTORS
330
10000422
102
}
330
10000422
100
AcDbXrecord
1000
LIRyC
  0
XRECORD
  5
10000424
102
{ACAD_REACTORS
330
10000422
102
}
330
10000422
100
AcDbXrecord
1000
JID
  0
XRECORD
  5
10000427
102
{ACAD_REACTORS
330
10000426
102
}
330
10000426
100
AcDbXrecord
1000
LIZyC
  0
XRECORD
  5
10000428
102
{ACAD_REACTORS
330
10000426
102
}
330
10000426
100
AcDbXrecord
1000
JID
  0
XRECORD
  5
1000042B
102
{ACAD_REACTORS
330
1000042A
102
}
330
1000042A
100
AcDbXrecord
1000
LIhyC
  0
XRECORD
  5
1000042C
102
{ACAD_REACTORS
330
1000042A
102
}
330
1000042A
100
AcDbXrecord
1000
JID
  0
XRECORD
  5
1000042F
102
{ACAD_REACTORS
330
1000042E
102
}
330
1000042E
100
AcDbXrecord
1000
LIpyC
  0
XRECORD
  5
10000430
102
{ACAD_REACTORS
330
1000042E
102
}
330
1000042E
100
AcDbXrecord
1000
JID
  0
XRECORD
  5
10000433
102
{ACAD_REACTORS
330
10000432
102
}
330
10000432
100
AcDbXrecord
1000
LIxyC
  0
XRECORD
  5
10000434
102
{ACAD_REACTORS
330
10000432
102
}
330
10000432
100
AcDbXrecord
1000
JID
  0
XRECORD
  5
10000437
102
{ACAD_REACTORS
330
10000436
102
}
330
10000436
100
AcDbXrecord
1000
LI50C
  0
XRECORD
  5
10000438
102
{ACAD_REACTORS
330
10000436
102
}
330
10000436
100
AcDbXrecord
1000
JID
  0
XRECORD
  5
1000043B
102
{ACAD_REACTORS
330
1000043A
102
}
330
1000043A
100
AcDbXrecord
1000
LIBzC
  0
XRECORD
  5
1000043C
102
{ACAD_REACTORS
330
1000043A
102
}
330
1000043A
100
AcDbXrecord
1000
JID
  0
XRECORD
  5
1000043F
102
{ACAD_REACTORS
330
1000043E
102
}
330
1000043E
100
AcDbXrecord
1000
LIJzC
  0
XRECORD
  5
10000440
102
{ACAD_REACTORS
330
1000043E
102
}
330
1000043E
100
AcDbXrecord
1000
JID
  0
XRECORD
  5
10000443
102
{ACAD_REACTORS
330
10000442
102
}
330
10000442
100
AcDbXrecord
1000
LIRzC
  0
XRECORD
  5
10000444
102
{ACAD_REACTORS
330
10000442
102
}
330
10000442
100
AcDbXrecord
1000
JID
  0
XRECORD
  5
10000447
102
{ACAD_REACTORS
330
10000446
102
}
330
10000446
100
AcDbXrecord
1000
LIZzC
  0
XRECORD
  5
10000448
102
{ACAD_REACTORS
330
10000446
102
}
330
10000446
100
AcDbXrecord
1000
JID
  0
XRECORD
  5
1000044B
102
{ACAD_REACTORS
330
1000044A
102
}
330
1000044A
100
AcDbXrecord
1000
LIhzC
  0
XRECORD
  5
1000044C
102
{ACAD_REACTORS
330
1000044A
102
}
330
1000044A
100
AcDbXrecord
1000
JID
  0
XRECORD
  5
1000044F
102
{ACAD_REACTORS
330
1000044E
102
}
330
1000044E
100
AcDbXrecord
1000
LIpzC
  0
XRECORD
  5
10000450
102
{ACAD_REACTORS
330
1000044E
102
}
330
1000044E
100
AcDbXrecord
1000
JID
  0
XRECORD
  5
10000453
102
{ACAD_REACTORS
330
10000452
102
}
330
10000452
100
AcDbXrecord
1000
LIxzC
  0
XRECORD
  5
10000454
102
{ACAD_REACTORS
330
10000452
102
}
330
10000452
100
AcDbXrecord
1000
JID
  0
XRECORD
  5
10000457
102
{ACAD_REACTORS
330
10000456
102
}
330
10000456
100
AcDbXrecord
1000
LI5zC
  0
XRECORD
  5
10000458
102
{ACAD_REACTORS
330
10000456
102
}
330
10000456
100
AcDbXrecord
1000
JID
  0
XRECORD
  5
1000045B
102
{ACAD_REACTORS
330
1000045A
102
}
330
1000045A
100
AcDbXrecord
1000
LIB0C
  0
XRECORD
  5
1000045C
102
{ACAD_REACTORS
330
1000045A
102
}
330
1000045A
100
AcDbXrecord
1000
JID
  0
XRECORD
  5
1000045F
102
{ACAD_REACTORS
330
1000045E
102
}
330
1000045E
100
AcDbXrecord
1000
LIJ0C
  0
XRECORD
  5
10000460
102
{ACAD_REACTORS
330
1000045E
102
}
330
1000045E
100
AcDbXrecord
1000
JID
  0
XRECORD
  5
10000463
102
{ACAD_REACTORS
330
10000462
102
}
330
10000462
100
AcDbXrecord
1000
LIR0C
  0
XRECORD
  5
10000464
102
{ACAD_REACTORS
330
10000462
102
}
330
10000462
100
AcDbXrecord
1000
JID
  0
XRECORD
  5
10000467
102
{ACAD_REACTORS
330
10000466
102
}
330
10000466
100
AcDbXrecord
1000
LIZ0C
  0
XRECORD
  5
10000468
102
{ACAD_REACTORS
330
10000466
102
}
330
10000466
100
AcDbXrecord
1000
JID
  0
XRECORD
  5
1000046B
102
{ACAD_REACTORS
330
1000046A
102
}
330
1000046A
100
AcDbXrecord
1000
LIh0C
  0
XRECORD
  5
1000046C
102
{ACAD_REACTORS
330
1000046A
102
}
330
1000046A
100
AcDbXrecord
1000
JID
  0
XRECORD
  5
1000046F
102
{ACAD_REACTORS
330
1000046E
102
}
330
1000046E
100
AcDbXrecord
1000
LIp0C
  0
XRECORD
  5
10000470
102
{ACAD_REACTORS
330
1000046E
102
}
330
1000046E
100
AcDbXrecord
1000
JID
  0
XRECORD
  5
10000473
102
{ACAD_REACTORS
330
10000472
102
}
330
10000472
100
AcDbXrecord
1000
LIx0C
  0
XRECORD
  5
10000474
102
{ACAD_REACTORS
330
10000472
102
}
330
10000472
100
AcDbXrecord
1000
JID
  0
XRECORD
  5
10000477
102
{ACAD_REACTORS
330
10000476
102
}
330
10000476
100
AcDbXrecord
1000
LI5wC
  0
XRECORD
  5
10000478
102
{ACAD_REACTORS
330
10000476
102
}
330
10000476
100
AcDbXrecord
1000
JID
  0
XRECORD
  5
1000047B
102
{ACAD_REACTORS
330
1000047A
102
}
330
1000047A
100
AcDbXrecord
1000
LIBvC
  0
XRECORD
  5
1000047C
102
{ACAD_REACTORS
330
1000047A
102
}
330
1000047A
100
AcDbXrecord
1000
JID
  0
XRECORD
  5
1000047F
102
{ACAD_REACTORS
330
1000047E
102
}
330
1000047E
100
AcDbXrecord
1000
LIJvC
  0
XRECORD
  5
10000480
102
{ACAD_REACTORS
330
1000047E
102
}
330
1000047E
100
AcDbXrecord
1000
JID
  0
XRECORD
  5
10000483
102
{ACAD_REACTORS
330
10000482
102
}
330
10000482
100
AcDbXrecord
1000
LIRvC
  0
XRECORD
  5
10000484
102
{ACAD_REACTORS
330
10000482
102
}
330
10000482
100
AcDbXrecord
1000
JID
  0
XRECORD
  5
10000487
102
{ACAD_REACTORS
330
10000486
102
}
330
10000486
100
AcDbXrecord
1000
LIZvC
  0
XRECORD
  5
10000488
102
{ACAD_REACTORS
330
10000486
102
}
330
10000486
100
AcDbXrecord
1000
JID
  0
XRECORD
  5
1000048B
102
{ACAD_REACTORS
330
1000048A
102
}
330
1000048A
100
AcDbXrecord
1000
LIhvC
  0
XRECORD
  5
1000048C
102
{ACAD_REACTORS
330
1000048A
102
}
330
1000048A
100
AcDbXrecord
1000
JID
  0
XRECORD
  5
1000048F
102
{ACAD_REACTORS
330
1000048E
102
}
330
1000048E
100
AcDbXrecord
1000
LIpvC
  0
XRECORD
  5
10000490
102
{ACAD_REACTORS
330
1000048E
102
}
330
1000048E
100
AcDbXrecord
1000
JID
  0
XRECORD
  5
10000493
102
{ACAD_REACTORS
330
10000492
102
}
330
10000492
100
AcDbXrecord
1000
LIxvC
  0
XRECORD
  5
10000494
102
{ACAD_REACTORS
330
10000492
102
}
330
10000492
100
AcDbXrecord
1000
JID
  0
XRECORD
  5
10000497
102
{ACAD_REACTORS
330
10000496
102
}
330
10000496
100
AcDbXrecord
1000
LI5vC
  0
XRECORD
  5
10000498
102
{ACAD_REACTORS
330
10000496
102
}
330
10000496
100
AcDbXrecord
1000
JID
  0
XRECORD
  5
1000049B
102
{ACAD_REACTORS
330
1000049A
102
}
330
1000049A
100
AcDbXrecord
1000
LIBwC
  0
XRECORD
  5
1000049C
102
{ACAD_REACTORS
330
1000049A
102
}
330
1000049A
100
AcDbXrecord
1000
JID
  0
XRECORD
  5
1000049F
102
{ACAD_REACTORS
330
1000049E
102
}
330
1000049E
100
AcDbXrecord
1000
LIJwC
  0
XRECORD
  5
100004A0
102
{ACAD_REACTORS
330
1000049E
102
}
330
1000049E
100
AcDbXrecord
1000
JID
  0
XRECORD
  5
100004A3
102
{ACAD_REACTORS
330
100004A2
102
}
330
100004A2
100
AcDbXrecord
1000
LIRwC
  0
XRECORD
  5
100004A4
102
{ACAD_REACTORS
330
100004A2
102
}
330
100004A2
100
AcDbXrecord
1000
JID
  0
XRECORD
  5
100004A7
102
{ACAD_REACTORS
330
100004A6
102
}
330
100004A6
100
AcDbXrecord
1000
LIZwC
  0
XRECORD
  5
100004A8
102
{ACAD_REACTORS
330
100004A6
102
}
330
100004A6
100
AcDbXrecord
1000
JID
  0
XRECORD
  5
100004AB
102
{ACAD_REACTORS
330
100004AA
102
}
330
100004AA
100
AcDbXrecord
1000
LIhwC
  0
XRECORD
  5
100004AC
102
{ACAD_REACTORS
330
100004AA
102
}
330
100004AA
100
AcDbXrecord
1000
JID
  0
XRECORD
  5
100004AF
102
{ACAD_REACTORS
330
100004AE
102
}
330
100004AE
100
AcDbXrecord
1000
LIpwC
  0
XRECORD
  5
100004B0
102
{ACAD_REACTORS
330
100004AE
102
}
330
100004AE
100
AcDbXrecord
1000
JID
  0
XRECORD
  5
100004B3
102
{ACAD_REACTORS
330
100004B2
102
}
330
100004B2
100
AcDbXrecord
1000
LIxwC
  0
XRECORD
  5
100004B4
102
{ACAD_REACTORS
330
100004B2
102
}
330
100004B2
100
AcDbXrecord
1000
JID
  0
XRECORD
  5
100004B7
102
{ACAD_REACTORS
330
100004B6
102
}
330
100004B6
100
AcDbXrecord
1000
LI5sC
  0
XRECORD
  5
100004B8
102
{ACAD_REACTORS
330
100004B6
102
}
330
100004B6
100
AcDbXrecord
1000
JID
  0
XRECORD
  5
100004BB
102
{ACAD_REACTORS
330
100004BA
102
}
330
100004BA
100
AcDbXrecord
1000
LIBrC
  0
XRECORD
  5
100004BC
102
{ACAD_REACTORS
330
100004BA
102
}
330
100004BA
100
AcDbXrecord
1000
JID
  0
XRECORD
  5
100004BF
102
{ACAD_REACTORS
330
100004BE
102
}
330
100004BE
100
AcDbXrecord
1000
LIJrC
  0
XRECORD
  5
100004C0
102
{ACAD_REACTORS
330
100004BE
102
}
330
100004BE
100
AcDbXrecord
1000
JID
  0
XRECORD
  5
100004C3
102
{ACAD_REACTORS
330
100004C2
102
}
330
100004C2
100
AcDbXrecord
1000
LIRrC
  0
XRECORD
  5
100004C4
102
{ACAD_REACTORS
330
100004C2
102
}
330
100004C2
100
AcDbXrecord
1000
JID
  0
XRECORD
  5
100004C7
102
{ACAD_REACTORS
330
100004C6
102
}
330
100004C6
100
AcDbXrecord
1000
LIZrC
  0
XRECORD
  5
100004C8
102
{ACAD_REACTORS
330
100004C6
102
}
330
100004C6
100
AcDbXrecord
1000
JID
  0
XRECORD
  5
100004CB
102
{ACAD_REACTORS
330
100004CA
102
}
330
100004CA
100
AcDbXrecord
1000
LIhrC
  0
XRECORD
  5
100004CC
102
{ACAD_REACTORS
330
100004CA
102
}
330
100004CA
100
AcDbXrecord
1000
JID
  0
XRECORD
  5
100004CF
102
{ACAD_REACTORS
330
100004CE
102
}
330
100004CE
100
AcDbXrecord
1000
LIprC
  0
XRECORD
  5
100004D0
102
{ACAD_REACTORS
330
100004CE
102
}
330
100004CE
100
AcDbXrecord
1000
JID
  0
XRECORD
  5
100004D3
102
{ACAD_REACTORS
330
100004D2
102
}
330
100004D2
100
AcDbXrecord
1000
LIxrC
  0
XRECORD
  5
100004D4
102
{ACAD_REACTORS
330
100004D2
102
}
330
100004D2
100
AcDbXrecord
1000
JID
  0
XRECORD
  5
100004D7
102
{ACAD_REACTORS
330
100004D6
102
}
330
100004D6
100
AcDbXrecord
1000
LI5rC
  0
XRECORD
  5
100004D8
102
{ACAD_REACTORS
330
100004D6
102
}
330
100004D6
100
AcDbXrecord
1000
JID
  0
XRECORD
  5
100004DB
102
{ACAD_REACTORS
330
100004DA
102
}
330
100004DA
100
AcDbXrecord
1000
LIBsC
  0
XRECORD
  5
100004DC
102
{ACAD_REACTORS
330
100004DA
102
}
330
100004DA
100
AcDbXrecord
1000
JID
  0
XRECORD
  5
100004DF
102
{ACAD_REACTORS
330
100004DE
102
}
330
100004DE
100
AcDbXrecord
1000
LIJsC
  0
XRECORD
  5
100004E0
102
{ACAD_REACTORS
330
100004DE
102
}
330
100004DE
100
AcDbXrecord
1000
JID
  0
XRECORD
  5
100004E3
102
{ACAD_REACTORS
330
100004E2
102
}
330
100004E2
100
AcDbXrecord
1000
LIRsC
  0
XRECORD
  5
100004E4
102
{ACAD_REACTORS
330
100004E2
102
}
330
100004E2
100
AcDbXrecord
1000
JID
  0
XRECORD
  5
100004E7
102
{ACAD_REACTORS
330
100004E6
102
}
330
100004E6
100
AcDbXrecord
1000
LIZsC
  0
XRECORD
  5
100004E8
102
{ACAD_REACTORS
330
100004E6
102
}
330
100004E6
100
AcDbXrecord
1000
JID
  0
XRECORD
  5
100004EB
102
{ACAD_REACTORS
330
100004EA
102
}
330
100004EA
100
AcDbXrecord
1000
LIhsC
  0
XRECORD
  5
100004EC
102
{ACAD_REACTORS
330
100004EA
102
}
330
100004EA
100
AcDbXrecord
1000
JID
  0
XRECORD
  5
100004EF
102
{ACAD_REACTORS
330
100004EE
102
}
330
100004EE
100
AcDbXrecord
1000
LIpsC
  0
XRECORD
  5
100004F0
102
{ACAD_REACTORS
330
100004EE
102
}
330
100004EE
100
AcDbXrecord
1000
JID
  0
XRECORD
  5
100004F3
102
{ACAD_REACTORS
330
100004F2
102
}
330
100004F2
100
AcDbXrecord
1000
LIxsC
  0
XRECORD
  5
100004F4
102
{ACAD_REACTORS
330
100004F2
102
}
330
100004F2
100
AcDbXrecord
1000
JID
  0
XRECORD
  5
100004F7
102
{ACAD_REACTORS
330
100004F6
102
}
330
100004F6
100
AcDbXrecord
1000
LI5oC
  0
XRECORD
  5
100004F8
102
{ACAD_REACTORS
330
100004F6
102
}
330
100004F6
100
AcDbXrecord
1000
JID
  0
XRECORD
  5
100004FB
102
{ACAD_REACTORS
330
100004FA
102
}
330
100004FA
100
AcDbXrecord
1000
LIBnC
  0
XRECORD
  5
100004FC
102
{ACAD_REACTORS
330
100004FA
102
}
330
100004FA
100
AcDbXrecord
1000
JID
  0
XRECORD
  5
100004FF
102
{ACAD_REACTORS
330
100004FE
102
}
330
100004FE
100
AcDbXrecord
1000
LIJnC
  0
XRECORD
  5
10000500
102
{ACAD_REACTORS
330
100004FE
102
}
330
100004FE
100
AcDbXrecord
1000
JID
  0
XRECORD
  5
10000503
102
{ACAD_REACTORS
330
10000502
102
}
330
10000502
100
AcDbXrecord
1000
LIRnC
  0
XRECORD
  5
10000504
102
{ACAD_REACTORS
330
10000502
102
}
330
10000502
100
AcDbXrecord
1000
JID
  0
XRECORD
  5
10000507
102
{ACAD_REACTORS
330
10000506
102
}
330
10000506
100
AcDbXrecord
1000
LIZnC
  0
XRECORD
  5
10000508
102
{ACAD_REACTORS
330
10000506
102
}
330
10000506
100
AcDbXrecord
1000
JID
  0
XRECORD
  5
1000050B
102
{ACAD_REACTORS
330
1000050A
102
}
330
1000050A
100
AcDbXrecord
1000
LIhnC
  0
XRECORD
  5
1000050C
102
{ACAD_REACTORS
330
1000050A
102
}
330
1000050A
100
AcDbXrecord
1000
JID
  0
XRECORD
  5
1000050F
102
{ACAD_REACTORS
330
1000050E
102
}
330
1000050E
100
AcDbXrecord
1000
LIpnC
  0
XRECORD
  5
10000510
102
{ACAD_REACTORS
330
1000050E
102
}
330
1000050E
100
AcDbXrecord
1000
JID
  0
XRECORD
  5
10000513
102
{ACAD_REACTORS
330
10000512
102
}
330
10000512
100
AcDbXrecord
1000
LIxnC
  0
XRECORD
  5
10000514
102
{ACAD_REACTORS
330
10000512
102
}
330
10000512
100
AcDbXrecord
1000
JID
  0
XRECORD
  5
10000517
102
{ACAD_REACTORS
330
10000516
102
}
330
10000516
100
AcDbXrecord
1000
LI5nC
  0
XRECORD
  5
10000518
102
{ACAD_REACTORS
330
10000516
102
}
330
10000516
100
AcDbXrecord
1000
JID
  0
XRECORD
  5
1000051B
102
{ACAD_REACTORS
330
1000051A
102
}
330
1000051A
100
AcDbXrecord
1000
LIBoC
  0
XRECORD
  5
1000051C
102
{ACAD_REACTORS
330
1000051A
102
}
330
1000051A
100
AcDbXrecord
1000
JID
  0
XRECORD
  5
1000051F
102
{ACAD_REACTORS
330
1000051E
102
}
330
1000051E
100
AcDbXrecord
1000
LIJoC
  0
XRECORD
  5
10000520
102
{ACAD_REACTORS
330
1000051E
102
}
330
1000051E
100
AcDbXrecord
1000
JID
  0
XRECORD
  5
10000523
102
{ACAD_REACTORS
330
10000522
102
}
330
10000522
100
AcDbXrecord
1000
LIRoC
  0
XRECORD
  5
10000524
102
{ACAD_REACTORS
330
10000522
102
}
330
10000522
100
AcDbXrecord
1000
JID
  0
XRECORD
  5
10000527
102
{ACAD_REACTORS
330
10000526
102
}
330
10000526
100
AcDbXrecord
1000
LIZoC
  0
XRECORD
  5
10000528
102
{ACAD_REACTORS
330
10000526
102
}
330
10000526
100
AcDbXrecord
1000
JID
  0
XRECORD
  5
1000052B
102
{ACAD_REACTORS
330
1000052A
102
}
330
1000052A
100
AcDbXrecord
1000
LIhoC
  0
XRECORD
  5
1000052C
102
{ACAD_REACTORS
330
1000052A
102
}
330
1000052A
100
AcDbXrecord
1000
JID
  0
XRECORD
  5
1000052F
102
{ACAD_REACTORS
330
1000052E
102
}
330
1000052E
100
AcDbXrecord
1000
LIpoC
  0
XRECORD
  5
10000530
102
{ACAD_REACTORS
330
1000052E
102
}
330
1000052E
100
AcDbXrecord
1000
JID
  0
XRECORD
  5
10000533
102
{ACAD_REACTORS
330
10000532
102
}
330
10000532
100
AcDbXrecord
1000
LIxoC
  0
XRECORD
  5
10000534
102
{ACAD_REACTORS
330
10000532
102
}
330
10000532
100
AcDbXrecord
1000
JID
  0
XRECORD
  5
10000537
102
{ACAD_REACTORS
330
10000536
102
}
330
10000536
100
AcDbXrecord
1000
LI5kC
  0
XRECORD
  5
10000538
102
{ACAD_REACTORS
330
10000536
102
}
330
10000536
100
AcDbXrecord
1000
JID
  0
XRECORD
  5
1000053B
102
{ACAD_REACTORS
330
1000053A
102
}
330
1000053A
100
AcDbXrecord
1000
LIBjC
  0
XRECORD
  5
1000053C
102
{ACAD_REACTORS
330
1000053A
102
}
330
1000053A
100
AcDbXrecord
1000
JID
  0
XRECORD
  5
1000053F
102
{ACAD_REACTORS
330
1000053E
102
}
330
1000053E
100
AcDbXrecord
1000
LIJjC
  0
XRECORD
  5
10000540
102
{ACAD_REACTORS
330
1000053E
102
}
330
1000053E
100
AcDbXrecord
1000
JID
  0
XRECORD
  5
10000543
102
{ACAD_REACTORS
330
10000542
102
}
330
10000542
100
AcDbXrecord
1000
LIRjC
  0
XRECORD
  5
10000544
102
{ACAD_REACTORS
330
10000542
102
}
330
10000542
100
AcDbXrecord
1000
JID
  0
XRECORD
  5
10000547
102
{ACAD_REACTORS
330
10000546
102
}
330
10000546
100
AcDbXrecord
1000
LIZjC
  0
XRECORD
  5
10000548
102
{ACAD_REACTORS
330
10000546
102
}
330
10000546
100
AcDbXrecord
1000
JID
  0
XRECORD
  5
1000054B
102
{ACAD_REACTORS
330
1000054A
102
}
330
1000054A
100
AcDbXrecord
1000
LIhjC
  0
XRECORD
  5
1000054C
102
{ACAD_REACTORS
330
1000054A
102
}
330
1000054A
100
AcDbXrecord
1000
JID
  0
XRECORD
  5
1000054F
102
{ACAD_REACTORS
330
1000054E
102
}
330
1000054E
100
AcDbXrecord
1000
LIpjC
  0
XRECORD
  5
10000550
102
{ACAD_REACTORS
330
1000054E
102
}
330
1000054E
100
AcDbXrecord
1000
JID
  0
XRECORD
  5
10000553
102
{ACAD_REACTORS
330
10000552
102
}
330
10000552
100
AcDbXrecord
1000
LIxjC
  0
XRECORD
  5
10000554
102
{ACAD_REACTORS
330
10000552
102
}
330
10000552
100
AcDbXrecord
1000
JID
  0
XRECORD
  5
10000557
102
{ACAD_REACTORS
330
10000556
102
}
330
10000556
100
AcDbXrecord
1000
LI5jC
  0
XRECORD
  5
10000558
102
{ACAD_REACTORS
330
10000556
102
}
330
10000556
100
AcDbXrecord
1000
JID
  0
XRECORD
  5
1000055B
102
{ACAD_REACTORS
330
1000055A
102
}
330
1000055A
100
AcDbXrecord
1000
LIBkC
  0
XRECORD
  5
1000055C
102
{ACAD_REACTORS
330
1000055A
102
}
330
1000055A
100
AcDbXrecord
1000
JID
  0
XRECORD
  5
1000055F
102
{ACAD_REACTORS
330
1000055E
102
}
330
1000055E
100
AcDbXrecord
1000
LIJkC
  0
XRECORD
  5
10000560
102
{ACAD_REACTORS
330
1000055E
102
}
330
1000055E
100
AcDbXrecord
1000
JID
  0
XRECORD
  5
10000563
102
{ACAD_REACTORS
330
10000562
102
}
330
10000562
100
AcDbXrecord
1000
LIRkC
  0
XRECORD
  5
10000564
102
{ACAD_REACTORS
330
10000562
102
}
330
10000562
100
AcDbXrecord
1000
JID
  0
XRECORD
  5
10000567
102
{ACAD_REACTORS
330
10000566
102
}
330
10000566
100
AcDbXrecord
1000
LIZkC
  0
XRECORD
  5
10000568
102
{ACAD_REACTORS
330
10000566
102
}
330
10000566
100
AcDbXrecord
1000
JID
  0
XRECORD
  5
1000056B
102
{ACAD_REACTORS
330
1000056A
102
}
330
1000056A
100
AcDbXrecord
1000
LIhkC
  0
XRECORD
  5
1000056C
102
{ACAD_REACTORS
330
1000056A
102
}
330
1000056A
100
AcDbXrecord
1000
JID
  0
XRECORD
  5
1000056F
102
{ACAD_REACTORS
330
1000056E
102
}
330
1000056E
100
AcDbXrecord
1000
LIpkC
  0
XRECORD
  5
10000570
102
{ACAD_REACTORS
330
1000056E
102
}
330
1000056E
100
AcDbXrecord
1000
JID
  0
XRECORD
  5
10000573
102
{ACAD_REACTORS
330
10000572
102
}
330
10000572
100
AcDbXrecord
1000
LIxkC
  0
XRECORD
  5
10000574
102
{ACAD_REACTORS
330
10000572
102
}
330
10000572
100
AcDbXrecord
1000
JID
  0
XRECORD
  5
10000577
102
{ACAD_REACTORS
330
10000576
102
}
330
10000576
100
AcDbXrecord
1000
LI5gC
  0
XRECORD
  5
10000578
102
{ACAD_REACTORS
330
10000576
102
}
330
10000576
100
AcDbXrecord
1000
JID
  0
XRECORD
  5
1000057B
102
{ACAD_REACTORS
330
1000057A
102
}
330
1000057A
100
AcDbXrecord
1000
LIBfC
  0
XRECORD
  5
1000057C
102
{ACAD_REACTORS
330
1000057A
102
}
330
1000057A
100
AcDbXrecord
1000
JID
  0
XRECORD
  5
1000057F
102
{ACAD_REACTORS
330
1000057E
102
}
330
1000057E
100
AcDbXrecord
1000
LIJfC
  0
XRECORD
  5
10000580
102
{ACAD_REACTORS
330
1000057E
102
}
330
1000057E
100
AcDbXrecord
1000
JID
  0
XRECORD
  5
10000583
102
{ACAD_REACTORS
330
10000582
102
}
330
10000582
100
AcDbXrecord
1000
LIRfC
  0
XRECORD
  5
10000584
102
{ACAD_REACTORS
330
10000582
102
}
330
10000582
100
AcDbXrecord
1000
JID
  0
XRECORD
  5
10000587
102
{ACAD_REACTORS
330
10000586
102
}
330
10000586
100
AcDbXrecord
1000
LIZfC
  0
XRECORD
  5
10000588
102
{ACAD_REACTORS
330
10000586
102
}
330
10000586
100
AcDbXrecord
1000
JID
  0
XRECORD
  5
1000058B
102
{ACAD_REACTORS
330
1000058A
102
}
330
1000058A
100
AcDbXrecord
1000
LIhfC
  0
XRECORD
  5
1000058C
102
{ACAD_REACTORS
330
1000058A
102
}
330
1000058A
100
AcDbXrecord
1000
JID
  0
XRECORD
  5
1000058F
102
{ACAD_REACTORS
330
1000058E
102
}
330
1000058E
100
AcDbXrecord
1000
LIpfC
  0
XRECORD
  5
10000590
102
{ACAD_REACTORS
330
1000058E
102
}
330
1000058E
100
AcDbXrecord
1000
JID
  0
XRECORD
  5
10000593
102
{ACAD_REACTORS
330
10000592
102
}
330
10000592
100
AcDbXrecord
1000
LIxfC
  0
XRECORD
  5
10000594
102
{ACAD_REACTORS
330
10000592
102
}
330
10000592
100
AcDbXrecord
1000
JID
  0
XRECORD
  5
10000597
102
{ACAD_REACTORS
330
10000596
102
}
330
10000596
100
AcDbXrecord
1000
LI5fC
  0
XRECORD
  5
10000598
102
{ACAD_REACTORS
330
10000596
102
}
330
10000596
100
AcDbXrecord
1000
JID
  0
XRECORD
  5
1000059B
102
{ACAD_REACTORS
330
1000059A
102
}
330
1000059A
100
AcDbXrecord
1000
LIBgC
  0
XRECORD
  5
1000059C
102
{ACAD_REACTORS
330
1000059A
102
}
330
1000059A
100
AcDbXrecord
1000
JID
  0
XRECORD
  5
1000059F
102
{ACAD_REACTORS
330
1000059E
102
}
330
1000059E
100
AcDbXrecord
1000
LIJgC
  0
XRECORD
  5
100005A0
102
{ACAD_REACTORS
330
1000059E
102
}
330
1000059E
100
AcDbXrecord
1000
JID
  0
XRECORD
  5
100005A3
102
{ACAD_REACTORS
330
100005A2
102
}
330
100005A2
100
AcDbXrecord
1000
LIRgC
  0
XRECORD
  5
100005A4
102
{ACAD_REACTORS
330
100005A2
102
}
330
100005A2
100
AcDbXrecord
1000
JID
  0
XRECORD
  5
100005A7
102
{ACAD_REACTORS
330
100005A6
102
}
330
100005A6
100
AcDbXrecord
1000
LIZgC
  0
XRECORD
  5
100005A8
102
{ACAD_REACTORS
330
100005A6
102
}
330
100005A6
100
AcDbXrecord
1000
JID
  0
XRECORD
  5
100005AB
102
{ACAD_REACTORS
330
100005AA
102
}
330
100005AA
100
AcDbXrecord
1000
LIhgC
  0
XRECORD
  5
100005AC
102
{ACAD_REACTORS
330
100005AA
102
}
330
100005AA
100
AcDbXrecord
1000
JID
  0
XRECORD
  5
100005AF
102
{ACAD_REACTORS
330
100005AE
102
}
330
100005AE
100
AcDbXrecord
1000
LIpgC
  0
XRECORD
  5
100005B0
102
{ACAD_REACTORS
330
100005AE
102
}
330
100005AE
100
AcDbXrecord
1000
JID
  0
XRECORD
  5
100005B3
102
{ACAD_REACTORS
330
100005B2
102
}
330
100005B2
100
AcDbXrecord
1000
LIxgC
  0
XRECORD
  5
100005B4
102
{ACAD_REACTORS
330
100005B2
102
}
330
100005B2
100
AcDbXrecord
1000
JID
  0
XRECORD
  5
100005B7
102
{ACAD_REACTORS
330
100005B6
102
}
330
100005B6
100
AcDbXrecord
1000
LI5cC
  0
XRECORD
  5
100005B8
102
{ACAD_REACTORS
330
100005B6
102
}
330
100005B6
100
AcDbXrecord
1000
JID
  0
XRECORD
  5
100005BB
102
{ACAD_REACTORS
330
100005BA
102
}
330
100005BA
100
AcDbXrecord
1000
LIBbC
  0
XRECORD
  5
100005BC
102
{ACAD_REACTORS
330
100005BA
102
}
330
100005BA
100
AcDbXrecord
1000
JID
  0
XRECORD
  5
100005BF
102
{ACAD_REACTORS
330
100005BE
102
}
330
100005BE
100
AcDbXrecord
1000
LIJbC
  0
XRECORD
  5
100005C0
102
{ACAD_REACTORS
330
100005BE
102
}
330
100005BE
100
AcDbXrecord
1000
JID
  0
XRECORD
  5
100005C3
102
{ACAD_REACTORS
330
100005C2
102
}
330
100005C2
100
AcDbXrecord
1000
LIRbC
  0
XRECORD
  5
100005C4
102
{ACAD_REACTORS
330
100005C2
102
}
330
100005C2
100
AcDbXrecord
1000
JID
  0
XRECORD
  5
100005C7
102
{ACAD_REACTORS
330
100005C6
102
}
330
100005C6
100
AcDbXrecord
1000
LIZbC
  0
XRECORD
  5
100005C8
102
{ACAD_REACTORS
330
100005C6
102
}
330
100005C6
100
AcDbXrecord
1000
JID
  0
XRECORD
  5
100005CB
102
{ACAD_REACTORS
330
100005CA
102
}
330
100005CA
100
AcDbXrecord
1000
LIhbC
  0
XRECORD
  5
100005CC
102
{ACAD_REACTORS
330
100005CA
102
}
330
100005CA
100
AcDbXrecord
1000
JID
  0
XRECORD
  5
100005CF
102
{ACAD_REACTORS
330
100005CE
102
}
330
100005CE
100
AcDbXrecord
1000
LIpbC
  0
XRECORD
  5
100005D0
102
{ACAD_REACTORS
330
100005CE
102
}
330
100005CE
100
AcDbXrecord
1000
JID
  0
XRECORD
  5
100005D3
102
{ACAD_REACTORS
330
100005D2
102
}
330
100005D2
100
AcDbXrecord
1000
LIxbC
  0
XRECORD
  5
100005D4
102
{ACAD_REACTORS
330
100005D2
102
}
330
100005D2
100
AcDbXrecord
1000
JID
  0
XRECORD
  5
100005D7
102
{ACAD_REACTORS
330
100005D6
102
}
330
100005D6
100
AcDbXrecord
1000
LI5bC
  0
XRECORD
  5
100005D8
102
{ACAD_REACTORS
330
100005D6
102
}
330
100005D6
100
AcDbXrecord
1000
JID
  0
XRECORD
  5
100005DB
102
{ACAD_REACTORS
330
100005DA
102
}
330
100005DA
100
AcDbXrecord
1000
LIBcC
  0
XRECORD
  5
100005DC
102
{ACAD_REACTORS
330
100005DA
102
}
330
100005DA
100
AcDbXrecord
1000
JID
  0
XRECORD
  5
100005DF
102
{ACAD_REACTORS
330
100005DE
102
}
330
100005DE
100
AcDbXrecord
1000
LIJcC
  0
XRECORD
  5
100005E0
102
{ACAD_REACTORS
330
100005DE
102
}
330
100005DE
100
AcDbXrecord
1000
JID
  0
XRECORD
  5
100005E3
102
{ACAD_REACTORS
330
100005E2
102
}
330
100005E2
100
AcDbXrecord
1000
LIRcC
  0
XRECORD
  5
100005E4
102
{ACAD_REACTORS
330
100005E2
102
}
330
100005E2
100
AcDbXrecord
1000
JID
  0
XRECORD
  5
100005E7
102
{ACAD_REACTORS
330
100005E6
102
}
330
100005E6
100
AcDbXrecord
1000
LIZcC
  0
XRECORD
  5
100005E8
102
{ACAD_REACTORS
330
100005E6
102
}
330
100005E6
100
AcDbXrecord
1000
JID
  0
XRECORD
  5
100005EB
102
{ACAD_REACTORS
330
100005EA
102
}
330
100005EA
100
AcDbXrecord
1000
LIhcC
  0
XRECORD
  5
100005EC
102
{ACAD_REACTORS
330
100005EA
102
}
330
100005EA
100
AcDbXrecord
1000
JID
  0
XRECORD
  5
100005EF
102
{ACAD_REACTORS
330
100005EE
102
}
330
100005EE
100
AcDbXrecord
1000
LIpcC
  0
XRECORD
  5
100005F0
102
{ACAD_REACTORS
330
100005EE
102
}
330
100005EE
100
AcDbXrecord
1000
JID
  0
XRECORD
  5
100005F3
102
{ACAD_REACTORS
330
100005F2
102
}
330
100005F2
100
AcDbXrecord
1000
LIxcC
  0
XRECORD
  5
100005F4
102
{ACAD_REACTORS
330
100005F2
102
}
330
100005F2
100
AcDbXrecord
1000
JID
  0
XRECORD
  5
100005F7
102
{ACAD_REACTORS
330
100005F6
102
}
330
100005F6
100
AcDbXrecord
1000
LI5YC
  0
XRECORD
  5
100005F8
102
{ACAD_REACTORS
330
100005F6
102
}
330
100005F6
100
AcDbXrecord
1000
JID
  0
XRECORD
  5
100005FB
102
{ACAD_REACTORS
330
100005FA
102
}
330
100005FA
100
AcDbXrecord
1000
LIBXC
  0
XRECORD
  5
100005FC
102
{ACAD_REACTORS
330
100005FA
102
}
330
100005FA
100
AcDbXrecord
1000
JID
  0
XRECORD
  5
100005FF
102
{ACAD_REACTORS
330
100005FE
102
}
330
100005FE
100
AcDbXrecord
1000
LIJXC
  0
XRECORD
  5
10000600
102
{ACAD_REACTORS
330
100005FE
102
}
330
100005FE
100
AcDbXrecord
1000
JID
  0
XRECORD
  5
10000603
102
{ACAD_REACTORS
330
10000602
102
}
330
10000602
100
AcDbXrecord
1000
LIRXC
  0
XRECORD
  5
10000604
102
{ACAD_REACTORS
330
10000602
102
}
330
10000602
100
AcDbXrecord
1000
JID
  0
XRECORD
  5
10000607
102
{ACAD_REACTORS
330
10000606
102
}
330
10000606
100
AcDbXrecord
1000
LIZXC
  0
XRECORD
  5
10000608
102
{ACAD_REACTORS
330
10000606
102
}
330
10000606
100
AcDbXrecord
1000
JID
  0
XRECORD
  5
1000060B
102
{ACAD_REACTORS
330
1000060A
102
}
330
1000060A
100
AcDbXrecord
1000
LIhXC
  0
XRECORD
  5
1000060C
102
{ACAD_REACTORS
330
1000060A
102
}
330
1000060A
100
AcDbXrecord
1000
JID
  0
XRECORD
  5
1000060F
102
{ACAD_REACTORS
330
1000060E
102
}
330
1000060E
100
AcDbXrecord
1000
LIpXC
  0
XRECORD
  5
10000610
102
{ACAD_REACTORS
330
1000060E
102
}
330
1000060E
100
AcDbXrecord
1000
JID
  0
XRECORD
  5
10000613
102
{ACAD_REACTORS
330
10000612
102
}
330
10000612
100
AcDbXrecord
1000
LIxXC
  0
XRECORD
  5
10000614
102
{ACAD_REACTORS
330
10000612
102
}
330
10000612
100
AcDbXrecord
1000
JID
  0
XRECORD
  5
10000617
102
{ACAD_REACTORS
330
10000616
102
}
330
10000616
100
AcDbXrecord
1000
LI5XC
  0
XRECORD
  5
10000618
102
{ACAD_REACTORS
330
10000616
102
}
330
10000616
100
AcDbXrecord
1000
JID
  0
XRECORD
  5
1000061B
102
{ACAD_REACTORS
330
1000061A
102
}
330
1000061A
100
AcDbXrecord
1000
LIBYC
  0
XRECORD
  5
1000061C
102
{ACAD_REACTORS
330
1000061A
102
}
330
1000061A
100
AcDbXrecord
1000
JID
  0
XRECORD
  5
1000061F
102
{ACAD_REACTORS
330
1000061E
102
}
330
1000061E
100
AcDbXrecord
1000
LIJYC
  0
XRECORD
  5
10000620
102
{ACAD_REACTORS
330
1000061E
102
}
330
1000061E
100
AcDbXrecord
1000
JID
  0
XRECORD
  5
10000623
102
{ACAD_REACTORS
330
10000622
102
}
330
10000622
100
AcDbXrecord
1000
LIRYC
  0
XRECORD
  5
10000624
102
{ACAD_REACTORS
330
10000622
102
}
330
10000622
100
AcDbXrecord
1000
JID
  0
XRECORD
  5
10000627
102
{ACAD_REACTORS
330
10000626
102
}
330
10000626
100
AcDbXrecord
1000
LIZYC
  0
XRECORD
  5
10000628
102
{ACAD_REACTORS
330
10000626
102
}
330
10000626
100
AcDbXrecord
1000
JID
  0
XRECORD
  5
1000062B
102
{ACAD_REACTORS
330
1000062A
102
}
330
1000062A
100
AcDbXrecord
1000
LIhYC
  0
XRECORD
  5
1000062C
102
{ACAD_REACTORS
330
1000062A
102
}
330
1000062A
100
AcDbXrecord
1000
JID
  0
XRECORD
  5
1000062F
102
{ACAD_REACTORS
330
1000062E
102
}
330
1000062E
100
AcDbXrecord
1000
LIpYC
  0
XRECORD
  5
10000630
102
{ACAD_REACTORS
330
1000062E
102
}
330
1000062E
100
AcDbXrecord
1000
JID
  0
XRECORD
  5
10000633
102
{ACAD_REACTORS
330
10000632
102
}
330
10000632
100
AcDbXrecord
1000
LIxYC
  0
XRECORD
  5
10000634
102
{ACAD_REACTORS
330
10000632
102
}
330
10000632
100
AcDbXrecord
1000
JID
  0
XRECORD
  5
10000637
102
{ACAD_REACTORS
330
10000636
102
}
330
10000636
100
AcDbXrecord
1000
LI5UC
  0
XRECORD
  5
10000638
102
{ACAD_REACTORS
330
10000636
102
}
330
10000636
100
AcDbXrecord
1000
JID
  0
XRECORD
  5
1000063B
102
{ACAD_REACTORS
330
1000063A
102
}
330
1000063A
100
AcDbXrecord
1000
LIBTC
  0
XRECORD
  5
1000063C
102
{ACAD_REACTORS
330
1000063A
102
}
330
1000063A
100
AcDbXrecord
1000
JID
  0
XRECORD
  5
1000063F
102
{ACAD_REACTORS
330
1000063E
102
}
330
1000063E
100
AcDbXrecord
1000
LIJTC
  0
XRECORD
  5
10000640
102
{ACAD_REACTORS
330
1000063E
102
}
330
1000063E
100
AcDbXrecord
1000
JID
  0
XRECORD
  5
10000643
102
{ACAD_REACTORS
330
10000642
102
}
330
10000642
100
AcDbXrecord
1000
LIRTC
  0
XRECORD
  5
10000644
102
{ACAD_REACTORS
330
10000642
102
}
330
10000642
100
AcDbXrecord
1000
JID
  0
XRECORD
  5
10000647
102
{ACAD_REACTORS
330
10000646
102
}
330
10000646
100
AcDbXrecord
1000
LIZTC
  0
XRECORD
  5
10000648
102
{ACAD_REACTORS
330
10000646
102
}
330
10000646
100
AcDbXrecord
1000
JID
  0
XRECORD
  5
1000064B
102
{ACAD_REACTORS
330
1000064A
102
}
330
1000064A
100
AcDbXrecord
1000
LIhTC
  0
XRECORD
  5
1000064C
102
{ACAD_REACTORS
330
1000064A
102
}
330
1000064A
100
AcDbXrecord
1000
JID
  0
XRECORD
  5
1000064F
102
{ACAD_REACTORS
330
1000064E
102
}
330
1000064E
100
AcDbXrecord
1000
LIpTC
  0
XRECORD
  5
10000650
102
{ACAD_REACTORS
330
1000064E
102
}
330
1000064E
100
AcDbXrecord
1000
JID
  0
XRECORD
  5
10000653
102
{ACAD_REACTORS
330
10000652
102
}
330
10000652
100
AcDbXrecord
1000
LIxTC
  0
XRECORD
  5
10000654
102
{ACAD_REACTORS
330
10000652
102
}
330
10000652
100
AcDbXrecord
1000
JID
  0
XRECORD
  5
10000657
102
{ACAD_REACTORS
330
10000656
102
}
330
10000656
100
AcDbXrecord
1000
LI5TC
  0
XRECORD
  5
10000658
102
{ACAD_REACTORS
330
10000656
102
}
330
10000656
100
AcDbXrecord
1000
JID
  0
XRECORD
  5
1000065B
102
{ACAD_REACTORS
330
1000065A
102
}
330
1000065A
100
AcDbXrecord
1000
LIBUC
  0
XRECORD
  5
1000065C
102
{ACAD_REACTORS
330
1000065A
102
}
330
1000065A
100
AcDbXrecord
1000
JID
  0
XRECORD
  5
1000065F
102
{ACAD_REACTORS
330
1000065E
102
}
330
1000065E
100
AcDbXrecord
1000
LIJUC
  0
XRECORD
  5
10000660
102
{ACAD_REACTORS
330
1000065E
102
}
330
1000065E
100
AcDbXrecord
1000
JID
  0
XRECORD
  5
10000663
102
{ACAD_REACTORS
330
10000662
102
}
330
10000662
100
AcDbXrecord
1000
LIRUC
  0
XRECORD
  5
10000664
102
{ACAD_REACTORS
330
10000662
102
}
330
10000662
100
AcDbXrecord
1000
JID
  0
XRECORD
  5
10000667
102
{ACAD_REACTORS
330
10000666
102
}
330
10000666
100
AcDbXrecord
1000
LIZUC
  0
XRECORD
  5
10000668
102
{ACAD_REACTORS
330
10000666
102
}
330
10000666
100
AcDbXrecord
1000
JID
  0
XRECORD
  5
1000066B
102
{ACAD_REACTORS
330
1000066A
102
}
330
1000066A
100
AcDbXrecord
1000
LIhUC
  0
XRECORD
  5
1000066C
102
{ACAD_REACTORS
330
1000066A
102
}
330
1000066A
100
AcDbXrecord
1000
JID
  0
XRECORD
  5
1000066F
102
{ACAD_REACTORS
330
1000066E
102
}
330
1000066E
100
AcDbXrecord
1000
LIpUC
  0
XRECORD
  5
10000670
102
{ACAD_REACTORS
330
1000066E
102
}
330
1000066E
100
AcDbXrecord
1000
JID
  0
XRECORD
  5
10000673
102
{ACAD_REACTORS
330
10000672
102
}
330
10000672
100
AcDbXrecord
1000
LIxUC
  0
XRECORD
  5
10000674
102
{ACAD_REACTORS
330
10000672
102
}
330
10000672
100
AcDbXrecord
1000
JID
  0
XRECORD
  5
10000677
102
{ACAD_REACTORS
330
10000676
102
}
330
10000676
100
AcDbXrecord
1000
LI5QC
  0
XRECORD
  5
10000678
102
{ACAD_REACTORS
330
10000676
102
}
330
10000676
100
AcDbXrecord
1000
JID
  0
XRECORD
  5
1000067B
102
{ACAD_REACTORS
330
1000067A
102
}
330
1000067A
100
AcDbXrecord
1000
LIBPC
  0
XRECORD
  5
1000067C
102
{ACAD_REACTORS
330
1000067A
102
}
330
1000067A
100
AcDbXrecord
1000
JID
  0
XRECORD
  5
1000067F
102
{ACAD_REACTORS
330
1000067E
102
}
330
1000067E
100
AcDbXrecord
1000
LIJPC
  0
XRECORD
  5
10000680
102
{ACAD_REACTORS
330
1000067E
102
}
330
1000067E
100
AcDbXrecord
1000
JID
  0
XRECORD
  5
10000683
102
{ACAD_REACTORS
330
10000682
102
}
330
10000682
100
AcDbXrecord
1000
LIRPC
  0
XRECORD
  5
10000684
102
{ACAD_REACTORS
330
10000682
102
}
330
10000682
100
AcDbXrecord
1000
JID
  0
XRECORD
  5
10000687
102
{ACAD_REACTORS
330
10000686
102
}
330
10000686
100
AcDbXrecord
1000
LIZPC
  0
XRECORD
  5
10000688
102
{ACAD_REACTORS
330
10000686
102
}
330
10000686
100
AcDbXrecord
1000
JID
  0
XRECORD
  5
1000068B
102
{ACAD_REACTORS
330
1000068A
102
}
330
1000068A
100
AcDbXrecord
1000
LIhPC
  0
XRECORD
  5
1000068C
102
{ACAD_REACTORS
330
1000068A
102
}
330
1000068A
100
AcDbXrecord
1000
JID
  0
XRECORD
  5
1000068F
102
{ACAD_REACTORS
330
1000068E
102
}
330
1000068E
100
AcDbXrecord
1000
LIpPC
  0
XRECORD
  5
10000690
102
{ACAD_REACTORS
330
1000068E
102
}
330
1000068E
100
AcDbXrecord
1000
JID
  0
XRECORD
  5
10000693
102
{ACAD_REACTORS
330
10000692
102
}
330
10000692
100
AcDbXrecord
1000
LIxPC
  0
XRECORD
  5
10000694
102
{ACAD_REACTORS
330
10000692
102
}
330
10000692
100
AcDbXrecord
1000
JID
  0
XRECORD
  5
10000697
102
{ACAD_REACTORS
330
10000696
102
}
330
10000696
100
AcDbXrecord
1000
LI5PC
  0
XRECORD
  5
10000698
102
{ACAD_REACTORS
330
10000696
102
}
330
10000696
100
AcDbXrecord
1000
JID
  0
XRECORD
  5
1000069B
102
{ACAD_REACTORS
330
1000069A
102
}
330
1000069A
100
AcDbXrecord
1000
LIBQC
  0
XRECORD
  5
1000069C
102
{ACAD_REACTORS
330
1000069A
102
}
330
1000069A
100
AcDbXrecord
1000
JID
  0
XRECORD
  5
1000069F
102
{ACAD_REACTORS
330
1000069E
102
}
330
1000069E
100
AcDbXrecord
1000
LIJQC
  0
XRECORD
  5
100006A0
102
{ACAD_REACTORS
330
1000069E
102
}
330
1000069E
100
AcDbXrecord
1000
JID
  0
XRECORD
  5
100006A3
102
{ACAD_REACTORS
330
100006A2
102
}
330
100006A2
100
AcDbXrecord
1000
LIRQC
  0
XRECORD
  5
100006A4
102
{ACAD_REACTORS
330
100006A2
102
}
330
100006A2
100
AcDbXrecord
1000
JID
  0
XRECORD
  5
100006A7
102
{ACAD_REACTORS
330
100006A6
102
}
330
100006A6
100
AcDbXrecord
1000
LIZQC
  0
XRECORD
  5
100006A8
102
{ACAD_REACTORS
330
100006A6
102
}
330
100006A6
100
AcDbXrecord
1000
JID
  0
XRECORD
  5
100006AB
102
{ACAD_REACTORS
330
100006AA
102
}
330
100006AA
100
AcDbXrecord
1000
LIhQC
  0
XRECORD
  5
100006AC
102
{ACAD_REACTORS
330
100006AA
102
}
330
100006AA
100
AcDbXrecord
1000
JID
  0
XRECORD
  5
100006AF
102
{ACAD_REACTORS
330
100006AE
102
}
330
100006AE
100
AcDbXrecord
1000
LIpQC
  0
XRECORD
  5
100006B0
102
{ACAD_REACTORS
330
100006AE
102
}
330
100006AE
100
AcDbXrecord
1000
JID
  0
XRECORD
  5
100006B3
102
{ACAD_REACTORS
330
100006B2
102
}
330
100006B2
100
AcDbXrecord
1000
LIxQC
  0
XRECORD
  5
100006B4
102
{ACAD_REACTORS
330
100006B2
102
}
330
100006B2
100
AcDbXrecord
1000
JID
  0
XRECORD
  5
100006B7
102
{ACAD_REACTORS
330
100006B6
102
}
330
100006B6
100
AcDbXrecord
1000
LI5MC
  0
XRECORD
  5
100006B8
102
{ACAD_REACTORS
330
100006B6
102
}
330
100006B6
100
AcDbXrecord
1000
JID
  0
XRECORD
  5
100006BB
102
{ACAD_REACTORS
330
100006BA
102
}
330
100006BA
100
AcDbXrecord
1000
LIBLC
  0
XRECORD
  5
100006BC
102
{ACAD_REACTORS
330
100006BA
102
}
330
100006BA
100
AcDbXrecord
1000
JID
  0
XRECORD
  5
100006BF
102
{ACAD_REACTORS
330
100006BE
102
}
330
100006BE
100
AcDbXrecord
1000
LIJLC
  0
XRECORD
  5
100006C0
102
{ACAD_REACTORS
330
100006BE
102
}
330
100006BE
100
AcDbXrecord
1000
JID
  0
XRECORD
  5
100006C3
102
{ACAD_REACTORS
330
100006C2
102
}
330
100006C2
100
AcDbXrecord
1000
LIRLC
  0
XRECORD
  5
100006C4
102
{ACAD_REACTORS
330
100006C2
102
}
330
100006C2
100
AcDbXrecord
1000
JID
  0
XRECORD
  5
100006C7
102
{ACAD_REACTORS
330
100006C6
102
}
330
100006C6
100
AcDbXrecord
1000
LIZLC
  0
XRECORD
  5
100006C8
102
{ACAD_REACTORS
330
100006C6
102
}
330
100006C6
100
AcDbXrecord
1000
JID
  0
XRECORD
  5
100006CB
102
{ACAD_REACTORS
330
100006CA
102
}
330
100006CA
100
AcDbXrecord
1000
LIhLC
  0
XRECORD
  5
100006CC
102
{ACAD_REACTORS
330
100006CA
102
}
330
100006CA
100
AcDbXrecord
1000
JID
  0
XRECORD
  5
100006CF
102
{ACAD_REACTORS
330
100006CE
102
}
330
100006CE
100
AcDbXrecord
1000
LIpLC
  0
XRECORD
  5
100006D0
102
{ACAD_REACTORS
330
100006CE
102
}
330
100006CE
100
AcDbXrecord
1000
JID
  0
XRECORD
  5
100006D3
102
{ACAD_REACTORS
330
100006D2
102
}
330
100006D2
100
AcDbXrecord
1000
LIxLC
  0
XRECORD
  5
100006D4
102
{ACAD_REACTORS
330
100006D2
102
}
330
100006D2
100
AcDbXrecord
1000
JID
  0
XRECORD
  5
100006D7
102
{ACAD_REACTORS
330
100006D6
102
}
330
100006D6
100
AcDbXrecord
1000
LI5LC
  0
XRECORD
  5
100006D8
102
{ACAD_REACTORS
330
100006D6
102
}
330
100006D6
100
AcDbXrecord
1000
JID
  0
XRECORD
  5
100006DB
102
{ACAD_REACTORS
330
100006DA
102
}
330
100006DA
100
AcDbXrecord
1000
LIBMC
  0
XRECORD
  5
100006DC
102
{ACAD_REACTORS
330
100006DA
102
}
330
100006DA
100
AcDbXrecord
1000
JID
  0
XRECORD
  5
100006DF
102
{ACAD_REACTORS
330
100006DE
102
}
330
100006DE
100
AcDbXrecord
1000
LIJMC
  0
XRECORD
  5
100006E0
102
{ACAD_REACTORS
330
100006DE
102
}
330
100006DE
100
AcDbXrecord
1000
JID
  0
XRECORD
  5
100006E3
102
{ACAD_REACTORS
330
100006E2
102
}
330
100006E2
100
AcDbXrecord
1000
LIRMC
  0
XRECORD
  5
100006E4
102
{ACAD_REACTORS
330
100006E2
102
}
330
100006E2
100
AcDbXrecord
1000
JID
  0
XRECORD
  5
100006E7
102
{ACAD_REACTORS
330
100006E6
102
}
330
100006E6
100
AcDbXrecord
1000
LIZMC
  0
XRECORD
  5
100006E8
102
{ACAD_REACTORS
330
100006E6
102
}
330
100006E6
100
AcDbXrecord
1000
JID
  0
XRECORD
  5
100006EB
102
{ACAD_REACTORS
330
100006EA
102
}
330
100006EA
100
AcDbXrecord
1000
LIhMC
  0
XRECORD
  5
100006EC
102
{ACAD_REACTORS
330
100006EA
102
}
330
100006EA
100
AcDbXrecord
1000
JID
  0
XRECORD
  5
100006EF
102
{ACAD_REACTORS
330
100006EE
102
}
330
100006EE
100
AcDbXrecord
1000
LIpMC
  0
XRECORD
  5
100006F0
102
{ACAD_REACTORS
330
100006EE
102
}
330
100006EE
100
AcDbXrecord
1000
JID
  0
XRECORD
  5
100006F3
102
{ACAD_REACTORS
330
100006F2
102
}
330
100006F2
100
AcDbXrecord
1000
LIxMC
  0
XRECORD
  5
100006F4
102
{ACAD_REACTORS
330
100006F2
102
}
330
100006F2
100
AcDbXrecord
1000
JID
  0
XRECORD
  5
100006F7
102
{ACAD_REACTORS
330
100006F6
102
}
330
100006F6
100
AcDbXrecord
1000
LI5IC
  0
XRECORD
  5
100006F8
102
{ACAD_REACTORS
330
100006F6
102
}
330
100006F6
100
AcDbXrecord
1000
JID
  0
XRECORD
  5
100006FB
102
{ACAD_REACTORS
330
100006FA
102
}
330
100006FA
100
AcDbXrecord
1000
LIBHC
  0
XRECORD
  5
100006FC
102
{ACAD_REACTORS
330
100006FA
102
}
330
100006FA
100
AcDbXrecord
1000
JID
  0
XRECORD
  5
100006FF
102
{ACAD_REACTORS
330
100006FE
102
}
330
100006FE
100
AcDbXrecord
1000
LIJHC
  0
XRECORD
  5
10000700
102
{ACAD_REACTORS
330
100006FE
102
}
330
100006FE
100
AcDbXrecord
1000
JID
  0
XRECORD
  5
10000703
102
{ACAD_REACTORS
330
10000702
102
}
330
10000702
100
AcDbXrecord
1000
LIRHC
  0
XRECORD
  5
10000704
102
{ACAD_REACTORS
330
10000702
102
}
330
10000702
100
AcDbXrecord
1000
JID
  0
XRECORD
  5
10000707
102
{ACAD_REACTORS
330
10000706
102
}
330
10000706
100
AcDbXrecord
1000
LIZHC
  0
XRECORD
  5
10000708
102
{ACAD_REACTORS
330
10000706
102
}
330
10000706
100
AcDbXrecord
1000
JID
  0
XRECORD
  5
1000070B
102
{ACAD_REACTORS
330
1000070A
102
}
330
1000070A
100
AcDbXrecord
1000
LIhHC
  0
XRECORD
  5
1000070C
102
{ACAD_REACTORS
330
1000070A
102
}
330
1000070A
100
AcDbXrecord
1000
JID
  0
XRECORD
  5
1000070F
102
{ACAD_REACTORS
330
1000070E
102
}
330
1000070E
100
AcDbXrecord
1000
LIpHC
  0
XRECORD
  5
10000710
102
{ACAD_REACTORS
330
1000070E
102
}
330
1000070E
100
AcDbXrecord
1000
JID
  0
XRECORD
  5
10000713
102
{ACAD_REACTORS
330
10000712
102
}
330
10000712
100
AcDbXrecord
1000
LIxHC
  0
XRECORD
  5
10000714
102
{ACAD_REACTORS
330
10000712
102
}
330
10000712
100
AcDbXrecord
1000
JID
  0
XRECORD
  5
10000717
102
{ACAD_REACTORS
330
10000716
102
}
330
10000716
100
AcDbXrecord
1000
LI5HC
  0
XRECORD
  5
10000718
102
{ACAD_REACTORS
330
10000716
102
}
330
10000716
100
AcDbXrecord
1000
JID
  0
XRECORD
  5
1000071B
102
{ACAD_REACTORS
330
1000071A
102
}
330
1000071A
100
AcDbXrecord
1000
LIBIC
  0
XRECORD
  5
1000071C
102
{ACAD_REACTORS
330
1000071A
102
}
330
1000071A
100
AcDbXrecord
1000
JID
  0
XRECORD
  5
1000071F
102
{ACAD_REACTORS
330
1000071E
102
}
330
1000071E
100
AcDbXrecord
1000
LIJIC
  0
XRECORD
  5
10000720
102
{ACAD_REACTORS
330
1000071E
102
}
330
1000071E
100
AcDbXrecord
1000
JID
  0
XRECORD
  5
10000723
102
{ACAD_REACTORS
330
10000722
102
}
330
10000722
100
AcDbXrecord
1000
LIRIC
  0
XRECORD
  5
10000724
102
{ACAD_REACTORS
330
10000722
102
}
330
10000722
100
AcDbXrecord
1000
JID
  0
XRECORD
  5
10000727
102
{ACAD_REACTORS
330
10000726
102
}
330
10000726
100
AcDbXrecord
1000
LIZIC
  0
XRECORD
  5
10000728
102
{ACAD_REACTORS
330
10000726
102
}
330
10000726
100
AcDbXrecord
1000
JID
  0
XRECORD
  5
1000072B
102
{ACAD_REACTORS
330
1000072A
102
}
330
1000072A
100
AcDbXrecord
1000
LIhIC
  0
XRECORD
  5
1000072C
102
{ACAD_REACTORS
330
1000072A
102
}
330
1000072A
100
AcDbXrecord
1000
JID
  0
XRECORD
  5
1000072F
102
{ACAD_REACTORS
330
1000072E
102
}
330
1000072E
100
AcDbXrecord
1000
LIpIC
  0
XRECORD
  5
10000730
102
{ACAD_REACTORS
330
1000072E
102
}
330
1000072E
100
AcDbXrecord
1000
JID
  0
XRECORD
  5
10000733
102
{ACAD_REACTORS
330
10000732
102
}
330
10000732
100
AcDbXrecord
1000
LIxIC
  0
XRECORD
  5
10000734
102
{ACAD_REACTORS
330
10000732
102
}
330
10000732
100
AcDbXrecord
1000
JID
  0
MATERIAL
  5
45
102
{ACAD_REACTORS
330
43
102
}
102
{ACAD_XDICTIONARY
360
10000766
102
}
330
43
100
AcDbMaterial
  1
BYBLOCK
  0
MATERIAL
  5
44
102
{ACAD_REACTORS
330
43
102
}
102
{ACAD_XDICTIONARY
360
10000764
102
}
330
43
100
AcDbMaterial
  1
BYLAYER
  0
MATERIAL
  5
46
102
{ACAD_REACTORS
330
43
102
}
102
{ACAD_XDICTIONARY
360
10000768
102
}
330
43
100
AcDbMaterial
  1
GLOBAL
  0
ACAD_PROXY_OBJECT
  5
5C
102
{ACAD_REACTORS
330
5B
102
}
330
5B
100
AcDbProxyObject
 90
      499
 91
      505
 93
      610
310
40901902A4063FBFFFFFE056BD1B81E855B9FC0AD7A3703D0AD73F4214DD185B99185C9900AD7A3703D0AC73F90141901A02B5E8DC0F42B1CFC02B5E8DC0F42B1CFE5764000000000000300FC0
340
14
340
0
340
11
340
0
 94
        0
1001
ACAD_MLEADERVER
1070
     2
  0
MLINESTYLE
  5
18
102
{ACAD_REACTORS
330
17
102
}
330
17
100
AcDbMlineStyle
  2
Standard
 70
     0
  3

 62
   256
 51
90.0
 52
90.0
 71
     2
 49
0.5
 62
   256
  6
BYLAYER
 49
-0.5
 62
   256
  6
BYLAYER
  0
ACAD_PROXY_OBJECT
  5
10000023
102
{ACAD_REACTORS
330
47
102
}
330
47
100
AcDbProxyObject
 90
      499
 91
      503
 93
      121
310
9053130303A310000000000001650100
  0
ACAD_PROXY_OBJECT
  5
1000001D
102
{ACAD_REACTORS
330
47
102
}
330
47
100
AcDbProxyObject
 90
      499
 91
      503
 93
      113
310
90431303A310000000000000910100
  0
ACAD_PROXY_OBJECT
  5
1000001E
102
{ACAD_REACTORS
330
47
102
}
330
47
100
AcDbProxyObject
 90
      499
 91
      503
 93
      113
310
90431323A310000000000000A10100
  0
ACAD_PROXY_OBJECT
  5
1000001F
102
{ACAD_REACTORS
330
47
102
}
330
47
100
AcDbProxyObject
 90
      499
 91
      503
 93
      113
310
90431363A310000000000000C10100
  0
ACAD_PROXY_OBJECT
  5
10000006
102
{ACAD_REACTORS
330
47
102
}
330
47
100
AcDbProxyObject
 90
      499
 91
      503
 93
       41
310
903313A31500
  0
ACAD_PROXY_OBJECT
  5
1000000D
102
{ACAD_REACTORS
330
47
102
}
330
47
100
AcDbProxyObject
 90
      499
 91
      503
 93
      113
310
904313A31304000000000000244000
  0
ACAD_PROXY_OBJECT
  5
10000016
102
{ACAD_REACTORS
330
47
102
}
330
47
100
AcDbProxyObject
 90
      499
 91
      503
 93
      121
310
905313A3130304000000000000594000
  0
ACAD_PROXY_OBJECT
  5
1000000E
102
{ACAD_REACTORS
330
47
102
}
330
47
100
AcDbProxyObject
 90
      499
 91
      503
 93
      113
310
904313A31324000000000000284000
  0
ACAD_PROXY_OBJECT
  5
1000000F
102
{ACAD_REACTORS
330
47
102
}
330
47
100
AcDbProxyObject
 90
      499
 91
      503
 93
      113
310
904313A31364000000000000304000
  0
ACAD_PROXY_OBJECT
  5
10000007
102
{ACAD_REACTORS
330
47
102
}
330
47
100
AcDbProxyObject
 90
      499
 91
      503
 93
      105
310
903313A324000000000000004000
  0
ACAD_PROXY_OBJECT
  5
10000010
102
{ACAD_REACTORS
330
47
102
}
330
47
100
AcDbProxyObject
 90
      499
 91
      503
 93
      113
310
904313A32304000000000000344000
  0
ACAD_PROXY_OBJECT
  5
10000011
102
{ACAD_REACTORS
330
47
102
}
330
47
100
AcDbProxyObject
 90
      499
 91
      503
 93
      113
310
904313A32354000000000000394000
  0
ACAD_PROXY_OBJECT
  5
10000008
102
{ACAD_REACTORS
330
47
102
}
330
47
100
AcDbProxyObject
 90
      499
 91
      503
 93
      105
310
903313A334000000000000084000
  0
ACAD_PROXY_OBJECT
  5
10000012
102
{ACAD_REACTORS
330
47
102
}
330
47
100
AcDbProxyObject
 90
      499
 91
      503
 93
      113
310
904313A33324000000000000404000
  0
ACAD_PROXY_OBJECT
  5
10000009
102
{ACAD_REACTORS
330
47
102
}
330
47
100
AcDbProxyObject
 90
      499
 91
      503
 93
      105
310
903313A344000000000000104000
  0
ACAD_PROXY_OBJECT
  5
10000013
102
{ACAD_REACTORS
330
47
102
}
330
47
100
AcDbProxyObject
 90
      499
 91
      503
 93
      113
310
904313A34304000000000000444000
  0
ACAD_PROXY_OBJECT
  5
1000000A
102
{ACAD_REACTORS
330
47
102
}
330
47
100
AcDbProxyObject
 90
      499
 91
      503
 93
      105
310
903313A354000000000000144000
  0
ACAD_PROXY_OBJECT
  5
10000014
102
{ACAD_REACTORS
330
47
102
}
330
47
100
AcDbProxyObject
 90
      499
 91
      503
 93
      113
310
904313A35304000000000000494000
  0
ACAD_PROXY_OBJECT
  5
1000000B
102
{ACAD_REACTORS
330
47
102
}
330
47
100
AcDbProxyObject
 90
      499
 91
      503
 93
      105
310
903313A364000000000000184000
  0
ACAD_PROXY_OBJECT
  5
1000000C
102
{ACAD_REACTORS
330
47
102
}
330
47
100
AcDbProxyObject
 90
      499
 91
      503
 93
      105
310
903313A384000000000000204000
  0
ACAD_PROXY_OBJECT
  5
10000015
102
{ACAD_REACTORS
330
47
102
}
330
47
100
AcDbProxyObject
 90
      499
 91
      503
 93
      113
310
904313A38304000000000000544000
  0
ACAD_PROXY_OBJECT
  5
10000020
102
{ACAD_REACTORS
330
47
102
}
330
47
100
AcDbProxyObject
 90
      499
 91
      503
 93
      113
310
90432303A310000000000000D10100
  0
ACAD_PROXY_OBJECT
  5
10000017
102
{ACAD_REACTORS
330
47
102
}
330
47
100
AcDbProxyObject
 90
      499
 91
      503
 93
      105
310
903323A310000000000000010100
  0
ACAD_PROXY_OBJECT
  5
10000021
102
{ACAD_REACTORS
330
47
102
}
330
47
100
AcDbProxyObject
 90
      499
 91
      503
 93
      113
310
90433323A310000000000001010100
  0
ACAD_PROXY_OBJECT
  5
10000018
102
{ACAD_REACTORS
330
47
102
}
330
47
100
AcDbProxyObject
 90
      499
 91
      503
 93
      105
310
903333A310000000000000210100
  0
ACAD_PROXY_OBJECT
  5
10000019
102
{ACAD_REACTORS
330
47
102
}
330
47
100
AcDbProxyObject
 90
      499
 91
      503
 93
      105
310
903343A310000000000000410100
  0
ACAD_PROXY_OBJECT
  5
10000022
102
{ACAD_REACTORS
330
47
102
}
330
47
100
AcDbProxyObject
 90
      499
 91
      503
 93
      113
310
90435303A310000000000001250100
  0
ACAD_PROXY_OBJECT
  5
1000001A
102
{ACAD_REACTORS
330
47
102
}
330
47
100
AcDbProxyObject
 90
      499
 91
      503
 93
      105
310
903353A310000000000000510100
  0
ACAD_PROXY_OBJECT
  5
1000001B
102
{ACAD_REACTORS
330
47
102
}
330
47
100
AcDbProxyObject
 90
      499
 91
      503
 93
      105
310
903363A310000000000000610100
  0
ACAD_PROXY_OBJECT
  5
1000001C
102
{ACAD_REACTORS
330
47
102
}
330
47
100
AcDbProxyObject
 90
      499
 91
      503
 93
      105
310
903383A310000000000000810100
  0
ACAD_PROXY_OBJECT
  5
2F
102
{ACAD_REACTORS
330
2A
102
}
330
2A
100
AcDbProxyObject
 90
      499
 91
      501
 93
      436
310
42CC9915DA5C99599C985B595049028333333333333E33F0000000000000F90107901411070040501600405405064090741402480A0340
1001
ACAD
1000
AcDbSavedByObjectVersion
1070
     0
  0
ACAD_PROXY_OBJECT
  5
32
102
{ACAD_REACTORS
330
2A
102
}
330
2A
100
AcDbProxyObject
 90
      499
 91
      501
 93
      388
310
4150985CDA58D07406404333333333333E33F0000000000000F90107A41107004050150841D405064090741402480A0350
1001
ACAD
1000
AcDbSavedByObjectVersion
1070
     0
  0
ACAD_PROXY_OBJECT
  5
36
102
{ACAD_REACTORS
330
2A
102
}
330
2A
100
AcDbProxyObject
 90
      499
 91
      501
 93
      428
310
42109C9A59DA1D195B90C409028333333333333E33F0000000000000F9010790141107004050150841D405064090741402480A029950
1001
ACAD
1000
AcDbSavedByObjectVersion
1070
     0
  0
ACAD_PROXY_OBJECT
  5
3A
102
{ACAD_REACTORS
330
2A
102
}
330
2A
100
AcDbProxyObject
 90
      499
 91
      501
 93
      452
310
42D0DBDB1BDC90DA185B99D95104090240C333333333333E33F0000000000000F90108901411070040501508421405064090741402480A0350
1001
ACAD
1000
AcDbSavedByObjectVersion
1070
     0
  0
ACAD_PROXY_OBJECT
  5
34
102
{ACAD_REACTORS
330
2A
102
}
330
2A
100
AcDbProxyObject
 90
      499
 91
      501
 93
      500
310
4290DBDB98D95C1D1D585B10940D028333333333333E33F0000000000000F90107902409070040501000000000018199010841D405064090740C02480A0340
1001
ACAD
1000
AcDbSavedByObjectVersion
1070
     0
  0
ACAD_PROXY_OBJECT
  5
35
102
{ACAD_REACTORS
330
2A
102
}
330
2A
100
AcDbProxyObject
 90
      499
 91
      501
 93
      412
310
40D11A5B50B409028333333333333E33F0000000000000F9010790141107004050150841D405064090741402480A02677FFFFFD0
1001
ACAD
1000
AcDbSavedByObjectVersion
1070
     0
  0
ACAD_PROXY_OBJECT
  5
3D
102
{ACAD_REACTORS
330
2A
102
}
330
2A
100
AcDbProxyObject
 90
      499
 91
      501
 93
      452
310
43115919D950DBDB1BDC93D999916409028333333333333E33F0000000000000F9010790141107004050150841D405064090741402480A0350
1001
ACAD
1000
AcDbSavedByObjectVersion
1070
     0
  0
ACAD_PROXY_OBJECT
  5
39
102
{ACAD_REACTORS
330
2A
102
}
330
2A
100
AcDbProxyObject
 90
      499
 91
      501
 93
      444
310
42D19858D95C185D1D195C9B90F409028333333333333E33F0000000000000F9010790141107004050150841D405064090741402480A0350
1001
ACAD
1000
AcDbSavedByObjectVersion
1070
     0
  0
ACAD_PROXY_OBJECT
  5
2B
102
{ACAD_REACTORS
330
2A
102
}
330
2A
100
AcDbProxyObject
 90
      499
 91
      501
 93
      380
310
41119B185D240901404333333333333E33F0000000000000F9010740A907004050150841D405064090741402480A1B50
1001
ACAD
1000
AcDbSavedByObjectVersion
1070
     0
  0
ACAD_PROXY_OBJECT
  5
2C
102
{ACAD_REACTORS
330
2A
102
}
330
2A
100
AcDbProxyObject
 90
      499
 91
      501
 93
      468
310
43519B185D15DA5D1A115919D95CD0140901404333333333333E33F0000000000000F90107409019070040501600405405064090741402480A1B50
1001
ACAD
1000
AcDbSavedByObjectVersion
1070
     0
  0
ACAD_PROXY_OBJECT
  5
2D
102
{ACAD_REACTORS
330
2A
102
}
330
2A
100
AcDbProxyObject
 90
      499
 91
      501
 93
      404
310
41D1DBDD5C985D5910240902404333333333333E33F0000000000000F9010740A9070040501641D405064090741402480A1B50
1001
ACAD
1000
AcDbSavedByObjectVersion
1070
     0
  0
ACAD_PROXY_OBJECT
  5
2E
102
{ACAD_REACTORS
330
2A
102
}
330
2A
100
AcDbProxyObject
 90
      499
 91
      501
 93
      492
310
4411DBDD5C985D5915DA5D1A115919D95CD0340902404333333333333E33F0000000000000F90107409019070040501600405405064090741402480A1B50
1001
ACAD
1000
AcDbSavedByObjectVersion
1070
     0
  0
ACAD_PROXY_OBJECT
  5
31
102
{ACAD_REACTORS
330
2A
102
}
330
2A
100
AcDbProxyObject
 90
      499
 91
      501
 93
      476
310
41921A5919195B90640502408333333333333E33F0000000000000F901079024090700405020000000000001110200405405064090740C02480A0340
1001
ACAD
1000
AcDbSavedByObjectVersion
1070
     0
  0
ACAD_PROXY_OBJECT
  5
3B
102
{ACAD_REACTORS
330
2A
102
}
330
2A
100
AcDbProxyObject
 90
      499
 91
      501
 93
      428
310
42529A5D1D195C93D999914409028333333333333E33F0000000000000F9010790141107004050150A41D405064090741402480A0350
1001
ACAD
1000
AcDbSavedByObjectVersion
1070
     0
  0
ACAD_PROXY_OBJECT
  5
38
102
{ACAD_REACTORS
330
2A
102
}
330
2A
100
AcDbProxyObject
 90
      499
 91
      501
 93
      444
310
42D31A5B995C185D1D195C9B90E409028333333333333E33F0000000000000F9010790141107004050750841D405064090741402483A0350
1001
ACAD
1000
AcDbSavedByObjectVersion
1070
     0
  0
ACAD_PROXY_OBJECT
  5
3C
102
{ACAD_REACTORS
330
2A
102
}
330
2A
100
AcDbProxyObject
 90
      499
 91
      501
 93
      444
310
42D3DD995C9A185B99D3D999915409028333333333333E33F0000000000000F9010790141107004050150941D405064090741402480A0350
1001
ACAD
1000
AcDbSavedByObjectVersion
1070
     0
  0
ACAD_PROXY_OBJECT
  5
33
102
{ACAD_REACTORS
330
2A
102
}
330
2A
100
AcDbProxyObject
 90
      499
 91
      501
 93
      428
310
425499585B1A5CDD1A58D08409038333333333333E33F0000000000000F9010740A907004050150800405405064090740C02480A1B40
1001
ACAD
1000
AcDbSavedByObjectVersion
1070
     0
  0
ACAD_PROXY_OBJECT
  5
42
102
{ACAD_REACTORS
330
2A
102
}
330
2A
100
AcDbProxyObject
 90
      499
 91
      501
 93
      420
310
4194DA1859195911B40902404333333333333E33F0000000000000F9010740A41107004050150800405405064090840C02480A0B40
1001
ACAD
1000
AcDbSavedByObjectVersion
1070
     0
  0
ACAD_PROXY_OBJECT
  5
41
102
{ACAD_REACTORS
330
2A
102
}
330
2A
100
AcDbProxyObject
 90
      499
 91
      501
 93
      516
310
4454DA18591959081DDA5D1A08195919D95CD1A40902404333333333333E33F0000000000000F901074090142907004050250800405405064090740C02480A0B40
1001
ACAD
1000
AcDbSavedByObjectVersion
1070
     0
  0
ACAD_PROXY_OBJECT
  5
3E
102
{ACAD_REACTORS
330
2A
102
}
330
2A
100
AcDbProxyObject
 90
      499
 91
      501
 93
      532
310
4394DA1859195CC81BD98811DC985E5174090240C333333333333E33F0000000000000F901079024090741D01000000000000111010841D405064090740C02480A0340
1001
ACAD
1000
AcDbSavedByObjectVersion
1070
     0
  0
ACAD_PROXY_OBJECT
  5
3F
102
{ACAD_REACTORS
330
2A
102
}
330
2A
100
AcDbProxyObject
 90
      499
 91
      501
 93
      476
310
41D4DAD95D18DA1E51840502408333333333333E33F0000000000000F901079024090741D01000000000000111010B41D405064090741802480A0340
1001
ACAD
1000
AcDbSavedByObjectVersion
1070
     0
  0
ACAD_PROXY_OBJECT
  5
37
102
{ACAD_REACTORS
330
2A
102
}
330
2A
100
AcDbProxyObject
 90
      499
 91
      501
 93
      412
310
41D51A1A58DAD95B90D409028333333333333E33F0000000000000F9010790141107004050150C41D405064090741402480A0350
1001
ACAD
1000
AcDbSavedByObjectVersion
1070
     0
  0
ACAD_PROXY_OBJECT
  5
30
102
{ACAD_REACTORS
330
2A
102
}
330
2A
100
AcDbProxyObject
 90
      499
 91
      501
 93
      420
310
4255DA5C99599C985B595059028333333333333E33F0000000000000F90107901411070040501600405405064090740C02480A0340
1001
ACAD
1000
AcDbSavedByObjectVersion
1070
     0
  0
ACAD_PROXY_OBJECT
  5
40
102
{ACAD_REACTORS
330
2A
102
}
330
2A
100
AcDbProxyObject
 90
      499
 91
      501
 93
      404
310
41560B54985E51940902404000000000000E03F0000000000000F9010740501907004050150841D405064090740C02480A1B40
1001
ACAD
1000
AcDbSavedByObjectVersion
1070
     0
  0
XRECORD
  5
10000741
102
{ACAD_REACTORS
330
10000737
102
}
330
10000737
100
AcDbXrecord
340
0
  0
XRECORD
  5
10000740
102
{ACAD_REACTORS
330
10000737
102
}
330
10000737
100
AcDbXrecord
 90
        0
  0
XRECORD
  5
10000757
102
{ACAD_REACTORS
330
10000737
102
}
330
10000737
100
AcDbXrecord
1000
DSTYLE
1002
{
1070
   340
340
11
1002
}
  0
XRECORD
  5
10000742
102
{ACAD_REACTORS
330
10000737
102
}
330
10000737
100
AcDbXrecord
  1
{34637431-7130-6361-b132-717561756171}
  0
XRECORD
  5
1000073A
102
{ACAD_REACTORS
330
10000737
102
}
330
10000737
100
AcDbXrecord
  1

  0
XRECORD
  5
1000073F
102
{ACAD_REACTORS
330
10000737
102
}
330
10000737
100
AcDbXrecord
 90
        1
  0
XRECORD
  5
1000073C
102
{ACAD_REACTORS
330
10000737
102
}
330
10000737
100
AcDbXrecord
340
1A
  0
XRECORD
  5
1000073E
102
{ACAD_REACTORS
330
10000737
102
}
330
10000737
100
AcDbXrecord
 90
    10781
  0
XRECORD
  5
1000073D
102
{ACAD_REACTORS
330
10000737
102
}
330
10000737
100
AcDbXrecord
340
19
  0
XRECORD
  5
10000744
102
{ACAD_REACTORS
330
10000737
102
}
330
10000737
100
AcDbXrecord
 40
0.0
  0
XRECORD
  5
10000747
102
{ACAD_REACTORS
330
10000737
102
}
330
10000737
100
AcDbXrecord
340
0
  0
XRECORD
  5
1000074D
102
{ACAD_REACTORS
330
10000737
102
}
330
10000737
100
AcDbXrecord
 10
0.0
 20
0.0
 30
0.0
  0
XRECORD
  5
10000749
102
{ACAD_REACTORS
330
10000737
102
}
330
10000737
100
AcDbXrecord
 10
0.0
 20
0.0
 30
0.0
  0
XRECORD
  5
1000074C
102
{ACAD_REACTORS
330
10000737
102
}
330
10000737
100
AcDbXrecord
 10
0.0
 20
0.0
 30
0.0
  0
XRECORD
  5
1000074A
102
{ACAD_REACTORS
330
10000737
102
}
330
10000737
100
AcDbXrecord
 10
0.0
 20
0.0
 30
0.0
  0
XRECORD
  5
1000074B
102
{ACAD_REACTORS
330
10000737
102
}
330
10000737
100
AcDbXrecord
 10
0.0
 20
0.0
 30
0.0
  0
XRECORD
  5
10000748
102
{ACAD_REACTORS
330
10000737
102
}
330
10000737
100
AcDbXrecord
 10
0.0
 20
0.0
 30
0.0
  0
XRECORD
  5
10000745
102
{ACAD_REACTORS
330
10000737
102
}
330
10000737
100
AcDbXrecord
340
0
  0
XRECORD
  5
10000746
102
{ACAD_REACTORS
330
10000737
102
}
330
10000737
100
AcDbXrecord
 70
     0
  0
XRECORD
  5
1000073B
102
{ACAD_REACTORS
330
10000737
102
}
330
10000737
100
AcDbXrecord
  1

  0
XRECORD
  5
10000738
102
{ACAD_REACTORS
330
10000737
102
}
330
10000737
100
AcDbXrecord
 90
        1
  0
XRECORD
  5
10000739
102
{ACAD_REACTORS
330
10000737
102
}
330
10000737
100
AcDbXrecord
 90
       70
  0
XRECORD
  5
10000750
102
{ACAD_REACTORS
330
10000737
102
}
330
10000737
100
AcDbXrecord
340
0
  0
XRECORD
  5
10000756
102
{ACAD_REACTORS
330
10000737
102
}
330
10000737
100
AcDbXrecord
 10
0.0
 20
0.0
 30
0.0
  0
XRECORD
  5
10000752
102
{ACAD_REACTORS
330
10000737
102
}
330
10000737
100
AcDbXrecord
 10
0.0
 20
0.0
 30
0.0
  0
XRECORD
  5
10000755
102
{ACAD_REACTORS
330
10000737
102
}
330
10000737
100
AcDbXrecord
 10
0.0
 20
0.0
 30
0.0
  0
XRECORD
  5
10000753
102
{ACAD_REACTORS
330
10000737
102
}
330
10000737
100
AcDbXrecord
 10
0.0
 20
0.0
 30
0.0
  0
XRECORD
  5
10000754
102
{ACAD_REACTORS
330
10000737
102
}
330
10000737
100
AcDbXrecord
 10
0.0
 20
0.0
 30
0.0
  0
XRECORD
  5
10000751
102
{ACAD_REACTORS
330
10000737
102
}
330
10000737
100
AcDbXrecord
 10
0.0
 20
0.0
 30
0.0
  0
XRECORD
  5
1000074E
102
{ACAD_REACTORS
330
10000737
102
}
330
10000737
100
AcDbXrecord
340
0
  0
XRECORD
  5
1000074F
102
{ACAD_REACTORS
330
10000737
102
}
330
10000737
100
AcDbXrecord
 70
     0
  0
XRECORD
  5
10000743
102
{ACAD_REACTORS
330
10000737
102
}
330
10000737
100
AcDbXrecord
  1
{FAEB1C32-E019-11D5-929B-00C0DF256EC4}
  0
DICTIONARYVAR
  5
10000762
102
{ACAD_REACTORS
330
10000758
102
}
330
10000758
100
DictionaryVariables
280
     0
  1
1:1
  0
DICTIONARYVAR
  5
1000075A
102
{ACAD_REACTORS
330
10000758
102
}
330
10000758
100
DictionaryVariables
280
     0
  1
Standard
  0
DICTIONARYVAR
  5
10000759
102
{ACAD_REACTORS
330
10000758
102
}
330
10000758
100
DictionaryVariables
280
     0
  1
Standard
  0
DICTIONARYVAR
  5
1000075D
102
{ACAD_REACTORS
330
10000758
102
}
330
10000758
100
DictionaryVariables
280
     0
  1
2
  0
DICTIONARYVAR
  5
1000075E
102
{ACAD_REACTORS
330
10000758
102
}
330
10000758
100
DictionaryVariables
280
     0
  1
1
  0
DICTIONARYVAR
  5
10000763
102
{ACAD_REACTORS
330
10000758
102
}
330
10000758
100
DictionaryVariables
280
     0
  1
1
  0
XRECORD
  5
10000003
102
{ACAD_REACTORS
330
10000001
102
}
330
10000001
100
AcDbXrecord
 70
     1
  0
XRECORD
  5
10000002
102
{ACAD_REACTORS
330
10000001
102
}
330
10000001
100
AcDbXrecord
1040
89.0
  0
ACAD_PROXY_OBJECT
  5
10000005
102
{ACAD_REACTORS
330
10000001
102
}
330
10000001
100
AcDbProxyObject
 90
      499
 91
      509
 93
       34
310
40C8804000
  0
DICTIONARY
  5
10000766
330
45
100
AcDbDictionary
280
     1
  3
ACAD_XREC_ROUNDTRIP
360
10000767
  0
DICTIONARY
  5
10000764
330
44
100
AcDbDictionary
280
     1
  3
ACAD_XREC_ROUNDTRIP
360
10000765
  0
DICTIONARY
  5
10000768
330
46
100
AcDbDictionary
280
     1
  3
ACAD_XREC_ROUNDTRIP
360
10000769
  0
XRECORD
  5
10000767
102
{ACAD_REACTORS
330
10000766
102
}
330
10000766
100
AcDbXrecord
102
MATERIAL
148
0.0
149
0.0
149
0.0
 93
        0
 94
      127
282
     0
 72
     1
 77
     1
171
     1
175
     1
179
     1
273
     0
  0
XRECORD
  5
10000765
102
{ACAD_REACTORS
330
10000764
102
}
330
10000764
100
AcDbXrecord
102
MATERIAL
148
0.0
149
0.0
149
0.0
 93
        0
 94
      127
282
     0
 72
     1
 77
     1
171
     1
175
     1
179
     1
273
     0
  0
XRECORD
  5
10000769
102
{ACAD_REACTORS
330
10000768
102
}
330
10000768
100
AcDbXrecord
102
MATERIAL
148
0.0
149
0.0
149
0.0
 93
        0
 94
      127
282
     0
 72
     1
 77
     1
171
     1
175
     1
179
     1
273
     0
  0
ENDSEC
  0
EOF
